timestamp,site
2013-06-12 15:48:32,clients1.google.com
2013-06-12 15:48:32,www.google.com
2013-06-12 15:48:33,toolbar.google.fr
2013-06-12 15:48:34,crl.geotrust.com
2013-06-12 15:48:34,pki.google.com
2013-06-12 15:48:35,toolbar.google.com
2013-06-12 15:48:36,clients4.google.com
2013-06-12 15:48:37,translate.google.com
2013-06-12 15:48:37,clients3.google.com
2013-06-12 15:48:37,www.google.com
2013-06-12 15:48:37,clients1.google.com
2013-06-12 15:48:40,cdp1.public-trust.com
2013-06-12 15:48:40,mscrl.microsoft.com
2013-06-12 15:48:40,go.microsoft.com
2013-06-12 15:48:41,www.iegallery.com
2013-06-12 15:48:42,www.iegallery.com
2013-06-12 15:48:42,clients3.google.com
2013-06-12 15:48:43,www.iegallery.com
2013-06-12 15:48:44,www.google.com
2013-06-12 15:48:44,www.iegallery.com
2013-06-12 15:48:45,www.live.com
2013-06-12 15:48:45,www.google.com
2013-06-12 15:48:47,www.iegallery.com
2013-06-12 15:48:50,clients1.google.com
2013-06-12 15:48:57,cache.pack.google.com
2013-06-12 15:48:57,r2---sn-gxo5uxg-jqbe.c.pack.google.com
2013-06-12 15:49:01,cache.pack.google.com
2013-06-12 15:49:01,r2---sn-gxo5uxg-jqbe.c.pack.google.com
2013-06-12 15:49:03,r2---sn-gxo5uxg-jqbe.c.pack.google.com
2013-06-12 15:49:03,cache.pack.google.com
2013-06-12 15:49:04,cache.pack.google.com
2013-06-12 15:49:04,r2---sn-gxo5uxg-jqbe.c.pack.google.com
2013-06-12 15:49:05,cache.pack.google.com
2013-06-12 15:49:05,r2---sn-gxo5uxg-jqbe.c.pack.google.com
2013-06-12 15:49:06,cache.pack.google.com
2013-06-12 15:49:06,r2---sn-gxo5uxg-jqbe.c.pack.google.com
2013-06-12 15:49:07,cache.pack.google.com
2013-06-12 15:49:07,r2---sn-gxo5uxg-jqbe.c.pack.google.com
2013-06-12 15:49:08,cache.pack.google.com
2013-06-12 15:49:09,r2---sn-gxo5uxg-jqbe.c.pack.google.com
2013-06-12 15:49:09,cache.pack.google.com
2013-06-12 15:49:11,crl.verisign.com
2013-06-12 15:49:11,csc3-2010-crl.verisign.com
2013-06-12 15:49:12,toolbar.google.com
2013-06-12 15:49:12,ieonline.microsoft.com
2013-06-12 15:52:08,clients5.google.com
2013-06-12 15:52:09,clients3.google.com
2013-06-12 15:52:09,clients5.google.com
2013-06-12 15:52:10,clients5.google.com
2013-06-12 15:52:11,www.google.com
2013-06-12 15:52:11,www.google.fr
2013-06-12 15:52:13,www.google.com
2013-06-12 15:52:13,www.google.fr
2013-06-12 15:52:18,www.google.fr
2013-06-12 15:52:19,fr.yahoo.com
2013-06-12 15:52:19,www.google.fr
2013-06-12 15:52:21,crl3.digicert.com
2013-06-12 15:52:26,locdrop.query.yahoo.com
2013-06-12 15:52:27,yui.yahooapis.com
2013-06-12 15:52:27,fr.yahoo.com
2013-06-12 15:52:28,fr.yahoo.com
2013-06-12 15:52:28,yui.yahooapis.com
2013-06-12 15:52:30,fr.yahoo.com
2013-06-12 15:52:30,mail.yahoo.com
2013-06-12 15:52:31,crl3.digicert.com
2013-06-12 15:52:31,www.public-trust.com
2013-06-12 15:52:31,login.yahoo.com
2013-06-12 15:52:33,crl3.digicert.com
2013-06-12 15:52:35,login.yahoo.com
2013-06-12 15:52:36,login.yahoo.com
2013-06-12 15:52:36,crl.omniroot.com
2013-06-12 15:52:37,login.yahoo.com
2013-06-12 15:52:41,login.yahoo.com
2013-06-12 15:52:43,fr-mg42.mail.yahoo.com
2013-06-12 15:52:55,fr-mg42.mail.yahoo.com
2013-06-12 15:52:56,ucs.query.yahoo.com
2013-06-12 15:52:58,fr-mg42.mail.yahoo.com
2013-06-12 15:53:03,crl.thawte.com
2013-06-12 15:53:04,svr-ov-crl.thawte.com
2013-06-12 15:53:18,fr-mg42.mail.yahoo.com
2013-06-12 15:53:20,ir2-attach.mail.yahoo.com
2013-06-12 15:53:20,fr-mg42.mail.yahoo.com
2013-06-12 15:53:22,www.dropbox.com
2013-06-12 15:53:23,fr-mg42.mail.yahoo.com
2013-06-12 15:53:24,fr-mg42.mail.yahoo.com
2013-06-12 15:53:27,ir2-attach.mail.yahoo.com
2013-06-12 15:53:27,fr-mg42.mail.yahoo.com
2013-06-12 15:53:28,fr-mg42.mail.yahoo.com
2013-06-12 15:53:33,fr-mg42.mail.yahoo.com
2013-06-12 15:53:38,fr-mg42.mail.yahoo.com
2013-06-12 15:53:40,certificates.godaddy.com
2013-06-12 15:53:41,crl.godaddy.com
2013-06-12 15:53:43,ea.virginmobile.fr
2013-06-12 15:53:43,rapidssl-crl.geotrust.com
2013-06-12 15:53:45,fr-mg42.mail.yahoo.com
2013-06-12 15:54:19,fr-mg42.mail.yahoo.com
2013-06-12 15:54:22,fr-mg42.mail.yahoo.com
2013-06-12 15:54:23,fr-mg42.mail.yahoo.com
2013-06-12 15:54:25,fr-mg42.mail.yahoo.com
2013-06-12 15:54:41,fr-mg42.mail.yahoo.com
2013-06-12 15:54:45,fr-mg42.mail.yahoo.com
2013-06-12 15:54:46,fr-mg42.mail.yahoo.com
2013-06-12 15:54:50,fr-mg42.mail.yahoo.com
2013-06-12 15:54:51,fr-mg42.mail.yahoo.com
2013-06-12 15:54:52,fr-mg42.mail.yahoo.com
2013-06-12 15:54:53,login.yahoo.com
2013-06-12 15:54:55,fr.yahoo.com
2013-06-12 15:54:57,locdrop.query.yahoo.com
2013-06-12 15:54:58,fr.yahoo.com
2013-12-20 16:20:17,fpdownload2.macromedia.com
2013-12-20 16:20:29,www.bing.com
2013-12-20 16:20:30,www.bing.com
2013-12-20 16:20:31,www.bing.com
2013-12-20 16:20:32,cms.abmr.net
2013-12-20 16:20:32,www.bing.com
2013-12-20 16:20:32,login.live.com
2013-12-20 16:20:33,www.bing.com
2013-12-20 16:20:34,www.bing.com
2014-01-16 13:28:48,armmf.adobe.com
2014-01-16 13:30:52,fpdownload2.macromedia.com
2014-01-16 13:31:04,www.bing.com
2014-01-23 13:29:10,armmf.adobe.com
2014-01-23 13:29:12,armmf.adobe.com
2014-01-23 13:29:13,armmf.adobe.com
2014-01-23 13:29:16,armmf.adobe.com
2014-01-23 13:29:28,armdl.adobe.com
2014-02-13 09:04:10,armmf.adobe.com
2014-02-13 09:04:12,armmf.adobe.com
2014-02-13 10:03:42,www.bing.com
2014-02-13 10:03:43,www.bing.com
2014-02-13 10:03:43,fr.youtube.com
2014-02-13 10:03:44,fr.youtube.com
2014-02-13 10:03:44,www.youtube.com
2014-02-13 10:03:44,i1.ytimg.com
2014-02-13 10:03:44,s.ytimg.com
2014-02-13 10:03:45,s.ytimg.com
2014-02-13 10:03:45,i1.ytimg.com
2014-02-13 10:03:49,s.ytimg.com
2014-02-13 10:03:49,i1.ytimg.com
2014-02-13 10:03:51,s.ytimg.com
2014-02-13 10:03:52,s.ytimg.com
2014-02-13 10:03:52,fpdownload2.macromedia.com
2014-02-13 10:03:52,clients1.google.com
2014-02-13 10:03:54,s.ytimg.com
2014-02-13 10:04:02,clients1.google.com
2014-02-13 10:04:03,clients1.google.com
2014-02-13 10:04:05,clients1.google.com
2014-02-13 10:04:06,clients1.google.com
2014-02-13 10:04:07,clients1.google.com
2014-02-13 10:04:11,clients1.google.com
2014-02-13 10:04:14,apis.google.com
2014-02-13 10:04:14,clients1.google.com
2014-02-13 10:04:14,yt3.ggpht.com
2014-02-13 10:04:15,clients1.google.com
2014-02-13 10:04:16,clients1.google.com
2014-02-13 10:04:17,clients1.google.com
2014-02-13 10:04:21,clients1.google.com
2014-02-13 10:04:23,clients1.google.com
2014-02-13 10:04:24,clients1.google.com
2014-02-13 10:04:27,clients1.google.com
2014-02-13 10:04:29,clients1.google.com
2014-02-13 10:04:31,clients1.google.com
2014-02-13 10:04:32,clients1.google.com
2014-02-13 10:04:36,clients1.google.com
2014-02-13 10:04:44,clients1.google.com
2014-02-13 10:04:46,clients1.google.com
2014-02-13 10:04:47,clients1.google.com
2014-02-13 10:04:48,clients1.google.com
2014-02-13 10:04:49,clients1.google.com
2014-02-13 10:04:50,yt3.ggpht.com
2014-02-13 10:04:50,www.youtube.com
2014-02-13 10:04:50,www.google.com
2014-02-13 10:04:50,s.ytimg.com
2014-02-13 10:04:51,yt3.ggpht.com
2014-02-13 10:04:51,apis.google.com
2014-02-13 10:04:51,i1.ytimg.com
2014-02-13 10:04:51,s.ytimg.com
2014-02-13 10:04:52,s.ytimg.com
2014-02-13 10:04:53,clients1.google.com
2014-02-13 10:04:53,s.ytimg.com
2014-02-13 10:04:57,yt3.ggpht.com
2014-02-13 10:04:57,www.youtube.com
2014-02-13 10:04:57,s.ytimg.com
2014-02-13 10:04:57,r2---sn-gxo5uxg-jqbe.googlevideo.com
2014-02-13 10:04:58,s.ytimg.com
2014-02-13 10:04:58,yt3.ggpht.com
2014-02-13 10:04:58,r2---sn-gxo5uxg-jqbe.googlevideo.com
2014-02-13 10:04:58,i1.ytimg.com
2014-02-13 10:04:58,www.youtube-nocookie.com
2014-02-13 10:04:59,www.google.com
2014-02-13 10:04:59,s.ytimg.com
2014-02-13 10:04:59,i1.ytimg.com
2014-02-13 10:04:59,clients1.google.com
2014-02-13 10:04:59,www.youtube.com
2014-02-13 10:04:59,s.youtube.com
2014-02-13 10:05:00,gdata.youtube.com
2014-02-13 10:05:00,s.youtube.com
2014-02-13 10:05:00,www.youtube.com
2014-02-13 10:05:00,r3---sn-gxo5uxg-jqbe.googlevideo.com
2014-02-13 10:05:00,apis.google.com
2014-02-13 10:05:00,i1.ytimg.com
2014-02-13 10:05:01,r3---sn-gxo5uxg-jqbe.googlevideo.com
2014-02-13 10:05:01,s.youtube.com
2014-02-13 10:05:02,www.youtube.com
2014-02-13 10:05:03,plus.googleapis.com
2014-02-13 10:05:04,plus.googleapis.com
2014-02-13 10:05:09,s.youtube.com
2014-02-13 10:05:09,www.youtube.com
2014-02-13 10:05:09,r2---sn-gxo5uxg-jqbe.googlevideo.com
2014-02-13 10:05:10,r2---sn-gxo5uxg-jqbe.googlevideo.com
2014-02-13 10:05:10,r2---sn-cg07luel.googlevideo.com
2014-02-13 10:05:10,s.youtube.com
2014-02-13 10:05:13,i1.ytimg.com
2014-02-13 10:05:18,i1.ytimg.com
2014-02-13 10:05:18,s.youtube.com
2014-02-13 10:05:19,s.youtube.com
2014-02-13 10:05:28,s.youtube.com
2014-02-13 10:05:29,s.youtube.com
2014-02-13 10:05:38,s.youtube.com
2014-02-13 10:06:53,r2---sn-gxo5uxg-jqbe.googlevideo.com
2014-02-13 10:07:00,s.youtube.com
2014-02-13 10:07:30,s.youtube.com
2014-02-13 10:08:10,s.youtube.com
2014-02-13 10:08:15,www.youtube.com
2014-02-13 10:08:15,i1.ytimg.com
2014-02-13 10:08:15,r3---sn-gxo5uxg-jqbe.googlevideo.com
2014-02-13 10:08:16,i1.ytimg.com
2014-02-13 10:08:16,clients1.google.com
2014-02-13 10:08:16,s.ytimg.com
2014-02-13 10:08:16,www.youtube.com
2014-02-13 10:08:16,r3---sn-gxo5uxg-jqbe.googlevideo.com
2014-02-13 10:08:16,s.youtube.com
2014-02-13 10:08:17,i1.ytimg.com
2014-02-13 10:08:18,i1.ytimg.com
2014-02-13 10:08:19,i1.ytimg.com
2014-02-13 10:08:19,www.youtube.com
2014-02-13 10:08:25,s.youtube.com
2014-02-13 10:08:26,s.youtube.com
2014-02-13 10:08:35,s.youtube.com
2014-02-13 10:08:40,apis.google.com
2014-02-13 10:08:43,plus.googleapis.com
2014-02-13 10:08:46,r2---sn-gxo5uxg-jqbe.googlevideo.com
2014-02-13 10:08:50,s.youtube.com
2014-02-13 10:08:51,www.youtube.com
2014-02-13 10:08:51,r3---sn-gxo5uxg-jqbe.googlevideo.com
2014-02-13 10:08:51,i1.ytimg.com
2014-02-13 10:08:51,plus.googleapis.com
2014-02-13 10:08:51,yt3.ggpht.com
2014-02-13 10:08:52,www.youtube.com
2014-02-13 10:08:52,i1.ytimg.com
2014-02-13 10:08:52,lh4.ggpht.com
2014-02-13 10:08:52,s.youtube.com
2014-02-13 10:08:53,lh4.ggpht.com
2014-02-13 10:08:53,plus.googleapis.com
2014-02-13 10:08:53,s.youtube.com
2014-02-13 10:08:53,s.ytimg.com
2014-02-13 10:08:53,r1---sn-gxo5uxg-jqbe.googlevideo.com
2014-02-13 10:08:53,www.youtube.com
2014-02-13 10:08:53,gdata.youtube.com
2014-02-13 10:08:53,i1.ytimg.com
2014-02-13 10:08:54,s.youtube.com
2014-02-13 10:08:54,r1---sn-gxo5uxg-jqbe.googlevideo.com
2014-02-13 10:08:54,www.youtube.com
2014-02-13 10:08:55,www.youtube.com
2014-02-13 10:08:58,s.youtube.com
2014-02-13 10:08:58,www.youtube-nocookie.com
2014-02-13 10:08:58,r2---sn-gxo5uxg-jqbe.googlevideo.com
2014-02-13 10:08:58,www.youtube.com
2014-02-13 10:08:59,r2---sn-gxo5uxg-jqbe.googlevideo.com
2014-02-13 10:08:59,www.youtube.com
2014-02-13 10:09:00,i1.ytimg.com
2014-02-13 10:09:00,plus.googleapis.com
2014-02-13 10:09:00,www.youtube.com
2014-02-13 10:09:00,s.youtube.com
2014-02-13 10:09:00,r2---sn-gxo5uxg-jqbe.googlevideo.com
2014-02-13 10:09:02,www.youtube.com
2014-02-13 10:09:05,r2---sn-gxo5uxg-jqbe.googlevideo.com
2014-02-13 10:09:09,s.youtube.com
2014-02-13 10:09:10,s.youtube.com
2014-02-13 10:09:10,www.youtube.com
2014-02-13 10:09:18,r2---sn-gxo5uxg-jqbe.googlevideo.com
2014-02-13 10:09:20,r2---sn-gxo5uxg-jqbe.googlevideo.com
2014-02-13 10:09:20,s.youtube.com
2014-02-13 10:09:25,i1.ytimg.com
2014-02-13 10:09:30,s.youtube.com
2014-02-13 10:09:33,r2---sn-gxo5uxg-jqbe.googlevideo.com
2014-02-13 10:09:35,r2---sn-gxo5uxg-jqbe.googlevideo.com
2014-02-13 10:09:39,s.youtube.com
2014-02-13 10:09:41,apis.google.com
2014-02-13 10:09:48,r2---sn-gxo5uxg-jqbe.googlevideo.com
2014-02-13 10:09:50,r2---sn-gxo5uxg-jqbe.googlevideo.com
2014-02-13 10:10:03,r2---sn-gxo5uxg-jqbe.googlevideo.com
2014-02-13 10:10:03,s.youtube.com
2014-02-13 10:10:04,yt3.ggpht.com
2014-02-13 10:10:04,i1.ytimg.com
2014-02-13 10:10:06,r2---sn-gxo5uxg-jqbe.googlevideo.com
2014-02-13 10:10:06,yt3.ggpht.com
2014-02-13 10:10:10,s.youtube.com
2014-02-13 10:10:43,s.youtube.com
2014-02-13 10:11:23,s.youtube.com
2014-02-13 10:11:37,r2---sn-gxo5uxg-jqbe.googlevideo.com
2014-02-13 10:11:38,r2---sn-gxo5uxg-jqbe.googlevideo.com
2014-02-13 10:11:39,r2---sn-gxo5uxg-jqbe.googlevideo.com
2014-02-13 10:11:40,s.youtube.com
2014-02-13 10:11:44,r2---sn-gxo5uxg-jqbe.googlevideo.com
2014-02-13 10:11:48,r2---sn-gxo5uxg-jqbe.googlevideo.com
2014-02-13 10:11:49,r2---sn-gxo5uxg-jqbe.googlevideo.com
2014-02-13 10:11:50,s.youtube.com
2014-02-13 10:11:54,r2---sn-gxo5uxg-jqbe.googlevideo.com
2014-02-13 10:12:00,s.youtube.com
2014-02-13 10:12:03,s.youtube.com
2014-02-13 10:12:08,plus.googleapis.com
2014-02-13 10:12:10,s.youtube.com
2014-02-13 10:12:20,s.youtube.com
2014-02-13 10:12:30,s.youtube.com
2014-02-13 10:12:40,s.youtube.com
2014-02-13 10:12:43,r2---sn-gxo5uxg-jqbe.googlevideo.com
2014-02-13 10:12:43,s.youtube.com
2014-02-13 10:12:50,r2---sn-gxo5uxg-jqbe.googlevideo.com
2014-02-13 10:12:50,s.youtube.com
2014-02-13 10:12:59,r2---sn-gxo5uxg-jqbe.googlevideo.com
2014-02-13 10:13:05,r2---sn-gxo5uxg-jqbe.googlevideo.com
2014-02-13 10:13:14,r2---sn-gxo5uxg-jqbe.googlevideo.com
2014-02-13 10:13:20,r2---sn-gxo5uxg-jqbe.googlevideo.com
2014-02-13 10:13:20,s.youtube.com
2014-02-13 10:13:24,s.youtube.com
2014-02-13 10:13:30,r2---sn-gxo5uxg-jqbe.googlevideo.com
2014-02-13 10:13:35,r2---sn-gxo5uxg-jqbe.googlevideo.com
2014-02-13 10:13:45,r2---sn-gxo5uxg-jqbe.googlevideo.com
2014-02-13 10:13:49,www.youtube.com
2014-02-13 10:13:50,r2---sn-gxo5uxg-jqbe.googlevideo.com
2014-02-13 10:13:50,s.youtube.com
2014-02-13 10:14:04,s.youtube.com
2014-02-13 10:14:20,s.youtube.com
2014-02-13 10:14:21,s.ytimg.com
2014-02-13 10:14:22,i1.ytimg.com
2014-02-13 10:14:44,s.youtube.com
2014-02-13 10:14:50,s.youtube.com
2014-02-13 10:14:53,www.youtube.com
2014-02-13 10:14:53,s.ytimg.com
2014-02-13 10:14:53,s.youtube.com
2014-02-13 10:14:55,s.youtube.com
2014-02-13 10:14:56,www.youtube.com
2014-02-13 10:15:24,s.youtube.com
2014-02-13 10:16:52,clients1.google.com
2014-02-13 10:25:06,www.bing.com
2014-02-13 10:25:07,www.bing.com
2014-02-13 10:25:08,www.bing.com
2014-02-13 10:25:08,cms.abmr.net
2014-02-13 10:25:09,www.bing.com
2014-02-13 10:25:11,www.bing.com
2014-02-13 10:25:12,www.bing.com
2014-02-13 10:25:27,login.live.com
2014-02-13 11:03:43,www.bing.com
2014-02-13 11:03:44,www.bing.com
2014-02-13 11:03:45,www.bing.com
2014-02-13 11:03:46,www.bing.com
2014-02-13 11:03:47,www.bing.com
2014-02-13 11:03:48,www.bing.com
2014-02-13 11:03:48,ts1.mm.bing.net
2014-02-13 11:03:48,ts4.mm.bing.net
2014-02-13 11:03:48,ts2.mm.bing.net
2014-02-13 11:03:48,ts3.mm.bing.net
2014-02-13 11:03:49,ts1.mm.bing.net
2014-02-13 11:03:49,ts2.mm.bing.net
2014-02-13 11:03:49,ts3.mm.bing.net
2014-02-13 11:03:49,www.bing.com
2014-02-13 11:03:49,ts4.mm.bing.net
2014-02-13 11:03:50,ts3.mm.bing.net
2014-02-13 11:03:50,ts1.mm.bing.net
2014-02-13 11:03:50,ts2.mm.bing.net
2014-02-13 11:03:50,ts4.mm.bing.net
2014-02-13 11:03:50,www.bing.com
2014-02-13 11:03:51,ts1.mm.bing.net
2014-02-13 11:03:51,www.bing.com
2014-02-13 11:03:51,ts3.mm.bing.net
2014-02-13 11:03:51,ts2.mm.bing.net
2014-02-13 11:03:51,ts4.mm.bing.net
2014-02-13 11:03:52,ts1.mm.bing.net
2014-02-13 11:03:52,ts4.mm.bing.net
2014-02-13 11:03:52,ts3.mm.bing.net
2014-02-13 11:03:52,ts2.mm.bing.net
2014-02-13 11:03:52,www.bing.com
2014-02-13 11:03:53,www.bing.com
2014-02-13 11:03:53,ts2.mm.bing.net
2014-02-13 11:03:53,ts3.mm.bing.net
2014-02-13 11:03:53,ts4.mm.bing.net
2014-02-13 11:03:53,ts3.explicit.bing.net
2014-02-13 11:03:53,ts1.mm.bing.net
2014-02-13 11:03:54,ts4.mm.bing.net
2014-02-13 11:03:54,ts2.mm.bing.net
2014-02-13 11:03:54,ts1.mm.bing.net
2014-02-13 11:03:54,ts3.mm.bing.net
2014-02-13 11:03:54,www.bing.com
2014-02-13 11:03:54,ts3.explicit.bing.net
2014-02-13 11:03:55,ts3.mm.bing.net
2014-02-13 11:03:55,ts4.mm.bing.net
2014-02-13 11:03:55,ts2.mm.bing.net
2014-02-13 11:03:55,ts1.mm.bing.net
2014-02-13 11:03:55,www.bing.com
2014-02-13 11:03:56,www.bing.com
2014-02-13 11:03:56,ts1.mm.bing.net
2014-02-13 11:03:57,www.bing.com
2014-02-13 11:03:57,ts1.mm.bing.net
2014-02-13 11:03:58,login.live.com
2014-02-13 11:52:50,www.bing.com
2014-02-13 11:52:53,www.bing.com
2014-02-13 11:53:00,www.bing.com
2014-02-13 11:53:15,login.live.com
2014-02-13 11:53:29,www.bing.com
2014-02-13 11:53:29,ssl.bing.com
2014-02-13 11:53:32,www.bing.com
2014-02-13 11:53:34,barreau.matthieu.free.fr
2014-02-13 11:53:34,www.bing.com
2014-02-13 11:53:39,barreau.matthieu.free.fr
2014-02-13 11:53:45,barreau.matthieu.free.fr
2014-02-13 11:53:54,barreau.matthieu.free.fr
2014-02-13 11:53:54,ssl.bing.com
2014-02-13 11:54:35,barreau.matthieu.free.fr
2014-02-13 11:54:36,barreau.matthieu.free.fr
2014-02-13 11:54:37,barreau.matthieu.free.fr
2014-02-13 11:54:38,barreau.matthieu.free.fr
2014-02-13 11:54:39,barreau.matthieu.free.fr
2014-02-13 11:54:40,barreau.matthieu.free.fr
2014-02-13 11:54:41,barreau.matthieu.free.fr
2014-02-13 11:54:46,barreau.matthieu.free.fr
2014-02-13 11:54:47,barreau.matthieu.free.fr
2014-02-13 11:54:48,barreau.matthieu.free.fr
2014-02-13 11:54:48,www.bing.com
2014-02-13 11:54:49,www.bing.com
2014-02-13 11:54:50,barreau.matthieu.free.fr
2014-02-13 11:54:51,barreau.matthieu.free.fr
2014-02-13 11:54:51,www.bing.com
2014-02-13 11:54:52,www.bing.com
2014-02-13 11:54:53,www.bing.com
2014-02-13 11:54:54,www.bing.com
2014-02-13 11:54:54,barreau.matthieu.free.fr
2014-02-13 11:54:57,barreau.matthieu.free.fr
2014-02-13 11:54:58,barreau.matthieu.free.fr
2014-02-13 11:54:59,barreau.matthieu.free.fr
2014-02-13 11:55:00,barreau.matthieu.free.fr
2014-02-13 11:55:01,barreau.matthieu.free.fr
2014-02-13 11:55:04,barreau.matthieu.free.fr
2014-02-13 11:55:07,barreau.matthieu.free.fr
2014-02-13 12:09:34,barreau.matthieu.free.fr
2014-02-13 12:09:37,barreau.matthieu.free.fr
2014-02-13 12:09:45,barreau.matthieu.free.fr
2014-02-13 12:09:50,barreau.matthieu.free.fr
2014-02-13 12:12:57,barreau.matthieu.free.fr
2014-02-13 12:12:58,barreau.matthieu.free.fr
2014-02-13 12:22:47,gadgets.live.com
2014-02-13 12:22:56,weather.service.msn.com
2014-02-13 13:38:00,www.bing.com
2014-02-13 13:38:02,www.bing.com
2014-02-13 13:38:02,fr.youtube.com
2014-02-13 13:38:02,www.youtube.com
2014-02-13 13:38:02,i1.ytimg.com
2014-02-13 13:38:03,i1.ytimg.com
2014-02-13 13:38:04,i1.ytimg.com
2014-02-13 13:38:04,s.ytimg.com
2014-02-13 13:38:05,s.ytimg.com
2014-02-13 13:38:05,www.youtube.com
2014-02-13 13:38:05,clients1.google.com
2014-02-13 13:38:05,i2.ytimg.com
2014-02-13 13:38:11,clients1.google.com
2014-02-13 13:38:13,clients1.google.com
2014-02-13 13:38:14,www.google.com
2014-02-13 13:38:14,www.youtube.com
2014-02-13 13:38:14,i1.ytimg.com
2014-02-13 13:38:14,clients1.google.com
2014-02-13 13:38:25,www.youtube.com
2014-02-13 13:38:26,www.youtube-nocookie.com
2014-02-13 13:38:26,s.youtube.com
2014-02-13 13:38:26,www.youtube.com
2014-02-13 13:38:28,apis.google.com
2014-02-13 13:38:28,yt3.ggpht.com
2014-02-13 13:38:28,www.youtube.com
2014-02-13 13:38:30,i1.ytimg.com
2014-02-13 13:38:30,yt3.ggpht.com
2014-02-13 13:38:30,apis.google.com
2014-02-13 13:38:30,s.ytimg.com
2014-02-13 13:38:31,www.google.com
2014-02-13 13:38:31,clients1.google.com
2014-02-13 13:38:32,www.google.com
2014-02-13 13:38:32,apis.google.com
2014-02-13 13:38:33,www.youtube.com
2014-02-13 13:38:33,i1.ytimg.com
2014-02-13 13:38:33,s.ytimg.com
2014-02-13 13:38:34,i1.ytimg.com
2014-02-13 13:38:34,plus.googleapis.com
2014-02-13 13:38:37,yt3.ggpht.com
2014-02-13 13:38:37,www.youtube.com
2014-02-13 13:38:37,i1.ytimg.com
2014-02-13 13:38:37,www.youtube-nocookie.com
2014-02-13 13:38:38,s.youtube.com
2014-02-13 13:38:38,www.youtube.com
2014-02-13 13:38:38,r3---sn-cg07lue6.googlevideo.com
2014-02-13 13:38:39,r3---sn-cg07lue6.googlevideo.com
2014-02-13 13:38:39,plus.googleapis.com
2014-02-13 13:38:39,www.youtube.com
2014-02-13 13:38:40,www.youtube.com
2014-02-13 13:38:42,www.youtube.com
2014-02-13 13:38:42,r3---sn-cg07lue6.googlevideo.com
2014-02-13 13:38:44,r3---sn-cg07lue6.googlevideo.com
2014-02-13 13:38:45,www.youtube.com
2014-02-13 13:38:45,r3---sn-cg07lue6.googlevideo.com
2014-02-13 13:38:48,s.youtube.com
2014-02-13 13:38:49,s.youtube.com
2014-02-13 13:38:58,r3---sn-cg07lue6.googlevideo.com
2014-02-13 13:38:59,s.youtube.com
2014-02-13 13:38:59,r3---sn-cg07lue6.googlevideo.com
2014-02-13 13:39:08,s.youtube.com
2014-02-13 13:39:09,s.youtube.com
2014-02-13 13:39:09,r3---sn-cg07lue6.googlevideo.com
2014-02-13 13:39:14,r3---sn-cg07lue6.googlevideo.com
2014-02-13 13:39:28,r3---sn-cg07lue6.googlevideo.com
2014-02-13 13:39:29,r3---sn-cg07lue6.googlevideo.com
2014-02-13 13:39:38,r3---sn-cg07lue6.googlevideo.com
2014-02-13 13:39:38,s.youtube.com
2014-02-13 13:39:39,r3---sn-cg07lue6.googlevideo.com
2014-02-13 13:39:40,r3---sn-cg07lue6.googlevideo.com
2014-02-13 13:39:41,r3---sn-cg07lue6.googlevideo.com
2014-02-18 15:28:33,clients5.google.com
2014-02-18 15:28:35,www.google.com
2014-02-18 15:28:35,www.google.fr
2014-02-18 15:28:36,www.google.fr
2014-02-18 15:28:37,www.google.fr
2014-02-18 15:28:37,www.google.com
2014-02-18 15:28:37,apis.google.com
2014-02-18 15:28:42,www.google.fr
2014-02-18 15:28:42,apis.google.com
2014-02-18 15:29:42,plus.google.com
2014-02-18 15:30:37,www.google.fr
2014-02-18 15:30:38,www.footmercato.net
2014-02-18 15:30:39,www.audienceinsights.net
2014-02-18 15:30:39,xml.betclick.com
2014-02-18 15:30:39,www.footmercato.net
2014-02-18 15:30:40,s-static.ak.facebook.com
2014-02-18 15:30:40,apis.google.com
2014-02-18 15:30:40,images.footmercato.net
2014-02-18 15:30:40,connect.facebook.net
2014-02-18 15:30:40,www.footmercato.net
2014-02-18 15:30:41,images.footmercato.net
2014-02-18 15:30:41,www.footmercato.net
2014-02-18 15:30:41,static.ak.facebook.com
2014-02-18 15:30:42,static.eplayer.performgroup.com
2014-02-18 15:30:42,www.footmercato.net
2014-02-18 15:30:42,images.eplayer.performgroup.com
2014-02-18 15:30:42,images.footmercato.net
2014-02-18 15:30:42,www.facebook.com
2014-02-18 15:30:43,www.footmercato.net
2014-02-18 15:30:43,www.facebook.com
2014-02-18 15:30:43,xml.betclick.com
2014-02-18 15:30:44,accounts.google.com
2014-02-18 15:30:44,apis.google.com
2014-02-18 15:30:44,static.eplayer.performgroup.com
2014-02-18 15:30:44,www.footmercato.net
2014-02-18 15:30:45,static.eplayer.performgroup.com
2014-02-18 15:30:45,www.footmercato.net
2014-02-18 15:30:45,platform.twitter.com
2014-02-18 15:30:46,crl.usertrust.com
2014-02-18 15:30:46,crl.gandi.net
2014-02-18 15:30:46,www.audienceinsights.net
2014-02-18 15:30:47,images.footmercato.net
2014-02-18 15:30:47,static.ak.facebook.com
2014-02-18 15:30:47,www.footmercato.net
2014-02-18 15:30:47,www.dailymotion.com
2014-02-18 15:30:47,ajax.googleapis.com
2014-02-18 15:30:47,s-static.ak.facebook.com
2014-02-18 15:30:48,www.dailymotion.com
2014-02-18 15:30:49,www.facebook.com
2014-02-18 15:30:50,platform.twitter.com
2014-02-18 15:30:50,crl3.digicert.com
2014-02-18 15:30:51,twitter.com
2014-02-18 15:30:51,crl3.digicert.com
2014-02-18 15:30:51,evsecure-crl.verisign.com
2014-02-18 15:30:51,platform.twitter.com
2014-02-18 15:30:51,accounts.google.com
2014-02-18 15:30:51,syndication.twitter.com
2014-02-18 15:30:51,apis.google.com
2014-02-18 15:30:51,graph.facebook.com
2014-02-18 15:30:51,www.facebook.com
2014-02-18 15:30:52,svrsecure-g3-crl.verisign.com
2014-02-18 15:30:53,pbs.twimg.com
2014-02-18 15:30:59,twitter.com
2014-02-18 15:30:59,pbs.twimg.com
2014-02-18 15:30:59,www.dailymotion.com
2014-02-18 15:31:00,platform.twitter.com
2014-02-18 15:31:00,fr-himedia.videoplaza.tv
2014-02-18 15:31:00,www.dailymotion.com
2014-02-18 15:31:00,audience.visiblemeasures.com
2014-02-18 15:31:00,od2.visiblemeasures.com
2014-02-18 15:31:01,od2.visiblemeasures.com
2014-02-18 15:31:03,www.dailymotion.com
2014-02-18 15:31:09,www.footmercato.net
2014-02-18 15:31:11,static.ak.facebook.com
2014-02-18 15:31:11,www.audienceinsights.net
2014-02-18 15:31:11,www.dailymotion.com
2014-02-18 15:31:11,www.conforama.fr
2014-02-18 15:31:11,s-static.ak.facebook.com
2014-02-18 15:31:12,www.dailymotion.com
2014-02-18 15:31:12,audience.visiblemeasures.com
2014-02-18 15:31:13,www.dailymotion.com
2014-02-18 15:31:13,fr-himedia.videoplaza.tv
2014-02-18 15:31:13,od2.visiblemeasures.com
2014-02-18 15:31:14,www.facebook.com
2014-02-18 15:31:15,www.facebook.com
2014-02-18 15:31:15,apis.google.com
2014-02-18 15:31:15,graph.facebook.com
2014-02-18 15:31:16,www.dailymotion.com
2014-02-18 15:31:16,twitter.com
2014-02-18 15:31:25,twitter.com
2014-02-18 15:31:25,www.facebook.com
2014-02-18 15:31:38,www.footmercato.net
2014-02-18 15:31:38,platform.twitter.com
2014-02-18 15:31:39,www.audienceinsights.net
2014-02-18 15:31:40,s-static.ak.facebook.com
2014-02-18 15:31:40,static.ak.facebook.com
2014-02-18 15:31:41,www.facebook.com
2014-02-18 15:31:42,www.facebook.com
2014-02-18 15:31:43,apis.google.com
2014-02-18 15:31:43,static.eplayer.performgroup.com
2014-02-18 15:31:45,crl.omniroot.com
2014-02-18 15:31:45,apis.google.com
2014-02-18 15:31:45,graph.facebook.com
2014-02-18 15:31:46,static.eplayer.performgroup.com
2014-02-18 15:31:46,i1-js-14-3-01-10077-368094756-i.init.cedexis-radar.net
2014-02-18 15:31:46,connect.facebook.net
2014-02-18 15:31:47,static.eplayer.performgroup.com
2014-02-18 15:31:48,static.eplayer.performgroup.com
2014-02-18 15:31:49,static.eplayer.performgroup.com
2014-02-18 15:31:50,tinyurl.com
2014-02-18 15:31:50,images.performgroup.com
2014-02-18 15:31:50,static.eplayer.performgroup.com
2014-02-18 15:31:51,images.performgroup.com
2014-02-18 15:32:16,akvideo.aufeminin.com
2014-02-18 15:32:25,akvideo.aufeminin.com
2014-02-18 15:32:29,ecvideo.aufeminin.com
2014-02-18 15:32:30,ecvideo.aufeminin.com
2014-02-18 15:33:00,www.footmercato.net
2014-02-18 15:33:00,www.audienceinsights.net
2014-02-18 15:33:01,s-static.ak.facebook.com
2014-02-18 15:33:01,static.ak.facebook.com
2014-02-18 15:33:01,www.footmercato.net
2014-02-18 15:33:02,platform.twitter.com
2014-02-18 15:33:02,www.facebook.com
2014-02-18 15:33:03,twitter.com
2014-02-18 15:33:03,platform.twitter.com
2014-02-18 15:33:08,www.footmercato.net
2014-02-18 15:33:08,apis.google.com
2014-02-18 15:33:09,www.audienceinsights.net
2014-02-18 15:33:09,connect.facebook.net
2014-02-18 15:33:09,static.ak.facebook.com
2014-02-18 15:33:09,s-static.ak.facebook.com
2014-02-18 15:33:10,platform.twitter.com
2014-02-18 15:33:10,www.facebook.com
2014-02-18 15:33:14,twitter.com
2014-02-18 15:33:14,apis.google.com
2014-02-18 15:33:14,www.footmercato.net
2014-02-18 15:33:14,www.audienceinsights.net
2014-02-18 15:33:15,static.ak.facebook.com
2014-02-18 15:33:15,www.facebook.com
2014-02-18 15:33:15,s-static.ak.facebook.com
2014-02-18 15:33:16,xml.betclick.com
2014-02-18 15:33:16,platform.twitter.com
2014-02-18 15:33:16,www.facebook.com
2014-02-18 15:33:28,www.footmercato.net
2014-02-18 15:33:28,twitter.com
2014-02-18 15:33:28,apis.google.com
2014-02-18 15:33:29,s-static.ak.facebook.com
2014-02-18 15:33:29,static.ak.facebook.com
2014-02-18 15:33:29,www.audienceinsights.net
2014-02-18 15:33:29,www.footmercato.net
2014-02-18 15:33:30,images.footmercato.net
2014-02-18 15:33:31,www.footmercato.net
2014-02-18 15:33:31,images.footmercato.net
2014-02-18 15:33:31,www.facebook.com
2014-02-18 15:33:32,graph.facebook.com
2014-02-18 15:36:38,clients5.google.com
2014-02-18 15:36:39,clients5.google.com
2014-02-18 15:36:40,clients5.google.com
2014-02-18 15:36:41,clients5.google.com
2014-02-18 15:36:42,www.google.fr
2014-02-18 15:36:42,clients5.google.com
2014-02-18 15:36:42,www.google.com
2014-02-18 15:36:49,www.google.fr
2014-02-18 15:36:49,www.google.com
2014-02-18 15:37:40,plus.google.com
2014-02-18 15:37:40,apis.google.com
2014-02-20 09:01:02,armmf.adobe.com
2014-02-20 09:01:04,armmf.adobe.com
2014-02-20 11:58:27,www.bing.com
2014-02-20 11:58:28,www.bing.com
2014-02-20 11:58:29,www.bing.com
2014-02-20 11:58:29,cache.armorgames.com
2014-02-20 11:58:29,armorgames.com
2014-02-20 11:58:29,quests.armorgames.com
2014-02-20 11:58:29,connect.facebook.net
2014-02-20 11:58:29,gamemedia.armorgames.com
2014-02-20 11:58:30,gamemedia.armorgames.com
2014-02-20 11:58:30,cache.armorgames.com
2014-02-20 11:58:30,armorgames.com
2014-02-20 11:58:30,static.ak.facebook.com
2014-02-20 11:58:30,s-static.ak.facebook.com
2014-02-20 11:58:31,assets.pinterest.com
2014-02-20 11:58:31,armorgames.com
2014-02-20 11:58:31,cache.armorgames.com
2014-02-20 11:58:31,gamemedia.armorgames.com
2014-02-20 11:58:32,gamemedia.armorgames.com
2014-02-20 11:58:32,platform.twitter.com
2014-02-20 11:58:32,armorgames.com
2014-02-20 11:58:32,cache.armorgames.com
2014-02-20 11:58:33,fpdownload2.macromedia.com
2014-02-20 11:58:33,cache.armorgames.com
2014-02-20 11:58:33,www.google.com
2014-02-20 11:58:33,c1.adform.net
2014-02-20 11:58:35,gamemedia.armorgames.com
2014-02-20 11:58:37,cache.armorgames.com
2014-02-20 11:58:50,assets.pinterest.com
2014-02-20 11:58:50,apis.google.com
2014-02-20 11:58:50,www.facebook.com
2014-02-20 11:58:51,armorgames.com
2014-02-20 11:58:57,gamemedia.armorgames.com
2014-02-20 11:59:46,armorgames.com
2014-02-20 11:59:47,static.ak.facebook.com
2014-02-20 11:59:47,cache.armorgames.com
2014-02-20 11:59:47,www.reddit.com
2014-02-20 11:59:47,armorgames.com
2014-02-20 11:59:47,s-static.ak.facebook.com
2014-02-20 11:59:48,cache.armorgames.com
2014-02-20 11:59:48,armorgames.com
2014-02-20 11:59:48,www.stumbleupon.com
2014-02-20 11:59:48,platform.twitter.com
2014-02-20 11:59:48,www.reddit.com
2014-02-20 11:59:48,platform.stumbleupon.com
2014-02-20 11:59:48,ajax.googleapis.com
2014-02-20 11:59:48,gamemedia.armorgames.com
2014-02-20 11:59:48,apis.google.com
2014-02-20 11:59:49,cache.armorgames.com
2014-02-20 11:59:49,platform.tumblr.com
2014-02-20 11:59:49,hal9000.redintelligence.net
2014-02-20 11:59:49,files.armorgames.com
2014-02-20 11:59:49,www.facebook.com
2014-02-20 11:59:49,armorgames.com
2014-02-20 11:59:50,ad.publicidees.com
2014-02-20 11:59:50,banniere.reussissonsensemble.fr
2014-02-20 11:59:50,www.facebook.com
2014-02-20 11:59:51,cache.armorgames.com
2014-02-20 11:59:51,armorgames.com
2014-02-20 11:59:51,affiliation.service-voyages.com
2014-02-20 11:59:52,armorgames.com
2014-02-20 11:59:53,cache.armorgames.com
2014-02-20 11:59:58,accounts.google.com
2014-02-20 12:00:02,badge.stumbleupon.com
2014-02-20 12:00:02,accounts.google.com
2014-02-20 12:00:06,twitter.com
2014-02-20 12:00:10,armorgames.com
2014-02-20 12:00:37,twitter.com
2014-02-20 12:00:57,www.bing.com
2014-02-20 12:00:58,www.bing.com
2014-02-20 12:00:59,www.miniclip.com
2014-02-20 12:00:59,ajax.googleapis.com
2014-02-20 12:00:59,cms.abmr.net
2014-02-20 12:00:59,www.bing.com
2014-02-20 12:00:59,login.live.com
2014-02-20 12:01:00,www.facebook.com
2014-02-20 12:01:00,apis.google.com
2014-02-20 12:01:00,s-static.ak.facebook.com
2014-02-20 12:01:00,www.miniclip.com
2014-02-20 12:01:00,dnn506yrbagrg.cloudfront.net
2014-02-20 12:01:00,static.ak.facebook.com
2014-02-20 12:01:01,www.facebook.com
2014-02-20 12:01:01,www.miniclip.com
2014-02-20 12:01:01,apis.google.com
2014-02-20 12:01:01,accounts.google.com
2014-02-20 12:01:10,www.youtube.com
2014-02-20 12:01:11,www.youtube.com
2014-02-20 12:01:11,www.miniclip.com
2014-02-20 12:01:11,s.ytimg.com
2014-02-20 12:01:11,apis.google.com
2014-02-20 12:01:20,s.ytimg.com
2014-02-20 12:01:20,www.youtube.com
2014-02-20 12:06:52,www.bing.com
2014-02-20 12:06:53,www.bing.com
2014-02-20 12:06:54,login.live.com
2014-02-20 12:06:54,www.miniclip.com
2014-02-20 12:06:55,static.ak.facebook.com
2014-02-20 12:06:55,www.facebook.com
2014-02-20 12:06:55,dnn506yrbagrg.cloudfront.net
2014-02-20 12:06:55,s-static.ak.facebook.com
2014-02-20 12:06:59,static.ak.facebook.com
2014-02-20 12:06:59,s-static.ak.facebook.com
2014-02-20 12:06:59,www.miniclip.com
2014-02-20 12:06:59,img.youtube.com
2014-02-20 12:07:00,www.facebook.com
2014-02-20 12:07:00,www.miniclip.com
2014-02-20 12:07:00,fpdownload.macromedia.com
2014-02-20 12:07:14,apis.google.com
2014-02-20 12:07:14,www.miniclip.com
2014-02-20 12:07:16,apis.google.com
2014-02-20 12:07:19,accounts.google.com
2014-02-20 12:07:19,apis.google.com
2014-02-20 12:07:20,www.miniclip.com
2014-02-20 12:07:20,static.ak.facebook.com
2014-02-20 12:07:20,apis.google.com
2014-02-20 12:07:20,www.facebook.com
2014-02-20 12:07:20,www.youtube.com
2014-02-20 12:07:20,accounts.google.com
2014-02-20 12:07:20,www.macromedia.com
2014-02-20 12:07:20,s-static.ak.facebook.com
2014-02-20 12:07:21,s.ytimg.com
2014-02-20 12:07:21,www.youtube.com
2014-02-20 12:07:21,www.facebook.com
2014-02-20 12:07:40,www.youtube.com
2014-02-20 12:07:40,s.ytimg.com
2014-02-20 13:29:07,www.bing.com
2014-02-20 13:29:10,www.bing.com
2014-02-20 13:29:13,www.scan-manga.com
2014-02-20 13:29:13,www.bing.com
2014-02-20 13:29:13,ajax.googleapis.com
2014-02-20 13:29:14,a133.idata.over-blog.com
2014-02-20 13:29:14,www.manga-space.com
2014-02-20 13:29:14,yui.yahooapis.com
2014-02-20 13:29:14,a403.idata.over-blog.com
2014-02-20 13:29:14,a405.idata.over-blog.com
2014-02-20 13:29:14,a404.idata.over-blog.com
2014-02-20 13:29:14,a401.idata.over-blog.com
2014-02-20 13:29:14,a400.idata.over-blog.com
2014-02-20 13:29:14,fdata.over-blog.net
2014-02-20 13:29:14,idata.over-blog.com
2014-02-20 13:29:15,a142.idata.over-blog.com
2014-02-20 13:29:15,img.over-blog.com
2014-02-20 13:29:15,a401.idata.over-blog.com
2014-02-20 13:29:15,a137.idata.over-blog.com
2014-02-20 13:29:15,www.shueisha.co.jp
2014-02-20 13:29:15,fdata.over-blog.net
2014-02-20 13:29:15,ddata.over-blog.com
2014-02-20 13:29:15,idata.over-blog.com
2014-02-20 13:29:16,www.manga-space.com
2014-02-20 13:29:16,www4.shoutmix.com
2014-02-20 13:29:16,img.over-blog.com
2014-02-20 13:29:16,idata.over-blog.com
2014-02-20 13:29:16,a141.idata.over-blog.com
2014-02-20 13:29:16,a400.idata.over-blog.com
2014-02-20 13:29:16,a397.idata.over-blog.com
2014-02-20 13:29:16,a395.idata.over-blog.com
2014-02-20 13:29:16,www.audienceinsights.net
2014-02-20 13:29:16,www.anonymousdmp.com
2014-02-20 13:29:17,www.bing.com
2014-02-20 13:29:17,www.linkedin.com
2014-02-20 13:29:17,static.ak.facebook.com
2014-02-20 13:29:17,www4.shoutmix.com
2014-02-20 13:29:17,s-static.ak.facebook.com
2014-02-20 13:29:17,fdata.over-blog.net
2014-02-20 13:29:17,connect.facebook.net
2014-02-20 13:29:17,platform.twitter.com
2014-02-20 13:29:17,platform.linkedin.com
2014-02-20 13:29:17,a392.idata.over-blog.com
2014-02-20 13:29:17,www.facebook.com
2014-02-20 13:29:17,idata.over-blog.com
2014-02-20 13:29:18,www.linkedin.com
2014-02-20 13:29:18,login.live.com
2014-02-20 13:29:18,www.facebook.com
2014-02-20 13:29:19,www.facebook.com
2014-02-20 13:29:20,fdata.over-blog.net
2014-02-20 13:29:21,www.linkedin.com
2014-02-20 13:29:25,apis.google.com
2014-02-20 13:29:27,twitter.com
2014-02-20 13:29:28,apis.google.com
2014-02-20 13:29:28,twitter.com
2014-02-20 13:29:32,ssl.bing.com
2014-02-20 13:29:33,www.bing.com
2014-02-20 13:29:36,www.bing.com
2014-02-20 13:29:37,www.bing.com
2014-02-20 13:29:43,ssl.bing.com
2014-02-20 13:29:47,www.bing.com
2014-02-20 13:29:48,www.bing.com
2014-02-20 13:29:48,ssl.bing.com
2014-02-20 13:29:48,login.live.com
2014-02-20 13:29:50,www.bing.com
2014-02-20 13:29:51,www.scan-manga.com
2014-02-20 13:29:54,www.bing.com
2014-02-20 13:29:56,login.live.com
2014-02-20 13:29:56,ssl.bing.com
2014-02-20 13:29:56,www.bing.com
2014-02-20 13:29:59,www.scan-manga.com
2014-02-20 13:30:04,www.bing.com
2014-02-20 13:30:07,www.bing.com
2014-02-20 13:30:09,apis.google.com
2014-02-20 13:30:13,pbs.twimg.com
2014-02-20 13:30:28,www.bing.com
2014-02-20 13:30:36,www.scan-manga.com
2014-02-20 13:30:36,apis.google.com
2014-02-20 13:30:36,pbs.twimg.com
2014-02-20 13:30:37,www.scan-manga.com
2014-02-20 13:30:37,apis.google.com
2014-02-20 13:30:39,www.bing.com
2014-02-20 13:30:39,login.live.com
2014-02-20 13:31:24,ssl.bing.com
2014-02-20 13:31:24,www.bing.com
2014-02-20 13:32:04,hitskin.com
2014-02-20 13:32:04,claymore-manga.forumpro.fr
2014-02-20 13:32:04,i34.servimg.com
2014-02-20 13:32:05,illiweb.com
2014-02-20 13:32:05,r28.imgfast.net
2014-02-20 13:32:05,claymore-manga.forumpro.fr
2014-02-20 13:32:05,hitskin.com
2014-02-20 13:32:06,www.facebook.com
2014-02-20 13:32:06,www.weplug.com
2014-02-20 13:32:06,hitskin.com
2014-02-20 13:32:06,illiweb.com
2014-02-20 13:32:07,www.gamekyo.com
2014-02-20 13:33:10,www.google.fr
2014-02-20 13:33:29,www.google.fr
2014-02-20 13:33:30,apis.google.com
2014-02-20 13:33:32,www.google.com
2014-02-20 13:33:49,www.google.fr
2014-02-20 13:33:49,www.scan-manga.com
2014-02-20 13:34:01,apis.google.com
2014-02-20 13:34:06,apis.google.com
2014-02-20 13:34:06,pbs.twimg.com
2014-02-20 13:34:24,www.google.fr
2014-02-20 13:34:24,www.google.com
2014-02-20 13:34:24,apis.google.com
2014-02-20 13:34:25,www.google.fr
2014-02-20 13:34:25,www.francetvsport.fr
2014-02-20 13:34:25,static.francetv.fr
2014-02-20 13:34:26,www.facebook.com
2014-02-20 13:34:26,www.francetvsport.fr
2014-02-20 13:34:26,static.francetv.fr
2014-02-20 13:34:27,static.ak.facebook.com
2014-02-20 13:34:27,s-static.ak.facebook.com
2014-02-20 13:34:27,platform.twitter.com
2014-02-20 13:34:27,its.tradelab.fr
2014-02-20 13:34:27,static.francetv.fr
2014-02-20 13:34:27,www.facebook.com
2014-02-20 13:34:27,www.francetvsport.fr
2014-02-20 13:34:27,www.google.com
2014-02-20 13:34:27,srv.francetv.fr
2014-02-20 13:34:28,www.google.com
2014-02-20 13:34:28,www.google.fr
2014-02-20 13:34:28,www.francetvsport.fr
2014-02-20 13:34:28,d1447tq2m68ekg.cloudfront.net
2014-02-20 13:34:28,widget.cloud.opta.net
2014-02-20 13:34:29,api.dmcloud.net
2014-02-20 13:34:29,widget.cloud.opta.net
2014-02-20 13:34:29,www.francetvsport.fr
2014-02-20 13:34:29,static.francetv.fr
2014-02-20 13:34:30,francetvsport.disqus.com
2014-02-20 13:34:30,go.disqus.com
2014-02-20 13:34:30,static.ak.facebook.com
2014-02-20 13:34:30,widget.cloud.opta.net
2014-02-20 13:34:30,www.facebook.com
2014-02-20 13:34:30,disqus.com
2014-02-20 13:34:30,s-static.ak.facebook.com
2014-02-20 13:34:30,apis.google.com
2014-02-20 13:34:30,www.francetvsport.fr
2014-02-20 13:34:31,disqus.com
2014-02-20 13:34:31,api.dmcloud.net
2014-02-20 13:34:31,www.scan-manga.com
2014-02-20 13:34:32,disqus.com
2014-02-20 13:34:32,static.dmcloud.net
2014-02-20 13:34:33,static.dmcloud.net
2014-02-20 13:34:46,twitter.com
2014-02-20 13:34:47,twitter.com
2014-02-20 13:34:48,accounts.google.com
2014-02-20 13:34:49,accounts.google.com
2014-02-20 13:34:49,twitter.com
2014-02-20 13:34:51,www.francetvsport.fr
2014-02-20 13:34:51,its.tradelab.fr
2014-02-20 13:34:52,publicite.francetv.fr
2014-02-20 13:34:52,www.google.fr
2014-02-20 13:34:52,www.google.com
2014-02-20 13:35:18,proxy-ec.dmcloud.net
2014-02-27 08:53:32,armmf.adobe.com
2014-02-27 08:53:34,armmf.adobe.com
2014-02-27 13:35:20,www.bing.com
2014-02-27 13:35:21,www.bing.com
2014-02-27 13:35:22,www.bing.com
2014-02-27 13:35:22,fr.youtube.com
2014-02-27 13:35:22,s.ytimg.com
2014-02-27 13:35:22,cms.abmr.net
2014-02-27 13:35:22,www.youtube.com
2014-02-27 13:35:22,i1.ytimg.com
2014-02-27 13:35:23,www.youtube.com
2014-02-27 13:35:23,s.ytimg.com
2014-02-27 13:35:24,i1.ytimg.com
2014-02-27 13:35:25,www.youtube.com
2014-02-27 13:35:26,fpdownload2.macromedia.com
2014-02-27 13:35:26,s.ytimg.com
2014-02-27 13:35:27,s.youtube.com
2014-02-27 13:35:27,s.ytimg.com
2014-02-27 13:35:28,s.ytimg.com
2014-02-27 13:35:28,www.youtube.com
2014-02-27 13:35:28,r2---sn-gxo5uxg-jqbe.googlevideo.com
2014-02-27 13:35:28,i1.ytimg.com
2014-02-27 13:35:48,yt3.ggpht.com
2014-02-27 13:35:51,www.google.com
2014-02-27 13:35:54,www.google.fr
2014-02-27 13:35:58,s.ytimg.com
2014-02-27 13:35:58,i1.ytimg.com
2014-02-27 13:35:58,www.google.fr
2014-02-27 13:35:58,www.google.com
2014-02-27 13:35:58,yt3.ggpht.com
2014-02-27 13:36:00,s.ytimg.com
2014-02-27 13:36:00,i1.ytimg.com
2014-02-27 13:36:17,www.bing.com
2014-02-27 13:36:18,www.bing.com
2014-02-27 13:36:19,www.facebook.com
2014-02-27 13:36:25,www.facebook.com
2014-02-27 13:36:34,apis.google.com
2014-02-27 13:36:35,apis.google.com
2014-02-27 13:36:35,3p9ig376qt.b.ad6media.fr
2014-02-27 13:36:36,static.ak.connect.facebook.com
2014-02-27 13:36:36,www.youtube.com
2014-02-27 13:36:37,cdn1.iconfinder.com
2014-02-27 13:36:37,www.facebook.com
2014-02-27 13:36:37,i1.ytimg.com
2014-02-27 13:36:37,manga-partage.chatango.com
2014-02-27 13:36:37,www.tinylinks.co
2014-02-27 13:36:37,style.ad6.fr
2014-02-27 13:36:37,3p9ig376qt.b.ad6media.fr
2014-02-27 13:36:37,cloud.cashtrafic.info
2014-02-27 13:36:38,i1.ytimg.com
2014-02-27 13:36:38,your-dns-is-broken-let-me-help.www.linkbucksdns.com
2014-02-27 13:36:38,apis.google.com
2014-02-27 13:36:51,images.gx101.com
2014-02-27 13:36:51,ve2o0mq4w4.b.ad6media.fr
2014-02-27 13:36:51,style.ad6.fr
2014-02-27 13:36:53,ajax.googleapis.com
2014-02-27 13:36:53,connect.facebook.net
2014-02-27 13:36:53,platform.twitter.com
2014-02-27 13:36:53,3p9ig376qt.b.ad6media.fr
2014-02-27 13:36:53,apis.google.com
2014-02-27 13:36:54,www.beead.fr
2014-02-27 13:36:54,www.facebook.com
2014-02-27 13:36:54,3p9ig376qt.b.ad6media.fr
2014-02-27 13:37:03,accounts.google.com
2014-02-27 13:37:03,l546o1id53.s.ad6media.fr
2014-02-27 13:37:03,ve2o0mq4w4.b.ad6media.fr
2014-02-27 13:37:03,www.tinylinks.co
2014-02-27 13:37:03,your-dns-is-broken-let-me-help.www.linkbucksdns.com
2014-02-27 13:37:04,accounts.google.com
2014-02-27 13:37:04,static.ak.facebook.com
2014-02-27 13:37:04,www.facebook.com
2014-02-27 13:37:04,images.gx101.com
2014-02-27 13:37:04,apis.google.com
2014-02-27 13:37:04,s-static.ak.facebook.com
2014-02-27 13:37:08,l546o1id53.s.ad6media.fr
2014-02-27 13:37:08,style2.ad6.fr
2014-02-27 13:37:08,m.ad6media.fr
2014-02-27 13:37:10,l546o1id53.s.ad6media.fr
2014-02-27 13:37:13,www.youtube.com
2014-02-27 13:37:13,twitter.com
2014-02-27 13:37:13,m.ad6media.fr
2014-02-27 13:37:14,www.youtube.com
2014-02-27 13:37:15,s.youtube.com
2014-02-27 13:37:15,www.youtube.com
2014-02-27 13:37:15,r4---sn-gxo5uxg-jqbe.googlevideo.com
2014-02-27 13:37:16,s.youtube.com
2014-02-27 13:37:18,r4---sn-gxo5uxg-jqbe.googlevideo.com
2014-02-27 13:37:19,r4---sn-gxo5uxg-jqbe.googlevideo.com
2014-02-27 13:37:20,s.youtube.com
2014-02-27 13:37:22,twitter.com
2014-02-27 15:14:04,www.bing.com
2014-02-27 15:14:05,www.bing.com
2014-02-27 15:14:09,www.bing.com
2014-02-27 15:14:10,www.bing.com
2014-02-27 15:14:12,www.bing.com
2014-02-27 15:14:19,www.bing.com
2014-02-27 15:14:20,www.bing.com
2014-02-27 15:14:23,www.bing.com
2014-02-27 15:14:29,login.live.com
2014-02-27 15:14:29,www.bing.com
2014-02-27 15:14:30,login.live.com
2014-02-27 15:14:33,ssl.bing.com
2014-02-27 15:57:45,www.bing.com
2014-02-27 15:57:46,www.bing.com
2014-02-27 15:57:50,www.bing.com
2014-02-27 15:57:51,ts3.mm.bing.net
2014-02-27 15:57:51,ts4.mm.bing.net
2014-02-27 15:57:51,ts1.mm.bing.net
2014-02-27 15:57:51,www.bing.com
2014-02-27 15:57:51,ts2.mm.bing.net
2014-02-27 15:57:52,www.bing.com
2014-02-27 15:57:52,ts1.mm.bing.net
2014-02-27 15:57:52,ts4.mm.bing.net
2014-02-27 15:57:52,ts3.mm.bing.net
2014-02-27 15:57:52,ts2.mm.bing.net
2014-02-27 15:57:53,www.bing.com
2014-02-27 15:57:53,ts2.mm.bing.net
2014-02-27 15:57:53,ts1.mm.bing.net
2014-02-27 15:57:53,ts3.mm.bing.net
2014-02-27 15:57:53,ts4.mm.bing.net
2014-02-27 15:57:54,ts2.mm.bing.net
2014-02-27 15:57:54,ts4.mm.bing.net
2014-02-27 15:57:54,ts1.mm.bing.net
2014-02-27 15:57:54,www.bing.com
2014-02-27 15:57:54,ts3.mm.bing.net
2014-02-27 15:57:55,ts1.mm.bing.net
2014-02-27 15:57:55,ts4.mm.bing.net
2014-02-27 15:57:55,ts3.mm.bing.net
2014-02-27 15:57:55,ts2.mm.bing.net
2014-02-27 15:57:56,ts2.mm.bing.net
2014-02-27 15:57:56,www.bing.com
2014-02-27 15:57:56,ts4.mm.bing.net
2014-02-27 15:57:56,ts3.mm.bing.net
2014-02-27 15:57:57,ts4.mm.bing.net
2014-02-27 15:57:57,www.bing.com
2014-02-27 15:57:57,ts3.mm.bing.net
2014-02-27 15:57:57,ts2.mm.bing.net
2014-02-27 15:57:57,ts1.mm.bing.net
2014-02-27 15:57:58,ts4.mm.bing.net
2014-02-27 15:57:58,www.bing.com
2014-02-27 15:57:58,ts2.mm.bing.net
2014-02-27 15:57:58,ts3.mm.bing.net
2014-02-27 15:57:58,ts1.mm.bing.net
2014-02-27 15:58:06,ts4.mm.bing.net
2014-02-27 15:58:06,ts1.mm.bing.net
2014-02-27 15:58:06,ts3.mm.bing.net
2014-02-27 15:58:06,ts2.mm.bing.net
2014-02-27 15:58:06,www.bing.com
2014-02-27 15:58:07,login.live.com
2014-03-18 10:54:23,go.microsoft.com
2014-03-18 10:54:24,runonce.msn.com
2014-03-18 10:54:25,runonce.msn.com
2014-03-18 10:54:34,search.live.com
2014-03-18 10:54:34,www.bing.com
2014-03-18 10:54:36,www.bing.com
2014-03-18 10:54:36,cms.abmr.net
2014-03-18 10:54:37,www.bing.com
2014-03-18 10:54:37,crl.verisign.com
2014-03-18 10:54:37,mail.live.com
2014-03-18 10:54:38,login.live.com
2014-03-18 10:54:38,evintl-crl.verisign.com
2014-03-18 10:54:39,cdp1.public-trust.com
2014-03-18 10:54:39,www.public-trust.com
2014-03-18 10:54:40,login.live.com
2014-03-18 10:54:40,crl3.digicert.com
2014-03-18 10:54:40,crl.omniroot.com
2014-03-18 10:54:41,mscrl.microsoft.com
2014-03-18 10:54:41,crl3.digicert.com
2014-03-18 10:54:41,windowslive.tt.omtrdc.net
2014-03-18 10:54:42,mscrl.microsoft.com
2014-03-18 10:54:55,login.live.com
2014-03-18 10:54:56,login.live.com
2014-03-18 10:54:56,windowslive.tt.omtrdc.net
2014-03-18 10:55:04,login.live.com
2014-03-18 10:55:05,windowslive.tt.omtrdc.net
2014-03-18 10:55:05,login.live.com
2014-03-18 10:55:13,login.live.com
2014-03-18 10:55:14,windowslive.tt.omtrdc.net
2014-03-18 10:55:14,login.live.com
2014-03-18 10:55:25,login.live.com
2014-03-18 10:55:26,windowslive.tt.omtrdc.net
2014-03-18 10:55:26,login.live.com
2014-03-18 10:55:37,login.live.com
2014-03-18 10:55:38,mail.live.com
2014-03-18 10:55:38,dub114.mail.live.com
2014-03-18 10:55:42,cid-923001c84377773a.users.storage.live.com
2014-03-18 10:55:42,dub114.mail.live.com
2014-03-18 10:55:42,mscrl.microsoft.com
2014-03-18 10:55:43,dub114.mail.live.com
2014-03-18 10:55:44,svrsecure-g3-crl.verisign.com
2014-03-18 10:55:44,dub114.mail.live.com
2014-03-18 10:55:44,h.live.com
2014-03-18 10:55:50,dub114.mail.live.com
2014-03-18 10:55:51,h.live.com
2014-03-18 10:55:51,dub114.mail.live.com
2014-03-18 10:55:54,people.directory.live.com
2014-03-18 10:55:55,h.live.com
2014-03-18 10:55:55,dub114.mail.live.com
2014-03-18 10:55:56,p.sfx.ms
2014-03-18 10:56:02,dub114.mail.live.com
2014-03-18 10:56:03,byfiles.storage.msn.com
2014-03-18 10:56:09,dub114.mail.live.com
2014-03-18 10:56:09,h.live.com
2014-03-18 10:58:54,cid-923001c84377773a.users.storage.live.com
2014-03-18 10:59:09,login.live.com
2014-03-18 10:59:11,h.live.com
2014-03-18 10:59:11,dub114.mail.live.com
2014-03-18 10:59:11,g.live.com
2014-03-18 10:59:12,windowslive.tt.omtrdc.net
2014-03-18 14:24:19,apis.google.com
2014-03-18 14:24:21,apis.google.com
2014-03-18 14:24:24,apis.google.com
2014-03-18 14:24:30,apis.google.com
2014-03-18 14:24:30,accounts.google.com
2014-03-18 14:26:31,accounts.google.com
2014-03-18 14:27:31,accounts.google.com
2014-03-18 14:28:31,apis.google.com
2014-03-18 14:29:31,accounts.google.com
2014-03-18 14:30:32,accounts.google.com
2014-03-18 14:31:32,accounts.google.com
2014-03-18 14:32:08,accounts.google.com
2014-03-18 14:32:11,twitter.com
2014-03-18 14:32:13,apis.google.com
2014-03-18 14:32:14,apis.google.com
2014-03-18 14:32:14,connect.facebook.net
2014-03-18 14:32:25,apis.google.com
2014-03-18 14:32:25,accounts.google.com
2014-03-18 14:32:32,s-static.ak.facebook.com
2014-03-18 14:32:33,twitter.com
2014-03-18 14:32:42,accounts.google.com
2014-03-18 14:34:33,accounts.google.com
2014-03-18 14:35:34,accounts.google.com
2014-03-18 14:37:35,accounts.google.com
2014-03-18 14:38:35,accounts.google.com
2014-03-18 14:39:35,accounts.google.com
2014-03-18 14:40:35,accounts.google.com
2014-03-18 14:41:36,accounts.google.com
2014-03-18 14:42:36,accounts.google.com
2014-03-18 14:43:36,accounts.google.com
2014-03-18 14:44:37,accounts.google.com
2014-03-18 14:45:37,accounts.google.com
2014-03-18 14:46:37,accounts.google.com
2014-03-18 14:47:38,accounts.google.com
2014-03-18 14:48:38,accounts.google.com
2014-03-18 14:49:38,accounts.google.com
2014-03-18 14:50:38,accounts.google.com
2014-03-18 14:51:39,accounts.google.com
2014-03-18 14:52:39,accounts.google.com
2014-03-18 14:53:39,accounts.google.com
2014-03-18 14:54:40,accounts.google.com
2014-03-18 14:55:40,accounts.google.com
2014-03-18 14:56:40,accounts.google.com
2014-03-18 14:57:41,accounts.google.com
2014-03-18 14:58:41,accounts.google.com
2014-03-18 14:59:41,accounts.google.com
2014-03-18 15:00:41,accounts.google.com
2014-03-18 15:01:42,accounts.google.com
2014-03-18 15:02:42,accounts.google.com
2014-03-18 15:03:42,accounts.google.com
2014-03-18 15:04:42,accounts.google.com
2014-03-18 15:05:43,accounts.google.com
2014-03-18 15:06:43,accounts.google.com
2014-03-18 15:07:43,accounts.google.com
2014-03-18 15:08:44,accounts.google.com
2014-03-18 15:09:44,accounts.google.com
2014-03-18 15:10:45,accounts.google.com
2014-03-18 15:11:45,accounts.google.com
2014-03-18 15:12:45,accounts.google.com
2014-03-18 15:13:46,accounts.google.com
2014-03-18 15:14:46,accounts.google.com
2014-03-18 15:15:47,accounts.google.com
2014-03-18 15:16:47,accounts.google.com
2014-03-18 15:17:47,accounts.google.com
2014-03-18 15:18:48,accounts.google.com
2014-03-18 15:19:48,accounts.google.com
2014-03-18 15:20:49,accounts.google.com
2014-03-18 15:21:49,accounts.google.com
2014-03-18 15:22:49,accounts.google.com
2014-03-18 15:23:50,accounts.google.com
2014-03-18 15:24:50,accounts.google.com
2014-03-18 15:25:51,accounts.google.com
2014-03-18 15:26:51,accounts.google.com
2014-03-18 15:27:51,accounts.google.com
2014-03-18 15:28:52,accounts.google.com
2014-03-18 15:29:52,accounts.google.com
2014-03-18 15:30:53,accounts.google.com
2014-03-18 15:31:53,accounts.google.com
2014-03-18 15:32:53,accounts.google.com
2014-03-18 15:33:54,accounts.google.com
2014-03-18 15:34:54,accounts.google.com
2014-03-18 15:35:55,accounts.google.com
2014-03-18 15:36:55,accounts.google.com
2014-03-18 15:37:56,accounts.google.com
2014-03-18 15:38:56,accounts.google.com
2014-03-18 15:39:56,accounts.google.com
2014-03-18 15:40:57,accounts.google.com
2014-03-18 15:41:57,accounts.google.com
2014-03-18 15:42:58,accounts.google.com
2014-03-18 15:43:58,accounts.google.com
2014-03-18 15:44:59,accounts.google.com
2014-03-18 15:45:59,accounts.google.com
2014-03-18 15:47:00,accounts.google.com
2014-03-18 15:48:00,accounts.google.com
2014-03-18 15:49:00,accounts.google.com
2014-03-18 15:50:01,accounts.google.com
2014-03-18 15:51:01,accounts.google.com
2014-03-18 15:52:02,accounts.google.com
2014-03-18 15:53:02,accounts.google.com
2014-03-18 15:54:02,accounts.google.com
2014-03-18 15:55:03,accounts.google.com
2014-03-18 15:56:03,accounts.google.com
2014-03-18 15:57:04,accounts.google.com
2014-03-18 15:58:04,accounts.google.com
2014-03-18 15:59:05,accounts.google.com
2014-03-18 16:00:05,accounts.google.com
2014-03-18 16:01:06,accounts.google.com
2014-03-18 16:02:06,accounts.google.com
2014-03-18 16:03:07,accounts.google.com
2014-03-18 16:04:07,accounts.google.com
2014-03-18 16:05:08,accounts.google.com
2014-03-18 16:06:08,accounts.google.com
2014-03-18 16:07:10,accounts.google.com
2014-03-18 16:08:10,accounts.google.com
2014-03-18 16:09:11,accounts.google.com
2014-03-18 16:10:11,accounts.google.com
2014-03-18 16:11:12,accounts.google.com
2014-03-18 16:12:12,accounts.google.com
2014-03-18 16:13:13,accounts.google.com
2014-03-18 16:14:14,accounts.google.com
2014-03-18 16:15:14,accounts.google.com
2014-03-18 16:16:15,accounts.google.com
2014-03-18 16:17:16,accounts.google.com
2014-03-18 16:19:17,accounts.google.com
2014-03-18 16:20:17,accounts.google.com
2014-03-18 16:21:18,accounts.google.com
2014-03-18 16:22:18,accounts.google.com
2014-03-18 16:23:19,accounts.google.com
2014-03-18 16:24:20,accounts.google.com
2014-03-18 16:25:20,accounts.google.com
2014-03-18 16:26:21,accounts.google.com
2014-03-18 16:27:21,accounts.google.com
2014-03-18 16:28:22,accounts.google.com
2014-03-18 16:29:23,accounts.google.com
2014-03-18 16:30:23,accounts.google.com
2014-03-18 16:31:24,accounts.google.com
2014-03-18 16:32:25,accounts.google.com
2014-03-18 16:33:25,accounts.google.com
2014-03-18 16:34:26,accounts.google.com
2014-03-18 16:35:26,accounts.google.com
2014-03-18 16:36:27,accounts.google.com
2014-03-18 16:37:28,accounts.google.com
2014-03-18 16:38:28,accounts.google.com
2014-03-18 16:39:29,accounts.google.com
2014-03-18 16:40:30,accounts.google.com
2014-03-18 16:41:41,accounts.google.com
2014-03-19 13:19:00,armmf.adobe.com
2014-03-19 13:19:02,armmf.adobe.com
2014-03-19 13:37:14,www.google.fr
2014-03-19 13:37:21,www.google.fr
2014-03-19 13:37:22,www.google.com
2014-03-19 13:37:23,apis.google.com
2014-03-19 13:38:28,www.google.fr
2014-03-19 13:38:28,apis.google.com
2014-03-19 13:38:28,www.google.com
2014-03-19 13:49:37,armmf.adobe.com
2014-03-19 13:49:39,armmf.adobe.com
2014-03-19 13:50:12,www.google.fr
2014-03-19 13:50:15,www.google.fr
2014-03-19 13:50:19,www.google.com
2014-03-19 13:50:20,apis.google.com
2014-03-19 13:50:50,apis.google.com
2014-03-19 13:50:50,www.michaud-chailly.fr
2014-03-19 13:50:50,www.google.fr
2014-03-19 13:50:50,www.google.com
2014-03-19 13:50:51,www.michaud-chailly.fr
2014-03-19 13:50:52,www.michaud-chailly.fr
2014-03-19 13:51:06,www.google.fr
2014-03-19 13:51:07,www.michaud-chailly.fr
2014-03-19 13:51:07,www.google.fr
2014-03-19 13:51:15,books.google.fr
2014-03-19 13:51:15,www.google.fr
2014-03-19 13:51:16,books.google.fr
2014-03-19 13:51:16,www.google.com
2014-03-19 13:51:16,bks2.books.google.fr
2014-03-19 13:51:16,apis.google.com
2014-03-19 13:51:17,books.google.fr
2014-03-19 13:51:18,books.google.fr
2014-03-19 13:51:18,apis.google.com
2014-03-19 13:51:19,books.google.fr
2014-03-19 13:51:29,www.google.fr
2014-03-19 13:51:29,apis.google.com
2014-03-19 13:51:29,clients1.google.fr
2014-03-19 13:51:33,www.google.fr
2014-03-19 13:51:40,www.google.fr
2014-03-19 13:51:51,www.google.fr
2014-03-19 13:51:59,clients1.google.fr
2014-03-19 13:51:59,www.google.fr
2014-03-19 13:52:19,www.google.fr
2014-03-19 13:52:19,www.schaeffler.com
2014-03-19 13:52:20,www.schaeffler.com
2014-03-19 13:52:20,www.google.fr
2014-03-19 13:52:20,www.schaeffler.fr
2014-03-19 13:53:01,www.google.fr
2014-03-19 13:53:04,www.google.fr
2014-03-19 13:53:28,clients1.google.fr
2014-03-19 13:53:28,www.google.fr
2014-03-19 13:53:43,www.google.fr
2014-03-19 13:53:58,www.google.fr
2014-03-19 13:54:10,www.google.fr
2014-03-19 13:54:19,www.google.fr
2014-03-20 08:07:43,armmf.adobe.com
2014-03-20 09:07:00,www.bing.com
2014-03-20 09:07:01,www.bing.com
2014-03-20 09:07:02,cms.abmr.net
2014-03-20 09:07:02,www.bing.com
2014-03-20 09:07:03,www.bing.com
2014-03-20 09:07:03,login.live.com
2014-03-20 09:07:05,ssl.bing.com
2014-03-20 09:07:05,media.ldlc.com
2014-03-20 09:07:05,www.bing.com
2014-03-20 09:07:05,ajax.googleapis.com
2014-03-20 09:07:05,www.ldlc.com
2014-03-20 09:07:06,media.ldlc.com
2014-03-20 09:07:06,chart.googleapis.com
2014-03-20 09:07:06,affiliation.groupe-ldlc.com
2014-03-20 09:07:06,www.ldlc.com
2014-03-20 09:07:07,affiliation.groupe-ldlc.com
2014-03-20 09:07:15,affiliation.groupe-ldlc.com
2014-03-20 09:07:22,media.ldlc.com
2014-03-26 15:52:20,armmf.adobe.com
2014-03-26 15:52:22,armmf.adobe.com
2014-03-26 16:10:16,armmf.adobe.com
2014-03-26 16:10:19,armmf.adobe.com
2014-03-26 16:24:35,www.google.fr
2014-03-26 16:24:37,www.google.com
2014-03-26 16:24:38,apis.google.com
2014-03-26 16:24:54,apis.google.com
2014-03-26 16:24:54,www.google.com
2014-03-26 16:24:54,www.google.fr
2014-03-26 16:24:54,barreau.matthieu.free.fr
2014-03-26 16:24:55,www.google.fr
2014-03-26 16:24:55,barreau.matthieu.free.fr
2014-03-26 16:24:58,barreau.matthieu.free.fr
2014-03-26 16:25:19,barreau.matthieu.free.fr
2014-03-26 16:25:43,barreau.matthieu.free.fr
2014-03-26 16:25:45,barreau.matthieu.free.fr
2014-03-26 16:25:46,barreau.matthieu.free.fr
2014-03-26 16:25:52,barreau.matthieu.free.fr
2014-03-26 16:25:53,barreau.matthieu.free.fr
2014-03-26 16:25:54,barreau.matthieu.free.fr
2014-03-26 16:25:55,barreau.matthieu.free.fr
2014-03-26 16:25:56,barreau.matthieu.free.fr
2014-03-26 16:25:57,barreau.matthieu.free.fr
2014-03-26 16:25:58,barreau.matthieu.free.fr
2014-03-26 16:26:17,barreau.matthieu.free.fr
2014-03-26 16:27:49,barreau.matthieu.free.fr
2014-03-26 16:27:50,barreau.matthieu.free.fr
2014-03-26 16:27:51,barreau.matthieu.free.fr
2014-03-26 16:28:40,barreau.matthieu.free.fr
2014-03-27 09:05:23,armmf.adobe.com
2014-03-27 09:27:37,www.google.fr
2014-03-27 09:27:38,www.google.fr
2014-03-27 09:27:40,apis.google.com
2014-03-27 09:27:40,www.google.com
2014-03-27 09:27:47,www.google.fr
2014-03-27 09:27:47,barreau.matthieu.free.fr
2014-03-27 09:27:47,apis.google.com
2014-03-27 09:27:47,www.google.com
2014-03-27 09:27:50,barreau.matthieu.free.fr
2014-03-27 09:27:55,barreau.matthieu.free.fr
2014-03-27 09:29:52,www.bing.com
2014-03-27 09:29:53,www.bing.com
2014-03-27 09:29:54,www.bing.com
2014-03-27 09:29:54,cms.abmr.net
2014-03-27 09:29:55,login.live.com
2014-03-27 09:29:55,www.bing.com
2014-03-27 09:29:56,www.bing.com
2014-03-27 09:29:58,login.live.com
2014-03-27 09:29:58,www.bing.com
2014-03-27 09:29:59,www.bing.com
2014-03-27 09:30:01,www.bing.com
2014-03-27 09:30:02,www.bing.com
2014-03-27 09:30:04,www.bing.com
2014-03-27 09:30:04,login.live.com
2014-03-27 09:30:08,fr.wikipedia.org
2014-03-27 09:30:08,bits.wikimedia.org
2014-03-27 09:30:08,www.bing.com
2014-03-27 09:30:08,login.wikimedia.org
2014-03-27 09:30:08,ssl.bing.com
2014-03-27 09:30:09,meta.wikimedia.org
2014-03-27 09:30:09,bits.wikimedia.org
2014-03-27 09:30:09,fr.wikipedia.org
