timestamp,site
2014-01-17 13:52:57,fpdownload2.macromedia.com
2014-01-17 13:53:12,go.microsoft.com
2014-01-17 13:53:12,windows.microsoft.com
2014-01-17 13:53:12,res1.windows.microsoft.com
2014-01-17 13:53:12,res2.windows.microsoft.com
2014-01-17 13:53:12,js.microsoft.com
2014-01-17 13:53:12,ajax.microsoft.com
2014-01-17 13:53:13,windows.microsoft.com
2014-01-17 13:53:13,res1.windows.microsoft.com
2014-01-17 13:53:13,js.microsoft.com
2014-01-17 13:53:29,www.bing.com
2014-01-17 13:53:30,www.bing.com
2014-01-17 13:53:31,www.bing.com
2014-01-17 13:53:39,www.bing.com
2014-01-17 13:53:40,logc258.at.pagesjaunes.fr
2014-01-17 13:53:40,ecn.api.tiles.virtualearth.net
2014-01-17 13:53:40,www.bing.com
2014-01-17 13:53:40,www.pagesjaunes.fr
2014-01-17 13:53:41,www.bing.com
2014-01-17 13:53:43,login.live.com
2014-01-17 13:53:44,www.bing.com
2014-01-17 13:53:45,login.live.com
2014-01-17 13:54:28,ieonline.microsoft.com
2014-02-04 08:10:24,www.google.fr
2014-02-04 08:10:24,www.google.com
2014-02-04 08:10:39,www.google.fr
2014-02-04 08:10:57,www.google.com
2014-02-04 08:10:57,apis.google.com
2014-02-04 08:11:52,www.google.com
2014-02-04 08:11:52,apis.google.com
2014-02-04 08:11:52,www.google.fr
2014-02-04 08:11:53,www.google.fr
2014-02-04 08:11:53,drive.google.com
2014-02-04 08:12:06,accounts.google.com
2014-02-04 08:12:06,www.google.fr
2014-02-04 08:12:08,www.google.fr
2014-02-04 08:12:09,www.google.fr
2014-02-04 08:12:11,accounts.youtube.com
2014-02-04 08:12:15,www.google.fr
2014-02-04 08:12:15,accounts.google.fr
2014-02-04 08:12:18,drive.google.com
2014-02-04 08:12:19,www.google.com
2014-02-04 08:12:20,accounts.google.fr
2014-02-04 08:12:20,drive.google.com
2014-02-04 08:12:20,accounts.google.com
2014-02-04 08:12:20,accounts.youtube.com
2014-02-04 08:12:23,0.drive.google.com
2014-02-04 08:12:25,apis.google.com
2014-02-04 08:12:26,docs.google.com
2014-02-04 08:12:26,plus.google.com
2014-02-04 08:12:26,drive.google.com
2014-02-04 08:12:27,plus.google.com
2014-02-04 08:12:27,docs.google.com
2014-02-04 08:12:27,apis.google.com
2014-02-04 08:12:28,docs.google.com
2014-02-04 08:12:46,docs.google.com
2014-02-04 08:12:59,docs.google.com
2014-02-04 08:13:09,docs.google.com
2014-02-04 08:13:09,www.google.com
2014-02-04 08:13:09,0.docs.google.com
2014-02-04 08:13:10,0.docs.google.com
2014-02-04 08:13:11,apis.google.com
2014-02-04 08:13:13,0.docs.google.com
2014-02-04 08:13:19,ieonline.microsoft.com
2014-02-04 08:13:23,gg.google.com
2014-02-04 08:13:26,0.docs.google.com
2014-02-04 08:14:04,www.google.com
2014-02-04 08:14:04,www.google.fr
2014-02-04 08:14:17,www.google.fr
2014-02-04 08:14:18,apis.google.com
2014-02-04 08:14:30,drive.google.com
2014-02-04 08:14:37,plus.google.com
2014-02-04 08:14:41,gg.google.com
2014-02-04 08:14:43,docs.google.com
2014-02-04 08:14:44,1.docs.google.com
2014-02-04 08:14:48,1.docs.google.com
2014-02-04 08:14:49,drive.google.com
2014-02-04 08:14:49,1.talkgadget.google.com
2014-02-04 08:14:50,docs.google.com
2014-02-04 08:14:51,docs.google.com
2014-02-04 08:14:54,docs.google.com
2014-02-04 08:15:01,docs.google.com
2014-02-04 08:15:39,apis.google.com
2014-02-04 08:15:54,1.talkgadget.google.com
2014-02-04 08:15:54,apis.google.com
2014-02-04 08:16:37,apis.google.com
2014-02-04 08:16:37,www.google.fr
2014-02-04 08:16:37,plus.google.com
2014-02-04 08:16:39,docs.google.com
2014-02-04 08:16:47,docs.google.com
2014-02-04 08:16:53,www.googleapis.com
2014-02-04 08:16:58,gg.google.com
2014-02-04 08:16:59,2.docs.google.com
2014-02-04 08:17:09,www.google.com
2014-02-04 08:17:23,docs.google.com
2014-02-04 08:17:23,2.docs.google.com
2014-02-04 08:17:29,www.google.fr
2014-02-04 08:17:29,www.google.com
2014-02-04 08:18:10,1.talkgadget.google.com
2014-02-04 08:18:24,gg.google.com
2014-02-04 08:18:24,docs.google.com
2014-02-04 08:18:27,www.google.fr
2014-02-04 08:18:28,plus.google.com
2014-02-04 08:18:28,www.google.fr
2014-02-04 08:18:28,translate.google.fr
2014-02-04 08:18:32,www.google.fr
2014-02-04 08:18:32,www.roehampton.ac.uk
2014-02-04 08:18:33,www.roehampton.ac.uk
2014-02-04 08:18:34,platform.twitter.com
2014-02-04 08:18:34,translate.google.fr
2014-02-04 08:18:34,www.roehampton.ac.uk
2014-02-04 08:18:34,plus.google.com
2014-02-04 08:18:39,drive.google.com
2014-02-04 08:18:43,docs.google.com
2014-02-04 08:18:45,plus.google.com
2014-02-04 08:18:48,pbs.twimg.com
2014-02-04 08:18:49,pbs.twimg.com
2014-02-04 08:18:57,docs.google.com
2014-02-04 08:18:58,twitter.com
2014-02-04 08:18:59,pbs.twimg.com
2014-02-04 08:19:12,pbs.twimg.com
2014-02-04 08:19:16,3.docs.google.com
2014-02-04 08:19:17,apis.google.com
2014-02-04 08:19:18,3.docs.google.com
2014-02-04 08:19:20,3.docs.google.com
2014-02-04 08:19:27,syndication.twitter.com
2014-02-04 08:19:29,twitter.com
2014-02-04 08:19:54,www.google.com
2014-02-04 08:19:57,syndication.twitter.com
2014-02-04 08:19:58,syndication.twitter.com
2014-02-04 08:20:21,drive.google.com
2014-02-04 08:21:13,syndication.twitter.com
2014-02-04 08:21:37,platform.twitter.com
2014-02-04 08:21:37,pbs.twimg.com
2014-02-04 08:21:37,www.google.com
2014-02-04 08:21:58,www.roehampton.ac.uk
2014-02-04 08:21:58,translate.google.fr
2014-02-04 08:22:10,docs.google.com
2014-02-04 08:22:15,ajax.googleapis.com
2014-02-04 08:22:15,pbs.twimg.com
2014-02-04 08:22:15,twitter.com
2014-02-04 08:22:15,platform.twitter.com
2014-02-04 08:22:16,translate.google.fr
2014-02-04 08:22:16,releases.flowplayer.org
2014-02-04 08:22:16,www.roehamptonstudent.com
2014-02-04 08:22:17,www.roehamptonstudent.com
2014-02-04 08:22:18,cdn-images.mailchimp.com
2014-02-04 08:22:18,www.roehamptonstudent.com
2014-02-04 08:22:18,translate.google.fr
2014-02-04 08:22:19,www.roehamptonstudent.com
2014-02-04 08:22:19,roehamptonstudent.com
2014-02-04 08:22:24,www.roehampton.ac.uk
2014-02-04 08:22:25,www.roehampton.ac.uk
2014-02-04 08:22:25,translate.google.fr
2014-02-04 08:22:27,pbs.twimg.com
2014-02-04 08:22:30,pbs.twimg.com
2014-02-04 08:22:30,twitter.com
2014-02-04 08:22:30,platform.twitter.com
2014-02-04 08:22:30,www.roehampton.ac.uk
2014-02-04 08:22:31,translate.google.fr
2014-02-04 08:22:31,www.roehampton.ac.uk
2014-02-04 08:23:03,twitter.com
2014-02-04 08:23:04,docs.google.com
2014-02-04 08:23:05,docs.google.com
2014-02-04 08:24:21,drive.google.com
2014-02-04 08:24:33,pbs.twimg.com
2014-02-04 08:24:33,platform.twitter.com
2014-02-04 08:24:47,docs.google.com
2014-02-04 08:25:55,translate.google.fr
2014-02-04 08:25:55,roehamptonstudent.com
2014-02-04 08:25:56,translate.google.fr
2014-02-04 08:25:57,pbs.twimg.com
2014-02-04 08:25:58,pbs.twimg.com
2014-02-04 08:26:07,pbs.twimg.com
2014-02-04 08:26:08,pbs.twimg.com
2014-02-04 08:26:08,translate.google.fr
2014-02-04 08:26:08,roehamptonstudent.com
2014-02-04 08:26:08,www.roehamptonstudent.com
2014-02-04 08:26:13,twitter.com
2014-02-04 08:26:13,translate.google.fr
2014-02-04 08:26:13,www.roehamptonstudent.com
2014-02-04 08:26:14,roehamptonstudent.com
2014-02-04 08:26:15,fbcdn-sphotos-e-a.akamaihd.net
2014-02-04 08:26:20,drive.google.com
2014-02-04 08:26:28,plus.google.com
2014-02-04 08:26:28,twitter.com
2014-02-04 08:26:38,plus.google.com
2014-02-04 08:28:22,docs.google.com
2014-02-04 08:28:58,platform.twitter.com
2014-02-04 08:30:03,docs.google.com
2014-02-04 08:30:21,drive.google.com
2014-02-04 08:30:33,docs.google.com
2014-02-04 08:32:45,plus.google.com
2014-02-04 08:33:27,docs.google.com
2014-02-04 08:34:02,docs.google.com
2014-02-04 08:34:03,docs.google.com
2014-02-04 08:34:18,translate.google.fr
2014-02-04 08:34:24,translate.google.fr
2014-02-04 08:34:25,translate.google.fr
2014-02-04 08:34:26,fbcdn-sphotos-e-a.akamaihd.net
2014-02-04 08:34:26,www.roehampton.ac.uk
2014-02-04 08:34:26,pbs.twimg.com
2014-02-04 08:34:26,twitter.com
2014-02-04 08:34:27,translate.google.fr
2014-02-04 08:34:27,www.roehampton.ac.uk
2014-02-04 08:34:45,www.roehampton.ac.uk
2014-02-04 08:34:45,pbs.twimg.com
2014-02-04 08:34:45,platform.twitter.com
2014-02-04 08:34:45,twitter.com
2014-02-04 08:34:46,www.roehampton.ac.uk
2014-02-04 08:34:46,translate.google.fr
2014-02-04 08:35:04,docs.google.com
2014-02-04 08:36:03,docs.google.com
2014-02-04 08:38:21,drive.google.com
2014-02-04 08:39:58,docs.google.com
2014-02-04 08:40:03,docs.google.com
2014-02-04 08:40:57,docs.google.com
2014-02-04 08:41:23,www.bing.com
2014-02-04 08:41:24,www.bing.com
2014-02-04 08:41:24,cms.abmr.net
2014-02-04 08:41:25,login.live.com
2014-02-04 08:41:25,www.reverso.net
2014-02-04 08:41:25,www.bing.com
2014-02-04 08:41:26,connect.facebook.net
2014-02-04 08:41:26,api.conduit.com
2014-02-04 08:41:26,www.reverso.net
2014-02-04 08:41:26,ajax.googleapis.com
2014-02-04 08:41:26,cdn2.reverso.net
2014-02-04 08:41:27,static.ak.facebook.com
2014-02-04 08:41:27,www.google.com
2014-02-04 08:41:30,accounts.google.com
2014-02-04 08:41:34,s-static.ak.facebook.com
2014-02-04 08:41:35,cdn2.reverso.net
2014-02-04 08:41:37,i1-js-14-3-01-12160-444333102-i.init.cedexis-radar.net
2014-02-04 08:41:38,www.reverso.net
2014-02-04 08:41:38,s-static.ak.facebook.com
2014-02-04 08:41:38,accounts.google.com
2014-02-04 08:41:38,ajax.googleapis.com
2014-02-04 08:41:38,cdn2.reverso.net
2014-02-04 08:41:39,www.reverso.net
2014-02-04 08:41:39,ajax.googleapis.com
2014-02-04 08:41:39,cdn2.reverso.net
2014-02-04 08:41:39,dictionnaire.reverso.net
2014-02-04 08:41:39,www.facebook.com
2014-02-04 08:41:40,hal9000.redintelligence.net
2014-02-04 08:41:41,banniere.reussissonsensemble.fr
2014-02-04 08:41:41,hal9000.redintelligence.net
2014-02-04 08:41:42,banniere.reussissonsensemble.fr
2014-02-04 08:41:53,www.facebook.com
2014-02-04 08:41:53,translate.google.fr
2014-02-04 08:41:53,www.roehampton.ac.uk
2014-02-04 08:42:19,www.roehampton.ac.uk
2014-02-04 08:42:19,translate.google.fr
2014-02-04 08:42:20,www.roehampton.ac.uk
2014-02-04 08:43:04,www.roehampton.ac.uk
2014-02-04 08:43:04,translate.google.fr
2014-02-04 08:43:33,docs.google.com
2014-02-04 08:44:29,docs.google.com
2014-02-04 08:45:20,docs.google.com
2014-02-04 08:45:48,www.roehampton.ac.uk
2014-02-04 08:45:49,www.roehampton.ac.uk
2014-02-04 08:45:49,translate.google.fr
2014-02-04 08:45:50,translate.google.fr
2014-02-04 08:45:50,www.roehampton.ac.uk
2014-02-04 08:46:21,drive.google.com
2014-02-04 08:46:24,translate.google.fr
2014-02-04 08:46:25,translate.google.fr
2014-02-04 08:46:26,plus.google.com
2014-02-04 08:46:26,www.roehampton.ac.uk
2014-02-04 08:46:27,translate.google.fr
2014-02-04 08:46:27,www.roehampton.ac.uk
2014-02-04 08:46:31,accounts.google.com
2014-02-04 08:46:38,plus.google.com
2014-02-04 08:46:59,plus.google.com
2014-02-04 08:47:00,translate.google.fr
2014-02-04 08:47:05,www.google.fr
2014-02-04 08:47:05,www.roehampton.ac.uk
2014-02-04 08:47:06,www.roehampton.ac.uk
2014-02-04 08:47:06,www.google.fr
2014-02-04 08:47:07,player.vimeo.com
2014-02-04 08:47:07,www08.clicktale.net
2014-02-04 08:47:07,www.google.fr
2014-02-04 08:47:10,www08.clicktale.net
2014-02-04 08:47:10,www.google.fr
2014-02-04 08:47:11,www08.clicktale.net
2014-02-04 08:47:12,player.vimeo.com
2014-02-04 08:47:14,www.roehampton.ac.uk
2014-02-04 08:47:14,www08.clicktale.net
2014-02-04 08:47:14,pbs.twimg.com
2014-02-04 08:47:15,player.vimeo.com
2014-02-04 08:47:15,www08.clicktale.net
2014-02-04 08:47:15,twitter.com
2014-02-04 08:47:19,www08.clicktale.net
2014-02-04 08:47:22,www08.clicktale.net
2014-02-04 08:47:27,www.roehampton.ac.uk
2014-02-04 08:47:27,www08.clicktale.net
2014-02-04 08:47:28,www08.clicktale.net
2014-02-04 08:47:29,www08.clicktale.net
2014-02-04 08:47:36,www08.clicktale.net
2014-02-04 08:47:39,www08.clicktale.net
2014-02-04 08:47:50,www08.clicktale.net
2014-02-04 08:47:55,docs.google.com
2014-02-04 08:48:09,docs.google.com
2014-02-04 08:48:12,docs.google.com
2014-02-04 08:48:20,www08.clicktale.net
2014-02-04 08:48:20,platform.twitter.com
2014-02-04 08:48:44,www08.clicktale.net
2014-02-04 08:48:45,www08.clicktale.net
2014-02-04 08:48:53,www08.clicktale.net
2014-02-04 08:48:57,www08.clicktale.net
2014-02-04 08:48:59,www08.clicktale.net
2014-02-04 08:49:02,www08.clicktale.net
2014-02-04 08:49:07,www08.clicktale.net
2014-02-04 08:49:18,www.roehampton.ac.uk
2014-02-04 08:49:18,www08.clicktale.net
2014-02-04 08:49:24,docs.google.com
2014-02-04 08:51:07,www08.clicktale.net
2014-02-04 08:51:09,www08.clicktale.net
2014-02-04 08:51:11,www08.clicktale.net
2014-02-04 08:51:15,www08.clicktale.net
2014-02-04 08:51:16,www08.clicktale.net
2014-02-04 08:51:21,www.roehampton.ac.uk
2014-02-04 08:51:21,www08.clicktale.net
2014-02-04 08:51:21,player.vimeo.com
2014-02-04 08:51:25,www08.clicktale.net
2014-02-04 08:51:33,www08.clicktale.net
2014-02-04 08:51:43,www08.clicktale.net
2014-02-04 08:51:46,www08.clicktale.net
2014-02-04 08:51:53,www08.clicktale.net
2014-02-04 08:51:55,www08.clicktale.net
2014-02-04 08:51:55,docs.google.com
2014-02-04 08:52:02,www08.clicktale.net
2014-02-04 08:52:07,www08.clicktale.net
2014-02-04 08:52:15,www08.clicktale.net
2014-02-04 08:52:33,www08.clicktale.net
2014-02-04 08:52:37,www.roehampton.ac.uk
2014-02-04 08:52:37,docs.google.com
2014-02-04 08:52:41,www08.clicktale.net
2014-02-04 08:52:44,www08.clicktale.net
2014-02-04 08:52:47,www08.clicktale.net
2014-02-04 08:52:49,www.roehampton.ac.uk
2014-02-04 08:53:23,www08.clicktale.net
2014-02-04 08:53:28,www08.clicktale.net
2014-02-04 08:53:51,www08.clicktale.net
2014-02-04 08:55:04,ajax.googleapis.com
2014-02-04 08:55:04,www.reverso.net
2014-02-04 08:55:05,ajax.googleapis.com
2014-02-04 08:55:05,connect.facebook.net
2014-02-04 08:55:14,ajax.googleapis.com
2014-02-04 08:55:14,www.reverso.net
2014-02-04 08:55:15,www.facebook.com
2014-02-04 08:55:27,www.facebook.com
2014-02-04 08:55:29,www.facebook.com
2014-02-04 08:55:32,i1-js-14-3-01-12160-650676667-i.init.cedexis-radar.net
2014-02-04 08:55:34,fastly.bench.cedexis.com
2014-02-04 08:55:34,fastly.bench.cedexis.com.global.prod.fastly.net
2014-02-04 08:55:37,fastly.bench.cedexis.com
2014-02-04 08:55:38,chinacache.cedexis.com
2014-02-04 08:55:39,gce-us-central1-a.bench.cedexis.com
2014-02-04 08:55:39,chinacache.cedexis.com
2014-02-04 08:55:40,gce-us-central1-a.bench.cedexis.com
2014-02-04 08:55:41,ec2-us-west-1a.cedexis.com
2014-02-04 08:55:42,cdn2.reverso.net
2014-02-04 08:55:43,cdn2.reverso.net
2014-02-04 08:55:43,www.reverso.net
2014-02-04 08:55:54,www.reverso.net
2014-02-04 08:57:19,www08.clicktale.net
2014-02-04 08:57:19,www.facebook.com
2014-02-04 08:57:35,www08.clicktale.net
2014-02-04 08:57:37,www08.clicktale.net
2014-02-04 08:57:39,www08.clicktale.net
2014-02-04 08:57:43,www08.clicktale.net
2014-02-04 08:57:43,www.roehampton.ac.uk
2014-02-04 08:57:44,www.facebook.com
2014-02-04 08:57:44,player.vimeo.com
2014-02-04 08:57:44,platform.twitter.com
2014-02-04 08:57:44,www08.clicktale.net
2014-02-04 08:57:44,www.roehampton.ac.uk
2014-02-04 08:57:45,www08.clicktale.net
2014-02-04 08:57:46,www08.clicktale.net
2014-02-04 08:57:50,www.roehampton.ac.uk
2014-02-04 08:57:50,player.vimeo.com
2014-02-04 08:57:52,www08.clicktale.net
2014-02-04 08:57:56,player.vimeo.com
2014-02-04 08:57:58,www.roehampton.ac.uk
2014-02-04 08:58:02,player.vimeo.com
2014-02-04 08:58:02,www.roehampton.ac.uk
2014-02-04 08:58:08,player.vimeo.com
2014-02-04 08:58:12,www08.clicktale.net
2014-02-04 08:58:14,www.roehampton.ac.uk
2014-02-04 08:58:14,player.vimeo.com
2014-02-04 08:58:16,www08.clicktale.net
2014-02-04 08:58:17,twitter.com
2014-02-04 08:58:18,www08.clicktale.net
2014-02-04 08:58:18,www.roehampton.ac.uk
2014-02-04 08:58:19,www08.clicktale.net
2014-02-04 08:58:21,drive.google.com
2014-02-04 08:58:21,www08.clicktale.net
2014-02-04 08:58:23,www08.clicktale.net
2014-02-04 08:58:25,www08.clicktale.net
2014-02-04 08:58:26,player.vimeo.com
2014-02-04 08:58:26,pbs.twimg.com
2014-02-04 08:58:26,www08.clicktale.net
2014-02-04 08:58:27,player.vimeo.com
2014-02-04 08:58:27,www.facebook.com
2014-02-04 08:58:27,platform.twitter.com
2014-02-04 08:58:27,syndication.twitter.com
2014-02-04 08:58:28,www08.clicktale.net
2014-02-04 08:58:29,www.roehampton.ac.uk
2014-02-04 08:58:32,player.vimeo.com
2014-02-04 08:58:32,www08.clicktale.net
2014-02-04 08:58:35,www.roehampton.ac.uk
2014-02-04 08:58:36,www.roehampton.ac.uk
2014-02-04 08:58:36,www08.clicktale.net
2014-02-04 08:58:38,www08.clicktale.net
2014-02-04 08:58:40,www08.clicktale.net
2014-02-04 08:58:59,www08.clicktale.net
2014-02-04 08:58:59,twitter.com
2014-02-04 08:59:02,www08.clicktale.net
2014-02-04 08:59:03,www08.clicktale.net
2014-02-04 08:59:07,www08.clicktale.net
2014-02-04 08:59:11,www08.clicktale.net
2014-02-04 08:59:28,www08.clicktale.net
2014-02-04 08:59:28,pbs.twimg.com
2014-02-04 09:00:10,docs.google.com
2014-02-04 09:00:18,docs.google.com
2014-02-04 09:00:50,www.bing.com
2014-02-04 09:00:51,www.bing.com
2014-02-04 09:00:52,login.live.com
2014-02-04 09:00:52,www.bing.com
2014-02-04 09:00:59,www.bing.com
2014-02-04 09:00:59,docs.google.com
2014-02-04 09:01:00,games.espn.go.com
2014-02-04 09:01:00,docs.google.com
2014-02-04 09:01:00,0.docs.google.com
2014-02-04 09:01:00,avatars.espn.go.com
2014-02-04 09:01:03,broadband.espn.go.com
2014-02-04 09:01:04,login.live.com
2014-02-04 09:01:04,assets.espn.go.com
2014-02-04 09:01:05,games.espn.go.com
2014-02-04 09:01:05,w88.go.com
2014-02-04 09:01:06,games.espn.go.com
2014-02-04 09:01:06,assets.espn.go.com
2014-02-04 09:01:07,sports-ak.espn.go.com
2014-02-04 09:01:26,espn.go.com
2014-02-04 09:01:27,3.docs.google.com
2014-02-04 09:01:27,docs.google.com
2014-02-04 09:01:28,platform.twitter.com
2014-02-04 09:01:36,espn.go.com
2014-02-04 09:01:46,espn.go.com
2014-02-04 09:01:57,espn.go.com
2014-02-04 09:02:07,espn.go.com
2014-02-04 09:02:18,espn.go.com
2014-02-04 09:02:29,espn.go.com
2014-02-04 09:02:39,espn.go.com
2014-02-04 09:02:49,espn.go.com
2014-02-04 09:03:00,espn.go.com
2014-02-04 09:03:10,espn.go.com
2014-02-04 09:03:21,espn.go.com
2014-02-04 09:03:32,espn.go.com
2014-02-04 09:03:42,espn.go.com
2014-02-04 09:03:52,espn.go.com
2014-02-04 09:04:03,espn.go.com
2014-02-04 09:04:13,espn.go.com
2014-02-04 09:04:24,espn.go.com
2014-02-04 09:04:29,www08.clicktale.net
2014-02-04 09:04:35,espn.go.com
2014-02-04 09:04:45,espn.go.com
2014-02-04 09:04:55,espn.go.com
2014-02-04 09:05:06,espn.go.com
2014-02-04 09:05:16,espn.go.com
2014-02-04 09:05:27,espn.go.com
2014-02-04 09:05:38,espn.go.com
2014-02-04 09:05:48,espn.go.com
2014-02-04 09:05:58,espn.go.com
2014-02-04 09:06:09,espn.go.com
2014-02-04 09:06:19,espn.go.com
2014-02-04 09:06:30,espn.go.com
2014-02-04 09:06:39,plus.google.com
2014-02-04 09:06:41,espn.go.com
2014-02-04 09:06:51,espn.go.com
2014-02-04 09:07:01,espn.go.com
2014-02-04 09:07:12,espn.go.com
2014-02-04 09:07:22,espn.go.com
2014-02-04 09:07:33,espn.go.com
2014-02-04 09:07:44,espn.go.com
2014-02-04 09:07:54,espn.go.com
2014-02-04 09:08:04,espn.go.com
2014-02-04 09:08:14,www.bing.com
2014-02-04 09:08:19,www.bing.com
2014-02-04 09:08:19,www.lequipe.fr
2014-02-04 09:08:19,medias.lequipe.fr
2014-02-04 09:08:19,static.lequipe.fr
2014-02-04 09:08:20,widget.achetezfacile.com
2014-02-04 09:08:20,sa.kewego.com
2014-02-04 09:08:20,static.lequipe.fr
2014-02-04 09:08:20,medias.lequipe.fr
2014-02-04 09:08:20,www.lequipe.fr
2014-02-04 09:08:21,netstorage.lequipe.fr
2014-02-04 09:08:21,static.lequipe.fr
2014-02-04 09:08:21,medias.lequipe.fr
2014-02-04 09:08:21,platform.twitter.com
2014-02-04 09:08:21,www.lequipe.fr
2014-02-04 09:08:21,www.facebook.com
2014-02-04 09:08:22,medias.lequipe.fr
2014-02-04 09:08:22,widget.achetezfacile.com
2014-02-04 09:08:22,netstorage.lequipe.fr
2014-02-04 09:08:22,static.lequipe.fr
2014-02-04 09:08:23,ajax.googleapis.com
2014-02-04 09:08:23,i.htfacile.fr
2014-02-04 09:08:24,www.lequipe.fr
2014-02-04 09:08:24,pr.ybp.yahoo.com
2014-02-04 09:08:24,medias.lequipe.fr
2014-02-04 09:08:24,static.lequipe.fr
2014-02-04 09:08:24,sa.kewego.com
2014-02-04 09:08:24,platform.twitter.com
2014-02-04 09:08:24,ce.lijit.com
2014-02-04 09:08:25,www.facebook.com
2014-02-04 09:08:25,www.lequipe.fr
2014-02-04 09:08:25,platform.twitter.com
2014-02-04 09:08:26,login.live.com
2014-02-04 09:08:28,netstorage.lequipe.fr
2014-02-04 09:08:28,www.lequipe.fr
2014-02-04 09:08:28,widget.achetezfacile.com
2014-02-04 09:08:29,platform.twitter.com
2014-02-04 09:08:29,medias.lequipe.fr
2014-02-04 09:08:29,www.lequipe.fr
2014-02-04 09:08:29,i.htfacile.fr
2014-02-04 09:08:29,fr.ad4mat.net
2014-02-04 09:08:30,static.lequipe.fr
2014-02-04 09:08:31,c1.adform.net
2014-02-04 09:08:31,static.lequipe.fr
2014-02-04 09:08:31,rubicon-match.dotomi.com
2014-02-04 09:08:31,s374.meetrics.net
2014-02-04 09:08:32,twitter.com
2014-02-04 09:08:32,c1.adform.net
2014-02-04 09:08:32,match.rtbidder.net
2014-02-04 09:08:32,www.facebook.com
2014-02-04 09:08:33,apis.google.com
2014-02-04 09:08:33,affiliation.service-voyages.com
2014-02-04 09:08:34,twitter.com
2014-02-04 09:08:35,twitter.com
2014-02-04 09:08:35,apis.google.com
2014-02-04 09:08:36,accounts.google.com
2014-02-04 09:08:44,platform.twitter.com
2014-02-04 09:08:47,www.facebook.com
2014-02-04 09:09:14,platform.twitter.com
2014-02-04 09:09:29,www08.clicktale.net
2014-02-04 09:09:30,accounts.google.com
2014-02-04 09:09:30,www.lequipe.fr
2014-02-04 09:10:20,drive.google.com
2014-02-04 09:10:25,s.kewego.com
2014-02-04 09:10:25,www.facebook.com
2014-02-04 09:10:31,www.lequipe.fr
2014-02-04 09:11:32,www.lequipe.fr
2014-02-04 09:12:25,s.kewego.com
2014-02-04 09:12:26,i.kewego.com
2014-02-04 09:12:26,sa.kewego.com
2014-02-04 09:12:26,s.kewego.com
2014-02-04 09:12:26,ta.kewego.com
2014-02-04 09:12:33,www.lequipe.fr
2014-02-04 09:13:34,www.lequipe.fr
2014-02-04 09:13:59,0.drive.google.com
2014-02-04 09:14:14,sa.kewego.com
2014-02-04 09:14:15,ce.lijit.com
2014-02-04 09:14:15,www.facebook.com
2014-02-04 09:14:17,www.facebook.com
2014-02-04 09:14:17,twitter.com
2014-02-04 09:14:18,sam.zebestof.com
2014-02-04 09:14:18,widget.achetezfacile.com
2014-02-04 09:14:19,um.simpli.fi
2014-02-04 09:14:19,i.htfacile.fr
2014-02-04 09:14:19,rbp.mxptint.net
2014-02-04 09:14:19,apis.google.com
2014-02-04 09:14:20,www.facebook.com
2014-02-04 09:14:21,medias.lequipe.fr
2014-02-04 09:14:21,www.facebook.com
2014-02-04 09:14:21,xml.betclick.com
2014-02-04 09:14:21,drive.google.com
2014-02-04 09:14:21,rp.gwallet.com
2014-02-04 09:14:21,static.lequipe.fr
2014-02-04 09:14:26,medias.lequipe.fr
2014-02-04 09:14:29,www08.clicktale.net
2014-02-04 09:14:30,medias.lequipe.fr
2014-02-04 09:14:31,static.lequipe.fr
2014-02-04 09:14:31,medias.lequipe.fr
2014-02-04 09:14:41,medias.lequipe.fr
2014-02-04 09:14:41,static.lequipe.fr
2014-02-04 09:14:41,sa.kewego.com
2014-02-04 09:14:41,www.lequipe.fr
2014-02-04 09:14:42,www.facebook.com
2014-02-04 09:14:42,static.lequipe.fr
2014-02-04 09:14:42,netstorage.lequipe.fr
2014-02-04 09:14:42,twitter.com
2014-02-04 09:14:42,www.lequipe.fr
2014-02-04 09:14:43,netstorage.lequipe.fr
2014-02-04 09:14:44,widget.achetezfacile.com
2014-02-04 09:14:44,medias.lequipe.fr
2014-02-04 09:14:44,i.htfacile.fr
2014-02-04 09:14:44,apis.google.com
2014-02-04 09:14:47,eulerian.canal-plus.com
2014-02-04 09:14:54,medias.lequipe.fr
2014-02-04 09:14:54,eulerian.canal-plus.com
2014-02-04 09:15:13,medias.lequipe.fr
2014-02-04 09:15:45,www.lequipe.fr
2014-02-04 09:16:14,1.docs.google.com
2014-02-04 09:16:42,static.lequipe.fr
2014-02-04 09:16:43,s.kewego.com
2014-02-04 09:16:43,ta.kewego.com
2014-02-04 09:16:44,s.kewego.com
2014-02-04 09:16:44,ta.kewego.com
2014-02-04 09:16:45,i.kewego.com
2014-02-04 09:16:46,www.lequipe.fr
2014-02-04 09:16:59,1.docs.google.com
2014-02-04 09:17:47,www.lequipe.fr
2014-02-04 09:18:43,ta.kewego.com
2014-02-04 09:18:48,www.lequipe.fr
2014-02-04 09:19:03,www.lequipe.fr
2014-02-04 09:19:03,sa.kewego.com
2014-02-04 09:19:03,platform.twitter.com
2014-02-04 09:19:03,medias.lequipe.fr
2014-02-04 09:19:03,connect.facebook.net
2014-02-04 09:19:04,www.lequipe.fr
2014-02-04 09:19:04,platform.twitter.com
2014-02-04 09:19:04,www.facebook.com
2014-02-04 09:19:04,s.kewego.com
2014-02-04 09:19:05,www.lequipe.fr
2014-02-04 09:19:05,netstorage.lequipe.fr
2014-02-04 09:19:05,twitter.com
2014-02-04 09:19:06,widget.achetezfacile.com
2014-02-04 09:19:07,apis.google.com
2014-02-04 09:19:07,www.lequipe.fr
2014-02-04 09:19:07,i.htfacile.fr
2014-02-04 09:19:07,widget.achetezfacile.com
2014-02-04 09:19:08,www.lequipe.fr
2014-02-04 09:19:08,platform.twitter.com
2014-02-04 09:19:08,www.facebook.com
2014-02-04 09:19:08,twitter.com
2014-02-04 09:19:09,xml.betclick.com
2014-02-04 09:19:29,www08.clicktale.net
2014-02-04 09:20:09,www.lequipe.fr
2014-02-04 09:21:10,platform.twitter.com
2014-02-04 09:21:10,www.lequipe.fr
2014-02-04 09:22:11,www.lequipe.fr
2014-02-04 09:23:12,www.lequipe.fr
2014-02-04 09:24:13,www.lequipe.fr
2014-02-04 09:24:29,www08.clicktale.net
2014-02-04 09:25:15,www.lequipe.fr
2014-02-04 09:26:15,www.lequipe.fr
2014-02-04 09:26:39,plus.google.com
2014-02-04 09:27:04,ta.kewego.com
2014-02-04 09:27:16,www.lequipe.fr
2014-02-04 09:28:17,www.lequipe.fr
2014-02-04 09:29:18,www.lequipe.fr
2014-02-04 09:29:29,www08.clicktale.net
2014-02-04 09:29:30,www.lequipe.fr
2014-02-04 09:29:30,medias.lequipe.fr
2014-02-04 09:29:30,connect.facebook.net
2014-02-04 09:29:30,platform.twitter.com
2014-02-04 09:29:31,platform.twitter.com
2014-02-04 09:29:31,medias.lequipe.fr
2014-02-04 09:29:31,www.lequipe.fr
2014-02-04 09:29:31,www.facebook.com
2014-02-04 09:29:33,www.lequipe.fr
2014-02-04 09:29:40,twitter.com
2014-02-04 09:29:41,twitter.com
2014-02-04 09:29:42,apis.google.com
2014-02-04 09:29:44,www08.clicktale.net
2014-02-04 09:29:48,0.drive.google.com
2014-02-04 09:29:49,docs.google.com
2014-02-04 09:29:49,1.docs.google.com
2014-03-19 08:06:20,clients1.google.com
2014-03-19 08:06:20,gtglobal-ocsp.geotrust.com
2014-03-19 08:06:24,www.google.fr
2014-03-19 08:06:24,www.reverso.net
2014-03-19 08:06:25,api.conduit.com
2014-03-19 08:06:25,cdn2.reverso.net
2014-03-19 08:06:25,ajax.googleapis.com
2014-03-19 08:06:27,cdn2.reverso.net
2014-03-19 08:06:27,ajax.googleapis.com
2014-03-19 08:06:28,s-static.ak.facebook.com
2014-03-19 08:06:28,cdn2.reverso.net
2014-03-19 08:06:28,connect.facebook.net
2014-03-19 08:06:28,static.ak.facebook.com
2014-03-19 08:06:28,cdn-s3.cogmatch.net
2014-03-19 08:06:28,ocsp.thawte.com
2014-03-19 08:06:28,ajax.googleapis.com
2014-03-19 08:06:29,s.cogmatch.net
2014-03-19 08:06:29,cdn-s3.cogmatch.net
2014-03-19 08:06:29,clients1.google.com
2014-03-19 08:06:32,i1-js-14-3-01-12160-424850121-i.init.cedexis-radar.net
2014-03-19 08:06:32,probe.cedexis.org
2014-03-19 08:06:33,cdn2.reverso.net
2014-03-19 08:06:49,www.reverso.net
2014-03-19 08:06:49,cdn2.reverso.net
2014-03-19 08:06:50,cdn2.reverso.net
2014-03-19 08:06:50,s-static.ak.facebook.com
2014-03-19 08:06:50,static.ak.facebook.com
2014-03-19 08:06:51,deliv.leboncoin.fr
2014-03-19 08:06:51,clients1.google.com
2014-03-19 08:06:51,retargeting.veoxa.com
2014-03-19 08:06:51,mfr.meteofrance.com
2014-03-19 08:06:51,www.google.com
2014-03-19 08:06:51,www.facebook.com
2014-03-19 08:06:53,i1-js-14-3-01-12160-29485680-i.init.cedexis-radar.net
2014-03-19 08:06:55,cdn2.reverso.net
2014-03-19 08:06:56,dfw.sl.bench.cedexis.com
2014-03-19 08:07:16,gtssl-ocsp.geotrust.com
2014-03-19 08:07:54,www.reverso.net
2014-03-19 08:07:54,cdn2.reverso.net
2014-03-19 08:08:00,www.reverso.net
2014-03-19 08:08:00,dictionnaire.reverso.net
2014-03-19 08:08:00,ajax.googleapis.com
2014-03-19 08:08:00,cdn2.reverso.net
2014-03-19 08:08:15,ocsp.verisign.com
2014-03-19 08:08:17,dictionnaire.reverso.net
2014-03-19 08:08:17,www.reverso.net
2014-03-19 08:08:18,i3.ytimg.com
2014-03-19 08:09:18,www.google.com
2014-03-19 08:09:18,www.google.fr
2014-03-19 08:09:18,apis.google.com
2014-03-19 08:21:04,www.google.fr
2014-03-19 08:21:04,www.google.com
2014-03-19 08:21:14,www.google.fr
2014-03-19 08:21:14,www.google.com
2014-03-19 08:21:19,www.google.fr
2014-03-19 08:21:21,www.google.fr
2014-03-19 08:21:22,apis.google.com
2014-03-19 08:21:24,www.google.com
2014-03-19 08:21:44,www.google.com
2014-03-19 08:21:44,www.google.fr
2014-03-19 08:21:44,apis.google.com
2014-03-19 08:21:45,drive.google.com
2014-03-19 08:21:56,accounts.google.com
2014-03-19 08:21:56,www.google.fr
2014-03-19 08:21:59,www.google.fr
2014-03-19 08:22:01,accounts.youtube.com
2014-03-19 08:22:10,www.google.fr
2014-03-19 08:22:15,accounts.google.fr
2014-03-19 08:22:15,drive.google.com
2014-03-19 08:22:16,www.google.com
2014-03-19 08:22:16,accounts.google.com
2014-03-19 08:22:16,accounts.youtube.com
2014-03-19 08:22:16,accounts.google.fr
2014-03-19 08:22:16,drive.google.com
2014-03-19 08:22:19,0.drive.google.com
2014-03-19 08:22:22,apis.google.com
2014-03-19 08:22:22,plus.google.com
2014-03-19 08:22:22,docs.google.com
2014-03-19 08:22:22,drive.google.com
2014-03-19 08:22:23,docs.google.com
2014-03-19 08:22:56,docs.google.com
2014-03-19 08:23:02,docs.google.com
2014-03-19 08:23:03,www.google.com
2014-03-19 08:23:03,0.docs.google.com
2014-03-19 08:23:04,apis.google.com
2014-03-19 08:23:05,0.docs.google.com
2014-03-19 08:23:14,accounts.google.com
2014-03-19 08:23:14,docs.google.com
2014-03-19 08:23:17,clients6.google.com
2014-03-19 08:23:28,gg.google.com
2014-03-19 08:24:00,docs.google.com
2014-03-19 08:24:03,ieonline.microsoft.com
2014-03-19 08:24:17,drive.google.com
2014-03-19 08:24:23,www.bing.com
2014-03-19 08:24:24,www.bing.com
2014-03-19 08:24:25,www.bing.com
2014-03-19 08:24:25,cms.abmr.net
2014-03-19 08:24:26,www.bing.com
2014-03-19 08:24:35,login.live.com
2014-03-19 08:25:44,docs.google.com
2014-03-19 08:25:44,drive.google.com
2014-03-19 08:25:44,gg.google.com
2014-03-19 08:25:44,plus.google.com
2014-03-19 08:25:44,apis.google.com
2014-03-19 08:25:46,fpdownload2.macromedia.com
2014-03-19 08:27:01,docs.google.com
2014-03-19 08:27:02,docs.google.com
2014-03-19 08:27:04,docs.google.com
2014-03-19 08:27:04,www.google.com
2014-03-19 08:27:14,accounts.google.com
2014-03-19 08:27:17,apis.google.com
2014-03-19 08:27:17,clients6.google.com
2014-03-19 08:29:12,0.docs.google.com
2014-03-19 08:29:12,docs.google.com
2014-03-19 08:29:19,1.docs.google.com
2014-03-19 08:29:21,1.docs.google.com
2014-03-19 08:29:32,clients6.google.com
2014-03-19 08:29:33,docs.google.com
2014-03-19 08:29:34,docs.google.com
2014-03-19 08:29:35,2.docs.google.com
2014-03-19 08:29:38,2.docs.google.com
2014-03-19 08:29:39,2.docs.google.com
2014-03-19 08:29:44,docs.google.com
2014-03-19 08:30:10,apis.google.com
2014-03-19 08:30:12,apis.google.com
2014-03-19 08:30:13,clients6.google.com
2014-03-19 08:30:13,3.docs.google.com
2014-03-19 08:30:19,3.docs.google.com
2014-03-19 08:30:20,2.docs.google.com
2014-03-19 08:30:36,1.docs.google.com
2014-03-19 08:30:36,docs.google.com
2014-03-19 08:30:38,docs.google.com
2014-03-19 08:30:39,clients6.google.com
2014-03-19 08:30:39,3.docs.google.com
2014-03-19 08:30:41,4.docs.google.com
2014-03-19 08:30:41,clients2.google.com
2014-03-19 08:30:42,4.docs.google.com
2014-03-19 08:30:44,docs.google.com
2014-03-19 08:30:49,clients2.google.com
2014-03-19 08:30:50,5.docs.google.com
2014-03-19 08:30:50,clients6.google.com
2014-03-19 08:30:51,5.docs.google.com
2014-03-19 08:30:51,4.docs.google.com
2014-03-19 08:31:30,6.docs.google.com
2014-03-19 08:31:30,docs.google.com
2014-03-19 08:31:32,6.talkgadget.google.com
2014-03-19 08:31:32,5.docs.google.com
2014-03-19 08:31:32,clients6.google.com
2014-03-19 08:31:32,docs.google.com
2014-03-19 08:31:32,6.docs.google.com
2014-03-19 08:31:33,6.talkgadget.google.com
2014-03-19 08:31:35,docs.google.com
2014-03-19 08:31:35,plus.google.com
2014-03-19 08:31:36,docs.google.com
2014-03-19 08:31:41,docs.google.com
2014-03-19 08:31:46,6.talkgadget.google.com
2014-03-19 08:32:11,drive.google.com
2014-03-19 08:32:29,apis.google.com
2014-03-19 08:32:35,6.talkgadget.google.com
2014-03-19 08:32:35,plus.google.com
2014-03-19 08:34:51,clients2.google.com
2014-03-19 08:34:51,drive.google.com
2014-03-19 08:34:52,drive.google.com
2014-03-19 08:34:52,plus.google.com
2014-03-19 08:34:55,7.docs.google.com
2014-03-19 08:34:58,clients6.google.com
2014-03-19 08:34:59,7.docs.google.com
2014-03-19 08:35:29,docs.google.com
2014-03-19 08:36:04,clients2.google.com
2014-03-19 08:36:35,www.google.com
2014-03-19 08:36:44,www.bing.com
2014-03-19 08:36:47,www.bing.com
2014-03-19 08:36:48,bits.wikimedia.org
2014-03-19 08:36:48,fr.wikipedia.org
2014-03-19 08:36:49,bits.wikimedia.org
2014-03-19 08:36:49,login.wikimedia.org
2014-03-19 08:36:49,meta.wikimedia.org
2014-03-19 08:36:49,fr.wikipedia.org
2014-03-19 08:36:56,login.live.com
2014-03-19 08:37:00,www.bing.com
2014-03-19 08:37:02,www.bing.com
2014-03-19 08:37:02,login.live.com
2014-03-19 08:37:05,www.bing.com
2014-03-19 08:37:08,www.google.com
2014-03-19 08:37:08,www.google.fr
2014-03-19 08:37:10,www.bing.com
2014-03-19 08:37:20,www.google.com
2014-03-19 08:37:20,www.google.fr
2014-03-19 08:37:21,www.google.fr
2014-03-19 08:37:23,www.google.fr
2014-03-19 08:37:25,apis.google.com
2014-03-19 08:37:41,plus.google.com
2014-03-19 08:37:46,www.google.fr
2014-03-19 08:38:26,www.google.fr
2014-03-19 08:38:26,apis.google.com
2014-03-19 08:38:26,ssl.bing.com
2014-03-19 08:38:27,meta.wikimedia.org
2014-03-19 08:38:27,bits.wikimedia.org
2014-03-19 08:38:27,fr.wikipedia.org
2014-03-19 08:38:51,docs.google.com
2014-03-19 08:38:52,docs.google.com
2014-03-19 08:38:55,bits.wikimedia.org
2014-03-19 08:38:55,plus.google.com
2014-03-19 08:38:55,fr.wikipedia.org
2014-03-19 08:38:56,fr.wikipedia.org
2014-03-19 08:38:56,meta.wikimedia.org
2014-03-19 08:39:18,www.google.fr
2014-03-19 08:39:19,fr.wikipedia.org
2014-03-19 08:39:19,meta.wikimedia.org
2014-03-19 08:39:23,www.google.fr
2014-03-19 08:39:40,www.uis.edu
2014-03-19 08:39:41,www.uis.edu
2014-03-19 08:39:41,www.google.fr
2014-03-19 08:39:41,plus.google.com
2014-03-19 08:39:42,www.uis.edu
2014-03-19 08:39:44,www.uis.edu
2014-03-19 08:39:51,docs.google.com
2014-03-19 08:40:07,twitter.com
2014-03-19 08:40:15,docs.google.com
2014-03-19 08:40:18,drive.google.com
2014-03-19 08:40:26,docs.google.com
2014-03-19 08:40:36,www.uis.edu
2014-03-19 08:40:36,platform.twitter.com
2014-03-19 08:40:36,twitter.com
2014-03-19 08:40:36,pbs.twimg.com
2014-03-19 08:40:36,uisapp-s.uis.edu
2014-03-19 08:40:37,www.uis.edu
2014-03-19 08:40:41,syndication.twitter.com
2014-03-19 08:40:56,www.uis.edu
2014-03-19 08:40:57,ajax.googleapis.com
2014-03-19 08:40:57,www.uis.edu
2014-03-19 08:40:58,www.uis.edu
2014-03-19 08:41:50,www.uis.edu
2014-03-19 08:41:51,www.uis.edu
2014-03-19 08:42:08,www.uis.edu
2014-03-19 08:42:09,www.uis.edu
2014-03-19 08:42:10,www.uis.edu
2014-03-19 08:42:55,www.uis.edu
2014-03-19 08:42:56,www.uis.edu
2014-03-19 08:43:00,www.uis.edu
2014-03-19 08:43:01,www.uis.edu
2014-03-19 08:44:18,www.uis.edu
2014-03-19 08:44:18,drive.google.com
2014-03-19 08:44:20,www.uis.edu
2014-03-19 08:45:01,www.google.com
2014-03-19 08:45:01,www.google.fr
2014-03-19 08:45:14,www.google.fr
2014-03-19 08:45:31,plus.google.com
2014-03-19 08:47:19,docs.google.com
2014-03-19 08:47:24,plus.google.com
2014-03-19 08:47:24,www.google.fr
2014-03-19 08:47:25,www.google.fr
2014-03-19 08:47:25,fr.linkedin.com
2014-03-19 08:47:39,www.linkedin.com
2014-03-19 08:47:40,www.linkedin.com
2014-03-19 08:47:40,fr.linkedin.com
2014-03-19 08:47:41,www.linkedin.com
2014-03-19 08:47:41,fr.linkedin.com
2014-03-19 08:47:42,fr.linkedin.com
2014-03-19 08:48:12,docs.google.com
2014-03-19 08:48:12,fr.linkedin.com
2014-03-19 08:48:18,drive.google.com
2014-03-19 08:48:20,fr.linkedin.com
2014-03-19 08:48:49,ajax.googleapis.com
2014-03-19 08:48:49,www.google.fr
2014-03-19 08:48:49,plus.google.com
2014-03-19 08:48:49,www.uchceu.es
2014-03-19 08:49:41,ajax.googleapis.com
2014-03-19 08:49:41,www.uchceu.es
2014-03-19 08:49:49,www.uchceu.es
2014-03-19 08:49:50,www.uchceu.es
2014-03-19 08:50:18,drive.google.com
2014-03-19 08:50:28,docs.google.com
2014-03-19 08:50:39,fr.foursquare.com
2014-03-19 08:50:40,www.google.fr
2014-03-19 08:50:40,plus.google.com
2014-03-19 08:50:40,fr.foursquare.com
2014-03-19 08:50:40,www.uchceu.es
2014-03-19 08:50:41,ss1.4sqi.net
2014-03-19 08:50:41,ss0.4sqi.net
2014-03-19 08:50:51,ss0.4sqi.net
2014-03-19 08:50:51,ss1.4sqi.net
2014-03-19 08:50:53,fr.foursquare.com
2014-03-19 08:50:53,ajax.googleapis.com
2014-03-19 08:50:53,foursquare.com
2014-03-19 08:50:55,www.facebook.com
2014-03-19 08:50:55,www.google.com
2014-03-19 08:51:00,a.tiles.mapbox.com
2014-03-19 08:51:01,a.tiles.mapbox.com
2014-03-19 08:51:01,api.foursquare.com
2014-03-19 08:51:01,ss1.4sqi.net
2014-03-19 08:51:01,ss0.4sqi.net
2014-03-19 08:51:01,connect.facebook.net
2014-03-19 08:51:02,a.tiles.mapbox.com
2014-03-19 08:51:03,ss0.4sqi.net
2014-03-19 08:51:03,www.google.com
2014-03-19 08:51:03,a.tiles.mapbox.com
2014-03-19 08:51:03,ss1.4sqi.net
2014-03-19 08:51:04,a.tiles.mapbox.com
2014-03-19 08:51:04,api.foursquare.com
2014-03-19 08:51:08,connect.facebook.net
2014-03-19 08:51:08,s-static.ak.facebook.com
2014-03-19 08:51:08,a248.e.akamai.net
2014-03-19 08:51:08,www.facebook.com
2014-03-19 08:51:08,a.tiles.mapbox.com
2014-03-19 08:51:21,foursquare.com
2014-03-19 08:51:24,a.tiles.mapbox.com
2014-03-19 08:51:24,connect.facebook.net
2014-03-19 08:51:24,www.facebook.com
2014-03-19 08:51:28,api.foursquare.com
2014-03-19 08:52:10,a248.e.akamai.net
2014-03-19 08:52:10,www.google.fr
2014-03-19 08:52:12,fr.wikipedia.org
2014-03-19 08:52:12,plus.google.com
2014-03-19 08:52:12,www.google.fr
2014-03-19 08:52:12,bits.wikimedia.org
2014-03-19 08:52:13,fr.wikipedia.org
2014-03-19 08:52:13,meta.wikimedia.org
2014-03-19 08:53:20,docs.google.com
2014-03-19 08:54:18,drive.google.com
2014-03-19 08:54:52,www.google.fr
2014-03-19 08:54:52,www.google.com
2014-03-19 08:55:32,www.google.fr
2014-03-19 08:55:34,uisprairiestars.com
2014-03-19 08:55:34,assets.sidearmsports.com
2014-03-19 08:55:34,ajax.googleapis.com
2014-03-19 08:55:34,www.google.fr
2014-03-19 08:55:34,plus.google.com
2014-03-19 08:55:34,cdnjs.cloudflare.com
2014-03-19 08:55:35,i1.ytimg.com
2014-03-19 08:55:35,uisprairiestars.com
2014-03-19 08:55:36,assets.sidearmsports.com
2014-03-19 08:55:36,assets.sidearmsports.com.s3.amazonaws.com
2014-03-19 08:55:36,uisprairiestars.com
2014-03-19 08:55:37,s.ytimg.com
2014-03-19 08:55:37,www.youtube.com
2014-03-19 08:55:37,uisprairiestars.com
2014-03-19 08:55:37,assets.sidearmsports.com
2014-03-19 08:55:39,uisprairiestars.com
2014-03-19 08:55:39,pbs.twimg.com
2014-03-19 08:55:39,www.google.com
2014-03-19 08:55:39,i1.ytimg.com
2014-03-19 08:55:39,s.ytimg.com
2014-03-19 08:55:39,www.youtube.com
2014-03-19 08:55:40,uisprairiestars.com
2014-03-19 08:55:44,uisprairiestars.com
2014-03-19 08:55:45,uisprairiestars.com
2014-03-19 08:55:51,docs.google.com
2014-03-19 08:55:52,www.uis.edu
2014-03-19 08:55:52,www.adobe.com
2014-03-19 08:56:02,www.uis.edu
2014-03-19 08:56:03,www.uis.edu
2014-03-19 08:56:36,plus.google.com
2014-03-19 08:57:21,www.shopuisgear.com
2014-03-19 08:57:22,www.shopuisgear.com
2014-03-19 08:57:22,products.advanced-online.com
2014-03-19 08:57:23,products.advanced-online.com
2014-03-19 08:57:25,www.shopuisgear.com
2014-03-19 08:57:25,products.advanced-online.com
2014-03-19 08:57:27,www.shopuisgear.com
2014-03-19 08:57:33,s.ytimg.com
2014-03-19 08:57:33,uisprairiestars.com
2014-03-19 08:57:33,i1.ytimg.com
2014-03-19 08:57:34,uisprairiestars.com
2014-03-19 08:57:51,uisprairiestars.com
2014-03-19 08:57:52,uisprairiestars.com
2014-03-19 08:57:53,uisprairiestars.com
2014-03-19 08:57:54,www.youtube.com
2014-03-19 08:57:54,uisprairiestars.com
2014-03-19 08:58:14,accounts.google.com
2014-03-19 08:58:32,www.uis.edu
2014-03-19 08:58:33,www.uis.edu
2014-03-19 08:58:33,www.google.fr
2014-03-19 08:58:33,plus.google.com
2014-03-19 08:58:33,accounts.google.com
2014-03-19 08:58:34,www.uis.edu
2014-03-19 08:58:34,ajax.googleapis.com
2014-03-19 08:58:34,illinois.edu
2014-03-19 08:58:35,docs.google.com
2014-03-19 08:58:35,www.uis.edu
2014-03-19 08:58:37,www.uis.edu
2014-03-19 08:59:03,www.uis.edu
2014-03-19 09:00:18,drive.google.com
2014-03-19 09:01:04,www.uis.edu
2014-03-19 09:01:08,www.uis.edu
2014-03-19 09:04:18,drive.google.com
2014-03-19 09:04:27,docs.google.com
2014-03-19 09:15:04,docs.google.com
2014-03-19 09:16:36,plus.google.com
2014-03-19 09:17:24,docs.google.com
2014-03-19 09:17:24,6.docs.google.com
2014-03-19 09:18:18,drive.google.com
2014-03-19 09:18:46,www.google.com
2014-03-19 09:18:46,www.google.fr
2014-03-19 09:18:57,www.google.fr
2014-03-19 09:19:15,plus.google.com
2014-03-19 09:20:00,www.google.fr
2014-03-19 09:20:01,games.espn.go.com
2014-03-19 09:20:02,www.google.fr
2014-03-19 09:20:02,games.espn.go.com
2014-03-19 09:20:02,assets.espn.go.com
2014-03-19 09:20:02,games-ak.espn.go.com
2014-03-19 09:20:02,plus.google.com
2014-03-19 09:20:03,www.facebook.com
2014-03-19 09:20:03,broadband.espn.go.com
2014-03-19 09:20:04,w88.go.com
2014-03-19 09:20:04,log.go.com
2014-03-19 09:20:04,espn.go.com
2014-03-19 09:20:04,sports-ak.espn.go.com
2014-03-19 09:20:04,player.ooyala.com
2014-03-19 09:20:05,games.espn.go.com
2014-03-19 09:20:05,ak.c.ooyala.com
2014-03-19 09:20:05,adm.fwmrm.net
2014-03-19 09:20:05,cdn-api.ooyala.com
2014-03-19 09:20:05,opf.ooyala.com
2014-03-19 09:20:05,player.ooyala.com
2014-03-19 09:20:06,l.ooyala.com
2014-03-19 09:20:06,vod.espn.go.com
2014-03-19 09:20:07,l.ooyala.com
2014-03-19 09:20:22,www.google.fr
2014-03-19 09:20:23,games.espn.go.com
2014-03-19 09:20:24,plus.google.com
2014-03-19 09:20:24,docs.google.com
2014-03-19 09:20:24,www.google.fr
2014-03-19 09:20:24,www.facebook.com
2014-03-19 09:20:24,log.go.com
2014-03-19 09:20:25,w88.go.com
2014-03-19 09:20:25,player.ooyala.com
2014-03-19 09:20:26,l.ooyala.com
2014-03-19 09:20:27,l.ooyala.com
2014-03-19 09:20:27,player.ooyala.com
2014-03-19 09:20:28,l.ooyala.com
2014-03-19 09:20:42,adm.fwmrm.net
2014-03-19 09:20:42,vod.espn.go.com
2014-03-19 09:20:43,l.ooyala.com
2014-03-19 09:20:51,livepassdl.conviva.com
2014-03-19 09:20:51,games.espn.go.com
2014-03-19 09:20:53,w88.go.com
2014-03-19 09:20:53,log.go.com
2014-03-19 09:20:53,www.facebook.com
2014-03-19 09:20:54,player.ooyala.com
2014-03-19 09:20:55,l.ooyala.com
2014-03-19 09:20:56,l.ooyala.com
2014-03-19 09:21:00,espn.go.com
2014-03-19 09:21:01,soccernet-assets.espn.go.com
2014-03-19 09:21:01,games.espn.go.com
2014-03-19 09:21:01,avatars.espn.go.com
2014-03-19 09:21:20,games.espn.go.com
2014-03-19 09:21:22,www.facebook.com
2014-03-19 09:21:22,log.go.com
2014-03-19 09:21:22,w88.go.com
2014-03-19 09:21:31,www.facebook.com
2014-03-19 09:21:31,log.go.com
2014-03-19 09:21:31,w88.go.com
2014-03-19 09:21:31,player.ooyala.com
2014-03-19 09:21:38,www.google.fr
2014-03-19 09:21:39,translate.google.fr
2014-03-19 09:21:40,broadband.espn.go.com
2014-03-19 09:21:40,assets.espn.go.com
2014-03-19 09:21:40,translate.google.fr
2014-03-19 09:21:40,games-ak.espn.go.com
2014-03-19 09:21:40,www.google.fr
2014-03-19 09:21:40,plus.google.com
2014-03-19 09:21:41,log.go.com
2014-03-19 09:21:41,player.ooyala.com
2014-03-19 09:21:41,translate.google.fr
2014-03-19 09:21:41,w88.go.com
2014-03-19 09:21:42,player.ooyala.com
2014-03-19 09:21:44,sports-ak.espn.go.com
2014-03-19 09:21:44,translate.google.fr
2014-03-19 09:21:45,l.ooyala.com
2014-03-19 09:21:50,www.google.com
2014-03-19 09:22:22,plus.google.com
2014-03-19 09:22:23,translate.google.fr
2014-03-19 09:22:23,broadband.espn.go.com
2014-03-19 09:22:24,w88.go.com
2014-03-19 09:22:24,log.go.com
2014-03-19 09:22:24,translate.google.fr
2014-03-19 09:22:27,player.ooyala.com
2014-03-19 09:22:27,l.ooyala.com
2014-03-19 09:22:29,vod.espn.go.com
2014-03-19 09:22:29,l.ooyala.com
2014-03-19 09:22:37,assets.espn.go.com
2014-03-19 09:22:51,broadband.espn.go.com
2014-03-19 09:22:51,translate.google.fr
2014-03-19 09:22:52,log.go.com
2014-03-19 09:22:53,w88.go.com
2014-03-19 09:22:53,translate.google.fr
2014-03-19 09:22:53,player.ooyala.com
2014-03-19 09:22:54,player.ooyala.com
2014-03-19 09:23:16,www.google.fr
2014-03-19 09:23:16,translate.google.fr
2014-03-19 09:23:17,translate.google.fr
2014-03-19 09:23:31,translate.google.com
2014-03-19 09:23:39,0.drive.google.com
2014-03-19 09:24:51,translate.google.fr
2014-03-19 09:24:51,www.google.fr
2014-03-19 09:24:51,plus.google.com
2014-03-19 09:24:52,translate.google.fr
2014-03-19 09:24:55,broadband.espn.go.com
2014-03-19 09:24:55,translate.google.fr
2014-03-19 09:24:55,www.google.fr
2014-03-19 09:24:56,w88.go.com
2014-03-19 09:25:31,broadband.espn.go.com
2014-03-19 09:25:31,translate.google.fr
2014-03-19 09:25:31,plus.google.com
2014-03-19 09:25:32,w88.go.com
2014-03-19 09:25:39,www.google.fr
2014-03-19 09:25:40,plus.google.com
2014-03-19 09:25:41,translate.google.fr
2014-03-19 09:25:42,www.google.fr
2014-03-19 09:25:42,connect.facebook.net
2014-03-19 09:25:42,platform.linkedin.com
2014-03-19 09:25:42,ajax.googleapis.com
2014-03-19 09:25:42,platform.twitter.com
2014-03-19 09:25:43,platform.linkedin.com
2014-03-19 09:25:43,www.mediabistro.com
2014-03-19 09:25:43,www.google.com
2014-03-19 09:25:44,translate.google.fr
2014-03-19 09:25:44,tvnewser.disqus.com
2014-03-19 09:25:44,connect.facebook.net
2014-03-19 09:25:44,platform.twitter.com
2014-03-19 09:25:44,go.disqus.com
2014-03-19 09:25:44,www.mediabistro.com
2014-03-19 09:25:45,www.facebook.com
2014-03-19 09:25:45,static.nrelate.com
2014-03-19 09:25:45,static.ak.facebook.com
2014-03-19 09:25:45,disqus.com
2014-03-19 09:25:45,tvnewser.disqus.com
2014-03-19 09:25:45,platform.twitter.com
2014-03-19 09:25:45,www.linkedin.com
2014-03-19 09:25:45,www.mediabistro.com
2014-03-19 09:25:45,go.disqus.com
2014-03-19 09:25:45,s-static.ak.facebook.com
2014-03-19 09:25:45,apis.google.com
2014-03-19 09:25:46,s.ytimg.com
2014-03-19 09:25:46,disqus.com
2014-03-19 09:25:46,tvnewser.disqus.com
2014-03-19 09:25:46,apis.google.com
2014-03-19 09:25:47,translate.google.fr
2014-03-19 09:25:47,www.google.com
2014-03-19 09:25:48,apis.google.com
2014-03-19 09:25:48,plus.google.com
2014-03-19 09:25:48,platform.twitter.com
2014-03-19 09:25:49,disqus.com
2014-03-19 09:25:49,s.ytimg.com
2014-03-19 09:25:49,i1.ytimg.com
2014-03-19 09:25:49,accounts.google.com
2014-03-19 09:25:50,disqus.com
2014-03-19 09:25:50,i1.ytimg.com
2014-03-19 09:25:53,platform.twitter.com
2014-03-19 09:25:54,platform.twitter.com
2014-03-19 09:25:56,twitter.com
2014-03-19 09:25:57,twitter.com
2014-03-19 09:26:07,pbs.twimg.com
2014-03-19 09:26:08,pbs.twimg.com
2014-03-19 09:26:27,twitter.com
2014-03-19 09:26:28,twitter.com
2014-03-19 09:26:30,syndication.twitter.com
2014-03-19 09:26:31,syndication.twitter.com
2014-03-19 09:26:38,pbs.twimg.com
2014-03-19 09:27:01,syndication.twitter.com
2014-03-19 09:27:15,www.linkedin.com
2014-03-19 09:27:15,platform.twitter.com
2014-03-19 09:27:39,docs.google.com
2014-03-19 09:29:26,translate.google.fr
2014-03-19 09:29:26,plus.google.com
2014-03-19 09:29:26,www.google.fr
2014-03-19 09:29:27,www.google.fr
2014-03-19 09:29:27,translate.google.fr
2014-03-19 09:29:27,translate.google.com
2014-03-19 09:29:37,www.google.fr
2014-03-19 09:29:40,translate.google.fr
2014-03-19 09:29:41,translate.google.fr
2014-03-19 09:29:41,bits.wikimedia.org
2014-03-19 09:29:41,plus.google.com
2014-03-19 09:29:41,www.google.fr
2014-03-19 09:29:42,login.wikimedia.org
2014-03-19 09:29:42,translate.google.fr
2014-03-19 09:29:42,meta.wikimedia.org
2014-03-19 09:29:42,bits.wikimedia.org
2014-03-19 09:29:42,en.wikipedia.org
2014-03-19 09:30:31,www.google.fr
2014-03-19 09:30:31,translate.google.fr
2014-03-19 09:30:32,translate.google.fr
2014-03-19 09:30:33,www.google.fr
2014-03-19 09:30:33,plus.google.com
2014-03-19 09:30:33,translate.google.fr
2014-03-19 09:30:33,ajax.googleapis.com
2014-03-19 09:30:33,uisprairiestars.com
2014-03-19 09:30:33,assets.sidearmsports.com
2014-03-19 09:30:33,cdnjs.cloudflare.com
2014-03-19 09:30:34,uisprairiestars.com
2014-03-19 09:30:34,i1.ytimg.com
2014-03-19 09:30:34,assets.sidearmsports.com.s3.amazonaws.com
2014-03-19 09:30:35,uisprairiestars.com
2014-03-19 09:30:35,s.ytimg.com
2014-03-19 09:30:35,www.youtube.com
2014-03-19 09:30:35,assets.sidearmsports.com
2014-03-19 09:30:36,www.youtube.com
2014-03-19 09:30:36,uisprairiestars.com
2014-03-19 09:30:40,www.google.fr
2014-03-19 09:30:40,translate.google.fr
2014-03-19 09:30:40,cdnjs.cloudflare.com
2014-03-19 09:30:40,ajax.googleapis.com
2014-03-19 09:30:40,assets.sidearmsports.com
2014-03-19 09:30:40,uisprairiestars.com
2014-03-19 09:30:40,s.ytimg.com
2014-03-19 09:30:41,uisprairiestars.com
2014-03-19 09:30:41,translate.google.fr
2014-03-19 09:30:41,i1.ytimg.com
2014-03-19 09:30:42,uisprairiestars.com
2014-03-19 09:30:42,assets.sidearmsports.com.s3.amazonaws.com
2014-03-19 09:30:42,assets.sidearmsports.com
2014-03-19 09:30:43,uisprairiestars.com
2014-03-19 09:30:45,i1.ytimg.com
2014-03-19 09:30:46,www.google.com
2014-03-19 09:30:47,s.ytimg.com
2014-03-19 09:30:47,plus.google.com
2014-03-19 09:30:47,i1.ytimg.com
2014-03-19 09:30:47,www.google.com
2014-03-19 09:30:47,uisprairiestars.com
2014-03-19 09:30:47,www.youtube.com
2014-03-19 09:30:52,www.google.fr
2014-03-19 09:30:53,www.google.fr
2014-03-19 09:31:10,plus.google.com
2014-03-19 09:31:28,www.google.fr
2014-03-19 09:31:29,translate.google.fr
2014-03-19 09:31:32,translate.google.com
2014-03-19 09:31:35,translate.google.fr
2014-03-19 09:31:35,translate.google.com
2014-03-19 09:31:38,docs.google.com
2014-03-19 09:31:46,7.docs.google.com
2014-03-19 09:31:47,0.drive.google.com
2014-03-19 09:31:50,www.google.com
2014-03-19 09:31:51,www.google.fr
2014-03-19 09:31:59,www.google.fr
2014-03-19 09:32:20,medias.lequipe.fr
2014-03-19 09:32:20,plus.google.com
2014-03-19 09:32:20,www.google.fr
2014-03-19 09:32:20,www.lequipe.fr
2014-03-19 09:32:20,widget.achetezfacile.com
2014-03-19 09:32:20,static.lequipe.fr
2014-03-19 09:32:21,netstorage.lequipe.fr
2014-03-19 09:32:21,platform.twitter.com
2014-03-19 09:32:21,www.lequipe.fr
2014-03-19 09:32:21,www.facebook.com
2014-03-19 09:32:22,twitter.com
2014-03-19 09:32:22,xml.betclick.com
2014-03-19 09:32:43,widget.achetezfacile.com
2014-03-19 09:32:43,www.lequipe.fr
2014-03-19 09:32:43,foglio.basilic.io
2014-03-19 09:32:43,netstorage.lequipe.fr
2014-03-19 09:32:43,sa.kewego.com
2014-03-19 09:32:43,apis.google.com
2014-03-19 09:32:43,static.lequipe.fr
2014-03-19 09:32:44,accounts.google.com
2014-03-19 09:32:44,apis.google.com
2014-03-19 09:32:44,i.htfacile.fr
2014-03-19 09:32:45,www.google.fr
2014-03-19 09:32:45,plus.google.com
2014-03-19 09:32:48,docs.google.com
2014-03-19 09:32:52,medias.lequipe.fr
2014-03-19 09:32:52,static.lequipe.fr
2014-03-19 09:32:54,perpetuo-onl.basilic.io
2014-03-19 09:32:54,medias.lequipe.fr
2014-03-19 09:32:54,apis.google.com
2014-03-19 09:32:56,medias.lequipe.fr
2014-03-19 09:33:04,medias.lequipe.fr
2014-03-19 09:33:04,static.lequipe.fr
2014-03-19 09:33:06,medias.lequipe.fr
2014-03-19 09:33:26,www.lequipe.fr
2014-03-19 09:33:26,static.lequipe.fr
2014-03-19 09:33:26,connect.facebook.net
2014-03-19 09:33:26,medias.lequipe.fr
2014-03-19 09:33:26,sa.kewego.com
2014-03-19 09:33:27,netstorage.lequipe.fr
2014-03-19 09:33:27,ce.lijit.com
2014-03-19 09:33:27,s.kewego.com
2014-03-19 09:33:27,platform.twitter.com
2014-03-19 09:33:27,www.lequipe.fr
2014-03-19 09:33:27,www.facebook.com
2014-03-19 09:33:27,www.youtube.com
2014-03-19 09:33:28,widget.achetezfacile.com
2014-03-19 09:33:28,fr.ad4mat.net
2014-03-19 09:33:28,www.lequipe.fr
2014-03-19 09:33:28,medias.lequipe.fr
2014-03-19 09:33:28,static.ak.facebook.com
2014-03-19 09:33:28,apis.google.com
2014-03-19 09:33:28,www.youtube.com
2014-03-19 09:33:28,www.facebook.com
2014-03-19 09:33:28,s-static.ak.facebook.com
2014-03-19 09:33:28,i.htfacile.fr
2014-03-19 09:33:28,foglio.basilic.io
2014-03-19 09:33:29,twitter.com
2014-03-19 09:33:30,rubicon-match.dotomi.com
2014-03-19 09:33:30,match.rtbidder.net
2014-03-19 09:33:30,ad.publicidees.com
2014-03-19 09:33:30,um.simpli.fi
2014-03-19 09:33:30,ea.numericable.fr
2014-03-19 09:33:31,rubicon-match.dotomi.com
2014-03-19 09:33:31,dtm.neimanmarcus.com
2014-03-19 09:33:53,w.soundcloud.com
2014-03-19 09:33:53,i1.ytimg.com
2014-03-19 09:33:53,api.soundcloud.com
2014-03-19 09:33:53,medias.lequipe.fr
2014-03-19 09:33:54,medias.lequipe.fr
2014-03-19 09:33:59,www.facebook.com
2014-03-19 09:34:08,s-static.ak.facebook.com
2014-03-19 09:34:11,www.youtube.com
2014-03-19 09:34:12,sa.kewego.com
2014-03-19 09:34:16,www.google.fr
2014-03-19 09:34:18,foglio.basilic.io
2014-03-19 09:34:18,netstorage.lequipe.fr
2014-03-19 09:34:18,www.facebook.com
2014-03-19 09:34:18,static.lequipe.fr
2014-03-19 09:34:18,www.lequipe.fr
2014-03-19 09:34:18,www.google.fr
2014-03-19 09:34:18,www.youtube.com
2014-03-19 09:34:18,platform.twitter.com
2014-03-19 09:34:18,sa.kewego.com
2014-03-19 09:34:19,widget.achetezfacile.com
2014-03-19 09:34:19,i.htfacile.fr
2014-03-19 09:34:20,twitter.com
2014-03-19 09:34:20,xml.betclick.com
2014-03-19 09:34:20,apis.google.com
2014-03-19 09:34:29,perpetuo-onl.basilic.io
2014-03-19 09:34:32,www.lequipe.fr
2014-03-19 09:34:32,static.lequipe.fr
2014-03-19 09:34:32,medias.lequipe.fr
2014-03-19 09:34:34,platform.twitter.com
2014-03-19 09:34:34,www.lequipe.fr
2014-03-19 09:34:34,www.facebook.com
2014-03-19 09:34:34,netstorage.lequipe.fr
2014-03-19 09:34:34,static.lequipe.fr
2014-03-19 09:34:35,widget.achetezfacile.com
2014-03-19 09:34:35,static.ak.facebook.com
2014-03-19 09:34:35,s-static.ak.facebook.com
2014-03-19 09:34:35,apis.google.com
2014-03-19 09:34:36,www.facebook.com
2014-03-19 09:34:36,i.htfacile.fr
2014-03-19 09:34:36,apis.google.com
2014-03-19 09:34:37,pmu.eficiens-serving.com
2014-03-19 09:34:37,xml.betclick.com
2014-03-19 09:34:37,twitter.com
2014-03-19 09:34:41,pmu.eficiens-serving.com
2014-03-19 09:34:59,static.lequipe.fr
2014-03-19 09:35:39,www.lequipe.fr
2014-03-19 09:36:40,www.lequipe.fr
2014-03-19 09:37:41,xml.betclick.com
2014-03-19 09:37:41,www.lequipe.fr
2014-03-19 09:37:42,pmu.eficiens-serving.com
2014-03-19 09:37:42,pr.ybp.yahoo.com
2014-03-19 09:37:44,eulerian.canal-plus.com
2014-03-19 09:37:49,eulerian.canal-plus.com
2014-03-19 09:38:02,pixel2368.everesttech.net
2014-03-19 09:38:29,pixel2368.everesttech.net
2014-03-19 09:38:42,www.lequipe.fr
2014-03-19 09:39:43,www.lequipe.fr
2014-03-19 09:40:14,www.lequipe.fr
2014-03-26 08:05:43,www.google.fr
2014-03-26 08:05:43,www.google.com
2014-03-26 08:05:58,www.google.fr
2014-03-26 08:05:59,apis.google.com
2014-03-26 08:06:01,www.google.com
2014-03-26 08:06:23,www.google.com
2014-03-26 08:06:23,apis.google.com
2014-03-26 08:06:23,www.google.fr
2014-03-26 08:06:38,ieonline.microsoft.com
2014-03-26 08:38:26,www.google.fr
2014-03-26 08:38:26,www.google.com
2014-03-26 08:38:38,www.google.fr
2014-03-26 08:38:39,apis.google.com
2014-03-26 08:38:41,www.google.com
2014-03-26 08:41:36,apis.google.com
2014-03-26 08:41:36,www.google.com
2014-03-26 08:41:36,www.google.fr
2014-03-26 08:42:10,www.google.fr
2014-03-26 08:42:12,cbsnews2.cbsistatic.com
2014-03-26 08:42:12,www.cbsnews.com
2014-03-26 08:42:12,cbsnews1.cbsistatic.com
2014-03-26 08:42:12,dw.cbsi.com
2014-03-26 08:42:12,www.google.fr
2014-03-26 08:42:13,p.typekit.net
2014-03-26 08:42:13,cbsnews1.cbsistatic.com
2014-03-26 08:42:13,www.google.com
2014-03-26 08:42:13,www.cbsnews.com
2014-03-26 08:42:25,cbsnews2.cbsistatic.com
2014-03-26 08:42:25,i.i.cbsi.com
2014-03-26 08:42:25,cbsnews1.cbsistatic.com
2014-03-26 08:42:25,www.reddit.com
2014-03-26 08:42:25,www.stumbleupon.com
2014-03-26 08:42:25,www.cbsnews.com
2014-03-26 08:42:25,dw.cbsimg.net
2014-03-26 08:42:26,static.ak.facebook.com
2014-03-26 08:42:26,dw.cbsi.com
2014-03-26 08:42:26,zor.livefyre.com
2014-03-26 08:42:26,cbsnews1.cbsistatic.com
2014-03-26 08:42:26,platform.twitter.com
2014-03-26 08:42:26,platform.linkedin.com
2014-03-26 08:42:26,connect.facebook.net
2014-03-26 08:42:26,www.facebook.com
2014-03-26 08:42:26,apis.google.com
2014-03-26 08:42:26,s-static.ak.facebook.com
2014-03-26 08:42:27,zor.livefyre.com
2014-03-26 08:42:27,platform.twitter.com
2014-03-26 08:42:27,urs.cbsnews.com
2014-03-26 08:42:27,zor.fyre.co
2014-03-26 08:42:27,dw.cbsi.com
2014-03-26 08:42:27,choices.truste.com
2014-03-26 08:42:27,www.reddit.com
2014-03-26 08:42:27,apis.google.com
2014-03-26 08:42:27,www.linkedin.com
2014-03-26 08:42:27,ajax.googleapis.com
2014-03-26 08:42:27,i.i.cbsi.com
2014-03-26 08:42:28,urs.cbsnews.com
2014-03-26 08:42:28,apis.google.com
2014-03-26 08:42:28,zor.fyre.co
2014-03-26 08:42:28,www.facebook.com
2014-03-26 08:42:28,www.cbsnews.com
2014-03-26 08:42:29,fpdownload2.macromedia.com
2014-03-26 08:42:29,zor.fyre.co
2014-03-26 08:42:29,cbsnews1.cbsistatic.com
2014-03-26 08:42:29,avatars.fyre.co
2014-03-26 08:42:29,zor.t402.livefyre.com
2014-03-26 08:42:37,twitter.com
2014-03-26 08:42:57,www.cbsnews.com
2014-03-26 08:43:08,twitter.com
2014-03-26 08:43:27,www.cbsnews.com
2014-03-26 08:43:37,platform.twitter.com
2014-03-26 08:44:27,www.cbsnews.com
2014-03-26 08:44:33,www.linkedin.com
2014-03-26 08:44:35,www.cbsnews.com
2014-03-26 08:44:39,apis.google.com
2014-03-26 08:44:39,www.google.fr
2014-03-26 08:44:40,apis.google.com
2014-03-26 08:44:40,bracketchallenge.ncaa.com
2014-03-26 08:44:40,www.google.fr
2014-03-26 08:44:41,bracketchallenge.ncaa.com
2014-03-26 08:44:41,apis.google.com
2014-03-26 08:44:41,cdns.gigya.com
2014-03-26 08:44:43,cdns.gigya.com
2014-03-26 08:44:43,accounts.google.com
2014-03-26 08:44:46,bracketchallenge.ncaa.com
2014-03-26 08:44:47,bracketchallenge.ncaa.com
2014-03-26 08:44:57,bracketchallenge.ncaa.com
2014-03-26 08:44:57,accounts.google.com
2014-03-26 08:45:04,www.google.fr
2014-03-26 08:45:05,www.google.com
2014-03-26 08:45:05,platform.twitter.com
2014-03-26 08:45:05,platform.linkedin.com
2014-03-26 08:45:05,www.mediabistro.com
2014-03-26 08:45:05,accounts.google.com
2014-03-26 08:45:05,www.google.fr
2014-03-26 08:45:05,ajax.googleapis.com
2014-03-26 08:45:06,www.mediabistro.com
2014-03-26 08:45:06,www.facebook.com
2014-03-26 08:45:06,tvnewser.disqus.com
2014-03-26 08:45:06,www.youtube.com
2014-03-26 08:45:06,disqus.com
2014-03-26 08:45:06,static.ak.facebook.com
2014-03-26 08:45:06,www.linkedin.com
2014-03-26 08:45:06,go.disqus.com
2014-03-26 08:45:06,s-static.ak.facebook.com
2014-03-26 08:45:07,www.google.com
2014-03-26 08:45:07,apis.google.com
2014-03-26 08:45:07,twitter.com
2014-03-26 08:45:07,tvnewser.disqus.com
2014-03-26 08:45:07,static.nrelate.com
2014-03-26 08:45:07,s.ytimg.com
2014-03-26 08:45:07,choices.truste.com
2014-03-26 08:45:08,choices.truste.com
2014-03-26 08:45:08,platform.twitter.com
2014-03-26 08:45:08,um.simpli.fi
2014-03-26 08:45:08,s.ytimg.com
2014-03-26 08:45:08,disqus.com
2014-03-26 08:45:08,i1.ytimg.com
2014-03-26 08:45:09,choices.truste.com
2014-03-26 08:45:09,i1.ytimg.com
2014-03-26 08:45:09,disqus.com
2014-03-26 08:45:14,www.mediabistro.com
2014-03-26 08:45:19,twitter.com
2014-03-26 08:45:19,s-static.ak.facebook.com
2014-03-26 08:45:19,pbs.twimg.com
2014-03-26 08:45:28,o.twimg.com
2014-03-26 08:45:58,syndication.twitter.com
2014-03-26 08:45:59,o.twimg.com
2014-03-26 08:46:29,syndication.twitter.com
2014-03-26 08:47:45,syndication.twitter.com
2014-03-26 08:48:19,pbs.twimg.com
2014-03-26 08:48:20,platform.twitter.com
2014-03-26 08:49:15,syndication.twitter.com
2014-03-26 08:50:45,syndication.twitter.com
2014-03-26 08:52:15,syndication.twitter.com
2014-03-26 08:53:45,syndication.twitter.com
2014-03-26 08:55:15,syndication.twitter.com
2014-03-26 08:56:45,syndication.twitter.com
2014-03-26 08:57:37,www.google.fr
2014-03-26 08:57:37,www.google.com
2014-03-26 08:57:37,www.linkedin.com
2014-03-26 08:57:52,www.google.fr
2014-03-26 08:57:52,drive.google.com
2014-03-26 08:57:53,www.google.fr
2014-03-26 08:58:05,www.google.fr
2014-03-26 08:58:07,accounts.youtube.com
2014-03-26 08:58:17,drive.google.com
2014-03-26 08:58:17,www.google.com
2014-03-26 08:58:17,accounts.google.fr
2014-03-26 08:58:18,accounts.google.com
2014-03-26 08:58:19,accounts.youtube.com
2014-03-26 08:58:19,drive.google.com
2014-03-26 08:58:19,accounts.google.fr
2014-03-26 08:58:21,0.drive.google.com
2014-03-26 08:58:22,0.drive.google.com
2014-03-26 08:58:24,apis.google.com
2014-03-26 08:58:24,docs.google.com
2014-03-26 08:58:24,drive.google.com
2014-03-26 08:58:24,plus.google.com
2014-03-26 08:58:25,plus.google.com
2014-03-26 08:58:25,docs.google.com
2014-03-26 08:58:26,plus.google.com
2014-03-26 08:58:26,docs.google.com
2014-03-26 08:58:37,docs.google.com
2014-03-26 08:58:43,0.docs.google.com
2014-03-26 08:58:44,0.docs.google.com
2014-03-26 08:58:45,docs.google.com
2014-03-26 08:58:54,0.talkgadget.google.com
2014-03-26 08:58:55,docs.google.com
2014-03-26 08:58:55,apis.google.com
2014-03-26 08:58:56,plus.google.com
2014-03-26 08:59:18,apis.google.com
2014-03-26 08:59:18,gg.google.com
2014-03-26 08:59:34,drive.google.com
2014-03-26 08:59:40,docs.google.com
2014-03-26 08:59:46,docs.google.com
2014-03-26 08:59:51,clients2.google.com
2014-03-26 08:59:52,apis.google.com
2014-03-26 08:59:52,docs.google.com
2014-03-26 08:59:53,www.google.com
2014-03-26 08:59:53,docs.google.com
2014-03-26 08:59:54,1.docs.google.com
2014-03-26 08:59:56,0.talkgadget.google.com
2014-03-26 08:59:57,1.docs.google.com
2014-03-26 08:59:58,www.google.com
2014-03-26 09:00:04,accounts.google.com
2014-03-26 09:00:05,docs.google.com
2014-03-26 09:00:07,clients2.google.com
2014-03-26 09:00:09,clients6.google.com
2014-03-26 09:00:50,docs.google.com
2014-03-26 09:02:07,docs.google.com
2014-03-26 09:02:26,docs.google.com
2014-03-26 09:02:29,gg.google.com
2014-03-26 09:02:29,drive.google.com
2014-03-26 09:02:30,www.google.com
2014-03-26 09:02:30,www.google.fr
2014-03-26 09:02:55,apis.google.com
2014-03-26 09:02:55,0.talkgadget.google.com
2014-03-26 09:02:56,plus.google.com
2014-03-26 09:02:59,www.google.fr
2014-03-26 09:02:59,apis.google.com
2014-03-26 09:02:59,plus.google.com
2014-03-26 09:03:00,translate.google.fr
2014-03-26 09:03:00,www.google.fr
2014-03-26 09:03:04,www.roehampton.ac.uk
2014-03-26 09:03:05,www.roehampton.ac.uk
2014-03-26 09:03:05,translate.google.fr
2014-03-26 09:03:06,plus.google.com
2014-03-26 09:03:06,platform.twitter.com
2014-03-26 09:03:06,www.roehampton.ac.uk
2014-03-26 09:03:08,twitter.com
2014-03-26 09:03:12,pbs.twimg.com
2014-03-26 09:03:13,pbs.twimg.com
2014-03-26 09:03:37,pbs.twimg.com
2014-03-26 09:03:44,syndication.twitter.com
2014-03-26 09:03:44,pbs.twimg.com
2014-03-26 09:03:44,platform.twitter.com
2014-03-26 09:03:45,syndication.twitter.com
2014-03-26 09:03:45,www.google.com
2014-03-26 09:03:52,docs.google.com
2014-03-26 09:03:53,www.google.com
2014-03-26 09:03:54,docs.google.com
2014-03-26 09:03:58,www.google.com
2014-03-26 09:03:59,www.roehampton.ac.uk
2014-03-26 09:03:59,translate.google.fr
2014-03-26 09:04:00,www.roehampton.ac.uk
2014-03-26 09:04:04,accounts.google.com
2014-03-26 09:04:09,apis.google.com
2014-03-26 09:04:10,clients6.google.com
2014-03-26 09:05:22,docs.google.com
2014-03-26 09:05:42,docs.google.com
2014-03-26 09:05:42,2.docs.google.com
2014-03-26 09:05:43,clients6.google.com
2014-03-26 09:05:43,2.docs.google.com
2014-03-26 09:08:35,drive.google.com
2014-03-26 09:08:41,plus.google.com
2014-03-26 09:08:41,translate.google.fr
2014-03-26 09:08:41,www.roehampton.ac.uk
2014-03-26 09:08:44,www.roehampton.ac.uk
2014-03-26 09:09:05,docs.google.com
2014-03-26 09:09:32,docs.google.com
2014-03-26 09:09:33,docs.google.com
2014-03-26 09:10:08,docs.google.com
2014-03-26 09:10:09,www.google.com
2014-03-26 09:10:09,www.google.fr
2014-03-26 09:10:14,www.google.fr
2014-03-26 09:10:24,plus.google.com
2014-03-26 09:10:24,www.google.fr
2014-03-26 09:10:24,www.reverso.net
2014-03-26 09:10:24,cdn2.reverso.net
2014-03-26 09:10:24,ajax.googleapis.com
2014-03-26 09:10:24,docs.google.com
2014-03-26 09:10:24,api.conduit.com
2014-03-26 09:10:25,cdn2.reverso.net
2014-03-26 09:10:26,s-static.ak.facebook.com
2014-03-26 09:10:26,static.ak.facebook.com
2014-03-26 09:10:26,ajax.googleapis.com
2014-03-26 09:10:26,connect.facebook.net
2014-03-26 09:10:26,cdn2.reverso.net
2014-03-26 09:10:35,cdn2.reverso.net
2014-03-26 09:10:35,www.facebook.com
2014-03-26 09:10:38,probe.cedexis.org
2014-03-26 09:10:38,i1-js-14-3-01-12160-748714541-i.init.cedexis-radar.net
2014-03-26 09:10:39,chinacache.cedexis.com
2014-03-26 09:10:39,probe.cedexis.org
2014-03-26 09:10:40,limelight.cedexis.com
2014-03-26 09:10:40,cdn2.reverso.net
2014-03-26 09:10:40,chinacache.cedexis.com
2014-03-26 09:10:41,fastly.bench.cedexis.com
2014-03-26 09:10:41,fastly.bench.cedexis.com.global.prod.fastly.net
2014-03-26 09:10:41,cdn2.reverso.net
2014-03-26 09:10:41,www.reverso.net
2014-03-26 09:10:49,www.reverso.net
2014-03-26 09:10:49,cdn2.reverso.net
2014-03-26 09:10:49,ajax.googleapis.com
2014-03-26 09:10:50,cdn2.reverso.net
2014-03-26 09:10:51,static.ak.facebook.com
2014-03-26 09:10:51,www.facebook.com
2014-03-26 09:10:51,s-static.ak.facebook.com
2014-03-26 09:10:51,cdn2.reverso.net
2014-03-26 09:10:54,i1-js-14-3-01-12160-116713862-i.init.cedexis-radar.net
2014-03-26 09:10:55,level3.cedexis.com
2014-03-26 09:10:56,level3.cedexis.com
2014-03-26 09:10:56,limelight.cedexis.com
2014-03-26 09:10:57,cdn2.reverso.net
2014-03-26 09:10:57,limelight.cedexis.com
2014-03-26 09:10:58,cdn2.reverso.net
2014-03-26 09:10:58,www.reverso.net
2014-03-26 09:11:15,translate.google.fr
2014-03-26 09:11:15,www.roehampton.ac.uk
2014-03-26 09:11:30,twitter.com
2014-03-26 09:11:30,docs.google.com
2014-03-26 09:11:30,pbs.twimg.com
2014-03-26 09:11:36,twitter.com
2014-03-26 09:11:36,www.roehampton.ac.uk
2014-03-26 09:11:37,platform.twitter.com
2014-03-26 09:11:37,www.roehampton.ac.uk
2014-03-26 09:11:37,translate.google.fr
2014-03-26 09:12:16,docs.google.com
2014-03-26 09:13:50,docs.google.com
2014-03-26 09:15:39,docs.google.com
2014-03-26 09:16:16,docs.google.com
2014-03-26 09:17:09,plus.google.com
2014-03-26 09:17:14,translate.google.fr
2014-03-26 09:17:14,www.roehampton.ac.uk
2014-03-26 09:17:15,pbs.twimg.com
2014-03-26 09:17:15,www.roehampton.ac.uk
2014-03-26 09:17:16,pbs.twimg.com
2014-03-26 09:17:46,twitter.com
2014-03-26 09:17:47,twitter.com
2014-03-26 09:17:58,docs.google.com
2014-03-26 09:18:16,syndication.twitter.com
2014-03-26 09:18:54,docs.google.com
2014-03-26 09:19:46,syndication.twitter.com
2014-03-26 09:20:16,pbs.twimg.com
2014-03-26 09:20:17,platform.twitter.com
2014-03-26 09:21:09,docs.google.com
2014-03-26 09:21:16,syndication.twitter.com
2014-03-26 09:21:44,www.google.com
2014-03-26 09:21:44,www.google.fr
2014-03-26 09:21:44,docs.google.com
2014-03-26 09:21:50,cdn2.reverso.net
2014-03-26 09:21:50,www.reverso.net
2014-03-26 09:21:50,ajax.googleapis.com
2014-03-26 09:21:50,www.google.fr
2014-03-26 09:21:51,www.google.fr
2014-03-26 09:21:51,connect.facebook.net
2014-03-26 09:21:51,ajax.googleapis.com
2014-03-26 09:21:51,static.ak.facebook.com
2014-03-26 09:21:51,s-static.ak.facebook.com
2014-03-26 09:21:54,i1-js-14-3-01-12160-657372005-i.init.cedexis-radar.net
2014-03-26 09:21:55,ec2-us-west-2a.cedexis.com
2014-03-26 09:21:56,ec2-us-west-2a.cedexis.com
2014-03-26 09:21:58,onapp.cedexis.com
2014-03-26 09:21:59,onapp.cedexis.com
2014-03-26 09:21:59,limelight.cedexis.com
2014-03-26 09:22:00,limelight.cedexis.com
2014-03-26 09:22:00,cdn2.reverso.net
2014-03-26 09:22:01,cdn2.reverso.net
2014-03-26 09:22:03,ovh-rbx.bench.cedexis.com
2014-03-26 09:22:03,www.reverso.net
2014-03-26 09:22:04,www.reverso.net
2014-03-26 09:22:05,www.google.fr
2014-03-26 09:22:05,ajax.googleapis.com
2014-03-26 09:22:05,cdn2.reverso.net
2014-03-26 09:22:05,www.reverso.net
2014-03-26 09:22:06,www.facebook.com
2014-03-26 09:22:06,static.ak.facebook.com
2014-03-26 09:22:06,s-static.ak.facebook.com
2014-03-26 09:22:09,ajax.googleapis.com
2014-03-26 09:22:09,cdn2.reverso.net
2014-03-26 09:22:19,drive.google.com
2014-03-26 09:22:46,syndication.twitter.com
2014-03-26 09:23:26,www.roehampton.ac.uk
2014-03-26 09:23:27,www.roehampton.ac.uk
2014-03-26 09:23:27,translate.google.fr
2014-03-26 09:23:37,www.roehampton.ac.uk
2014-03-26 09:23:37,widget.unistats.ac.uk
2014-03-26 09:23:37,ajax.googleapis.com
2014-03-26 09:23:38,widget.unistats.ac.uk
2014-03-26 09:23:38,ajax.googleapis.com
2014-03-26 09:23:42,docs.google.com
2014-03-26 09:23:47,www.roehampton.ac.uk
2014-03-26 09:23:48,www.roehampton.ac.uk
2014-03-26 09:23:48,translate.google.fr
2014-03-26 09:23:49,www.roehampton.ac.uk
2014-03-26 09:23:49,translate.google.fr
2014-03-26 09:23:51,www.roehampton.ac.uk
2014-03-26 09:24:04,twitter.com
2014-03-26 09:24:04,translate.google.fr
2014-03-26 09:24:04,pbs.twimg.com
2014-03-26 09:24:16,docs.google.com
2014-03-26 09:24:23,twitter.com
2014-03-26 09:25:24,platform.twitter.com
2014-03-26 09:25:25,translate.google.fr
2014-03-26 09:25:25,www.roehampton.ac.uk
2014-03-26 09:25:28,www.roehampton.ac.uk
2014-03-26 09:25:43,pbs.twimg.com
2014-03-26 09:26:00,twitter.com
2014-03-26 09:26:13,docs.google.com
2014-03-26 09:26:14,pbs.twimg.com
2014-03-26 09:26:18,platform.twitter.com
2014-03-26 09:26:18,syndication.twitter.com
2014-03-26 09:26:18,www.roehampton.ac.uk
2014-03-26 09:26:19,translate.google.fr
2014-03-26 09:26:19,www.roehampton.ac.uk
2014-03-26 09:26:20,www.roehampton.ac.uk
2014-03-26 09:26:25,twitter.com
2014-03-26 09:26:25,www.roehampton.ac.uk
2014-03-26 09:26:26,platform.twitter.com
2014-03-26 09:26:26,twitter.com
2014-03-26 09:26:26,www.roehampton.ac.uk
2014-03-26 09:26:26,translate.google.fr
2014-03-26 09:26:58,twitter.com
2014-03-26 09:26:58,pbs.twimg.com
2014-03-26 09:27:27,syndication.twitter.com
2014-03-26 09:27:28,syndication.twitter.com
2014-03-26 09:27:52,platform.twitter.com
2014-03-26 09:27:55,www.roehampton.ac.uk
2014-03-26 09:27:55,drive.google.com
2014-03-26 09:27:55,translate.google.fr
2014-03-26 09:27:56,translate.google.fr
2014-03-26 09:28:16,docs.google.com
2014-03-26 09:29:50,docs.google.com
2014-03-26 09:29:56,plus.google.com
2014-03-26 09:29:56,drive.google.com
2014-03-26 09:32:05,www.roehampton.ac.uk
2014-03-26 09:32:05,translate.google.fr
2014-03-26 09:32:25,myzone.roehampton.ac.uk
2014-03-26 09:32:26,myzone.roehampton.ac.uk
2014-03-26 09:32:30,www.roehampton.ac.uk
2014-03-26 09:32:31,translate.google.fr
2014-03-26 09:32:31,www.roehampton.ac.uk
2014-03-26 09:32:56,docs.google.com
2014-03-26 09:33:36,gg.google.com
2014-03-26 09:33:50,docs.google.com
2014-03-26 09:34:13,www.bing.com
2014-03-26 09:34:14,www.bing.com
2014-03-26 09:34:15,www.bing.com
2014-03-26 09:34:15,www.lequipe.fr
2014-03-26 09:34:15,static.lequipe.fr
2014-03-26 09:34:15,cms.abmr.net
2014-03-26 09:34:15,medias.lequipe.fr
2014-03-26 09:34:15,login.live.com
2014-03-26 09:34:16,static.lequipe.fr
2014-03-26 09:34:16,www.facebook.com
2014-03-26 09:34:16,www.lequipe.fr
2014-03-26 09:34:16,netstorage.lequipe.fr
2014-03-26 09:34:16,platform.twitter.com
2014-03-26 09:34:26,www.lequipe.fr
2014-03-26 09:34:26,medias.lequipe.fr
2014-03-26 09:34:26,twitter.com
2014-03-26 09:34:27,medias.lequipe.fr
2014-03-26 09:34:27,static.lequipe.fr
2014-03-26 09:34:27,platform.twitter.com
2014-03-26 09:34:27,widget.achetezfacile.com
2014-03-26 09:34:27,www.facebook.com
2014-03-26 09:34:27,ce.lijit.com
2014-03-26 09:34:27,sa.kewego.com
2014-03-26 09:34:27,www.lequipe.fr
2014-03-26 09:34:28,netstorage.lequipe.fr
2014-03-26 09:34:28,www.lequipe.fr
2014-03-26 09:34:28,twitter.com
2014-03-26 09:34:32,widget.achetezfacile.com
2014-03-26 09:34:33,static.ak.facebook.com
2014-03-26 09:34:33,foglio.basilic.io
2014-03-26 09:34:33,i.htfacile.fr
2014-03-26 09:34:33,ajax.googleapis.com
2014-03-26 09:34:33,www.lequipe.fr
2014-03-26 09:34:33,widget.achetezfacile.com
2014-03-26 09:34:33,apis.google.com
2014-03-26 09:34:33,s-static.ak.facebook.com
2014-03-26 09:34:33,www.facebook.com
2014-03-26 09:34:34,static.lequipe.fr
2014-03-26 09:34:34,www.facebook.com
2014-03-26 09:34:34,datatc.eveiletjeux.com
2014-03-26 09:34:34,platform.twitter.com
2014-03-26 09:34:34,apis.google.com
2014-03-26 09:34:34,medias.lequipe.fr
2014-03-26 09:34:35,static.lequipe.fr
2014-03-26 09:34:35,apis.google.com
2014-03-26 09:34:36,pr.ybp.yahoo.com
2014-03-26 09:34:36,rubicon-match.dotomi.com
2014-03-26 09:34:36,c1.adform.net
2014-03-26 09:34:44,accounts.google.com
2014-03-26 09:35:34,www.lequipe.fr
2014-03-26 09:35:46,www.facebook.com
2014-03-26 09:36:00,docs.google.com
2014-03-26 09:36:00,1.docs.google.com
2014-03-26 09:36:02,0.docs.google.com
2014-03-26 09:36:02,s-static.ak.facebook.com
2014-03-26 09:36:02,accounts.google.com
2014-03-26 09:36:03,ce.lijit.com
2014-03-26 09:36:03,docs.google.com
2014-03-26 09:36:03,www.facebook.com
2014-03-26 09:36:06,www.lequipe.fr
2014-03-26 09:36:06,medias.lequipe.fr
2014-03-26 09:36:06,twitter.com
2014-03-26 09:36:06,platform.twitter.com
2014-03-26 09:36:06,static.lequipe.fr
2014-03-26 09:36:07,twitter.com
2014-03-26 09:36:07,www.facebook.com
2014-03-26 09:36:07,static.lequipe.fr
2014-03-26 09:36:07,www.lequipe.fr
2014-03-26 09:36:08,www.lequipe.fr
2014-03-26 09:36:08,netstorage.lequipe.fr
2014-03-26 09:36:08,widget.achetezfacile.com
2014-03-26 09:36:08,static.ak.facebook.com
2014-03-26 09:36:08,www.facebook.com
2014-03-26 09:36:08,s-static.ak.facebook.com
2014-03-26 09:36:09,platform.twitter.com
2014-03-26 09:36:09,i.htfacile.fr
2014-03-26 09:36:09,apis.google.com
2014-03-26 09:36:10,xml.betclick.com
2014-03-26 09:36:10,pmu.eficiens-serving.com
2014-03-26 09:36:11,eulerian.canal-plus.com
2014-03-26 09:36:15,eulerian.canal-plus.com
2014-03-26 09:36:30,platform.twitter.com
2014-03-26 09:36:30,pixel2368.everesttech.net
2014-03-26 09:36:46,static.lequipe.fr
2014-03-26 09:36:53,pixel2368.everesttech.net
2014-03-26 09:36:53,www.lequipe.fr
2014-03-26 09:36:53,medias.lequipe.fr
2014-03-26 09:36:53,sa.kewego.com
2014-03-26 09:36:53,static.lequipe.fr
2014-03-26 09:36:54,netstorage.lequipe.fr
2014-03-26 09:36:54,static.lequipe.fr
2014-03-26 09:36:54,www.facebook.com
2014-03-26 09:36:54,www.lequipe.fr
2014-03-26 09:36:55,medias.lequipe.fr
2014-03-26 09:36:55,widget.achetezfacile.com
2014-03-26 09:36:55,static.lequipe.fr
2014-03-26 09:36:55,netstorage.lequipe.fr
2014-03-26 09:36:55,twitter.com
2014-03-26 09:36:56,rbp.mxptint.net
2014-03-26 09:36:56,rp.gwallet.com
2014-03-26 09:36:56,um.simpli.fi
2014-03-26 09:36:56,i.htfacile.fr
2014-03-26 09:36:56,apis.google.com
2014-03-26 09:36:57,match.rtbidder.net
2014-03-26 09:36:57,www.facebook.com
2014-03-26 09:36:58,www.facebook.com
2014-03-26 09:36:59,static.lequipe.fr
2014-03-26 09:36:59,medias.lequipe.fr
2014-03-26 09:36:59,www.lequipe.fr
2014-03-26 09:37:00,www.facebook.com
2014-03-26 09:37:00,www.lequipe.fr
2014-03-26 09:37:00,netstorage.lequipe.fr
2014-03-26 09:37:00,twitter.com
2014-03-26 09:37:03,medias.lequipe.fr
2014-03-26 09:37:03,widget.achetezfacile.com
2014-03-26 09:37:03,tc.airfrance.com
2014-03-26 09:37:04,apis.google.com
2014-03-26 09:37:05,www.facebook.com
2014-03-26 09:37:06,medias.lequipe.fr
2014-03-26 09:37:06,platform.twitter.com
2014-03-26 09:37:06,www.lequipe.fr
2014-03-26 09:37:07,www.facebook.com
2014-03-26 09:37:07,www.lequipe.fr
2014-03-26 09:37:08,twitter.com
2014-03-26 09:37:08,eulerian.canal-plus.com
2014-03-26 09:37:08,www.facebook.com
2014-03-26 09:37:08,widget.achetezfacile.com
2014-03-26 09:37:08,platform.twitter.com
2014-03-26 09:37:08,static.ak.facebook.com
2014-03-26 09:37:08,www.lequipe.fr
2014-03-26 09:37:08,videosfr.s3.amazonaws.com
2014-03-26 09:37:09,apis.google.com
2014-03-26 09:37:10,pmu.eficiens-serving.com
2014-03-26 09:37:14,airfrance.front.bannerfactory.ecritel.net
2014-03-26 09:37:23,docs.google.com
2014-03-26 09:37:25,www.lequipe.fr
2014-03-26 09:37:25,medias.lequipe.fr
2014-03-26 09:37:25,platform.twitter.com
2014-03-26 09:37:26,www.lequipe.fr
2014-03-26 09:37:26,www.facebook.com
2014-03-26 09:37:27,twitter.com
2014-03-26 09:37:27,widget.achetezfacile.com
2014-03-26 09:37:29,platform.twitter.com
2014-03-26 09:37:29,static.ak.facebook.com
2014-03-26 09:37:29,www.lequipe.fr
2014-03-26 09:37:29,www.facebook.com
2014-03-26 09:37:29,s-static.ak.facebook.com
2014-03-26 09:37:30,i.htfacile.fr
2014-03-26 09:37:30,xml.betclick.com
2014-03-26 09:37:44,medias.lequipe.fr
2014-03-26 09:37:50,medias.lequipe.fr
2014-03-26 09:37:50,www.google.com
2014-03-26 09:37:50,ebar.lequipe.fr
2014-03-26 09:37:50,static.lequipe.fr
2014-03-26 09:37:50,platform.twitter.com
2014-03-26 09:37:50,apis.google.com
2014-03-26 09:37:50,www.lequipe.fr
2014-03-26 09:37:51,twitter.com
2014-03-26 09:37:51,s-static.ak.facebook.com
2014-03-26 09:37:51,static.ak.facebook.com
2014-03-26 09:37:51,www.facebook.com
2014-03-26 09:37:51,www.lequipe.fr
2014-03-26 09:37:51,widget.achetezfacile.com
2014-03-26 09:37:52,apis.google.com
2014-03-26 09:37:52,fr.ad4mat.net
2014-03-26 09:37:52,platform.twitter.com
2014-03-26 09:37:52,i.htfacile.fr
2014-03-26 09:37:53,api.allomatch.com
2014-03-26 09:37:54,gg.google.com
2014-03-26 09:38:00,www.facebook.com
2014-03-26 09:38:01,widget.achetezfacile.com
2014-03-26 09:38:01,static.ak.facebook.com
2014-03-26 09:38:01,platform.twitter.com
2014-03-26 09:38:01,twitter.com
2014-03-26 09:38:01,www.facebook.com
2014-03-26 09:38:01,s-static.ak.facebook.com
2014-03-26 09:38:02,apis.google.com
2014-03-26 09:38:02,i.htfacile.fr
2014-03-26 09:38:03,api.allomatch.com
2014-03-26 09:38:03,xml.betclick.com
2014-03-26 09:38:07,www.lequipe.fr
2014-03-26 09:38:07,medias.lequipe.fr
2014-03-26 09:38:07,platform.twitter.com
2014-03-26 09:38:08,www.facebook.com
2014-03-26 09:38:09,www.lequipe.fr
2014-03-26 09:38:11,twitter.com
2014-03-26 09:38:11,s-static.ak.facebook.com
2014-03-26 09:38:11,www.facebook.com
2014-03-26 09:38:11,widget.achetezfacile.com
2014-03-26 09:38:11,static.ak.facebook.com
2014-03-26 09:38:12,www.lequipe.fr
2014-03-26 09:38:12,platform.twitter.com
2014-03-26 09:38:13,banniere.reussissonsensemble.fr
2014-03-26 09:38:13,api.allomatch.com
2014-03-26 09:38:13,apis.google.com
2014-03-26 09:38:13,xml.betclick.com
2014-03-26 09:38:13,ad.publicidees.com
2014-03-26 09:39:29,docs.google.com
2014-03-26 09:39:49,docs.google.com
2014-03-26 09:39:49,0.drive.google.com
2014-03-26 09:39:49,2.docs.google.com
