timestamp,site
2013-11-22 09:32:28,office14client.microsoft.com
2013-11-22 09:32:29,office.microsoft.com
2013-11-22 09:32:30,office.microsoft.com
2014-01-23 16:56:24,fpdownload2.macromedia.com
2014-01-23 16:56:26,go.microsoft.com
2014-01-23 16:56:27,windows.microsoft.com
2014-01-23 16:56:27,res2.windows.microsoft.com
2014-01-23 16:56:27,res1.windows.microsoft.com
2014-01-23 16:56:27,ajax.microsoft.com
2014-01-23 16:56:27,js.microsoft.com
2014-01-23 16:56:30,hotmail.fr
2014-01-23 16:56:31,www.bing.com
2014-01-23 16:56:40,login.live.com
2014-01-23 16:56:58,login.live.com
2014-01-23 16:57:04,login.live.com
2014-01-23 16:57:05,login.live.com
2014-01-23 16:57:12,mail.live.com
2014-01-23 16:57:12,dub126.mail.live.com
2014-01-23 16:57:12,cid-50f40dda98ec112f.users.storage.live.com
2014-01-23 16:57:17,dub126.mail.live.com
2014-01-23 16:57:18,dub126.mail.live.com
2014-01-23 16:57:18,h2.msn.com
2014-01-23 16:57:18,people.directory.live.com
2014-01-23 16:57:18,g.msn.com
2014-01-23 16:57:20,dub126.mail.live.com
2014-01-23 16:57:21,dub126.mail.live.com
2014-01-23 16:57:21,js.live.net
2014-01-23 16:57:21,h.live.com
2014-01-23 16:57:21,p.sfx.ms
2014-01-23 16:57:21,dub126.afx.ms
2014-01-23 16:57:21,secure.shared.live.com
2014-01-23 16:57:22,secure.shared.live.com
2014-01-23 16:57:22,windowslive.tt.omtrdc.net
2014-01-23 16:57:22,h.live.com
2014-01-23 16:57:22,go.trouter.io
2014-01-23 16:57:22,api.skype.com
2014-01-23 16:57:23,h.live.com
2014-01-23 16:57:24,storage.live.com
2014-01-23 16:57:25,h.live.com
2014-01-23 16:57:25,byfiles.storage.msn.com
2014-01-23 16:57:27,login.live.com
2014-01-23 16:58:25,dub126.mail.live.com
2014-01-23 16:58:26,h.live.com
2014-01-23 16:58:28,dub126.afx.ms
2014-01-23 16:58:28,dub126.mail.live.com
2014-01-23 16:59:07,dub126.mail.live.com
2014-01-23 16:59:27,ieonline.microsoft.com
2014-01-23 16:59:28,go.microsoft.com
2014-01-23 16:59:55,secure.shared.live.com
2014-01-23 16:59:55,cid-50f40dda98ec112f.users.storage.live.com
2014-01-23 16:59:55,dub126.mail.live.com
2014-01-29 12:15:10,hotmail.fr
2014-01-29 12:15:20,login.live.com
2014-01-29 12:15:28,login.live.com
2014-01-29 12:15:50,login.live.com
2014-01-29 12:15:51,login.live.com
2014-01-29 12:15:57,mail.live.com
2014-01-29 12:16:02,people.directory.live.com
2014-01-29 12:16:02,dub126.mail.live.com
2014-01-29 12:16:09,windowslive.tt.omtrdc.net
2014-01-29 12:16:10,dub126.mail.live.com
2014-01-29 12:16:11,js.live.net
2014-01-29 12:16:11,secure.shared.live.com
2014-01-29 12:16:11,cid-50f40dda98ec112f.users.storage.live.com
2014-01-29 12:16:17,go.trouter.io
2014-01-29 12:16:17,login.live.com
2014-01-29 12:16:17,dub126.mail.live.com
2014-01-29 12:16:17,windowslive.tt.omtrdc.net
2014-01-29 12:16:20,storage.live.com
2014-01-29 12:16:20,h.live.com
2014-01-29 12:16:21,prod.registrar.skype.com
2014-01-29 12:16:25,api.skype.com
2014-01-29 12:16:34,people.directory.live.com
2014-01-29 12:16:37,secure.shared.live.com
2014-01-29 12:16:41,byfiles.storage.msn.com
2014-01-29 12:17:07,h.live.com
2014-01-29 12:17:23,dub126.mail.live.com
2014-01-29 12:17:23,h.live.com
2014-01-29 12:18:09,ieonline.microsoft.com
2014-01-29 12:18:27,h.live.com
2014-01-29 12:18:41,dub126.afx.ms
2014-01-29 12:19:05,dub126.mail.live.com
2014-01-29 12:19:29,word-view.officeapps.live.com
2014-01-29 12:20:29,word-view.officeapps.live.com
2014-01-29 12:22:30,proxy-bay-people.directory.live.com
2014-01-29 12:24:40,go.trouter.io
2014-01-29 12:24:40,word-view.officeapps.live.com
2014-02-04 11:15:21,www.foxitsoftware.com
2014-02-04 11:15:22,ad.foxitsoftware.com
2014-02-04 11:41:15,hotmail.fr
2014-02-04 11:41:27,login.live.com
2014-02-04 11:41:47,login.live.com
2014-02-04 11:42:13,windowslive.tt.omtrdc.net
2014-02-04 11:42:26,windowslive.tt.omtrdc.net
2014-02-04 11:48:39,login.live.com
2014-02-04 11:48:40,login.live.com
2014-02-04 11:48:45,mail.live.com
2014-02-04 11:48:50,dub126.mail.live.com
2014-02-04 11:48:53,dub126.mail.live.com
2014-02-04 11:48:55,dub126.mail.live.com
2014-02-04 11:48:55,www.foxitsoftware.com
2014-02-04 11:48:55,ad.foxitsoftware.com
2014-02-04 11:48:58,people.directory.live.com
2014-02-04 11:49:00,dub126.mail.live.com
2014-02-04 11:49:00,people.directory.live.com
2014-02-04 11:49:01,windowslive.tt.omtrdc.net
2014-02-04 11:49:01,dub126.mail.live.com
2014-02-04 11:49:02,h.live.com
2014-02-04 11:49:03,h.live.com
2014-02-04 11:49:04,dub126.mail.live.com
2014-02-04 11:49:04,h.bing.com
2014-02-04 11:49:04,h.live.com
2014-02-04 11:49:05,h.bing.com
2014-02-04 11:49:05,h.live.com
2014-02-04 11:49:06,dub126.mail.live.com
2014-02-04 11:49:07,dub126.mail.live.com
2014-02-04 11:49:08,cid-50f40dda98ec112f.users.storage.live.com
2014-02-04 11:49:09,dub126.mail.live.com
2014-02-04 11:49:09,byfiles.storage.msn.com
2014-02-04 11:49:10,js.live.net
2014-02-04 11:49:11,h.live.com
2014-02-04 11:49:11,dub126.mail.live.com
2014-02-04 11:49:12,secure.shared.live.com
2014-02-04 11:49:13,dub126.mail.live.com
2014-02-04 11:49:13,h.live.com
2014-02-04 11:49:13,secure.shared.live.com
2014-02-04 11:49:17,storage.live.com
2014-02-04 11:49:18,go.trouter.io
2014-02-04 11:49:27,h.live.com
2014-02-04 11:49:27,secure.shared.live.com
2014-02-04 11:49:35,dub126.mail.live.com
2014-02-04 11:49:46,login.live.com
2014-02-04 11:50:36,cid-50f40dda98ec112f.users.storage.live.com
2014-02-04 11:50:39,dub126.mail.live.com
2014-02-04 11:52:53,hotmail.fr
2014-02-04 11:53:05,login.live.com
2014-02-04 11:53:25,login.live.com
2014-02-04 11:53:27,login.live.com
2014-02-04 11:53:30,dub126.mail.live.com
2014-02-04 11:53:30,mail.live.com
2014-02-04 11:53:39,cid-50f40dda98ec112f.users.storage.live.com
2014-02-04 11:53:41,people.directory.live.com
2014-02-04 11:53:42,people.directory.live.com
2014-02-04 11:53:44,dub126.mail.live.com
2014-02-04 11:53:45,h.live.com
2014-02-04 11:53:46,h.live.com
2014-02-04 11:53:47,h.live.com
2014-02-04 11:53:49,dub126.mail.live.com
2014-02-04 11:53:49,h.live.com
2014-02-04 11:53:50,dub126.mail.live.com
2014-02-04 11:53:51,h.live.com
2014-02-04 11:53:52,home.britishairways.com
2014-02-04 11:53:52,www.britishairways.com
2014-02-04 11:53:52,byfiles.storage.msn.com
2014-02-04 11:53:53,www.britishairways.com
2014-02-04 11:53:53,js.live.net
2014-02-04 11:53:53,g.live.com
2014-02-04 11:53:53,secure.shared.live.com
2014-02-04 11:53:54,www.britishairways.com
2014-02-04 11:53:54,secure.shared.live.com
2014-02-04 11:53:55,dub126.mail.live.com
2014-02-04 11:53:55,go.trouter.io
2014-02-04 11:53:55,storage.live.com
2014-02-04 11:53:55,fpdownload2.macromedia.com
2014-02-04 11:53:55,www.britishairways.com
2014-02-04 11:53:56,www.britishairways.com
2014-02-04 11:53:57,www.britishairways.com
2014-02-04 11:53:58,www.britishairways.com
2014-02-04 11:53:58,storage.live.com
2014-02-04 11:53:58,dub126.mail.live.com
2014-02-04 11:53:59,www.britishairways.com
2014-02-04 11:53:59,windowslive.tt.omtrdc.net
2014-02-04 11:54:01,www.britishairways.com
2014-02-04 11:54:02,dub126.mail.live.com
2014-02-04 11:54:03,dub126.mail.live.com
2014-02-04 11:54:04,h.live.com
2014-02-04 11:54:04,dub126.mail.live.com
2014-02-04 11:54:12,dub126.mail.live.com
2014-02-04 11:54:13,www.facebook.com
2014-02-04 11:54:13,dub126.mail.live.com
2014-02-04 11:54:14,dub126.mail.live.com
2014-02-04 11:54:14,go.trouter.io
2014-02-04 11:54:16,www.britishairways.com
2014-02-04 11:54:33,www.britishairways.com
2014-02-04 11:54:36,www.britishairways.com
2014-02-04 11:54:38,www.britishairways.com
2014-02-04 11:54:46,www.britishairways.com
2014-02-04 11:54:47,www.britishairways.com
2014-02-04 11:54:49,www.britishairways.com
2014-02-04 11:54:50,www.britishairways.com
2014-02-04 11:54:57,www.britishairways.com
2014-02-04 11:54:59,storage.live.com
2014-02-04 11:55:00,www.britishairways.com
2014-02-04 11:55:05,www.britishairways.com
2014-02-04 11:55:07,www.britishairways.com
2014-02-04 11:55:25,www.britishairways.com
2014-02-04 11:55:26,secure.shared.live.com
2014-02-04 11:55:40,www.britishairways.com
2014-02-04 11:55:41,www.britishairways.com
2014-02-04 11:55:43,www.britishairways.com
2014-02-04 11:55:45,www.britishairways.com
2014-02-04 11:55:46,www.britishairways.com
2014-02-04 11:55:50,www.britishairways.com
2014-02-04 11:55:51,connect.facebook.net
2014-02-04 11:55:52,connect.facebook.net
2014-02-04 11:55:52,s-static.ak.facebook.com
2014-02-04 11:55:53,www.britishairways.com
2014-02-04 11:55:56,h.live.com
2014-02-04 11:55:56,dub126.mail.live.com
2014-02-04 11:55:56,www.britishairways.com
2014-02-04 11:55:58,dub126.mail.live.com
2014-02-04 11:56:10,s-static.ak.facebook.com
2014-02-04 11:56:10,www.britishairways.com
2014-02-04 11:56:11,www.britishairways.com
2014-02-04 11:56:12,www.britishairways.com
2014-02-04 11:56:15,www.britishairways.com
2014-02-04 11:56:18,www.britishairways.com
2014-02-04 11:56:21,www.britishairways.com
2014-02-04 11:56:27,survey.foreseeresults.com
2014-02-04 11:56:28,survey.foreseeresults.com
2014-02-04 11:56:31,www.britishairways.com
2014-02-04 11:56:32,survey.foreseeresults.com
2014-02-04 11:56:36,events.foreseeresults.com
2014-02-04 11:56:39,events.foreseeresults.com
2014-02-04 11:56:39,www.britishairways.com
2014-02-04 11:56:40,www.britishairways.com
2014-02-04 11:56:41,www.britishairways.com
2014-02-04 11:56:44,www.britishairways.com
2014-02-04 11:56:49,events.foreseeresults.com
2014-02-04 11:56:49,www.britishairways.com
2014-02-04 11:56:58,h.live.com
2014-02-04 11:56:59,dub126.mail.live.com
2014-02-04 11:57:02,www.avios.com
2014-02-04 11:57:05,www.avios.com
2014-02-04 11:57:05,ecn.dev.virtualearth.net
2014-02-04 11:57:06,www.avios.com
2014-02-04 11:57:06,ecn.dev.virtualearth.net
2014-02-04 11:57:07,t2.ssl.ak.dynamic.tiles.virtualearth.net
2014-02-04 11:57:07,ecn.dev.virtualearth.net
2014-02-04 11:57:07,t3.ssl.ak.dynamic.tiles.virtualearth.net
2014-02-04 11:57:07,t0.ssl.ak.dynamic.tiles.virtualearth.net
2014-02-04 11:57:07,dev.virtualearth.net
2014-02-04 11:57:07,www.avios.com
2014-02-04 11:57:07,t1.ssl.ak.dynamic.tiles.virtualearth.net
2014-02-04 11:57:08,ecn.dev.virtualearth.net
2014-02-04 11:57:08,t3.ssl.ak.dynamic.tiles.virtualearth.net
2014-02-04 11:57:08,t2.ssl.ak.dynamic.tiles.virtualearth.net
2014-02-04 11:57:08,t1.ssl.ak.dynamic.tiles.virtualearth.net
2014-02-04 11:57:08,t0.ssl.ak.dynamic.tiles.virtualearth.net
2014-02-04 11:57:37,t3.ssl.ak.dynamic.tiles.virtualearth.net
2014-02-04 11:57:37,www.avios.com
2014-02-04 11:57:37,ecn.dev.virtualearth.net
2014-02-04 11:57:37,t2.ssl.ak.dynamic.tiles.virtualearth.net
2014-02-04 11:57:37,t1.ssl.ak.dynamic.tiles.virtualearth.net
2014-02-04 11:57:37,t0.ssl.ak.dynamic.tiles.virtualearth.net
2014-02-04 11:57:39,t2.ssl.ak.dynamic.tiles.virtualearth.net
2014-02-04 11:57:39,dev.virtualearth.net
2014-02-04 11:57:39,t0.ssl.ak.dynamic.tiles.virtualearth.net
2014-02-04 11:57:39,t1.ssl.ak.dynamic.tiles.virtualearth.net
2014-02-04 11:57:39,t3.ssl.ak.dynamic.tiles.virtualearth.net
2014-02-04 11:58:07,t1.ssl.ak.dynamic.tiles.virtualearth.net
2014-02-04 11:58:32,t3.ssl.ak.dynamic.tiles.virtualearth.net
2014-02-04 11:58:32,t1.ssl.ak.dynamic.tiles.virtualearth.net
2014-02-04 11:58:32,dev.virtualearth.net
2014-02-04 11:59:02,www.avios.com
2014-02-04 11:59:03,www.britishairways.com
2014-02-04 11:59:03,www.avios.com
2014-02-04 11:59:06,www.britishairways.com
2014-02-04 11:59:08,www.britishairways.com
2014-02-04 11:59:09,www.britishairways.com
2014-02-04 11:59:10,www.britishairways.com
2014-02-04 11:59:15,www.britishairways.com
2014-02-04 11:59:17,www.britishairways.com
2014-02-04 11:59:25,www.avios.com
2014-02-04 11:59:26,www.britishairways.com
2014-02-04 11:59:26,dev.virtualearth.net
2014-02-04 11:59:29,www.britishairways.com
2014-02-04 11:59:31,www.britishairways.com
2014-02-04 11:59:33,www.britishairways.com
2014-02-04 11:59:34,www.britishairways.com
2014-02-04 11:59:46,www.britishairways.com
2014-02-04 11:59:49,www.britishairways.com
2014-02-04 11:59:58,www.britishairways.com
2014-02-04 12:00:04,www.britishairways.com
2014-02-04 12:00:07,www.britishairways.com
2014-02-04 12:00:16,www.britishairways.com
2014-02-04 12:00:23,www.britishairways.com
2014-02-04 12:00:34,www.britishairways.com
2014-02-04 12:00:35,www.britishairways.com
2014-02-04 12:00:39,www.britishairways.com
2014-02-04 12:00:43,www.britishairways.com
2014-02-04 12:00:46,www.britishairways.com
2014-02-04 12:00:49,www.britishairways.com
2014-02-04 12:01:07,dub126.mail.live.com
2014-02-26 10:17:23,player.vimeo.com
2014-02-26 10:17:25,fpdownload2.macromedia.com
2014-02-26 10:21:16,hotmail.fr
2014-02-26 10:21:28,login.live.com
2014-02-26 10:21:48,login.live.com
2014-02-26 10:22:15,windowslive.tt.omtrdc.net
2014-02-26 10:22:19,windowslive.tt.omtrdc.net
2014-02-26 10:22:42,login.live.com
2014-02-26 10:22:43,login.live.com
2014-02-26 10:22:50,mail.live.com
2014-02-26 10:22:56,dub126.mail.live.com
2014-02-26 10:22:58,dub126.mail.live.com
2014-02-26 10:23:03,people.directory.live.com
2014-02-26 10:23:04,people.directory.live.com
2014-02-26 10:23:08,h.live.com
2014-02-26 10:23:09,h.live.com
2014-02-26 10:23:10,dub126.mail.live.com
2014-02-26 10:23:11,h.live.com
2014-02-26 10:23:11,dub126.mail.live.com
2014-02-26 10:23:11,windowslive.tt.omtrdc.net
2014-02-26 10:23:12,dub126.mail.live.com
2014-02-26 10:23:12,h.live.com
2014-02-26 10:23:13,cid-50f40dda98ec112f.users.storage.live.com
2014-02-26 10:23:14,h.live.com
2014-02-26 10:23:15,byfiles.storage.msn.com
2014-02-26 10:23:15,h.live.com
2014-02-26 10:23:15,dub126.mail.live.com
2014-02-26 10:23:16,dub126.mail.live.com
2014-02-26 10:23:16,js.live.net
2014-02-26 10:23:17,dub126.mail.live.com
2014-02-26 10:23:17,secure.shared.live.com
2014-02-26 10:23:20,go.trouter.io
2014-02-26 10:23:20,storage.live.com
2014-02-26 10:23:31,secure.shared.live.com
2014-02-26 10:23:31,dub126.mail.live.com
2014-02-26 10:24:03,dub126.mail.live.com
2014-02-26 10:24:04,dub126.mail.live.com
2014-02-26 10:24:04,h.live.com
2014-02-26 10:24:05,dub126.mail.live.com
2014-02-26 10:24:39,p.sfx.ms
2014-02-26 10:24:43,h.live.com
2014-02-26 10:24:44,dub126.mail.live.com
2014-02-26 10:24:47,h2.msn.com
2014-02-26 10:24:47,g.msn.com
2014-02-26 10:24:51,h2.msn.com
2014-02-26 10:25:08,h.live.com
2014-02-26 10:25:21,g.msn.com
2014-02-26 10:25:54,h.live.com
2014-02-26 10:26:10,dub126.mail.live.com
2014-02-26 10:26:21,www.foxitsoftware.com
2014-02-26 10:26:25,ad.foxitsoftware.com
2014-02-26 11:30:55,hotmail.fr
2014-02-26 11:31:07,login.live.com
2014-02-26 11:31:12,mail.live.com
2014-02-26 11:31:12,dub126.mail.live.com
2014-02-26 11:31:25,cid-50f40dda98ec112f.users.storage.live.com
2014-02-26 11:31:27,people.directory.live.com
2014-02-26 11:31:32,h.live.com
2014-02-26 11:31:35,dub126.mail.live.com
2014-02-26 11:31:37,js.live.net
2014-02-26 11:31:37,dub126.mail.live.com
2014-02-26 11:31:37,people.directory.live.com
2014-02-26 11:31:38,h.live.com
2014-02-26 11:31:38,dub126.mail.live.com
2014-02-26 11:31:39,dub126.afx.ms
2014-02-26 11:31:39,dub126.mail.live.com
2014-02-26 11:31:39,byfiles.storage.msn.com
2014-02-26 11:31:40,dub126.afx.ms
2014-02-26 11:31:41,dub126.afx.ms
2014-02-26 11:31:42,h.live.com
2014-02-26 11:31:42,dub126.afx.ms
2014-02-26 11:31:53,dub126.mail.live.com
2014-02-26 11:31:55,dub126.mail.live.com
2014-02-26 11:31:56,h.live.com
2014-02-26 11:31:56,dub126.mail.live.com
2014-02-26 11:31:56,secure.shared.live.com
2014-02-26 11:31:57,secure.shared.live.com
2014-02-26 11:31:58,dub126.mail.live.com
2014-02-26 11:31:58,h.live.com
2014-02-26 11:31:59,storage.live.com
2014-02-26 11:31:59,go.trouter.io
2014-02-26 11:32:01,storage.live.com
2014-02-26 11:32:02,secure.shared.live.com
2014-02-26 11:32:09,dub126.mail.live.com
2014-02-26 11:32:10,h.live.com
2014-02-26 11:32:13,h.live.com
2014-02-26 11:34:10,dub126.mail.live.com
2014-02-26 11:57:43,www.foxitsoftware.com
2014-03-19 10:38:20,www.foxitsoftware.com
2014-03-19 10:38:20,ad.foxitsoftware.com
2014-03-19 10:40:20,www.foxitsoftware.com
2014-03-19 10:40:22,ad.foxitsoftware.com
2014-03-19 10:44:55,api.bing.com
2014-03-19 10:44:56,api.bing.com
2014-03-19 10:44:57,api.bing.com
2014-03-19 10:44:58,api.bing.com
2014-03-19 10:44:58,www.bing.com
2014-03-19 10:45:01,www.bing.com
2014-03-19 10:45:02,www.bing.com
2014-03-19 10:45:03,login.live.com
2014-03-19 10:45:03,www.bing.com
2014-03-19 10:45:04,www.bing.com
2014-03-19 10:45:05,www.bing.com
2014-03-19 10:45:06,www.bing.com
2014-03-19 10:45:06,ts4.mm.bing.net
2014-03-19 10:45:06,ts1.mm.bing.net
2014-03-19 10:45:07,ts1.mm.bing.net
2014-03-19 10:45:07,ts3.mm.bing.net
2014-03-19 10:45:07,ts2.mm.bing.net
2014-03-19 10:45:07,ts4.mm.bing.net
2014-03-19 10:45:07,www.bing.com
2014-03-19 10:45:08,ts2.mm.bing.net
2014-03-19 10:45:08,ts4.mm.bing.net
2014-03-19 10:45:08,www.bing.com
2014-03-19 10:45:08,ts1.mm.bing.net
2014-03-19 10:45:08,ts3.mm.bing.net
2014-03-19 10:45:09,ts1.mm.bing.net
2014-03-19 10:45:09,ts3.mm.bing.net
2014-03-19 10:45:09,ts2.mm.bing.net
2014-03-19 10:45:09,www.bing.com
2014-03-19 10:45:09,ts4.mm.bing.net
2014-03-19 10:45:10,ts4.mm.bing.net
2014-03-19 10:45:10,ts3.mm.bing.net
2014-03-19 10:45:10,ts1.mm.bing.net
2014-03-19 10:45:10,www.bing.com
2014-03-19 10:45:10,ts2.mm.bing.net
2014-03-19 10:45:10,cms.abmr.net
2014-03-19 10:45:11,www.bing.com
2014-03-19 10:45:11,ts3.mm.bing.net
2014-03-19 10:45:11,ts2.mm.bing.net
2014-03-19 10:45:11,ts4.mm.bing.net
2014-03-19 10:45:11,ts1.mm.bing.net
2014-03-19 10:45:12,ts2.mm.bing.net
2014-03-19 10:45:12,ts3.mm.bing.net
2014-03-19 10:45:12,ts1.mm.bing.net
2014-03-19 10:45:12,ts4.mm.bing.net
2014-03-19 10:45:12,www.bing.com
2014-03-19 10:45:13,www.bing.com
2014-03-19 10:45:13,ts1.mm.bing.net
2014-03-19 10:45:13,ts2.mm.bing.net
2014-03-19 10:45:13,ts4.mm.bing.net
2014-03-19 10:45:13,ts3.mm.bing.net
2014-03-19 10:45:14,ts1.mm.bing.net
2014-03-19 10:45:14,ts2.mm.bing.net
2014-03-19 10:45:14,ts4.mm.bing.net
2014-03-19 10:45:14,www.bing.com
2014-03-19 10:45:15,ts4.mm.bing.net
2014-03-19 10:45:15,ts3.mm.bing.net
2014-03-19 10:45:15,ts2.mm.bing.net
2014-03-19 10:45:15,ts1.mm.bing.net
2014-03-19 10:45:16,ts3.mm.bing.net
2014-03-19 10:45:16,ts1.mm.bing.net
2014-03-19 10:45:16,ts4.mm.bing.net
2014-03-19 10:45:16,ts2.mm.bing.net
2014-03-19 10:45:17,www.bing.com
2014-03-19 10:45:17,ts4.mm.bing.net
2014-03-19 10:45:17,ts3.mm.bing.net
2014-03-19 10:45:17,ts1.mm.bing.net
2014-03-19 10:45:17,ts2.mm.bing.net
2014-03-19 10:45:17,api.bing.com
2014-03-19 10:45:19,www.bing.com
2014-03-19 10:45:20,ts1.mm.bing.net
2014-03-19 10:45:20,ts4.mm.bing.net
2014-03-19 10:45:20,ts3.mm.bing.net
2014-03-19 10:45:20,www.bing.com
2014-03-19 10:45:21,ts2.mm.bing.net
2014-03-19 10:45:21,ts1.mm.bing.net
2014-03-19 10:45:21,ts3.mm.bing.net
2014-03-19 10:45:21,ts4.mm.bing.net
2014-03-19 10:45:21,www.bing.com
2014-03-19 10:45:22,ts4.mm.bing.net
2014-03-19 10:45:22,ts2.mm.bing.net
2014-03-19 10:45:22,ts3.mm.bing.net
2014-03-19 10:45:22,ts1.mm.bing.net
2014-03-19 10:45:23,ts4.mm.bing.net
2014-03-19 10:45:23,ts3.mm.bing.net
2014-03-19 10:45:23,ts1.mm.bing.net
2014-03-19 10:45:23,www.bing.com
2014-03-19 10:45:23,ts2.mm.bing.net
2014-03-19 10:45:24,ts2.mm.bing.net
2014-03-19 10:45:24,ts1.mm.bing.net
2014-03-19 10:45:24,www.bing.com
2014-03-19 10:45:24,ts4.mm.bing.net
2014-03-19 10:45:24,ts3.mm.bing.net
2014-03-19 10:45:24,login.live.com
2014-03-19 10:45:25,ts3.mm.bing.net
2014-03-19 10:45:25,www.bing.com
2014-03-19 10:45:25,ts1.mm.bing.net
2014-03-19 10:45:25,ts4.mm.bing.net
2014-03-19 10:45:26,ts4.mm.bing.net
2014-03-19 10:45:26,ts3.mm.bing.net
2014-03-19 10:45:26,ts2.mm.bing.net
2014-03-19 10:45:26,ts1.mm.bing.net
2014-03-19 10:45:26,www.bing.com
2014-03-19 10:45:27,ts2.mm.bing.net
2014-03-19 10:45:27,ts4.mm.bing.net
2014-03-19 10:45:27,ts1.mm.bing.net
2014-03-19 10:45:28,ts1.mm.bing.net
2014-03-19 10:45:28,ts3.mm.bing.net
2014-03-19 10:45:28,ts2.mm.bing.net
2014-03-19 10:45:28,www.bing.com
2014-03-19 10:45:28,ts4.mm.bing.net
2014-03-19 10:45:29,ts2.mm.bing.net
2014-03-19 10:45:29,ts3.mm.bing.net
2014-03-19 10:45:29,ts1.mm.bing.net
2014-03-19 10:45:29,ts4.mm.bing.net
2014-03-19 10:45:30,ts3.mm.bing.net
2014-03-19 10:45:30,ts1.mm.bing.net
2014-03-19 10:45:30,ts2.mm.bing.net
2014-03-19 10:45:30,www.bing.com
2014-03-19 10:45:30,ssl.bing.com
2014-03-19 10:45:30,ts4.mm.bing.net
2014-03-19 10:45:31,ts3.mm.bing.net
2014-03-19 10:45:31,www.bing.com
2014-03-19 10:45:31,ts1.mm.bing.net
2014-03-19 10:45:31,ts2.mm.bing.net
2014-03-19 10:45:31,ts4.mm.bing.net
2014-03-19 10:45:32,ts2.mm.bing.net
2014-03-19 10:45:32,ts4.mm.bing.net
2014-03-19 10:45:32,ts3.mm.bing.net
2014-03-19 10:45:32,ts1.mm.bing.net
2014-03-19 10:45:33,ts2.mm.bing.net
2014-03-19 10:45:33,ts4.mm.bing.net
2014-03-19 10:45:33,ts1.mm.bing.net
2014-03-19 10:45:33,ts3.mm.bing.net
2014-03-19 10:45:34,www.bing.com
2014-03-19 10:45:34,ts1.mm.bing.net
2014-03-19 10:45:34,ts4.mm.bing.net
2014-03-19 10:45:34,ts2.mm.bing.net
2014-03-19 10:45:34,ts3.mm.bing.net
2014-03-19 10:45:35,ts2.mm.bing.net
2014-03-19 10:45:35,ts3.mm.bing.net
2014-03-19 10:45:35,ts4.mm.bing.net
2014-03-19 10:45:35,ts1.mm.bing.net
2014-03-19 10:45:35,www.bing.com
2014-03-19 10:45:36,ts1.mm.bing.net
2014-03-19 10:45:36,ts3.mm.bing.net
2014-03-19 10:45:38,www.bing.com
2014-03-19 10:45:42,www.bing.com
2014-03-19 10:45:42,ts1.mm.bing.net
2014-03-19 10:45:43,ts1.mm.bing.net
2014-03-19 10:45:43,www.bing.com
2014-03-19 10:45:44,ts1.mm.bing.net
2014-03-19 10:45:44,www.bing.com
2014-03-19 10:45:46,www.bing.com
2014-03-19 10:45:48,www.bing.com
2014-03-19 10:45:49,www.bing.com
2014-03-19 10:45:49,ts3.mm.bing.net
2014-03-19 10:45:49,www.pleinchamp.com
2014-03-19 10:45:50,espacepourlavie.ca
2014-03-19 10:45:52,fertifondp.siaap.fr
2014-03-19 10:45:52,vignevin-sudouest.com
2014-03-19 10:45:52,4.bp.blogspot.com
2014-03-19 10:45:52,i82.servimg.com
2014-03-19 10:45:53,img.over-blog.com
2014-03-19 10:45:53,ts1.mm.bing.net
2014-03-19 10:45:53,webetab.ac-bordeaux.fr
2014-03-19 10:45:53,a401.idata.over-blog.com
2014-03-19 10:45:53,www.gersol.com
2014-03-19 10:45:54,ts1.mm.bing.net
2014-03-19 10:45:54,www.bing.com
2014-03-19 10:45:55,i0.wp.com
2014-03-19 10:45:58,ts1.mm.bing.net
2014-03-19 10:47:03,www.bing.com
2014-03-19 10:51:36,www.bing.com
2014-03-19 10:51:37,www.bing.com
2014-03-19 10:51:39,ts1.mm.bing.net
2014-03-19 10:51:39,svt.ac-dijon.fr
2014-03-19 10:51:39,3.bp.blogspot.com
2014-03-19 10:51:41,www.bing.com
2014-03-19 10:51:41,ts1.mm.bing.net
2014-03-19 10:51:42,ts1.mm.bing.net
2014-03-19 10:51:43,ts1.mm.bing.net
2014-03-19 10:51:43,www.bing.com
2014-03-19 10:51:44,ts1.mm.bing.net
2014-03-19 10:51:44,api.bing.com
2014-03-19 10:51:45,api.bing.com
2014-03-19 10:51:45,www.bing.com
2014-03-19 10:51:46,api.bing.com
2014-03-19 10:51:47,api.bing.com
2014-03-19 10:51:48,api.bing.com
2014-03-19 10:51:49,api.bing.com
2014-03-19 10:51:50,api.bing.com
2014-03-19 10:51:51,api.bing.com
2014-03-19 10:51:52,api.bing.com
2014-03-19 10:51:53,api.bing.com
2014-03-19 10:51:54,api.bing.com
2014-03-19 10:51:55,www.bing.com
2014-03-19 10:51:55,ts3.mm.bing.net
2014-03-19 10:51:55,ts2.mm.bing.net
2014-03-19 10:51:55,ts1.mm.bing.net
2014-03-19 10:51:55,ts4.mm.bing.net
2014-03-19 10:51:56,www.bing.com
2014-03-19 10:51:56,ts4.mm.bing.net
2014-03-19 10:51:56,ts3.mm.bing.net
2014-03-19 10:51:56,ts1.mm.bing.net
2014-03-19 10:51:56,ts2.mm.bing.net
2014-03-19 10:51:57,ts1.mm.bing.net
2014-03-19 10:51:57,ts3.mm.bing.net
2014-03-19 10:51:57,www.bing.com
2014-03-19 10:51:57,ts2.mm.bing.net
2014-03-19 10:51:57,ts4.mm.bing.net
2014-03-19 10:51:58,www.bing.com
2014-03-19 10:51:58,ts4.mm.bing.net
2014-03-19 10:51:58,ts1.mm.bing.net
2014-03-19 10:51:58,ts3.mm.bing.net
2014-03-19 10:51:58,ts2.mm.bing.net
2014-03-19 10:51:59,ts1.mm.bing.net
2014-03-19 10:51:59,www.bing.com
2014-03-19 10:51:59,ts2.mm.bing.net
2014-03-19 10:51:59,ts4.mm.bing.net
2014-03-19 10:51:59,ts3.mm.bing.net
2014-03-19 10:51:59,api.bing.com
2014-03-19 10:52:00,ts1.mm.bing.net
2014-03-19 10:52:00,www.bing.com
2014-03-19 10:52:00,ts2.mm.bing.net
2014-03-19 10:52:00,ts3.mm.bing.net
2014-03-19 10:52:00,ts4.mm.bing.net
2014-03-19 10:52:01,ts1.mm.bing.net
2014-03-19 10:52:01,ts3.mm.bing.net
2014-03-19 10:52:01,www.bing.com
2014-03-19 10:52:02,www.bing.com
2014-03-19 10:52:03,www.bing.com
2014-03-19 10:52:04,ts1.mm.bing.net
2014-03-19 10:52:04,www.bing.com
2014-03-19 10:52:05,www.bing.com
2014-03-19 10:52:06,ts3.mm.bing.net
2014-03-19 10:52:06,ts1.mm.bing.net
2014-03-19 10:52:06,ts2.mm.bing.net
2014-03-19 10:52:06,ts4.mm.bing.net
2014-03-19 10:52:07,www.bing.com
2014-03-19 10:52:07,ts2.mm.bing.net
2014-03-19 10:52:07,ts4.mm.bing.net
2014-03-19 10:52:07,ts1.mm.bing.net
2014-03-19 10:52:08,ts1.mm.bing.net
2014-03-19 10:52:08,www.bing.com
2014-03-19 10:52:08,ts2.mm.bing.net
2014-03-19 10:52:08,ts4.mm.bing.net
2014-03-19 10:52:08,ts3.mm.bing.net
2014-03-19 10:52:09,www.bing.com
2014-03-19 10:52:11,www.bing.com
2014-03-19 10:52:11,ts3.mm.bing.net
2014-03-19 10:52:11,ts1.mm.bing.net
2014-03-19 10:52:12,p0.storage.canalblog.com
2014-03-19 10:52:12,i205.photobucket.com
2014-03-19 10:52:12,login.live.com
2014-03-19 10:52:12,www.bing.com
2014-03-19 10:52:13,sigmap.perso.neuf.fr
2014-03-19 10:52:15,users.skynet.be
2014-03-19 10:52:15,www.coloriage-dessin.com
2014-03-19 10:52:15,www.bing.com
2014-03-19 10:52:15,ssl.bing.com
2014-03-19 10:52:15,ts1.mm.bing.net
2014-03-19 10:52:15,www.kerudo.net
2014-03-19 10:52:15,www.coloriage-enfants.com
2014-03-19 10:52:16,www.id2sorties.com
2014-03-19 10:52:16,www.compop.net
2014-03-19 10:52:16,www.bing.com
2014-03-19 10:52:23,www.bing.com
2014-03-19 10:52:23,i205.photobucket.com
2014-03-19 10:52:24,www.bing.com
2014-03-19 10:52:25,www.bing.com
2014-03-19 10:52:25,ts1.mm.bing.net
2014-03-19 10:52:26,www.bing.com
2014-03-19 10:52:26,ts1.mm.bing.net
2014-03-19 10:52:27,www.bing.com
2014-03-19 10:52:27,ts1.mm.bing.net
2014-03-19 10:52:28,www.bing.com
2014-03-19 10:52:28,ts1.mm.bing.net
2014-03-19 10:52:29,ts1.mm.bing.net
2014-03-19 10:52:29,www.bing.com
2014-03-19 10:52:30,www.galerie-com.com
2014-03-19 10:52:30,www.bing.com
2014-03-19 10:52:30,jpma.pagesperso-orange.fr
2014-03-19 10:52:30,ts1.mm.bing.net
2014-03-19 10:52:30,ts4.mm.bing.net
2014-03-19 10:52:31,www.amelie-claire-illustration.com
2014-03-19 10:52:31,www.bing.com
2014-03-19 10:52:32,ts1.mm.bing.net
2014-03-19 10:52:32,www.bing.com
2014-03-19 10:52:32,idata.over-blog.com
2014-03-19 10:52:32,static.skynetblogs.be
2014-03-19 10:52:32,a400.idata.over-blog.com
2014-03-19 10:52:33,ts1.mm.bing.net
2014-03-19 10:52:33,www.bing.com
2014-03-19 10:52:34,ts1.mm.bing.net
2014-03-19 10:52:35,www.bing.com
2014-03-19 10:52:35,ts1.mm.bing.net
2014-03-19 10:52:35,ts4.mm.bing.net
2014-03-19 10:52:35,ts2.mm.bing.net
2014-03-19 10:52:35,ts3.mm.bing.net
2014-03-19 10:52:36,ts1.mm.bing.net
2014-03-19 10:52:36,ts3.mm.bing.net
2014-03-19 10:52:36,ts2.mm.bing.net
2014-03-19 10:52:36,ts4.mm.bing.net
2014-03-19 10:52:37,ts3.mm.bing.net
2014-03-19 10:52:37,ts1.mm.bing.net
2014-03-19 10:52:37,ts4.mm.bing.net
2014-03-19 10:52:37,ts2.mm.bing.net
2014-03-19 10:52:37,www.bing.com
2014-03-19 10:52:38,www.bing.com
2014-03-19 10:52:41,ts1.mm.bing.net
2014-03-19 10:52:42,ts4.mm.bing.net
2014-03-19 10:52:42,www.bing.com
2014-03-19 10:52:42,ts1.mm.bing.net
2014-03-19 10:52:43,ts4.mm.bing.net
2014-03-19 10:52:43,ts2.mm.bing.net
2014-03-19 10:52:43,ts3.mm.bing.net
2014-03-19 10:52:43,ts1.mm.bing.net
2014-03-19 10:52:44,ts2.mm.bing.net
2014-03-19 10:52:44,ts1.mm.bing.net
2014-03-19 10:52:44,ts4.mm.bing.net
2014-03-19 10:52:44,ts3.mm.bing.net
2014-03-19 10:52:44,www.bing.com
2014-03-19 10:52:46,www.bing.com
2014-03-19 10:52:46,ts1.mm.bing.net
2014-03-19 10:52:47,www.bing.com
2014-03-19 10:52:47,ts1.mm.bing.net
2014-03-19 10:52:48,ts1.mm.bing.net
2014-03-19 10:52:49,www.bing.com
2014-03-19 10:52:50,www.bing.com
2014-03-19 10:52:50,ts1.mm.bing.net
2014-03-19 10:52:51,ts1.mm.bing.net
2014-03-19 10:52:52,ts3.mm.bing.net
2014-03-19 10:52:52,www.bing.com
2014-03-19 10:52:52,ts1.mm.bing.net
2014-03-19 10:52:52,ts4.mm.bing.net
2014-03-19 10:52:52,ts2.mm.bing.net
2014-03-19 10:52:53,ts3.mm.bing.net
2014-03-19 10:52:53,ts4.mm.bing.net
2014-03-19 10:52:53,ts1.mm.bing.net
2014-03-19 10:52:54,www.bing.com
2014-03-19 10:52:54,ts1.mm.bing.net
2014-03-19 10:52:54,ts2.mm.bing.net
2014-03-19 10:52:54,ts3.mm.bing.net
2014-03-19 10:52:54,ts4.mm.bing.net
2014-03-19 10:52:55,ts3.mm.bing.net
2014-03-19 10:52:55,www.courrierinternational.com
2014-03-19 10:52:55,ts1.mm.bing.net
2014-03-19 10:52:55,www.bing.com
2014-03-19 10:52:56,media.paperblog.fr
2014-03-19 10:52:56,www.coloriages-enfants.net
2014-03-19 10:52:56,a404.idata.over-blog.com
2014-03-19 10:52:56,3.bp.blogspot.com
2014-03-19 10:52:56,img.over-blog.com
2014-03-19 10:52:57,www.luxe-campagne.fr
2014-03-19 10:52:57,ts1.mm.bing.net
2014-03-19 10:52:57,img.coloriagesgratuits.com
2014-03-19 10:52:57,www.dessins-et-tableaux-de-france.com
2014-03-19 10:52:57,www.bonjourlesenfants.net
2014-03-19 10:53:02,ts1.mm.bing.net
2014-03-19 10:53:07,www.bing.com
2014-03-19 10:53:08,ts1.mm.bing.net
2014-03-19 10:53:09,ts1.mm.bing.net
2014-03-19 10:53:09,www.bing.com
2014-03-19 10:53:10,ts4.mm.bing.net
2014-03-19 10:53:10,www.bing.com
2014-03-19 10:53:10,ts1.mm.bing.net
2014-03-19 10:53:11,ts1.mm.bing.net
2014-03-19 10:53:11,ts4.mm.bing.net
2014-03-19 10:53:11,ts3.mm.bing.net
2014-03-19 10:53:12,ts3.mm.bing.net
2014-03-19 10:53:12,www.bing.com
2014-03-19 10:53:12,ts1.mm.bing.net
2014-03-19 10:53:12,ts2.mm.bing.net
2014-03-19 10:53:12,ts4.mm.bing.net
2014-03-19 10:53:13,ts2.mm.bing.net
2014-03-19 10:53:13,ts3.mm.bing.net
2014-03-19 10:53:13,ts4.mm.bing.net
2014-03-19 10:53:13,ts1.mm.bing.net
2014-03-19 10:53:14,www.bing.com
2014-03-19 10:53:16,www.bing.com
2014-03-19 10:53:19,www.bing.com
2014-03-19 10:53:24,ts3.mm.bing.net
2014-03-19 10:53:24,ts2.mm.bing.net
2014-03-19 10:53:24,www.bing.com
2014-03-19 10:53:24,ts1.mm.bing.net
2014-03-19 10:53:24,ts4.mm.bing.net
2014-03-19 10:53:25,ts3.mm.bing.net
2014-03-19 10:53:25,ts2.mm.bing.net
2014-03-19 10:53:25,ts1.mm.bing.net
2014-03-19 10:53:25,ts4.mm.bing.net
2014-03-19 10:53:26,ts2.mm.bing.net
2014-03-19 10:53:26,ts4.mm.bing.net
2014-03-19 10:53:26,ts1.mm.bing.net
2014-03-19 10:53:26,ts3.mm.bing.net
2014-03-19 10:53:26,www.bing.com
2014-03-19 10:53:27,ts1.mm.bing.net
2014-03-19 10:53:27,ts2.mm.bing.net
2014-03-19 10:53:27,ts3.mm.bing.net
2014-03-19 10:53:27,ts4.mm.bing.net
2014-03-19 10:53:28,ts3.mm.bing.net
2014-03-19 10:53:28,ts2.mm.bing.net
2014-03-19 10:53:29,ts1.mm.bing.net
2014-03-19 10:53:30,www.bing.com
2014-03-19 10:53:31,ts1.mm.bing.net
2014-03-19 10:53:31,www.bing.com
2014-03-19 10:53:32,ts1.mm.bing.net
2014-03-19 10:53:32,ts4.mm.bing.net
2014-03-19 10:53:32,ts3.mm.bing.net
2014-03-19 10:53:32,ts2.mm.bing.net
2014-03-19 10:53:33,ts1.mm.bing.net
2014-03-19 10:53:33,ts2.mm.bing.net
2014-03-19 10:53:33,ts4.mm.bing.net
2014-03-19 10:53:33,www.bing.com
2014-03-19 10:53:33,ts3.mm.bing.net
2014-03-19 10:53:34,www.bing.com
2014-03-19 10:53:34,ts1.mm.bing.net
2014-03-19 10:53:36,www.bing.com
2014-03-19 10:53:36,ts1.mm.bing.net
2014-03-19 10:53:37,ts1.mm.bing.net
2014-03-19 10:53:37,ts3.mm.bing.net
2014-03-19 10:53:37,www.bing.com
2014-03-19 10:53:38,idata.over-blog.com
2014-03-19 10:53:38,itimage.univ-nancy2.fr
2014-03-19 10:53:39,claude-piot.pagesperso-orange.fr
2014-03-19 10:53:39,www.longjumeau.fr
2014-03-19 10:53:39,www.livegalerie.com
2014-03-19 10:53:40,www2.ville.montreal.qc.ca
2014-03-19 10:53:40,a133.idata.over-blog.com
2014-03-19 10:53:40,ts1.mm.bing.net
2014-03-19 10:53:40,art-engage.net
2014-03-19 10:53:41,blog.artopterre.com
2014-03-19 10:53:41,st.gdefon.com
2014-03-19 10:53:42,ts1.mm.bing.net
2014-03-19 10:53:42,www.bing.com
2014-03-19 10:53:43,ts1.mm.bing.net
2014-03-19 10:53:44,www.bing.com
2014-03-19 10:53:44,ts1.mm.bing.net
2014-03-19 10:53:45,www.bing.com
2014-03-19 10:53:45,ts1.mm.bing.net
2014-03-19 10:53:48,www.bing.com
2014-03-19 10:53:49,www.bing.com
2014-03-19 10:53:50,ts1.mm.bing.net
2014-03-19 10:53:53,www.bing.com
2014-03-19 10:53:53,ts1.mm.bing.net
2014-03-19 10:53:54,ts2.mm.bing.net
2014-03-19 10:53:54,ts3.mm.bing.net
2014-03-19 10:53:54,ts1.mm.bing.net
2014-03-19 10:53:54,ts4.mm.bing.net
2014-03-19 10:53:55,ts4.mm.bing.net
2014-03-19 10:53:55,ts3.mm.bing.net
2014-03-19 10:53:55,ts2.mm.bing.net
2014-03-19 10:53:55,ts1.mm.bing.net
2014-03-19 10:53:56,ts1.mm.bing.net
2014-03-19 10:53:56,ts4.mm.bing.net
2014-03-19 10:53:56,www.bing.com
2014-03-19 10:53:56,ts3.mm.bing.net
2014-03-19 10:53:56,ts2.mm.bing.net
2014-03-19 10:53:57,ts1.mm.bing.net
2014-03-19 10:53:57,www.bing.com
2014-03-19 10:53:57,ts3.mm.bing.net
2014-03-19 10:53:57,ts4.mm.bing.net
2014-03-19 10:53:58,ts4.mm.bing.net
2014-03-19 10:53:58,ts2.mm.bing.net
2014-03-19 10:53:58,ts1.mm.bing.net
2014-03-19 10:53:58,ts3.mm.bing.net
2014-03-19 10:53:59,www.bing.com
2014-03-19 10:53:59,ts1.mm.bing.net
2014-03-19 10:53:59,ts4.mm.bing.net
2014-03-19 10:53:59,ts2.mm.bing.net
2014-03-19 10:53:59,ts3.mm.bing.net
2014-03-19 10:54:00,ts1.mm.bing.net
2014-03-19 10:54:00,www.bing.com
2014-03-19 10:54:01,ts4.mm.bing.net
2014-03-19 10:54:01,ts2.mm.bing.net
2014-03-19 10:54:01,ts3.mm.bing.net
2014-03-19 10:54:01,ts1.mm.bing.net
2014-03-19 10:54:02,ts4.mm.bing.net
2014-03-19 10:54:02,ts2.mm.bing.net
2014-03-19 10:54:02,ts1.mm.bing.net
2014-03-19 10:54:02,ts3.mm.bing.net
2014-03-19 10:54:03,ts4.mm.bing.net
2014-03-19 10:54:03,ts2.mm.bing.net
2014-03-19 10:54:03,ts1.mm.bing.net
2014-03-19 10:54:03,www.bing.com
2014-03-19 10:54:04,ts2.mm.bing.net
2014-03-19 10:54:04,ts3.mm.bing.net
2014-03-19 10:54:04,ts4.mm.bing.net
2014-03-19 10:54:04,ts1.mm.bing.net
2014-03-19 10:54:05,ts4.mm.bing.net
2014-03-19 10:54:05,ts3.mm.bing.net
2014-03-19 10:54:05,ts2.mm.bing.net
2014-03-19 10:54:05,ts1.mm.bing.net
2014-03-19 10:54:06,www.bing.com
2014-03-19 10:54:06,ts2.mm.bing.net
2014-03-19 10:54:06,ts4.mm.bing.net
2014-03-19 10:54:06,ts3.mm.bing.net
2014-03-19 10:54:06,ts1.mm.bing.net
2014-03-19 10:54:07,www.bing.com
2014-03-19 10:54:07,ts1.mm.bing.net
2014-03-19 10:54:08,ts2.mm.bing.net
2014-03-19 10:54:08,ts1.mm.bing.net
2014-03-19 10:54:08,ts4.mm.bing.net
2014-03-19 10:54:08,ts3.mm.bing.net
2014-03-19 10:54:09,ts3.mm.bing.net
2014-03-19 10:54:09,www.bing.com
2014-03-19 10:54:09,ts1.mm.bing.net
2014-03-19 10:54:09,ts4.mm.bing.net
2014-03-19 10:54:09,ts2.mm.bing.net
2014-03-19 10:54:10,ts3.mm.bing.net
2014-03-19 10:54:10,ts2.mm.bing.net
2014-03-19 10:54:10,ts4.mm.bing.net
2014-03-19 10:54:10,ts1.mm.bing.net
2014-03-19 10:54:11,ts1.mm.bing.net
2014-03-19 10:54:11,ts2.mm.bing.net
2014-03-19 10:54:11,ts3.mm.bing.net
2014-03-19 10:54:11,ts4.mm.bing.net
2014-03-19 10:54:12,ts2.mm.bing.net
2014-03-19 10:54:12,ts1.mm.bing.net
2014-03-19 10:54:12,ts3.mm.bing.net
2014-03-19 10:54:14,ts1.mm.bing.net
2014-03-19 10:54:14,ts2.mm.bing.net
2014-03-19 10:54:14,ts3.mm.bing.net
2014-03-19 10:54:15,ts3.mm.bing.net
2014-03-19 10:54:15,ts4.mm.bing.net
2014-03-19 10:54:15,www.bing.com
2014-03-19 10:54:15,ts1.mm.bing.net
2014-03-19 10:54:15,ts2.mm.bing.net
2014-03-19 10:54:16,www.bing.com
2014-03-19 10:54:16,ts3.mm.bing.net
2014-03-19 10:54:16,ts4.mm.bing.net
2014-03-19 10:54:16,ts1.mm.bing.net
2014-03-19 10:54:16,ts2.mm.bing.net
2014-03-19 10:54:17,ts4.mm.bing.net
2014-03-19 10:54:17,ts2.mm.bing.net
2014-03-19 10:54:17,ts1.mm.bing.net
2014-03-19 10:54:17,ts3.mm.bing.net
2014-03-19 10:54:18,ts2.mm.bing.net
2014-03-19 10:54:18,ts1.mm.bing.net
2014-03-19 10:54:18,ts4.mm.bing.net
2014-03-19 10:54:18,ts3.mm.bing.net
2014-03-19 10:54:19,ts4.mm.bing.net
2014-03-19 10:54:19,ts1.mm.bing.net
2014-03-19 10:54:19,ts2.mm.bing.net
2014-03-19 10:54:19,ts3.mm.bing.net
2014-03-19 10:54:20,ts1.mm.bing.net
2014-03-19 10:54:20,ts3.mm.bing.net
2014-03-19 10:54:20,ts4.mm.bing.net
2014-03-19 10:54:21,ts4.mm.bing.net
2014-03-19 10:54:21,ts3.mm.bing.net
2014-03-19 10:54:21,ts2.mm.bing.net
2014-03-19 10:54:22,ts1.mm.bing.net
2014-03-19 10:54:22,www.bing.com
2014-03-19 10:54:22,ts2.mm.bing.net
2014-03-19 10:54:23,ts3.mm.bing.net
2014-03-19 10:54:23,ts1.mm.bing.net
2014-03-19 10:54:23,ts2.mm.bing.net
2014-03-19 10:54:23,www.bing.com
2014-03-19 10:54:24,ts4.mm.bing.net
2014-03-19 10:54:24,ts3.mm.bing.net
2014-03-19 10:54:24,ts1.mm.bing.net
2014-03-19 10:54:24,ts2.mm.bing.net
2014-03-19 10:54:25,ts1.mm.bing.net
2014-03-19 10:54:25,ts4.mm.bing.net
2014-03-19 10:54:25,ts3.mm.bing.net
2014-03-19 10:54:25,www.bing.com
2014-03-19 10:54:30,ts4.mm.bing.net
2014-03-19 10:54:30,ts1.mm.bing.net
2014-03-19 10:54:30,ts2.mm.bing.net
2014-03-19 10:54:30,ts3.mm.bing.net
2014-03-19 10:54:31,ts3.mm.bing.net
2014-03-19 10:54:31,ts1.mm.bing.net
2014-03-19 10:54:31,ts4.mm.bing.net
2014-03-19 10:54:31,ts2.mm.bing.net
2014-03-19 10:54:32,ts1.mm.bing.net
2014-03-19 10:54:32,ts3.mm.bing.net
2014-03-19 10:54:32,ts2.mm.bing.net
2014-03-19 10:54:32,ts4.mm.bing.net
2014-03-19 10:54:33,www.bing.com
2014-03-19 10:54:35,ts1.mm.bing.net
2014-03-19 10:54:35,www.bing.com
2014-03-19 10:54:37,ts1.mm.bing.net
2014-03-19 10:54:37,www.bing.com
2014-03-19 10:54:39,ts1.mm.bing.net
2014-03-19 10:54:45,ts1.mm.bing.net
2014-03-19 10:55:10,ts1.mm.bing.net
2014-03-19 10:55:11,ts1.mm.bing.net
2014-03-19 10:55:11,www.bing.com
2014-03-19 10:55:11,ts4.mm.bing.net
2014-03-19 10:55:12,ts2.mm.bing.net
2014-03-19 10:55:12,ts3.mm.bing.net
2014-03-19 10:55:12,ts1.mm.bing.net
2014-03-19 10:55:12,ts4.mm.bing.net
2014-03-19 10:55:13,ts3.mm.bing.net
2014-03-19 10:55:13,ts2.mm.bing.net
2014-03-19 10:55:13,ts4.mm.bing.net
2014-03-19 10:55:15,ts1.mm.bing.net
2014-03-19 10:55:15,www.bing.com
2014-03-19 10:55:16,ts1.mm.bing.net
2014-03-19 10:55:16,ts3.mm.bing.net
2014-03-19 10:55:16,ts2.mm.bing.net
2014-03-19 10:55:16,ts4.mm.bing.net
2014-03-19 10:55:17,ts2.mm.bing.net
2014-03-19 10:55:17,ts3.mm.bing.net
2014-03-19 10:55:17,ts4.mm.bing.net
2014-03-19 10:55:17,ts1.mm.bing.net
2014-03-19 10:55:18,ts4.mm.bing.net
2014-03-19 10:55:19,www.bing.com
2014-03-19 10:55:20,www.bing.com
2014-03-19 10:55:20,ts1.mm.bing.net
2014-03-19 10:55:20,ts2.mm.bing.net
2014-03-19 10:55:20,ts3.mm.bing.net
2014-03-19 10:55:20,ts4.mm.bing.net
2014-03-19 10:55:21,ts3.mm.bing.net
2014-03-19 10:55:21,ts2.mm.bing.net
2014-03-19 10:55:21,ts1.mm.bing.net
2014-03-19 10:55:21,www.bing.com
2014-03-19 10:55:21,ts4.mm.bing.net
2014-03-19 10:55:22,ts4.mm.bing.net
2014-03-19 10:55:22,ts3.mm.bing.net
2014-03-19 10:55:22,ts2.mm.bing.net
2014-03-19 10:55:22,ts1.mm.bing.net
2014-03-19 10:55:24,ts4.mm.bing.net
2014-03-19 10:55:24,ts1.mm.bing.net
2014-03-19 10:55:24,www.bing.com
2014-03-19 10:55:25,ts1.mm.bing.net
2014-03-19 10:55:25,ts3.mm.bing.net
2014-03-19 10:55:25,ts4.mm.bing.net
2014-03-19 10:55:25,ts2.mm.bing.net
2014-03-19 10:55:26,ts4.mm.bing.net
2014-03-19 10:55:26,ts2.mm.bing.net
2014-03-19 10:55:26,ts3.mm.bing.net
2014-03-19 10:55:26,ts1.mm.bing.net
2014-03-19 10:55:29,ts1.mm.bing.net
2014-03-19 10:55:30,ts1.mm.bing.net
2014-03-19 10:55:30,www.bing.com
2014-03-19 10:55:31,ts1.mm.bing.net
2014-03-19 10:55:33,ts1.mm.bing.net
2014-03-19 10:55:34,ts1.mm.bing.net
2014-03-19 10:55:35,ts1.mm.bing.net
2014-03-19 10:55:36,ts1.mm.bing.net
2014-03-19 11:04:20,www.foxitsoftware.com
2014-03-19 11:04:49,hotmail.fr
2014-03-19 11:05:01,login.live.com
2014-03-19 11:05:10,login.live.com
2014-03-19 11:05:34,www.bing.com
2014-03-19 11:05:36,www.bing.com
2014-03-19 11:05:36,login.live.com
2014-03-19 11:05:44,www.bing.com
2014-03-19 11:05:44,windowslive.tt.omtrdc.net
2014-03-19 11:05:44,ssl.bing.com
2014-03-19 11:05:45,windowslive.tt.omtrdc.net
2014-03-19 11:05:46,login.live.com
2014-03-19 11:05:49,dub126.mail.live.com
2014-03-19 11:05:49,mail.live.com
2014-03-19 11:05:50,www.permaculture.fr
2014-03-19 11:05:50,www.bing.com
2014-03-19 11:05:51,www.permaculture.fr
2014-03-19 11:05:52,www.permaculture.fr
2014-03-19 11:05:56,cid-50f40dda98ec112f.users.storage.live.com
2014-03-19 11:05:57,dub126.mail.live.com
2014-03-19 11:05:58,people.directory.live.com
2014-03-19 11:05:59,windowslive.tt.omtrdc.net
2014-03-19 11:06:01,dub126.mail.live.com
2014-03-19 11:06:03,h.live.com
2014-03-19 11:06:03,people.directory.live.com
2014-03-19 11:06:04,h.live.com
2014-03-19 11:06:05,h.live.com
2014-03-19 11:06:05,byfiles.storage.msn.com
2014-03-19 11:06:06,h.live.com
2014-03-19 11:06:06,js.live.net
2014-03-19 11:06:07,secure.shared.live.com
2014-03-19 11:06:07,h.live.com
2014-03-19 11:06:08,go.trouter.io
2014-03-19 11:06:08,storage.live.com
2014-03-19 11:06:09,dub126.mail.live.com
2014-03-19 11:06:10,storage.live.com
2014-03-19 11:06:10,dub126.mail.live.com
2014-03-19 11:06:11,storage.live.com
2014-03-19 11:06:12,h.live.com
2014-03-19 11:06:12,p.sfx.ms
2014-03-19 11:06:13,dub126.mail.live.com
2014-03-19 11:06:14,secure.shared.live.com
2014-03-19 11:06:14,ajax.googleapis.com
2014-03-19 11:06:14,dub126.mail.live.com
2014-03-19 11:06:15,www.youtube.com
2014-03-19 11:06:15,static.addtoany.com
2014-03-19 11:06:15,static.tumblr.com
2014-03-19 11:06:25,www.paypalobjects.com
2014-03-19 11:06:25,static.addtoany.com
2014-03-19 11:06:26,s.ytimg.com
2014-03-19 11:06:26,static.addtoany.com
2014-03-19 11:06:27,dub126.mail.live.com
2014-03-19 11:06:27,www.paypalobjects.com
2014-03-19 11:06:27,s.ytimg.com
2014-03-19 11:06:27,www.google.com
2014-03-19 11:06:28,dub126.mail.live.com
2014-03-19 11:06:28,s.ytimg.com
2014-03-19 11:06:28,i1.ytimg.com
2014-03-19 11:06:28,fpdownload2.macromedia.com
2014-03-19 11:06:29,i1.ytimg.com
2014-03-19 11:06:31,picasaweb.google.com
2014-03-19 11:06:32,picasaweb.google.com
2014-03-19 11:06:33,picasaweb.google.com
2014-03-19 11:06:38,0.gravatar.com
2014-03-19 11:06:38,1.gravatar.com
2014-03-19 11:07:09,www.coeur-vert.com
2014-03-19 11:07:09,web.educastur.princast.es
2014-03-19 11:09:48,0.gravatar.com
2014-03-19 11:09:48,1.gravatar.com
2014-03-19 11:10:02,www.youtube.com
2014-03-19 11:10:05,0.gravatar.com
2014-03-19 11:10:05,1.gravatar.com
2014-03-19 11:10:31,www.bing.com
2014-03-19 11:10:35,www.bing.com
2014-03-19 11:10:36,picasaweb.google.com
2014-03-19 11:10:36,agroecologie.cirad.fr
2014-03-19 11:10:40,login.live.com
2014-03-19 11:10:48,agroecologie.cirad.fr
2014-03-19 11:10:49,agroecologie.cirad.fr
2014-03-19 11:13:23,agroecologie.cirad.fr
2014-03-19 11:13:24,agroecologie.cirad.fr
2014-03-19 11:13:24,www.bing.com
2014-03-19 11:13:28,www.bing.com
2014-03-19 11:13:28,www.agroecologie.fr
2014-03-19 11:13:29,login.live.com
2014-03-19 11:13:31,www.agroecologie.fr
2014-03-19 11:13:32,www.agroecologie.fr
2014-03-19 11:29:49,www.agroecologie.fr
2014-03-19 11:36:07,office14client.microsoft.com
2014-03-19 11:36:08,api.bing.com
2014-03-19 11:36:08,rr.office.microsoft.com
2014-03-19 11:36:08,services.highbeam.com
2014-03-19 11:36:08,office.microsoft.com
2014-03-19 11:36:08,integrate.factiva.com
2014-03-19 11:36:09,www.worldlingo.com
2014-03-19 11:36:09,www.microsofttranslator.com
2014-03-19 11:42:12,api.bing.com
2014-03-19 11:42:13,api.bing.com
2014-03-19 11:42:14,api.bing.com
2014-03-19 11:42:17,api.bing.com
2014-03-19 11:42:18,api.bing.com
2014-03-19 11:42:20,api.bing.com
2014-03-19 11:46:58,api.bing.com
2014-03-19 11:46:59,api.bing.com
2014-03-19 11:47:00,api.bing.com
2014-03-19 11:47:01,api.bing.com
2014-03-19 11:47:03,api.bing.com
2014-03-19 11:47:04,www.bing.com
2014-03-19 11:47:04,dev.virtualearth.net
2014-03-19 11:47:05,logc258.at.pagesjaunes.fr
2014-03-19 11:47:05,www.pagesjaunes.fr
2014-03-19 11:47:06,www.bing.com
2014-03-19 11:47:06,login.live.com
2014-03-19 11:47:07,www.terre-humanisme.org
2014-03-19 11:47:08,www.terre-humanisme.org
2014-03-19 11:47:09,www.terre-humanisme.org
2014-03-19 11:47:13,www.terre-humanisme.org
2014-03-19 11:47:14,www.terre-humanisme.org
2014-03-19 11:47:15,www.terre-humanisme.org
2014-03-19 11:47:17,www.terre-humanisme.org
2014-03-19 11:47:18,www.terre-humanisme.org
2014-03-19 11:47:19,www.terre-humanisme.org
2014-03-19 11:47:21,www.terre-humanisme.org
2014-03-19 11:47:22,www.terre-humanisme.org
2014-03-19 11:47:23,www.terre-humanisme.org
2014-03-19 11:47:27,www.terre-humanisme.org
2014-03-19 11:47:28,www.terre-humanisme.org
2014-03-19 11:47:31,www.terre-humanisme.org
2014-03-19 11:47:32,www.terre-humanisme.org
2014-03-19 11:47:40,www.terre-humanisme.org
2014-03-19 11:47:42,www.terre-humanisme.org
2014-03-19 11:47:50,www.terre-humanisme.org
2014-03-19 11:47:51,www.terre-humanisme.org
2014-03-19 11:47:52,www.terre-humanisme.org
2014-03-19 11:47:59,www.terre-humanisme.org
2014-03-19 11:48:00,www.terre-humanisme.org
2014-03-19 11:48:01,www.terre-humanisme.org
2014-03-19 11:48:11,www.terre-humanisme.org
2014-03-19 11:48:23,www.terre-humanisme.org
2014-03-19 11:48:25,www.terre-humanisme.org
2014-03-19 11:48:26,www.terre-humanisme.org
2014-03-19 11:48:27,www.terre-humanisme.org
2014-03-19 11:48:28,logc258.at.pagesjaunes.fr
2014-03-19 11:48:28,www.bing.com
2014-03-19 11:48:28,www.terre-humanisme.org
2014-03-19 11:48:29,www.bing.com
2014-03-19 11:48:30,www.bing.com
2014-03-19 11:48:30,ts3.mm.bing.net
2014-03-19 11:48:30,ts4.mm.bing.net
2014-03-19 11:48:30,ts1.mm.bing.net
2014-03-19 11:48:31,ts3.mm.bing.net
2014-03-19 11:48:31,ts4.mm.bing.net
2014-03-19 11:48:31,ts1.mm.bing.net
2014-03-19 11:48:31,ts2.mm.bing.net
2014-03-19 11:48:31,www.bing.com
2014-03-19 11:48:32,ts1.mm.bing.net
2014-03-19 11:48:32,ts2.mm.bing.net
2014-03-19 11:48:32,ts4.mm.bing.net
2014-03-19 11:48:32,ts3.mm.bing.net
2014-03-19 11:48:33,ts1.mm.bing.net
2014-03-19 11:48:33,www.bing.com
2014-03-19 11:48:33,ts2.mm.bing.net
2014-03-19 11:48:33,ts4.mm.bing.net
2014-03-19 11:48:33,ts3.mm.bing.net
2014-03-19 11:48:34,ts4.mm.bing.net
2014-03-19 11:48:34,ts1.mm.bing.net
2014-03-19 11:48:34,ts3.mm.bing.net
2014-03-19 11:48:35,ts1.mm.bing.net
2014-03-19 11:48:35,ts4.mm.bing.net
2014-03-19 11:48:35,ts2.mm.bing.net
2014-03-19 11:48:35,ts3.mm.bing.net
2014-03-19 11:48:36,ts2.mm.bing.net
2014-03-19 11:48:36,ts3.mm.bing.net
2014-03-19 11:48:36,ts4.mm.bing.net
2014-03-19 11:48:36,ts1.mm.bing.net
2014-03-19 11:48:37,ts3.mm.bing.net
2014-03-19 11:48:37,ts1.mm.bing.net
2014-03-19 11:48:37,api.bing.com
2014-03-19 11:48:37,ts2.mm.bing.net
2014-03-19 11:48:38,ts1.mm.bing.net
2014-03-19 11:48:39,ts1.mm.bing.net
2014-03-19 11:48:39,www.bing.com
2014-03-19 11:48:41,api.bing.com
2014-03-19 11:48:42,api.bing.com
2014-03-19 11:48:43,api.bing.com
2014-03-19 11:48:44,api.bing.com
2014-03-19 11:48:45,api.bing.com
2014-03-19 11:48:46,api.bing.com
2014-03-19 11:48:46,www.bing.com
2014-03-19 11:48:47,login.live.com
2014-03-19 11:48:47,www.bing.com
2014-03-19 11:48:47,ts1.mm.bing.net
2014-03-19 11:48:47,ts3.mm.bing.net
2014-03-19 11:48:47,ts4.mm.bing.net
2014-03-19 11:48:47,ts2.mm.bing.net
2014-03-19 11:48:48,ts3.mm.bing.net
2014-03-19 11:48:48,ts1.mm.bing.net
2014-03-19 11:48:48,ts4.mm.bing.net
2014-03-19 11:48:48,ts2.mm.bing.net
2014-03-19 11:48:49,ts2.mm.bing.net
2014-03-19 11:48:49,ts3.mm.bing.net
2014-03-19 11:48:49,ts4.mm.bing.net
2014-03-19 11:48:49,ts1.mm.bing.net
2014-03-19 11:48:50,ts4.mm.bing.net
2014-03-19 11:48:50,ts2.mm.bing.net
2014-03-19 11:48:50,ts3.mm.bing.net
2014-03-19 11:48:50,ts1.mm.bing.net
2014-03-19 11:48:50,www.bing.com
2014-03-19 11:48:51,ts4.mm.bing.net
2014-03-19 11:48:51,ts3.mm.bing.net
2014-03-19 11:48:51,ts1.mm.bing.net
2014-03-19 11:48:51,ts2.mm.bing.net
2014-03-19 11:48:52,ts4.mm.bing.net
2014-03-19 11:48:52,ts1.mm.bing.net
2014-03-19 11:48:52,ts2.mm.bing.net
2014-03-19 11:48:52,ts3.mm.bing.net
2014-03-19 11:48:52,login.live.com
2014-03-19 11:48:53,ts4.mm.bing.net
2014-03-19 11:48:53,ts3.mm.bing.net
2014-03-19 11:48:53,www.bing.com
2014-03-19 11:48:53,ts1.mm.bing.net
2014-03-19 11:48:54,ts2.mm.bing.net
2014-03-19 11:48:54,www.bioecolo.info
2014-03-19 11:48:54,www.bing.com
2014-03-19 11:48:54,api.bing.com
2014-03-19 11:48:54,ts3.mm.bing.net
2014-03-19 11:48:54,ts1.mm.bing.net
2014-03-19 11:48:55,www.3min30.com
2014-03-19 11:48:55,ecoloinfo.com
2014-03-19 11:48:55,www.be-green.com
2014-03-19 11:48:55,ssl.bing.com
2014-03-19 11:48:55,www.permaculturedesign.fr
2014-03-19 11:48:55,www.bing.com
2014-03-19 11:48:55,static.aujardin.info
2014-03-19 11:48:55,www.droitauvelo.org
2014-03-19 11:48:56,media.gerbeaud.net
2014-03-19 11:48:56,1.bp.blogspot.com
2014-03-19 11:48:56,ts1.mm.bing.net
2014-03-19 11:48:56,2.bp.blogspot.com
2014-03-19 11:48:56,www.bing.com
2014-03-19 11:48:58,www.gaiastable.com
2014-03-19 11:48:59,cid-50f40dda98ec112f.users.storage.live.com
2014-03-19 11:49:02,www.bing.com
2014-03-19 11:49:05,api.bing.com
2014-03-19 11:49:06,www.bing.com
2014-03-19 11:49:07,www.bing.com
2014-03-19 11:49:08,api.bing.com
2014-03-19 11:49:09,api.bing.com
2014-03-19 11:49:10,api.bing.com
2014-03-19 11:49:11,api.bing.com
2014-03-19 11:49:12,api.bing.com
2014-03-19 11:49:13,ts3.mm.bing.net
2014-03-19 11:49:13,ts2.mm.bing.net
2014-03-19 11:49:13,ts4.mm.bing.net
2014-03-19 11:49:13,www.bing.com
2014-03-19 11:49:14,ts4.mm.bing.net
2014-03-19 11:49:14,ts3.mm.bing.net
2014-03-19 11:49:14,www.bing.com
2014-03-19 11:49:14,ts1.mm.bing.net
2014-03-19 11:49:14,ts2.mm.bing.net
2014-03-19 11:49:15,ts3.mm.bing.net
2014-03-19 11:49:15,login.live.com
2014-03-19 11:49:15,ts4.mm.bing.net
2014-03-19 11:49:15,ts2.mm.bing.net
2014-03-19 11:49:15,ts1.mm.bing.net
2014-03-19 11:49:16,ts4.mm.bing.net
2014-03-19 11:49:16,ts3.mm.bing.net
2014-03-19 11:49:16,ts2.mm.bing.net
2014-03-19 11:49:16,ts1.mm.bing.net
2014-03-19 11:49:17,ts4.mm.bing.net
2014-03-19 11:49:17,ts3.mm.bing.net
2014-03-19 11:49:17,ts1.mm.bing.net
2014-03-19 11:49:17,ts2.mm.bing.net
2014-03-19 11:49:17,www.bing.com
2014-03-19 11:49:18,ts1.mm.bing.net
2014-03-19 11:49:18,ts4.mm.bing.net
2014-03-19 11:49:18,ts2.mm.bing.net
2014-03-19 11:49:18,ts3.mm.bing.net
2014-03-19 11:49:19,ts3.mm.bing.net
2014-03-19 11:49:19,ts4.mm.bing.net
2014-03-19 11:49:19,ts2.mm.bing.net
2014-03-19 11:49:19,ts1.mm.bing.net
2014-03-19 11:49:19,www.bing.com
2014-03-19 11:49:20,ts2.mm.bing.net
2014-03-19 11:49:20,ts1.mm.bing.net
2014-03-19 11:49:20,ts3.mm.bing.net
2014-03-19 11:49:20,ts4.mm.bing.net
2014-03-19 11:49:21,ts4.mm.bing.net
2014-03-19 11:49:21,ts2.mm.bing.net
2014-03-19 11:49:21,ts3.mm.bing.net
2014-03-19 11:49:21,www.bing.com
2014-03-19 11:49:21,ts1.mm.bing.net
2014-03-19 11:49:21,api.bing.com
2014-03-19 11:49:22,ts2.mm.bing.net
2014-03-19 11:49:22,ts3.mm.bing.net
2014-03-19 11:49:22,ts4.mm.bing.net
2014-03-19 11:49:23,ts3.mm.bing.net
2014-03-19 11:49:23,ts4.mm.bing.net
2014-03-19 11:49:23,ts2.mm.bing.net
2014-03-19 11:49:23,ts1.mm.bing.net
2014-03-19 11:49:23,www.bing.com
2014-03-19 11:49:24,ts1.mm.bing.net
2014-03-19 11:49:25,ts1.mm.bing.net
2014-03-19 11:49:25,ts4.mm.bing.net
2014-03-19 11:49:25,www.bing.com
2014-03-19 11:49:26,www.bing.com
2014-03-19 11:49:26,p6.storage.canalblog.com
2014-03-19 11:49:26,aupetitcolibri.free.fr
2014-03-19 11:49:26,media.gerbeaud.net
2014-03-19 11:49:27,img.over-blog.com
2014-03-19 11:49:27,nsm03.casimages.com
2014-03-19 11:49:27,www.espritcabane.com
2014-03-19 11:49:27,3.bp.blogspot.com
2014-03-19 11:49:27,ts1.mm.bing.net
2014-03-19 11:49:27,www.grainedejardin.fr
2014-03-19 11:49:28,ts1.mm.bing.net
2014-03-19 11:49:28,a133.idata.over-blog.com
2014-03-19 11:49:28,www.lebief.fr
2014-03-19 11:49:30,www.bing.com
2014-03-19 11:49:31,ts1.mm.bing.net
2014-03-19 11:49:31,www.bing.com
2014-03-19 11:49:32,ts1.mm.bing.net
2014-03-19 11:49:32,ts4.mm.bing.net
2014-03-19 11:49:32,ts3.mm.bing.net
2014-03-19 11:49:32,ts2.mm.bing.net
2014-03-19 11:49:33,ts4.mm.bing.net
2014-03-19 11:49:33,ts1.mm.bing.net
2014-03-19 11:49:33,ts2.mm.bing.net
2014-03-19 11:49:33,ts3.mm.bing.net
2014-03-19 11:49:33,www.bing.com
2014-03-19 11:49:34,www.jardiniers-professionnels.fr
2014-03-19 11:49:34,ts3.mm.bing.net
2014-03-19 11:49:34,ts1.mm.bing.net
2014-03-19 11:49:34,www.bing.com
2014-03-19 11:49:35,www.urantia-gaia.info
2014-03-19 11:49:35,img.over-blog.com
2014-03-19 11:49:35,a133.idata.over-blog.com
2014-03-19 11:49:36,appius.claudius.free.fr
2014-03-19 11:49:36,www.imageshotel.org
2014-03-19 11:49:36,ts1.mm.bing.net
2014-03-19 11:49:36,senshumus.files.wordpress.com
2014-03-19 11:49:36,a141.idata.over-blog.com
2014-03-19 11:49:36,www.bing.com
2014-03-19 11:49:38,ts1.mm.bing.net
2014-03-19 11:49:38,media.paperblog.fr
2014-03-19 11:49:38,www.bing.com
2014-03-19 11:49:39,www.bing.com
2014-03-19 11:49:39,p8.storage.canalblog.com
2014-03-19 11:49:39,aupetitcolibri.free.fr
2014-03-19 11:49:40,img.over-blog.com
2014-03-19 11:49:40,3.bp.blogspot.com
2014-03-19 11:49:40,www.lanouvellerepublique.fr
2014-03-19 11:49:40,ts1.mm.bing.net
2014-03-19 11:49:40,aupetitcolibri.free.fr
2014-03-19 11:49:41,a137.idata.over-blog.com
2014-03-19 11:49:41,a406.idata.over-blog.com
2014-03-19 11:49:41,ts1.mm.bing.net
2014-03-19 11:49:41,a398.idata.over-blog.com
2014-03-19 11:49:42,paniersdesaintjean.files.wordpress.com
2014-03-19 11:49:44,www.bing.com
2014-03-19 11:49:44,p3.storage.canalblog.com
2014-03-19 11:49:46,www.bing.com
2014-03-19 11:49:47,ts1.mm.bing.net
2014-03-19 11:49:47,www.bing.com
2014-03-19 11:49:48,ts1.mm.bing.net
2014-03-19 11:49:49,ts1.mm.bing.net
2014-03-19 11:49:49,www.bing.com
2014-03-19 11:49:49,lessaveursdejean-marie.hautetfort.com
2014-03-19 11:49:49,www.fleuruseditions.com
2014-03-19 11:49:52,www.bing.com
2014-03-19 11:49:53,ts1.mm.bing.net
2014-03-19 11:49:53,img.over-blog.com
2014-03-19 11:49:53,a398.idata.over-blog.com
2014-03-19 11:49:53,www.bing.com
2014-03-19 11:49:54,www.bing.com
2014-03-19 11:49:54,img.over-blog.com
2014-03-19 11:49:54,a137.idata.over-blog.com
2014-03-19 11:49:55,www.bing.com
2014-03-19 11:49:56,ts1.mm.bing.net
2014-03-19 11:49:56,img.over-blog.com
2014-03-19 11:49:57,a406.idata.over-blog.com
2014-03-19 11:49:57,ts1.mm.bing.net
2014-03-19 11:49:57,2.bp.blogspot.com
2014-03-19 11:49:57,www.bing.com
2014-03-19 11:49:57,img.over-blog.com
2014-03-19 11:49:57,www.presquilegazette.net
2014-03-19 11:49:58,ts1.mm.bing.net
2014-03-19 11:49:58,a392.idata.over-blog.com
2014-03-19 11:49:58,www.bing.com
2014-03-19 11:49:58,1.bp.blogspot.com
2014-03-19 11:49:59,1.bp.blogspot.com
2014-03-19 11:50:10,www.bing.com
2014-03-19 11:50:11,www.bing.com
2014-03-19 11:50:12,ts1.mm.bing.net
2014-03-19 11:50:14,ts4.mm.bing.net
2014-03-19 11:50:14,cdn-maison-deco.ladmedia.fr
2014-03-19 11:50:14,www.bing.com
2014-03-19 11:50:14,ts1.mm.bing.net
2014-03-19 11:50:16,ts1.mm.bing.net
2014-03-19 11:50:16,fotoforum.fr
2014-03-19 11:50:16,senshumus.files.wordpress.com
2014-03-19 11:50:16,4.bp.blogspot.com
2014-03-19 11:50:16,www.le-jardin-de-jenny.fr
2014-03-19 11:50:16,www.monpotager.net
2014-03-19 11:50:16,idata.over-blog.com
2014-03-19 11:50:17,ts1.mm.bing.net
2014-03-19 11:50:17,a398.idata.over-blog.com
2014-03-19 11:50:18,prise2terre.files.wordpress.com
2014-03-19 11:50:19,transitiontownluxembourg.files.wordpress.com
2014-03-19 11:50:19,www.bing.com
2014-03-19 11:50:22,ts1.mm.bing.net
2014-03-19 11:50:31,www.bing.com
2014-03-19 11:50:31,amidesroses.eklablog.com
2014-03-19 11:50:31,www.tameteo.com
2014-03-19 11:50:31,ekladata.com
2014-03-19 11:50:31,www.youtube.com
2014-03-19 11:50:32,prise2terre.files.wordpress.com
2014-03-19 11:50:32,fudoeditions.com
2014-03-19 11:50:32,ra.revolvermaps.com
2014-03-19 11:50:32,amidesroses.eklablog.com
2014-03-19 11:50:32,aupetitcolibri.free.fr
2014-03-19 11:50:32,platform.twitter.com
2014-03-19 11:50:32,ekladata.com
2014-03-19 11:50:32,api.calendrier-lunaire.net
2014-03-19 11:50:33,ekladata.com
2014-03-19 11:50:33,amidesroses.eklablog.com
2014-03-19 11:50:33,www.tameteo.com
2014-03-19 11:50:33,www.fudoeditions.fr
2014-03-19 11:50:33,ra.revolvermaps.com
2014-03-19 11:50:33,prise2terre.files.wordpress.com
2014-03-19 11:50:34,amidesroses.eklablog.com
2014-03-19 11:50:36,i1.ytimg.com
2014-03-19 11:50:36,ra.revolvermaps.com
2014-03-19 11:50:45,twitter.com
2014-03-19 11:51:16,twitter.com
2014-03-19 11:51:49,ra.revolvermaps.com
2014-03-19 11:53:43,ra.revolvermaps.com
2014-03-19 11:54:13,ra.revolvermaps.com
2014-03-19 11:56:46,api.bing.com
2014-03-19 11:56:47,api.bing.com
2014-03-19 11:56:49,api.bing.com
2014-03-19 11:56:50,www.bing.com
2014-03-19 11:56:54,www.bing.com
2014-03-19 11:56:55,ts4.mm.bing.net
2014-03-19 11:56:55,www.bing.com
2014-03-19 11:56:55,ts1.mm.bing.net
2014-03-19 11:56:55,ts3.mm.bing.net
2014-03-19 11:56:55,ts2.mm.bing.net
2014-03-19 11:56:56,ts2.mm.bing.net
2014-03-19 11:56:56,www.bing.com
2014-03-19 11:56:56,ts3.mm.bing.net
2014-03-19 11:56:56,ts4.mm.bing.net
2014-03-19 11:56:56,ts1.mm.bing.net
2014-03-19 11:56:57,ts2.mm.bing.net
2014-03-19 11:56:57,ts1.mm.bing.net
2014-03-19 11:56:57,ts3.mm.bing.net
2014-03-19 11:56:57,www.bing.com
2014-03-19 11:56:57,ts4.mm.bing.net
2014-03-19 11:56:58,ts4.mm.bing.net
2014-03-19 11:56:58,ts3.mm.bing.net
2014-03-19 11:56:58,ts1.mm.bing.net
2014-03-19 11:56:58,ts2.mm.bing.net
2014-03-19 11:56:59,ts3.mm.bing.net
2014-03-19 11:56:59,ts4.mm.bing.net
2014-03-19 11:56:59,ts2.mm.bing.net
2014-03-19 11:56:59,ts1.mm.bing.net
2014-03-19 11:57:00,ts3.mm.bing.net
2014-03-19 11:57:00,ts1.mm.bing.net
2014-03-19 11:57:00,ts4.mm.bing.net
2014-03-19 11:57:00,api.bing.com
2014-03-19 11:57:00,ts2.mm.bing.net
2014-03-19 11:57:01,api.bing.com
2014-03-19 11:57:02,api.bing.com
2014-03-19 11:57:03,api.bing.com
2014-03-19 11:57:04,api.bing.com
2014-03-19 11:57:04,www.bing.com
2014-03-19 11:57:04,ts2.mm.bing.net
2014-03-19 11:57:04,ts3.mm.bing.net
2014-03-19 11:57:05,ts2.mm.bing.net
2014-03-19 11:57:05,ts1.mm.bing.net
2014-03-19 11:57:05,ts4.mm.bing.net
2014-03-19 11:57:05,www.bing.com
2014-03-19 11:57:05,ts3.mm.bing.net
2014-03-19 11:57:06,ts1.mm.bing.net
2014-03-19 11:57:06,ts2.mm.bing.net
2014-03-19 11:57:06,ts4.mm.bing.net
2014-03-19 11:57:06,ts3.mm.bing.net
2014-03-19 11:57:07,ts2.mm.bing.net
2014-03-19 11:57:07,ts1.mm.bing.net
2014-03-19 11:57:07,ts4.mm.bing.net
2014-03-19 11:57:07,ts3.mm.bing.net
2014-03-19 11:57:07,www.bing.com
2014-03-19 11:57:08,ts4.mm.bing.net
2014-03-19 11:57:08,ts1.mm.bing.net
2014-03-19 11:57:08,ts2.mm.bing.net
2014-03-19 11:57:08,ts3.mm.bing.net
2014-03-19 11:57:09,ts2.mm.bing.net
2014-03-19 11:57:09,ts3.mm.bing.net
2014-03-19 11:57:09,ts1.mm.bing.net
2014-03-19 11:57:09,ts4.mm.bing.net
2014-03-19 11:57:10,ts4.mm.bing.net
2014-03-19 11:57:10,ts2.mm.bing.net
2014-03-19 11:57:10,ts3.mm.bing.net
2014-03-19 11:57:10,ts1.mm.bing.net
2014-03-19 11:57:11,api.bing.com
2014-03-19 11:57:11,ts2.mm.bing.net
2014-03-19 11:57:11,www.bing.com
2014-03-19 11:57:11,ts4.mm.bing.net
2014-03-19 11:57:11,ts1.mm.bing.net
2014-03-19 11:57:12,ts1.mm.bing.net
2014-03-19 11:57:12,www.bing.com
2014-03-19 11:57:12,blog.terra-symbiosis.org
2014-03-19 11:57:12,ts4.mm.bing.net
2014-03-19 11:57:13,p5.storage.canalblog.com
2014-03-19 11:57:13,p3.storage.canalblog.com
2014-03-19 11:57:14,think-tank.fnh.org
2014-03-19 11:57:14,blog.terra-symbiosis.org
2014-03-19 11:57:14,www.dage.fr
2014-03-19 11:57:14,ts1.mm.bing.net
2014-03-19 11:57:14,www.sahelpeopleservice.com
2014-03-19 11:57:14,p8.storage.canalblog.com
2014-03-19 11:57:15,u.jimdo.com
2014-03-19 11:57:16,ts1.mm.bing.net
2014-03-19 11:57:16,www.senegaltribune.com
2014-03-19 11:57:16,www.bing.com
2014-03-19 11:57:16,ts2.mm.bing.net
2014-03-19 11:57:17,ts2.mm.bing.net
2014-03-19 11:57:17,blog.terra-symbiosis.org
2014-03-19 11:57:17,www.sahelpeopleservice.com
2014-03-19 11:57:17,www.bing.com
2014-03-19 11:57:17,ts1.mm.bing.net
2014-03-19 11:57:18,www.sahelpeopleservice.com
2014-03-19 11:57:18,i0.wp.com
2014-03-19 11:57:19,www.sahelpeopleservice.com
2014-03-19 11:57:19,blog.terra-symbiosis.org
2014-03-19 11:57:19,ts1.mm.bing.net
2014-03-19 11:57:19,www.bing.com
2014-03-19 11:57:22,www.bing.com
2014-03-19 11:57:22,blog.terra-symbiosis.org
2014-03-19 11:57:24,blog.terra-symbiosis.org
2014-03-19 11:57:26,blog.terra-symbiosis.org
2014-03-19 11:57:26,www.terra-symbiosis.org
2014-03-19 11:57:29,blog.terra-symbiosis.org
2014-03-19 11:57:31,www.credit-cooperatif.coop
2014-03-19 11:57:46,www.credit-cooperatif.coop
2014-03-19 11:57:53,www.bing.com
2014-03-19 11:57:53,ts1.mm.bing.net
2014-03-19 11:57:53,ts2.mm.bing.net
2014-03-19 11:57:54,www.bing.com
2014-03-19 11:57:55,www.bing.com
2014-03-19 11:57:56,www.bing.com
2014-03-19 11:58:02,www.bing.com
2014-03-19 11:58:08,www.bing.com
2014-03-19 11:58:10,www.terre-humanisme.org
2014-03-19 11:58:11,www.terre-humanisme.org
2014-03-19 11:58:29,www.terre-humanisme.org
2014-03-19 11:58:30,www.terre-humanisme.org
2014-03-19 11:58:42,www.terre-humanisme.org
2014-03-19 12:04:11,www.foxitsoftware.com
2014-03-19 12:04:11,ad.foxitsoftware.com
2014-04-15 11:05:33,ieonline.microsoft.com
2014-04-16 13:07:25,www.facebook.com
2014-04-16 13:09:10,ieonline.microsoft.com
