timestamp,site
2014-01-29 10:31:11,fpdownload2.macromedia.com
2014-01-29 10:31:15,go.microsoft.com
2014-01-29 10:31:15,windows.microsoft.com
2014-01-29 10:31:15,res1.windows.microsoft.com
2014-01-29 10:31:15,res2.windows.microsoft.com
2014-01-29 10:31:15,ajax.microsoft.com
2014-01-29 10:31:15,js.microsoft.com
2014-01-29 10:31:16,res2.windows.microsoft.com
2014-01-29 10:31:16,res1.windows.microsoft.com
2014-01-29 10:31:16,windows.microsoft.com
2014-01-29 10:31:16,js.microsoft.com
2014-01-29 10:32:32,ieonline.microsoft.com
2014-01-29 10:35:47,javadl-esd.sun.com
2014-01-29 10:35:48,javadl-esd.sun.com
2014-01-29 10:37:45,www.bing.com
2014-01-29 10:37:46,www.bing.com
2014-01-29 10:37:47,cms.abmr.net
2014-01-29 10:37:47,login.live.com
2014-01-29 10:37:47,www.bing.com
2014-01-29 10:56:15,office14client.microsoft.com
2014-01-29 10:56:16,office.microsoft.com
2014-01-29 10:56:18,office.microsoft.com
2014-01-29 11:01:46,www.google.fr
2014-01-29 11:02:00,www.google.fr
2014-01-29 11:02:02,apis.google.com
2014-01-29 11:02:04,www.google.com
2014-01-29 11:02:29,www.google.fr
2014-01-29 11:02:29,www.futura-sciences.com
2014-01-29 11:02:29,www.facebook.com
2014-01-29 11:02:30,www.futura-sciences.com
2014-01-29 11:02:30,www.google.com
2014-01-29 11:02:31,static.ak.facebook.com
2014-01-29 11:02:31,www.facebook.com
2014-01-29 11:02:31,platform.twitter.com
2014-01-29 11:02:31,connect.facebook.net
2014-01-29 11:02:31,apis.google.com
2014-01-29 11:02:31,hal9000.redintelligence.net
2014-01-29 11:02:31,s-static.ak.facebook.com
2014-01-29 11:02:32,hal9000.redintelligence.net
2014-01-29 11:02:34,platform.twitter.com
2014-01-29 11:02:34,hal9000.redintelligence.net
2014-01-29 11:02:41,twitter.com
2014-01-29 11:02:41,platform.twitter.com
2014-01-29 11:02:43,twitter.com
2014-01-29 11:02:44,twitter.com
2014-01-29 11:02:54,apis.google.com
2014-01-29 11:02:55,apis.google.com
2014-01-29 11:02:57,accounts.google.com
2014-01-29 11:02:59,accounts.google.com
2014-01-29 11:02:59,apis.google.com
2014-01-29 11:03:00,www.futura-sciences.com
2014-01-29 11:03:05,ecx.images-amazon.com
2014-01-29 11:03:06,ecx.images-amazon.com
2014-01-29 11:03:06,www.futura-sciences.com
2014-01-29 11:03:35,www.adobe.com
2014-01-29 11:03:35,www.google.fr
2014-01-29 11:03:35,www.intelligenceartificielle.fr
2014-01-29 11:03:35,www.youtube.com
2014-01-29 11:03:35,www.google.com
2014-01-29 11:03:35,s.ytimg.com
2014-01-29 11:03:35,wwwimages.adobe.com
2014-01-29 11:03:35,apis.google.com
2014-01-29 11:03:36,i1.ytimg.com
2014-01-29 11:03:36,www.intelligenceartificielle.fr
2014-01-29 11:03:36,s.ytimg.com
2014-01-29 11:03:37,i1.ytimg.com
2014-01-29 11:03:38,www.google.fr
2014-01-29 11:03:38,bits.wikimedia.org
2014-01-29 11:03:38,fr.wikipedia.org
2014-01-29 11:03:38,login.wikimedia.org
2014-01-29 11:03:39,meta.wikimedia.org
2014-01-29 11:03:40,fr.wikipedia.org
2014-01-29 11:03:40,bits.wikimedia.org
2014-01-29 11:03:40,meta.wikimedia.org
2014-01-29 11:15:59,www.google.fr
2014-01-29 11:17:15,www.google.fr
2014-01-29 11:17:16,www.u-picardie.fr
2014-01-29 11:17:17,clients1.google.fr
2014-01-29 11:17:17,www.google.fr
2014-01-29 11:17:18,clients1.google.fr
2014-01-29 11:20:55,www.google.fr
2014-01-29 11:20:59,www.google.fr
2014-01-29 11:23:21,www.google.fr
2014-01-29 11:23:36,clients1.google.fr
2014-01-29 11:23:36,www.google.fr
2014-01-29 11:23:37,meta.wikimedia.org
2014-01-29 11:23:37,fr.wikipedia.org
2014-01-29 11:23:37,www.google.fr
2014-01-29 11:23:37,bits.wikimedia.org
2014-01-29 11:23:38,fr.wikipedia.org
2014-01-29 11:23:38,meta.wikimedia.org
2014-01-29 11:28:04,www.google.fr
2014-01-29 11:28:15,www.google.com
2014-01-29 11:28:35,www.google.com
2014-01-29 11:28:35,www.google.fr
2014-01-29 11:28:36,apis.google.com
2014-01-29 11:28:36,piloterorg.disqus.com
2014-01-29 11:28:36,connect.facebook.net
2014-01-29 11:28:36,go.disqus.com
2014-01-29 11:28:36,platform.twitter.com
2014-01-29 11:28:36,www.google.fr
2014-01-29 11:28:36,www.assoc-amazon.fr
2014-01-29 11:28:36,www.piloter.org
2014-01-29 11:28:37,twitter.com
2014-01-29 11:28:37,www.facebook.com
2014-01-29 11:28:37,disqus.com
2014-01-29 11:28:37,static.ak.facebook.com
2014-01-29 11:28:37,accounts.google.com
2014-01-29 11:28:37,apis.google.com
2014-01-29 11:28:37,s-static.ak.facebook.com
2014-01-29 11:28:38,disqus.com
2014-01-29 11:28:39,platform.twitter.com
2014-01-29 11:28:39,disqus.com
2014-01-29 11:28:41,platform.twitter.com
2014-01-29 11:28:41,www.piloter.org
2014-01-29 11:29:11,twitter.com
2014-02-04 10:15:36,www.bing.com
2014-02-04 10:15:39,api.bing.com
2014-02-04 10:15:41,www.google.fr
2014-02-04 10:15:44,www.google.fr
2014-02-04 10:15:45,www.google.com
2014-02-04 10:15:45,apis.google.com
2014-02-04 10:15:47,mail.google.com
2014-02-04 10:15:48,accounts.google.com
2014-02-04 10:15:48,www.google.fr
2014-02-04 10:15:48,accounts.youtube.com
2014-02-04 10:16:14,accounts.google.fr
2014-02-04 10:16:14,apis.google.com
2014-02-04 10:16:15,www.google.com
2014-02-04 10:16:16,accounts.youtube.com
2014-02-04 10:16:17,accounts.google.com
2014-02-04 10:16:17,clients2.google.com
2014-02-04 10:16:17,mail.google.com
2014-02-04 10:16:17,www.google.com
2014-02-04 10:16:17,accounts.google.fr
2014-02-04 10:16:18,plus.google.com
2014-02-04 10:16:19,mail.google.com
2014-02-04 10:16:20,plus.google.com
2014-02-04 10:16:20,clients2.google.com
2014-02-04 10:16:20,mail.google.com
2014-02-04 10:16:20,chatenabled.mail.google.com
2014-02-04 10:16:21,apis.google.com
2014-02-04 10:16:21,chatenabled.mail.google.com
2014-02-04 10:16:21,accounts.google.com
2014-02-04 10:16:21,plus.google.com
2014-02-04 10:16:22,mail.google.com
2014-02-04 10:16:22,drive.google.com
2014-02-04 10:16:22,apis.google.com
2014-02-04 10:16:27,mail.google.com
2014-02-04 10:16:32,mail.google.com
2014-02-04 10:16:35,plus.google.com
2014-02-04 10:16:35,clients6.google.com
2014-02-04 10:16:35,mail.google.com
2014-02-04 10:17:09,office.microsoft.com
2014-02-04 10:17:09,office14client.microsoft.com
2014-02-04 10:17:10,office.microsoft.com
2014-02-04 10:17:17,www.chpg.mc
2014-02-04 10:17:17,tpe-protheses-bioniques2011.e-monsite.com
2014-02-04 10:17:18,robotique-medecine.weebly.com
2014-02-04 10:17:19,www.wired.com
2014-02-04 10:17:19,robotique-medecine.weebly.com
2014-02-04 10:17:19,sliceofmit.files.wordpress.com
2014-02-04 10:18:35,ieonline.microsoft.com
2014-02-04 10:20:35,drive.google.com
2014-02-04 10:20:35,apis.google.com
2014-02-04 10:20:36,clients6.google.com
2014-02-04 10:20:50,drive.google.com
2014-02-04 10:21:21,plus.google.com
2014-02-04 10:21:22,clients6.google.com
2014-02-04 10:30:24,plus.google.com
2014-02-04 10:31:23,plus.google.com
2014-02-04 10:36:03,mail.google.com
2014-02-04 10:41:03,mail.google.com
2014-02-04 10:46:03,mail.google.com
2014-02-04 10:50:17,mail.google.com
2014-02-04 10:50:23,plus.google.com
2014-02-04 10:50:30,plus.google.com
2014-02-04 10:50:30,mail.google.com
2014-02-04 10:50:30,clients6.google.com
2014-02-04 10:50:31,plus.google.com
2014-02-04 10:50:31,www.google.com
2014-02-04 10:50:31,www.google.fr
2014-02-04 10:50:42,accounts.google.com
2014-02-04 10:50:42,accounts.google.fr
2014-02-04 10:50:42,plus.google.com
2014-02-04 10:50:42,www.google.fr
2014-02-04 10:50:42,api.bing.com
2014-02-04 10:50:43,www.google.fr
2014-02-04 10:50:49,www.google.fr
2014-02-04 10:50:50,www.google.fr
2014-02-04 10:52:03,mail.google.com
2014-02-04 10:52:03,accounts.youtube.com
2014-02-04 10:55:12,us-request.foxitservice.com
2014-02-04 11:25:33,api.bing.com
2014-02-04 11:25:34,static.parastorage.com
2014-02-04 11:25:34,clermontruck.wix.com
2014-02-04 11:25:35,www.wix.com
2014-02-04 11:25:35,static.wix.com
2014-02-04 11:25:35,static.parastorage.com
2014-02-04 11:25:36,clermontruck.wix.com
2014-02-04 11:25:36,static.parastorage.com
2014-02-04 11:25:36,frog.wix.com
2014-02-04 11:25:37,static.wix.com
2014-02-04 11:25:37,static.parastorage.com
2014-02-04 11:25:37,frog.wix.com
2014-02-04 11:25:37,static.wixstatic.com
2014-02-04 11:25:38,static.wix.com
2014-02-04 11:25:47,static.parastorage.com
2014-02-04 11:25:49,static.parastorage.com
2014-02-04 11:25:50,static.parastorage.com
2014-02-04 11:25:50,static.wixstatic.com
2014-02-04 11:25:51,static.wixstatic.com
2014-02-04 11:25:51,static.parastorage.com
2014-02-04 11:25:54,static.parastorage.com
2014-02-04 11:25:58,static.parastorage.com
2014-02-04 11:25:59,static.parastorage.com
2014-02-04 11:26:00,static.wixstatic.com
2014-02-04 11:26:01,static.parastorage.com
2014-02-04 11:26:06,static.wixstatic.com
2014-02-26 10:17:12,player.vimeo.com
2014-02-26 10:18:50,pis.foxitsoftware.com
2014-02-26 10:18:50,ad.foxitsoftware.com
2014-02-26 10:36:01,player.vimeo.com
2014-02-26 10:57:02,www.google.fr
2014-02-26 10:57:17,www.google.fr
2014-02-26 10:57:18,apis.google.com
2014-02-26 10:57:20,www.google.com
2014-02-26 10:58:20,www.google.com
2014-02-26 10:58:20,www.google.fr
2014-02-26 10:58:20,apis.google.com
2014-02-26 10:58:52,www.google.fr
2014-02-26 10:58:53,ia-dans-la-vie-de-tous-les-jours.e-monsite.com
2014-02-26 10:59:53,www.google.fr
2014-02-26 11:00:45,www.google.fr
2014-02-26 11:00:46,cours.uqac.ca
2014-02-26 11:00:46,www.google.fr
2014-02-26 11:00:47,www.uqac.ca
2014-02-26 11:00:59,wprodl.uqac.ca
2014-02-26 11:01:00,cours.uqac.ca
2014-02-26 11:01:00,wprodl.uqac.ca
2014-02-26 11:02:01,www.google.fr
2014-02-26 11:02:12,www.google.fr
2014-02-26 11:03:09,login.wikimedia.org
2014-02-26 11:03:09,fr.wikipedia.org
2014-02-26 11:03:09,bits.wikimedia.org
2014-02-26 11:03:09,www.google.fr
2014-02-26 11:03:10,bits.wikimedia.org
2014-02-26 11:03:10,meta.wikimedia.org
2014-02-26 11:03:10,fr.wikipedia.org
2014-02-26 11:03:47,www.bing.com
2014-02-26 11:03:48,www.bing.com
2014-02-26 11:03:49,cms.abmr.net
2014-02-26 11:03:49,www.bing.com
2014-02-26 11:03:50,login.live.com
2014-02-26 11:03:50,www.bing.com
2014-02-26 11:03:50,fr.youtube.com
2014-02-26 11:03:50,s.ytimg.com
2014-02-26 11:03:50,www.youtube.com
2014-02-26 11:03:50,i1.ytimg.com
2014-02-26 11:03:51,i1.ytimg.com
2014-02-26 11:03:51,s.ytimg.com
2014-02-26 11:03:52,i1.ytimg.com
2014-02-26 11:03:52,s.ytimg.com
2014-02-26 11:03:53,fpdownload2.macromedia.com
2014-02-26 11:03:53,clients1.google.com
2014-02-26 11:03:53,www.youtube.com
2014-02-26 11:03:53,i1.ytimg.com
2014-02-26 11:03:55,clients1.google.com
2014-02-26 11:03:57,s.ytimg.com
2014-02-26 11:03:58,www.google.com
2014-02-26 11:03:58,s.ytimg.com
2014-02-26 11:03:58,www.youtube.com
2014-02-26 11:03:58,i1.ytimg.com
2014-02-26 11:04:02,r4---sn-gxo5uxg-jqbe.googlevideo.com
2014-02-26 11:04:02,s.ytimg.com
2014-02-26 11:04:02,s.youtube.com
2014-02-26 11:04:02,www.youtube.com
2014-02-26 11:04:03,i1.ytimg.com
2014-02-26 11:04:03,www.youtube.com
2014-02-26 11:04:04,www.youtube.com
2014-02-26 11:04:04,r4---sn-gxo5uxg-jqbe.googlevideo.com
2014-02-26 11:04:04,i1.ytimg.com
2014-02-26 11:04:04,s.youtube.com
2014-02-26 11:04:06,yt3.ggpht.com
2014-02-26 11:04:06,i1.ytimg.com
2014-02-26 11:04:06,s.youtube.com
2014-02-26 11:04:06,www.youtube.com
2014-02-26 11:04:06,r4---sn-gxo5uxg-jqbe.googlevideo.com
2014-02-26 11:04:06,apis.google.com
2014-02-26 11:04:07,r4---sn-gxo5uxg-jqbe.googlevideo.com
2014-02-26 11:04:07,s.ytimg.com
2014-02-26 11:04:07,i1.ytimg.com
2014-02-26 11:04:07,yt3.ggpht.com
2014-02-26 11:04:07,apis.google.com
2014-02-26 11:04:08,s.youtube.com
2014-02-26 11:04:10,plus.googleapis.com
2014-02-26 11:04:10,www.youtube.com
2014-02-26 11:04:12,s.youtube.com
2014-02-26 11:04:12,plus.googleapis.com
2014-02-26 11:04:12,apis.google.com
2014-02-26 11:04:16,s.youtube.com
2014-02-26 11:04:16,r4---sn-gxo5uxg-jqbe.googlevideo.com
2014-02-26 11:04:22,r4---sn-gxo5uxg-jqbe.googlevideo.com
2014-02-26 11:04:26,s.youtube.com
2014-02-26 11:04:37,r4---sn-gxo5uxg-jqbe.googlevideo.com
2014-02-26 11:04:40,r4---sn-gxo5uxg-jqbe.googlevideo.com
2014-02-26 11:04:42,s.youtube.com
2014-02-26 11:04:46,s.youtube.com
2014-02-26 11:04:59,r4---sn-gxo5uxg-jqbe.googlevideo.com
2014-02-26 11:05:12,r4---sn-gxo5uxg-jqbe.googlevideo.com
2014-02-26 11:05:12,s.youtube.com
2014-02-26 11:05:14,r4---sn-gxo5uxg-jqbe.googlevideo.com
2014-02-26 11:05:26,s.youtube.com
2014-02-26 11:05:42,s.youtube.com
2014-02-26 11:05:49,www.youtube.com
2014-02-26 11:05:51,i1.ytimg.com
2014-02-26 11:05:51,s.ytimg.com
2014-02-26 11:05:55,clients1.google.com
2014-02-26 11:05:55,s.ytimg.com
2014-02-26 11:06:06,s.youtube.com
2014-02-26 11:06:13,s.youtube.com
2014-02-26 11:06:22,s.ytimg.com
2014-02-26 11:06:22,s.youtube.com
2014-02-26 11:06:22,www.youtube.com
2014-02-26 11:06:34,www.bing.com
2014-02-26 11:06:38,www.bing.com
2014-02-26 11:06:39,www.allocine.fr
2014-02-26 11:06:40,www.allocine.fr
2014-02-26 11:06:41,www.allocine.fr
2014-02-26 11:06:41,fr.web.img4.acsta.net
2014-02-26 11:06:41,fr.web.img6.acsta.net
2014-02-26 11:06:41,fr.web.img3.acsta.net
2014-02-26 11:06:42,accn.allocine.net
2014-02-26 11:06:42,multimedia.fnac.com
2014-02-26 11:06:42,fr.web.img4.acsta.net
2014-02-26 11:06:42,fr.web.img3.acsta.net
2014-02-26 11:06:42,a69.g.akamai.net
2014-02-26 11:06:42,fr.web.img1.acsta.net
2014-02-26 11:06:42,fr.web.img5.acsta.net
2014-02-26 11:06:42,smart.allocine.fr
2014-02-26 11:06:42,smart2.allocine.fr
2014-02-26 11:06:42,fr.web.img2.acsta.net
2014-02-26 11:06:42,www.allocine.fr
2014-02-26 11:06:43,fr.web.img6.acsta.net
2014-02-26 11:06:43,platform.twitter.com
2014-02-26 11:06:43,fr.web.img4.acsta.net
2014-02-26 11:06:43,fby.s3.amazonaws.com
2014-02-26 11:06:43,www.allocine.fr
2014-02-26 11:06:43,images.allocine.fr
2014-02-26 11:06:43,fr.web.img5.acsta.net
2014-02-26 11:06:43,connect.facebook.net
2014-02-26 11:06:43,fr.web.img1.acsta.net
2014-02-26 11:06:43,static.ak.facebook.com
2014-02-26 11:06:43,fr.web.img2.acsta.net
2014-02-26 11:06:43,static1.purepeople.com
2014-02-26 11:06:43,s-static.ak.facebook.com
2014-02-26 11:06:43,fr.web.img3.acsta.net
2014-02-26 11:06:43,apis.google.com
2014-02-26 11:06:44,fr.web.img5.acsta.net
2014-02-26 11:06:44,fr.web.img1.acsta.net
2014-02-26 11:06:44,smart.allocine.fr
2014-02-26 11:06:46,fr.web.img1.acsta.net
2014-02-26 11:06:46,a69.g.akamai.net
2014-02-26 11:06:46,s.youtube.com
2014-02-26 11:06:49,login.live.com
2014-02-26 11:06:53,www.facebook.com
2014-02-26 11:06:53,accn.allocine.net
2014-02-26 11:06:53,smart.allocine.fr
2014-02-26 11:06:53,www.allocine.fr
2014-02-26 11:06:54,fr.web.img1.acsta.net
2014-02-26 11:06:54,fr.web.img4.acsta.net
2014-02-26 11:06:54,smart.allocine.fr
2014-02-26 11:06:54,smart2.allocine.fr
2014-02-26 11:06:54,accn.allocine.net
2014-02-26 11:06:54,fr.web.img6.acsta.net
2014-02-26 11:06:54,fr.web.img5.acsta.net
2014-02-26 11:06:54,fr.web.img3.acsta.net
2014-02-26 11:06:54,static.ak.facebook.com
2014-02-26 11:06:56,fr.web.img3.acsta.net
2014-02-26 11:06:56,fr.web.img6.acsta.net
2014-02-26 11:06:56,apis.google.com
2014-02-26 11:06:56,s-static.ak.facebook.com
2014-02-26 11:06:56,fr.web.img5.acsta.net
2014-02-26 11:06:56,fr.web.img2.acsta.net
2014-02-26 11:06:56,fr.web.img1.acsta.net
2014-02-26 11:06:57,fr.web.img6.acsta.net
2014-02-26 11:06:57,fr.web.img3.acsta.net
2014-02-26 11:06:57,widgets.twimg.com
2014-02-26 11:06:57,fr.web.img1.acsta.net
2014-02-26 11:06:57,www.allocine.fr
2014-02-26 11:06:57,fr.web.img4.acsta.net
2014-02-26 11:06:57,fr.web.img2.acsta.net
2014-02-26 11:06:57,platform.twitter.com
2014-02-26 11:06:57,apis.google.com
2014-02-26 11:06:57,smart.allocine.fr
2014-02-26 11:06:58,apis.google.com
2014-02-26 11:06:58,fr.web.img1.acsta.net
2014-02-26 11:06:58,smart.allocine.fr
2014-02-26 11:06:58,a69.g.akamai.net
2014-02-26 11:06:59,apis.google.com
2014-02-26 11:06:59,accn.allocine.net
2014-02-26 11:06:59,allocine-prod2.disqus.com
2014-02-26 11:06:59,www.facebook.com
2014-02-26 11:06:59,go.disqus.com
2014-02-26 11:07:00,apis.google.com
2014-02-26 11:07:00,accounts.google.com
2014-02-26 11:07:00,disqus.com
2014-02-26 11:07:02,accounts.google.com
2014-02-26 11:07:02,adventori.com
2014-02-26 11:07:02,smart.allocine.fr
2014-02-26 11:07:02,platform.twitter.com
2014-02-26 11:07:03,fby-img.s3.amazonaws.com
2014-02-26 11:07:03,disqus.com
2014-02-26 11:07:04,yui.yahooapis.com
2014-02-26 11:07:04,um.simpli.fi
2014-02-26 11:07:05,disqus.com
2014-02-26 11:07:06,rubicon-match.dotomi.com
2014-02-26 11:07:06,www.allocine.fr
2014-02-26 11:07:07,smart.allocine.fr
2014-02-26 11:07:07,smart2.allocine.fr
2014-02-26 11:07:07,apis.google.com
2014-02-26 11:07:07,platform.twitter.com
2014-02-26 11:07:07,fr.web.img1.acsta.net
2014-02-26 11:07:07,accn.allocine.net
2014-02-26 11:07:07,fr.web.img4.acsta.net
2014-02-26 11:07:07,fr.web.img3.acsta.net
2014-02-26 11:07:07,www.allocine.fr
2014-02-26 11:07:07,fr.web.img6.acsta.net
2014-02-26 11:07:08,smart.allocine.fr
2014-02-26 11:07:08,a69.g.akamai.net
2014-02-26 11:07:08,apis.google.com
2014-02-26 11:07:09,s-static.ak.facebook.com
2014-02-26 11:07:09,rp.gwallet.com
2014-02-26 11:07:09,platform.twitter.com
2014-02-26 11:07:09,smart.allocine.fr
2014-02-26 11:07:09,static.ak.facebook.com
2014-02-26 11:07:09,accn.allocine.net
2014-02-26 11:07:09,a69.g.akamai.net
2014-02-26 11:07:09,fr.ad4mat.net
2014-02-26 11:07:09,www.facebook.com
2014-02-26 11:07:10,fr.ad4mat.net
2014-02-26 11:07:10,rbp.mxptint.net
2014-02-26 11:07:10,static.ad4mat.net
2014-02-26 11:07:10,platform.twitter.com
2014-02-26 11:07:11,media.cyrillus.fr
2014-02-26 11:07:11,event.etam.com
2014-02-26 11:07:11,fr.ad4mat.net
2014-02-26 11:07:11,cyrillus.commander1.com
2014-02-26 11:07:12,fr.web.img4.acsta.net
2014-02-26 11:07:12,fr.web.img1.acsta.net
2014-02-26 11:07:12,pr.ybp.yahoo.com
2014-02-26 11:07:12,fr.web.img6.acsta.net
2014-02-26 11:07:12,fr.web.img3.acsta.net
2014-02-26 11:07:13,twitter.com
2014-02-26 11:07:14,fr.ad4mat.net
2014-02-26 11:07:14,static.ad4mat.net
2014-02-26 11:07:14,boutique-online.orange.fr
2014-02-26 11:07:14,www.lemondedubagage.com
2014-02-26 11:07:15,ea.numericable.fr
2014-02-26 11:07:35,fr.web.img2.acsta.net
2014-02-26 11:07:37,fr.web.img4.acsta.net
2014-02-26 11:07:43,fr.web.img6.acsta.net
2014-02-26 11:07:49,images.allocine.fr
2014-02-26 11:07:50,images.allocine.fr
2014-02-26 11:07:52,fr.web.img6.acsta.net
2014-02-26 11:07:57,images.allocine.fr
2014-02-26 11:08:06,fr.web.img4.acsta.net
2014-02-26 11:08:09,images.allocine.fr
2014-02-26 11:08:11,www.allocine.fr
2014-02-26 11:08:12,platform.twitter.com
2014-02-26 11:08:12,fr.web.img3.acsta.net
2014-02-26 11:08:12,fr.web.img5.acsta.net
2014-02-26 11:08:12,smart.allocine.fr
2014-02-26 11:08:12,smart2.allocine.fr
2014-02-26 11:08:12,accn.allocine.net
2014-02-26 11:08:12,fr.web.img4.acsta.net
2014-02-26 11:08:12,images.allocine.fr
2014-02-26 11:08:12,fr.web.img1.acsta.net
2014-02-26 11:08:12,fr.web.img6.acsta.net
2014-02-26 11:08:13,apis.google.com
2014-02-26 11:08:13,s-static.ak.facebook.com
2014-02-26 11:08:13,smart.allocine.fr
2014-02-26 11:08:13,static.ak.facebook.com
2014-02-26 11:08:14,platform.twitter.com
2014-02-26 11:08:14,accn.allocine.net
2014-02-26 11:08:14,apis.google.com
2014-02-26 11:08:14,www.facebook.com
2014-02-26 11:08:14,a69.g.akamai.net
2014-02-26 11:08:14,smart.allocine.fr
2014-02-26 11:08:14,go.disqus.com
2014-02-26 11:08:15,c1.adform.net
2014-02-26 11:08:15,disqus.com
2014-02-26 11:08:16,match.rtbidder.net
2014-02-26 11:08:16,www.facebook.com
2014-02-26 11:08:17,disqus.com
2014-02-26 11:08:18,www.facebook.com
2014-02-26 11:08:18,www.allocine.fr
2014-02-26 11:08:43,www.facebook.com
2014-02-26 11:08:54,accn.allocine.net
2014-02-26 11:08:54,smart2.allocine.fr
2014-02-26 11:08:54,smart.allocine.fr
2014-02-26 11:08:55,s-static.ak.facebook.com
2014-02-26 11:08:55,apis.google.com
2014-02-26 11:08:55,static.ak.facebook.com
2014-02-26 11:08:55,smart.allocine.fr
2014-02-26 11:08:56,a69.g.akamai.net
2014-02-26 11:08:56,www.facebook.com
2014-02-26 11:08:56,smart.allocine.fr
2014-02-26 11:08:57,smart.allocine.fr
2014-02-26 11:08:57,platform.twitter.com
2014-02-26 11:08:57,www.facebook.com
2014-02-26 11:08:57,accn.allocine.net
2014-02-26 11:09:08,images.allocine.fr
2014-02-26 11:09:10,images.allocine.fr
2014-02-26 11:09:20,smart.allocine.fr
2014-02-26 11:09:20,fr.web.img1.acsta.net
2014-02-26 11:09:20,smart2.allocine.fr
2014-02-26 11:09:20,fr.web.img3.acsta.net
2014-02-26 11:09:20,fr.web.img2.acsta.net
2014-02-26 11:09:20,accn.allocine.net
2014-02-26 11:09:20,www.allocine.fr
2014-02-26 11:09:20,fr.web.img5.acsta.net
2014-02-26 11:09:20,fr.web.img6.acsta.net
2014-02-26 11:09:21,s-static.ak.facebook.com
2014-02-26 11:09:21,platform.twitter.com
2014-02-26 11:09:21,static.ak.facebook.com
2014-02-26 11:09:21,smart.allocine.fr
2014-02-26 11:09:21,a69.g.akamai.net
2014-02-26 11:09:22,disqus.com
2014-02-26 11:09:22,platform.twitter.com
2014-02-26 11:09:22,www.facebook.com
2014-02-26 11:09:22,go.disqus.com
2014-02-26 11:09:22,accn.allocine.net
2014-02-26 11:09:22,smart.allocine.fr
2014-02-26 11:09:23,ea.virginmobile.fr
2014-02-26 11:09:23,track.viewster.com
2014-02-26 11:09:23,disqus.com
2014-02-26 11:09:24,software.hiro.tv
2014-02-26 11:09:24,track.viewster.com
2014-02-26 11:09:24,hiroservers.appspot.com
2014-02-26 11:09:24,fr.web.img2.acsta.net
2014-02-26 11:09:24,fr.web.img5.acsta.net
2014-02-26 11:09:24,apnx-match.dotomi.com
2014-02-26 11:09:26,adventori.com
2014-02-26 11:09:27,um.simpli.fi
2014-02-26 11:09:31,vast.bp3847318.btrll.com
2014-02-26 11:09:34,vast.bp3847318.btrll.com
2014-02-26 11:09:36,fr.web.img4.acsta.net
2014-02-26 11:09:36,fr.web.img3.acsta.net
2014-02-26 11:09:38,fr.web.img2.acsta.net
2014-02-26 11:09:40,fr.web.img6.acsta.net
2014-02-26 11:09:40,fr.web.img1.acsta.net
2014-02-26 11:09:40,fr.web.img5.acsta.net
2014-02-26 11:09:41,fr.web.img4.acsta.net
2014-02-26 11:09:45,www.allocine.fr
2014-02-26 11:09:46,widgets.twimg.com
2014-02-26 11:09:46,platform.twitter.com
2014-02-26 11:09:46,fr.web.img5.acsta.net
2014-02-26 11:09:46,fr.web.img3.acsta.net
2014-02-26 11:09:46,smart.allocine.fr
2014-02-26 11:09:46,fr.web.img4.acsta.net
2014-02-26 11:09:46,accn.allocine.net
2014-02-26 11:09:46,fr.web.img2.acsta.net
2014-02-26 11:09:46,fr.web.img6.acsta.net
2014-02-26 11:09:46,smart2.allocine.fr
2014-02-26 11:09:46,fr.web.img1.acsta.net
2014-02-26 11:09:47,apis.google.com
2014-02-26 11:09:47,smart.allocine.fr
2014-02-26 11:09:47,fr.web.img4.acsta.net
2014-02-26 11:09:48,www.facebook.com
2014-02-26 11:09:48,smart.allocine.fr
2014-02-26 11:09:48,platform.twitter.com
2014-02-26 11:09:48,s-static.ak.facebook.com
2014-02-26 11:09:48,static.ak.facebook.com
2014-02-26 11:09:48,disqus.com
2014-02-26 11:09:48,accn.allocine.net
2014-02-26 11:09:48,go.disqus.com
2014-02-26 11:09:49,www.facebook.com
2014-02-26 11:09:50,disqus.com
2014-02-26 11:09:59,twitter.com
2014-02-26 11:10:29,twitter.com
2014-02-26 11:10:39,www.google.fr
2014-02-26 11:10:39,www.humanoides.fr
2014-02-26 11:10:39,1.gravatar.com
2014-02-26 11:10:39,platform.twitter.com
2014-02-26 11:10:39,static.ak.facebook.com
2014-02-26 11:10:39,s-static.ak.facebook.com
2014-02-26 11:10:40,apis.google.com
2014-02-26 11:10:40,www.facebook.com
2014-02-26 11:10:40,platform.twitter.com
2014-02-26 11:10:40,www.youtube.com
2014-02-26 11:10:40,www.humanoides.fr
2014-02-26 11:10:41,apis.google.com
2014-02-26 11:10:41,s.ytimg.com
2014-02-26 11:10:41,www.google.com
2014-02-26 11:10:41,platform.twitter.com
2014-02-26 11:10:42,apis.google.com
2014-02-26 11:10:42,i1.ytimg.com
2014-02-26 11:10:42,www.google.com
2014-02-26 11:10:43,i1.ytimg.com
2014-02-26 11:10:43,www.google.com
2014-02-26 11:10:52,twitter.com
2014-02-26 11:10:53,twitter.com
2014-02-26 11:10:53,accounts.google.com
2014-02-26 11:10:54,www.humanoides.fr
2014-02-26 11:10:54,twitter.com
2014-02-26 11:10:54,accounts.google.com
2014-02-26 11:11:00,www.youtube.com
2014-02-26 11:11:01,r3---sn-gxo5uxg-jqbe.googlevideo.com
2014-02-26 11:11:01,www.youtube.com
2014-02-26 11:11:01,s.youtube.com
2014-02-26 11:11:05,s.youtube.com
2014-02-26 11:11:05,r3---sn-gxo5uxg-jqbe.googlevideo.com
2014-02-26 11:11:11,s.youtube.com
2014-02-26 11:11:12,s.youtube.com
2014-02-26 11:11:22,s.youtube.com
2014-02-26 11:11:31,s.youtube.com
2014-02-26 11:11:32,s.youtube.com
2014-02-26 11:11:38,r3---sn-gxo5uxg-jqbe.googlevideo.com
2014-02-26 11:11:43,r3---sn-gxo5uxg-jqbe.googlevideo.com
2014-02-26 11:11:44,s.youtube.com
2014-02-26 11:11:58,r3---sn-gxo5uxg-jqbe.googlevideo.com
2014-02-26 11:12:01,s.youtube.com
2014-02-26 11:12:05,r3---sn-gxo5uxg-jqbe.googlevideo.com
2014-02-26 11:12:13,r3---sn-gxo5uxg-jqbe.googlevideo.com
2014-02-26 11:12:24,s.youtube.com
2014-02-26 11:12:28,r3---sn-gxo5uxg-jqbe.googlevideo.com
2014-02-26 11:12:31,s.youtube.com
2014-02-26 11:12:36,r3---sn-gxo5uxg-jqbe.googlevideo.com
2014-02-26 11:12:43,r3---sn-gxo5uxg-jqbe.googlevideo.com
2014-02-26 11:12:58,r3---sn-gxo5uxg-jqbe.googlevideo.com
2014-02-26 11:13:02,s.youtube.com
2014-02-26 11:13:04,s.youtube.com
2014-02-26 11:13:25,i1.ytimg.com
2014-02-26 11:13:25,www.youtube.com
2014-02-26 11:13:32,s.youtube.com
2014-02-26 11:13:37,www.google.com
2014-02-26 11:13:42,s.youtube.com
2014-02-26 11:13:44,s.youtube.com
2014-02-26 11:13:47,www.google.com
2014-02-26 11:13:54,www.facebook.com
2014-02-26 11:13:54,www.google.com
2014-02-26 11:14:40,www.google.fr
2014-02-26 11:14:41,www.google.fr
2014-02-26 11:14:41,www.konbini.com
2014-02-26 11:14:41,0.gravatar.com
2014-02-26 11:14:42,www.konbini.com
2014-02-26 11:14:43,www.konbini.com
2014-02-26 11:14:43,www.google.com
2014-02-26 11:14:43,www.youtube.com
2014-02-26 11:14:43,code.jquery.com
2014-02-26 11:14:43,clients1.google.com
2014-02-26 11:14:44,graph.facebook.com
2014-02-26 11:14:44,www.youtube.com
2014-02-26 11:14:45,www.konbini.com
2014-02-26 11:14:45,graph.facebook.com
2014-02-26 11:14:46,www.googleapis.com
2014-02-26 11:14:46,www.facebook.com
2014-02-26 11:14:46,i1.ytimg.com
2014-02-26 11:14:47,www.googleapis.com
2014-02-26 11:14:47,i1.ytimg.com
2014-02-26 11:14:48,graph.facebook.com
2014-02-26 11:14:48,www.konbini.com
2014-02-26 11:15:04,www.youtube.com
2014-02-26 11:15:05,www.youtube.com
2014-02-26 11:15:05,s.ytimg.com
2014-02-26 11:15:05,r3---sn-gxo5uxg-jqbe.googlevideo.com
2014-02-26 11:15:05,s.youtube.com
2014-02-26 11:15:06,r3---sn-gxo5uxg-jqbe.googlevideo.com
2014-02-26 11:15:07,s.youtube.com
2014-02-26 11:15:07,r3---sn-gxo5uxg-jqbe.googlevideo.com
2014-02-26 11:15:09,r3---sn-gxo5uxg-jqbe.googlevideo.com
2014-02-26 11:15:10,s.youtube.com
2014-02-26 11:15:14,s.youtube.com
2014-02-26 11:15:15,www.youtube.com
2014-02-26 11:15:16,s.youtube.com
2014-02-26 11:15:20,r3---sn-gxo5uxg-jqbe.googlevideo.com
2014-02-26 11:15:24,r3---sn-gxo5uxg-jqbe.googlevideo.com
2014-02-26 11:15:26,s.youtube.com
2014-02-26 11:15:30,www.youtube.com
2014-02-26 11:15:31,i1.ytimg.com
2014-02-26 11:15:33,r3---sn-gxo5uxg-jqbe.googlevideo.com
2014-02-26 11:15:34,s.youtube.com
2014-02-26 11:15:38,r3---sn-gxo5uxg-jqbe.googlevideo.com
2014-02-26 11:15:51,r3---sn-gxo5uxg-jqbe.googlevideo.com
2014-02-26 11:15:52,www.youtube.com
2014-02-26 11:15:54,i1.ytimg.com
2014-02-26 11:15:56,www.konbini.com
2014-02-26 11:15:56,www.google.com
2014-02-26 11:15:57,www.google.com
2014-02-26 11:15:57,clients1.google.com
2014-02-26 11:15:57,www.youtube.com
2014-02-26 11:15:57,www.googleapis.com
2014-02-26 11:15:57,graph.facebook.com
2014-02-26 11:15:58,graph.facebook.com
2014-02-26 11:15:59,i1.ytimg.com
2014-02-26 11:15:59,www.youtube.com
2014-02-26 11:15:59,graph.facebook.com
2014-02-26 11:16:02,i1.ytimg.com
2014-02-26 11:16:10,www.google.fr
2014-02-26 11:16:31,www.google.fr
2014-02-26 11:16:32,dsms0mj1bbhn4.cloudfront.net
2014-02-26 11:16:32,www.robotbuzz.fr
2014-02-26 11:16:32,www.google.fr
2014-02-26 11:16:32,dtym7iokkjlif.cloudfront.net
2014-02-26 11:16:33,www.robotbuzz.fr
2014-02-26 11:16:33,connect.facebook.net
2014-02-26 11:16:33,www.assoc-amazon.fr
2014-02-26 11:16:33,static.ak.facebook.com
2014-02-26 11:16:33,s-static.ak.facebook.com
2014-02-26 11:16:34,0.gravatar.com
2014-02-26 11:16:34,i1.ytimg.com
2014-02-26 11:16:34,iledelareunion.tk
2014-02-26 11:16:34,1.gravatar.com
2014-02-26 11:16:34,www.youtube.com
2014-02-26 11:16:34,www.robotbuzz.fr
2014-02-26 11:16:35,www.youtube.com
2014-02-26 11:16:35,www.robotbuzz.fr
2014-02-26 11:16:35,robotbuzz.fr
2014-02-26 11:16:35,www.google.fr
2014-02-26 11:16:35,ecx.images-amazon.com
2014-02-26 11:16:35,rcm-fr.amazon.fr
2014-02-26 11:16:35,www.pere.tk
2014-02-26 11:16:35,1.gravatar.com
2014-02-26 11:16:35,i1.ytimg.com
2014-02-26 11:16:35,0.gravatar.com
2014-02-26 11:16:36,spectrum.ieee.org
2014-02-26 11:16:36,ak.cdiscount.com
2014-02-26 11:16:36,www.robocommunity.com
2014-02-26 11:16:36,www.facebook.com
2014-02-26 11:16:36,www.plasticpals.com
2014-02-26 11:16:36,www.pob-technology.com
2014-02-26 11:16:36,g-ecx.images-amazon.com
2014-02-26 11:16:36,objectif-bebe.tk
2014-02-26 11:16:36,www.robotbuzz.fr
2014-02-26 11:16:36,robotbuzz.fr
2014-02-26 11:16:36,ecx.images-amazon.com
2014-02-26 11:16:36,i1.ytimg.com
2014-02-26 11:16:36,ws.amazon.fr
2014-02-26 11:16:37,www.generationrobots.com
2014-02-26 11:16:37,wms.assoc-amazon.fr
2014-02-26 11:16:37,www.roboticmagazine.com
2014-02-26 11:16:37,i.creativecommons.org
2014-02-26 11:16:37,www.assoc-amazon.fr
2014-02-26 11:16:37,ecx.images-amazon.com
2014-02-26 11:16:37,education.awabot.com
2014-02-26 11:16:37,rcm-fr.amazon.fr
2014-02-26 11:16:37,www.iheartrobotics.com
2014-02-26 11:16:37,www.robotbuzz.fr
2014-02-26 11:16:37,ak.cdiscount.com
2014-02-26 11:16:37,i1.ytimg.com
2014-02-26 11:16:38,z-ecx.images-amazon.com
2014-02-26 11:16:38,i1.ytimg.com
2014-02-26 11:16:38,www.amazon.fr
2014-02-26 11:16:38,g-ecx.images-amazon.com
2014-02-26 11:16:38,www.robotbuzz.fr
2014-02-26 11:16:38,www.generationrobots.com
2014-02-26 11:16:39,feeds.delicious.com
2014-02-26 11:16:39,ws.amazon.fr
2014-02-26 11:16:39,i1.ytimg.com
2014-02-26 11:16:39,z-ecx.images-amazon.com
2014-02-26 11:16:39,www.linkedin.com
2014-02-26 11:16:39,www.robotbuzz.fr
2014-02-26 11:16:40,i1.ytimg.com
2014-02-26 11:16:40,ws.amazon.fr
2014-02-26 11:16:41,i1.ytimg.com
2014-02-26 11:16:41,g-ecx.images-amazon.com
2014-02-26 11:16:42,g-ecx.images-amazon.com
2014-02-26 11:16:42,i1.ytimg.com
2014-02-26 11:16:42,www.assoc-amazon.fr
2014-02-26 11:16:43,ws.amazon.fr
2014-02-26 11:16:43,ecx.images-amazon.com
2014-02-26 11:16:45,ws.amazon.fr
2014-02-26 11:16:46,ecx.images-amazon.com
2014-02-26 11:16:47,www.assoc-amazon.fr
2014-02-26 11:16:47,www.robot-advance.com
2014-02-26 11:16:48,www.robotbuzz.fr
2014-02-26 11:17:15,ecx.images-amazon.com
2014-02-26 11:17:20,ecx.images-amazon.com
2014-02-26 11:17:25,ecx.images-amazon.com
2014-02-26 11:17:30,ecx.images-amazon.com
2014-02-26 11:17:35,ecx.images-amazon.com
2014-02-26 11:17:41,ecx.images-amazon.com
2014-02-26 11:17:46,ecx.images-amazon.com
2014-02-26 11:17:49,www.assoc-amazon.fr
2014-02-26 11:17:49,ecx.images-amazon.com
2014-02-26 11:17:49,www.amazon.fr
2014-02-26 11:17:49,g-ecx.images-amazon.com
2014-02-26 11:17:51,www.assoc-amazon.fr
2014-02-26 11:18:27,www.bing.com
2014-02-26 11:18:29,login.live.com
2014-02-26 11:18:29,fr-fr.facebook.com
2014-02-26 11:18:29,www.bing.com
2014-02-26 11:18:32,www.bing.com
2014-02-26 11:18:43,login.live.com
2014-03-19 10:20:08,ajax.microsoft.com
2014-03-19 10:20:08,go.microsoft.com
2014-03-19 10:20:08,windows.microsoft.com
2014-03-19 10:20:08,res1.windows.microsoft.com
2014-03-19 10:20:08,res2.windows.microsoft.com
2014-03-19 10:20:08,js.microsoft.com
2014-03-19 10:20:09,js.microsoft.com
2014-03-19 10:20:09,res2.windows.microsoft.com
2014-03-19 10:20:09,windows.microsoft.com
2014-03-19 10:20:09,res1.windows.microsoft.com
2014-03-19 10:20:13,api.bing.com
2014-03-19 10:20:13,www.bing.com
2014-03-19 10:22:00,ieonline.microsoft.com
2014-03-19 10:22:00,go.microsoft.com
2014-03-19 10:23:06,ieonline.microsoft.com
2014-03-19 10:31:29,api.bing.com
2014-03-19 10:31:29,www.google.fr
2014-03-19 10:31:30,www.google.fr
2014-03-19 10:31:31,apis.google.com
2014-03-19 10:31:31,www.google.com
2014-03-19 10:32:15,www.google.com
2014-03-19 10:32:15,apis.google.com
2014-03-19 10:32:15,www.google.fr
2014-03-19 10:32:15,www.facebook.com
2014-03-19 10:32:15,www.commentcamarche.net
2014-03-19 10:32:15,ba.commentcamarche.net
2014-03-19 10:32:15,static.commentcamarche.net
2014-03-19 10:32:15,static.ccm2.net
2014-03-19 10:32:15,r.ccmbg.com
2014-03-19 10:32:16,ajax.googleapis.com
2014-03-19 10:32:16,twitter.com
2014-03-19 10:32:16,static.ccm2.net
2014-03-19 10:32:16,platform.twitter.com
2014-03-19 10:32:16,www.facebook.com
2014-03-19 10:32:16,ba.commentcamarche.net
2014-03-19 10:32:17,loadr.exelator.com
2014-03-19 10:32:17,s.ytimg.com
2014-03-19 10:32:17,platform.twitter.com
2014-03-19 10:32:17,www.youtube.com
2014-03-19 10:32:17,static.ccm2.net
2014-03-19 10:32:17,www.facebook.com
2014-03-19 10:32:17,twitter.com
2014-03-19 10:32:17,ba.commentcamarche.net
2014-03-19 10:32:17,www.google.com
2014-03-19 10:32:17,apis.google.com
2014-03-19 10:32:18,mm.eulerian.net
2014-03-19 10:32:18,s.ytimg.com
2014-03-19 10:32:18,i1.ytimg.com
2014-03-19 10:32:18,platform.twitter.com
2014-03-19 10:32:18,pixel.alephd.com
2014-03-19 10:32:18,s-static.ak.facebook.com
2014-03-19 10:32:18,www.facebook.com
2014-03-19 10:32:18,apis.google.com
2014-03-19 10:32:18,accounts.google.com
2014-03-19 10:32:18,static.ccm2.net
2014-03-19 10:32:18,static.ak.facebook.com
2014-03-19 10:32:18,ba.commentcamarche.net
2014-03-19 10:32:18,connect.facebook.net
2014-03-19 10:32:18,its.tradelab.fr
2014-03-19 10:32:19,static.ccmbg.com
2014-03-19 10:32:19,mm.eulerian.net
2014-03-19 10:32:19,www.facebook.com
2014-03-19 10:32:19,www.commentcamarche.net
2014-03-19 10:32:19,static.ccm2.net
2014-03-19 10:32:20,its.tradelab.fr
2014-03-19 10:32:20,static.ccm2.net
2014-03-19 10:32:22,i1-js-14-3-01-10165-788081918-i.init.cedexis-radar.net
2014-03-19 10:32:22,twitter.com
2014-03-19 10:32:24,its.tradelab.fr
2014-03-19 10:32:44,its.tradelab.fr
2014-03-19 10:33:25,www.google.fr
2014-03-19 10:33:26,www.insee.fr
2014-03-19 10:35:19,www.google.fr
2014-03-19 10:36:18,login.wikimedia.org
2014-03-19 10:36:18,www.google.fr
2014-03-19 10:36:18,bits.wikimedia.org
2014-03-19 10:36:18,fr.wikipedia.org
2014-03-19 10:36:18,meta.wikimedia.org
2014-03-19 10:36:19,bits.wikimedia.org
2014-03-19 10:36:53,www.google.fr
2014-03-19 10:36:53,www.lefigaro.fr
2014-03-19 10:38:59,www.google.fr
2014-03-19 10:41:32,www.google.fr
2014-03-19 10:41:33,www.google.fr
2014-03-19 10:41:34,www.arcep.fr
2014-03-19 11:01:53,office14client.microsoft.com
2014-03-19 11:01:54,office.microsoft.com
2014-03-19 11:01:55,office.microsoft.com
2014-03-19 11:01:57,rr.office.microsoft.com
2014-03-19 11:01:57,api.bing.com
2014-03-19 11:01:57,office.microsoft.com
2014-03-19 11:01:58,integrate.factiva.com
2014-03-19 11:01:58,services.highbeam.com
2014-03-19 11:01:58,www.worldlingo.com
2014-03-19 11:01:58,www.microsofttranslator.com
2014-03-19 11:03:32,www.chpg.mc
2014-03-19 11:03:32,tpe-protheses-bioniques2011.e-monsite.com
2014-03-19 11:03:33,robotique-medecine.weebly.com
2014-03-19 11:03:34,www.wired.com
2014-03-19 11:03:34,sliceofmit.files.wordpress.com
2014-03-19 11:22:28,api.bing.com
2014-03-19 11:22:29,api.bing.com
2014-03-19 11:22:31,mail.google.com
2014-03-19 11:22:31,www.gmail.com
2014-03-19 11:22:32,mail.google.com
2014-03-19 11:22:32,accounts.google.com
2014-03-19 11:22:32,www.google.com
2014-03-19 11:22:35,accounts.youtube.com
2014-03-19 11:22:35,apis.google.com
2014-03-19 11:22:35,mail.google.com
2014-03-19 11:22:35,www.google.com
2014-03-19 11:22:52,accounts.google.fr
2014-03-19 11:22:55,accounts.google.com
2014-03-19 11:22:55,clients2.google.com
2014-03-19 11:22:55,accounts.youtube.com
2014-03-19 11:22:55,www.google.com
2014-03-19 11:22:55,accounts.google.fr
2014-03-19 11:22:56,mail.google.com
2014-03-19 11:22:57,plus.google.com
2014-03-19 11:22:58,plus.google.com
2014-03-19 11:22:58,clients2.google.com
2014-03-19 11:22:58,chatenabled.mail.google.com
2014-03-19 11:22:58,apis.google.com
2014-03-19 11:22:59,mail.google.com
2014-03-19 11:22:59,drive.google.com
2014-03-19 11:22:59,chatenabled.mail.google.com
2014-03-19 11:23:01,mail.google.com
2014-03-19 11:23:10,drive.google.com
2014-03-19 11:23:29,clients6.google.com
2014-03-19 11:23:55,apis.google.com
2014-03-19 11:23:56,apis.google.com
2014-03-19 11:23:58,apis.google.com
2014-03-19 11:24:22,clients6.google.com
2014-03-19 11:24:22,drive.google.com
2014-03-19 11:24:22,apis.google.com
2014-03-19 11:24:22,plus.google.com
2014-03-19 11:27:49,mail.google.com
2014-03-19 11:27:50,mail.google.com
2014-03-19 11:31:50,mail.google.com
2014-03-19 11:31:52,mail.google.com
2014-03-19 11:31:52,apis.google.com
2014-03-19 11:31:54,mail.google.com
2014-03-19 11:33:02,plus.google.com
2014-03-19 11:33:07,mail.google.com
2014-03-19 11:33:30,apis.google.com
2014-03-19 11:33:30,mail.google.com
2014-03-19 11:33:30,plus.google.com
2014-03-19 11:34:41,api.bing.com
2014-03-19 11:53:35,api.bing.com
2014-03-19 11:53:36,api.bing.com
2014-03-19 11:53:39,api.bing.com
2014-03-19 11:53:40,api.bing.com
2014-03-19 11:53:42,www.bing.com
2014-03-19 11:53:44,www.bing.com
2014-03-19 11:53:44,cms.abmr.net
2014-03-19 11:53:44,static.v5.skyrock.net
2014-03-19 11:53:44,auto.mgl.skyrock.net
2014-03-19 11:53:44,auto.img.v4.skyrock.net
2014-03-19 11:53:44,www.dailymotion.com
2014-03-19 11:53:45,www.facebook.com
2014-03-19 11:53:45,s-static.ak.facebook.com
2014-03-19 11:53:45,static.v5.skyrock.net
2014-03-19 11:53:45,connect.facebook.net
2014-03-19 11:53:45,premium.hi-mediaserver.com
2014-03-19 11:53:45,static.ak.facebook.com
2014-03-19 11:53:46,cm.adgrx.com
2014-03-19 11:53:47,adventori.com
2014-03-19 11:53:47,c1.adform.net
2014-03-19 11:54:06,static.v5.skyrock.net
2014-03-19 11:54:07,www.facebook.com
2014-03-19 11:54:07,static.v5.skyrock.net
2014-03-19 11:54:07,static.ak.facebook.com
2014-03-19 11:54:07,ea.virginmobile.fr
2014-03-19 11:54:07,s-static.ak.facebook.com
2014-03-19 11:54:20,static.ak.facebook.com
2014-03-19 11:54:20,static.v5.skyrock.net
2014-03-19 11:54:20,s-static.ak.facebook.com
2014-03-19 11:54:20,www.facebook.com
2014-03-19 11:54:57,api.bing.com
2014-03-19 11:54:57,www.google.fr
2014-03-19 11:54:58,www.google.com
2014-03-19 11:54:58,apis.google.com
2014-03-19 11:54:58,plus.google.com
2014-03-19 11:55:03,plus.google.com
2014-03-19 11:55:11,auto.img.v4.skyrock.net
2014-03-19 11:55:11,apis.google.com
2014-03-19 11:55:11,07.wir.skyrock.net
2014-03-19 11:55:11,static.v4.skyrock.com
2014-03-19 11:55:11,01.wir.skyrock.net
2014-03-19 11:55:11,plus.google.com
2014-03-19 11:55:11,static.v5.skyrock.net
2014-03-19 11:55:11,www.google.com
2014-03-19 11:55:11,platform.twitter.com
2014-03-19 11:55:11,www.google.fr
2014-03-19 11:55:12,apis.google.com
2014-03-19 11:55:12,connect.facebook.net
2014-03-19 11:55:12,videosfr.s3.amazonaws.com
2014-03-19 11:55:12,static.ak.facebook.com
2014-03-19 11:55:12,auto.img.v4.skyrock.net
2014-03-19 11:55:12,twitter.com
2014-03-19 11:55:12,accounts.google.com
2014-03-19 11:55:12,s-static.ak.facebook.com
2014-03-19 11:55:12,static.v5.skyrock.net
2014-03-19 11:55:12,platform.twitter.com
2014-03-19 11:55:13,www.facebook.com
2014-03-19 11:55:13,static.v5.skyrock.net
2014-03-19 11:55:25,static.v5.skyrock.net
2014-03-19 11:55:26,twitter.com
2014-03-19 11:55:26,static.v5.skyrock.net
2014-03-19 11:55:26,www.youtube.com
2014-03-19 11:55:26,accounts.google.com
2014-03-19 11:55:26,auto.img.v4.skyrock.net
2014-03-19 11:55:26,mgl.skyrock.net
2014-03-19 11:55:27,static.ak.facebook.com
2014-03-19 11:55:27,www.youtube.com
2014-03-19 11:55:27,www.facebook.com
2014-03-19 11:55:27,apis.google.com
2014-03-19 11:55:27,s-static.ak.facebook.com
2014-03-19 11:55:39,auto.img.v4.skyrock.net
2014-03-19 11:55:39,static.v5.skyrock.net
2014-03-19 11:55:43,www.youtube.com
2014-03-19 11:55:43,twitter.com
2014-03-19 11:55:43,auto.img.v4.skyrock.net
2014-03-19 11:55:43,static.v5.skyrock.net
2014-03-19 11:55:44,twitter.com
2014-03-19 11:55:44,www.facebook.com
2014-03-19 11:55:44,apis.google.com
2014-03-19 11:55:44,s-static.ak.facebook.com
2014-03-19 11:55:44,static.ak.facebook.com
2014-03-19 11:55:50,auto.img.v4.skyrock.net
2014-03-19 11:55:53,static.ak.facebook.com
2014-03-19 11:55:53,s-static.ak.facebook.com
2014-03-19 11:55:53,www.facebook.com
2014-03-19 11:55:54,www.facebook.com
2014-03-19 11:55:54,apis.google.com
2014-03-19 11:55:54,twitter.com
2014-03-19 11:56:05,auto.img.v4.skyrock.net
2014-03-19 11:56:11,platform.twitter.com
2014-03-19 11:56:11,auto.img.v4.skyrock.net
2014-03-19 11:56:11,s-static.ak.facebook.com
2014-03-19 11:56:11,static.ak.facebook.com
2014-03-19 11:56:12,apis.google.com
2014-03-19 11:56:12,www.facebook.com
2014-03-19 11:56:14,auto.img.v4.skyrock.net
2014-03-19 11:56:17,twitter.com
2014-03-19 11:56:17,platform.twitter.com
2014-03-19 11:56:17,auto.img.v4.skyrock.net
2014-03-19 11:56:18,twitter.com
2014-03-19 11:56:18,apis.google.com
2014-03-19 11:56:18,static.ak.facebook.com
2014-03-19 11:56:18,s-static.ak.facebook.com
2014-03-19 11:56:18,www.facebook.com
2014-03-19 11:56:21,auto.img.v4.skyrock.net
2014-03-19 11:56:21,platform.twitter.com
2014-03-19 11:56:21,www.youtube.com
2014-03-19 11:56:22,static.ak.facebook.com
2014-03-19 11:56:22,s-static.ak.facebook.com
2014-03-19 11:56:22,apis.google.com
2014-03-19 11:56:22,www.facebook.com
2014-03-19 11:56:22,www.youtube.com
2014-03-19 11:56:34,auto.img.v4.skyrock.net
2014-03-19 11:56:35,apis.google.com
2014-03-19 11:56:35,platform.twitter.com
2014-03-19 11:56:35,static.ak.facebook.com
2014-03-19 11:56:35,s-static.ak.facebook.com
2014-03-19 11:56:36,twitter.com
2014-03-19 11:56:36,ea.numericable.fr
2014-03-19 11:56:36,www.facebook.com
2014-03-19 11:56:40,auto.img.v4.skyrock.net
2014-03-19 11:56:45,auto.img.v4.skyrock.net
2014-03-19 11:56:46,s-static.ak.facebook.com
2014-03-19 11:56:46,platform.twitter.com
2014-03-19 11:56:46,www.youtube.com
2014-03-19 11:56:46,static.ak.facebook.com
2014-03-19 11:56:46,www.facebook.com
2014-03-19 11:56:47,apis.google.com
2014-03-19 11:56:47,twitter.com
2014-03-19 11:56:53,auto.img.v4.skyrock.net
2014-03-19 11:56:59,www.ultimedia.com
2014-03-19 11:56:59,platform.twitter.com
2014-03-19 11:56:59,auto.img.v4.skyrock.net
2014-03-19 11:57:00,img.ultimedia.com
2014-03-19 11:57:00,static.ak.facebook.com
2014-03-19 11:57:00,www.ultimedia.com
2014-03-19 11:57:00,apis.google.com
2014-03-19 11:57:00,s-static.ak.facebook.com
2014-03-19 11:57:01,www.facebook.com
2014-03-19 11:57:13,auto.img.v4.skyrock.net
2014-03-19 11:57:13,platform.twitter.com
2014-03-19 11:57:13,twitter.com
2014-03-19 11:57:14,static.ak.facebook.com
2014-03-19 11:57:14,www.facebook.com
2014-03-19 11:57:14,s-static.ak.facebook.com
2014-03-19 11:57:14,apis.google.com
2014-03-19 11:57:20,twitter.com
2014-03-19 11:57:20,auto.img.v4.skyrock.net
2014-03-19 11:57:20,platform.twitter.com
2014-03-19 11:57:22,static.ak.facebook.com
2014-03-19 11:57:22,www.facebook.com
2014-03-19 11:57:22,apis.google.com
2014-03-19 11:57:24,www.facebook.com
2014-03-19 11:57:24,s-static.ak.facebook.com
2014-03-19 11:57:29,apis.google.com
2014-03-19 11:57:29,twitter.com
2014-03-19 11:57:29,s-static.ak.facebook.com
2014-03-19 11:57:29,platform.twitter.com
2014-03-19 11:57:29,static.ak.facebook.com
2014-03-19 11:57:29,www.ultimedia.com
2014-03-19 11:57:29,auto.img.v4.skyrock.net
2014-03-19 11:57:30,i1.ytimg.com
2014-03-19 11:57:30,www.ultimedia.com
2014-03-19 11:57:45,auto.img.v4.skyrock.net
2014-03-19 11:57:51,www.youtube.com
2014-03-19 11:57:51,platform.twitter.com
2014-03-19 11:57:51,auto.img.v4.skyrock.net
2014-03-19 11:57:51,twitter.com
2014-03-19 11:57:52,twitter.com
2014-03-19 11:57:52,apis.google.com
2014-03-19 11:57:52,s-static.ak.facebook.com
2014-03-19 11:57:52,static.ak.facebook.com
2014-03-19 11:57:52,www.facebook.com
2014-03-19 11:57:52,www.youtube.com
2014-03-19 11:58:05,platform.twitter.com
2014-03-19 11:58:05,auto.img.v4.skyrock.net
2014-03-19 11:58:06,static.ak.facebook.com
2014-03-19 11:58:06,www.facebook.com
2014-03-19 11:58:06,apis.google.com
2014-03-19 11:58:06,s-static.ak.facebook.com
2014-03-19 11:58:20,auto.img.v4.skyrock.net
2014-03-19 11:58:21,s-static.ak.facebook.com
2014-03-19 11:58:21,twitter.com
2014-03-19 11:58:21,platform.twitter.com
2014-03-19 11:58:21,static.ak.facebook.com
2014-03-19 11:58:21,apis.google.com
2014-03-19 11:58:29,auto.img.v4.skyrock.net
2014-03-19 11:58:30,auto.img.v4.skyrock.net
2014-03-19 11:58:30,platform.twitter.com
2014-03-19 11:58:31,www.facebook.com
2014-03-19 11:58:31,static.ak.facebook.com
2014-03-19 11:58:31,apis.google.com
2014-03-19 11:58:31,s-static.ak.facebook.com
2014-03-19 11:58:31,images.orangepublicite.fr
2014-03-19 11:58:39,twitter.com
2014-03-19 11:58:39,auto.img.v4.skyrock.net
2014-03-19 11:58:39,platform.twitter.com
2014-03-19 11:58:40,static.ak.facebook.com
2014-03-19 11:58:40,www.facebook.com
2014-03-19 11:58:40,apis.google.com
2014-03-19 11:58:40,s-static.ak.facebook.com
2014-03-19 11:58:49,auto.img.v4.skyrock.net
2014-03-19 11:58:50,auto.img.v4.skyrock.net
2014-03-19 11:58:50,platform.twitter.com
2014-03-19 11:58:51,s-static.ak.facebook.com
2014-03-19 11:58:51,twitter.com
2014-03-19 11:58:51,apis.google.com
2014-03-19 11:58:51,www.facebook.com
2014-03-19 11:58:51,static.ak.facebook.com
2014-03-19 11:58:57,s-static.ak.facebook.com
2014-03-19 11:58:57,auto.img.v4.skyrock.net
2014-03-19 11:58:57,platform.twitter.com
2014-03-19 11:58:57,static.ak.facebook.com
2014-03-19 11:58:57,apis.google.com
2014-03-19 11:59:11,www.youtube.com
2014-03-19 11:59:11,static.ak.facebook.com
2014-03-19 11:59:11,platform.twitter.com
2014-03-19 11:59:11,auto.img.v4.skyrock.net
2014-03-19 11:59:11,twitter.com
2014-03-19 11:59:11,s-static.ak.facebook.com
2014-03-19 11:59:12,apis.google.com
2014-03-19 11:59:12,twitter.com
2014-03-19 11:59:18,platform.twitter.com
2014-03-19 11:59:18,auto.img.v4.skyrock.net
2014-03-19 11:59:19,twitter.com
2014-03-19 11:59:19,apis.google.com
2014-03-19 11:59:19,s-static.ak.facebook.com
2014-03-19 11:59:19,www.facebook.com
2014-03-19 11:59:19,static.ak.facebook.com
2014-03-19 11:59:35,static.v5.skyrock.net
2014-03-19 11:59:35,platform.twitter.com
2014-03-19 11:59:35,auto.img.v4.skyrock.net
2014-03-19 11:59:35,07.wir.skyrock.net
2014-03-19 11:59:36,s-static.ak.facebook.com
2014-03-19 11:59:36,www.facebook.com
2014-03-19 11:59:36,static.ak.facebook.com
2014-03-19 11:59:36,apis.google.com
2014-03-19 11:59:59,static.v5.skyrock.net
2014-03-19 11:59:59,mgl.skyrock.net
2014-03-19 12:00:02,static.v5.skyrock.net
2014-03-19 12:00:05,static.v5.skyrock.net
2014-03-19 12:00:06,twitter.com
2014-03-19 12:00:08,static.v5.skyrock.net
2014-03-19 12:00:23,platform.twitter.com
2014-03-19 12:00:24,www.facebook.com
2014-03-19 12:00:24,static.ak.facebook.com
2014-03-19 12:00:24,s-static.ak.facebook.com
2014-03-19 12:00:24,apis.google.com
2014-03-19 12:00:55,twitter.com
2014-04-16 10:21:19,api.bing.com
2014-04-16 10:21:20,api.bing.com
2014-04-16 10:21:21,www.google.fr
2014-04-16 10:21:23,www.google.fr
2014-04-16 10:21:25,www.google.com
2014-04-16 10:21:25,apis.google.com
2014-04-16 10:21:25,plus.google.com
2014-04-16 10:21:30,plus.google.com
2014-04-16 10:22:55,www.google.fr
2014-04-16 10:22:56,plus.google.com
2014-04-16 10:22:57,www.google.fr
2014-04-16 10:22:57,clients1.google.fr
2014-04-16 10:22:57,plus.google.com
2014-04-16 10:22:57,apis.google.com
2014-04-16 10:22:57,www.google.com
2014-04-16 10:22:58,plus.google.com
2014-04-16 10:23:28,clients1.google.fr
2014-04-16 10:23:28,www.google.fr
2014-04-16 10:23:36,www.google.fr
2014-04-16 10:23:36,3b.img.v4.skyrock.net
2014-04-16 10:23:36,plus.google.com
2014-04-16 10:23:39,u.jimdo.com
2014-04-16 10:24:07,ieonline.microsoft.com
2014-04-16 10:25:39,www.google.fr
2014-04-16 10:25:40,plus.google.com
2014-04-16 10:25:44,www.google.fr
2014-04-16 10:25:45,plus.google.com
2014-04-16 10:25:46,www.google.fr
2014-04-16 10:25:46,plus.google.com
2014-04-16 10:29:52,api.bing.com
2014-04-16 10:29:53,api.bing.com
2014-04-16 10:29:53,www.google.fr
2014-04-16 10:29:54,www.google.fr
2014-04-16 10:29:55,plus.google.com
2014-04-16 10:29:56,mail.google.com
2014-04-16 10:29:56,accounts.google.com
2014-04-16 10:29:56,accounts.youtube.com
2014-04-16 10:29:56,www.google.com
2014-04-16 10:29:57,www.google.fr
2014-04-16 10:30:02,www.google.fr
2014-04-16 10:30:02,accounts.google.fr
2014-04-16 10:30:04,www.google.com
2014-04-16 10:30:05,clients2.google.com
2014-04-16 10:30:05,accounts.google.com
2014-04-16 10:30:05,accounts.youtube.com
2014-04-16 10:30:06,accounts.google.fr
2014-04-16 10:30:06,mail.google.com
2014-04-16 10:30:06,www.google.com
2014-04-16 10:30:06,plus.google.com
2014-04-16 10:30:07,clients6.google.com
2014-04-16 10:30:07,apis.google.com
2014-04-16 10:30:07,clients2.google.com
2014-04-16 10:30:08,plus.google.com
2014-04-16 10:30:08,chatenabled.mail.google.com
2014-04-16 10:30:08,mail.google.com
2014-04-16 10:30:09,apis.google.com
2014-04-16 10:30:09,accounts.google.com
2014-04-16 10:30:11,apis.google.com
2014-04-16 10:30:20,chatenabled.mail.google.com
2014-04-16 10:30:46,clients6.google.com
2014-04-16 10:32:08,mail.google.com
2014-04-16 10:34:09,clients6.google.com
2014-04-16 10:34:11,plus.google.com
2014-04-16 10:35:02,plus.google.com
2014-04-16 10:36:49,u.jimdo.com
2014-04-16 10:36:49,www.youtube.com
2014-04-16 10:36:50,s.ytimg.com
2014-04-16 10:36:50,www.youtube.com
2014-04-16 10:36:51,www.youtube.com
2014-04-16 10:36:51,i1.ytimg.com
2014-04-16 10:36:57,s.youtube.com
2014-04-16 10:37:25,s.ytimg.com
2014-04-16 10:37:25,www.google.com
2014-04-16 10:37:25,www.youtube.com
2014-04-16 10:38:27,mail.google.com
2014-04-16 10:38:45,s.youtube.com
2014-04-16 10:38:45,i1.ytimg.com
2014-04-16 10:38:45,www.youtube.com
2014-04-16 10:39:28,mail.google.com
2014-04-16 10:49:26,office14client.microsoft.com
2014-04-16 10:49:26,office.microsoft.com
2014-04-16 10:49:27,office.microsoft.com
2014-04-16 10:56:37,api.bing.com
2014-04-16 10:56:38,api.bing.com
2014-04-16 10:56:39,www.google.fr
2014-04-16 10:56:40,plus.google.com
2014-04-16 10:56:45,plus.google.com
2014-04-16 10:56:46,mw2.google.com
2014-04-16 10:56:54,plus.google.com
2014-04-16 10:56:54,www.google.fr
2014-04-16 10:56:55,pics.ebaystatic.com
2014-04-16 10:56:55,p.ebaystatic.com
2014-04-16 10:56:55,thumbs3.ebaystatic.com
2014-04-16 10:56:55,thumbs4.ebaystatic.com
2014-04-16 10:56:55,thumbs1.ebaystatic.com
2014-04-16 10:56:55,ir.ebaystatic.com
2014-04-16 10:56:55,www.ebay.com
2014-04-16 10:56:55,thumbs2.ebaystatic.com
2014-04-16 10:56:55,mw2.google.com
2014-04-16 10:56:55,www.google.fr
2014-04-16 10:56:56,thumbs2.ebaystatic.com
2014-04-16 10:56:56,thumbs3.ebaystatic.com
2014-04-16 10:56:56,thumbs1.ebaystatic.com
2014-04-16 10:56:56,thumbs4.ebaystatic.com
2014-04-16 10:56:58,rover.ebay.com
2014-04-16 10:56:58,ir.ebaystatic.com
2014-04-16 10:56:59,www.ebay.com
2014-04-16 10:56:59,rover.ebay.com
2014-04-16 10:57:02,rover.ebay.com
2014-04-16 10:57:06,www.google.fr
2014-04-16 10:57:06,plus.google.com
2014-04-16 10:57:07,www.google.fr
2014-04-16 10:57:07,clients1.google.fr
2014-04-16 10:57:08,clients1.google.fr
2014-04-16 10:57:08,plus.google.com
2014-04-16 10:58:38,plus.google.com
2014-04-16 10:58:38,www.google.fr
2014-04-16 10:59:36,www.serpentsdefrance.fr
2014-04-16 10:59:36,ecx.images-amazon.com
2014-04-16 10:59:36,rcm-fr.amazon.fr
2014-04-16 10:59:36,www.google.fr
2014-04-16 11:01:41,u.jimdo.com
2014-04-16 11:03:28,www.google.fr
2014-04-16 11:03:29,plus.google.com
2014-04-16 11:03:29,i2.wp.com
2014-04-16 11:03:29,media.tumblr.com
2014-04-16 11:03:29,www.lafermetropicale.com
2014-04-16 11:03:29,sp-stonepaper.com
2014-04-16 11:03:29,www.ecolomania.com
2014-04-16 11:03:29,www.cuisine-facile.com
2014-04-16 11:03:29,connect.facebook.net
2014-04-16 11:03:29,s1.e-monsite.com
2014-04-16 11:03:29,www.gravatar.com
2014-04-16 11:03:29,www.astuces-pratiques.fr
2014-04-16 11:03:29,pojupoju.free.fr
2014-04-16 11:03:29,chichidesroi.wifeo.com
2014-04-16 11:03:29,platform.twitter.com
2014-04-16 11:03:29,scales.kazeo.com
2014-04-16 11:03:29,www.google.fr
2014-04-16 11:03:29,www.kazeo.com
2014-04-16 11:03:29,thumbs.imagekind.com
2014-04-16 11:03:30,www.petworldshop.com
2014-04-16 11:03:30,www.youtube.com
2014-04-16 11:03:30,cuisine-facile.com
2014-04-16 11:03:30,social.socialike-me.com
2014-04-16 11:03:30,edito.madame.lefigaro.fr
2014-04-16 11:03:30,s-static.ak.facebook.com
2014-04-16 11:03:30,apis.google.com
2014-04-16 11:03:30,www.facebook.com
2014-04-16 11:03:30,www.zoomed.com
2014-04-16 11:03:30,static.ak.facebook.com
2014-04-16 11:03:30,www.fotosearch.fr
2014-04-16 11:03:31,offres.numericable.fr
2014-04-16 11:03:31,news.stanford.edu
2014-04-16 11:03:31,www.numericable.fr
2014-04-16 11:03:31,scales.kazeo.com
2014-04-16 11:03:31,accounts.google.com
2014-04-16 11:03:31,ea.numericable.fr
2014-04-16 11:03:31,www.everythingpetsupplies.com
2014-04-16 11:03:31,platform.twitter.com
2014-04-16 11:03:31,apis.google.com
2014-04-16 11:03:31,js.socialike-me.com
2014-04-16 11:03:32,plus.lefigaro.fr
2014-04-16 11:03:32,assets3.lefigaro.fr
2014-04-16 11:03:32,www.lefigaro.fr
2014-04-16 11:03:32,assets2.lefigaro.fr
2014-04-16 11:03:32,accounts.google.com
2014-04-16 11:03:32,scales.kazeo.com
2014-04-16 11:03:32,code.jquery.com
2014-04-16 11:03:32,www.kazeo.com
2014-04-16 11:03:32,www.youtube.com
2014-04-16 11:03:32,offres.numericable.fr
2014-04-16 11:03:32,apis.google.com
2014-04-16 11:03:32,madame.lefigaro.fr
2014-04-16 11:03:32,cdnjs.cloudflare.com
2014-04-16 11:03:32,ajax.googleapis.com
2014-04-16 11:03:33,twitter.com
2014-04-16 11:03:33,i1.ytimg.com
2014-04-16 11:03:33,www.youtube.com
2014-04-16 11:03:33,s.ytimg.com
2014-04-16 11:03:33,ea.numericable.fr
2014-04-16 11:03:33,scales.kazeo.com
2014-04-16 11:03:33,www.lefigaro.fr
2014-04-16 11:03:33,plus.lefigaro.fr
2014-04-16 11:03:33,apis.google.com
2014-04-16 11:03:34,service.centraltag.com
2014-04-16 11:03:34,offres.numericable.fr
2014-04-16 11:03:34,twitter.com
2014-04-16 11:03:34,s.ytimg.com
2014-04-16 11:03:34,i1.ytimg.com
2014-04-16 11:03:34,platform.twitter.com
2014-04-16 11:03:34,www.lefigaro.fr
2014-04-16 11:03:34,madame.lefigaro.fr
2014-04-16 11:03:34,www.google.com
2014-04-16 11:03:34,dc1w54.wysistat.com
2014-04-16 11:03:34,halc.iadvize.com
2014-04-16 11:03:34,assets3.lefigaro.fr
2014-04-16 11:03:34,assets1.lefigaro.fr
2014-04-16 11:03:34,assets-pub.lefigaro.fr
2014-04-16 11:03:34,emailretargeting.com
2014-04-16 11:03:34,assets4.lefigaro.fr
2014-04-16 11:03:35,s.cogmatch.net
2014-04-16 11:03:35,www.facebook.com
2014-04-16 11:03:35,fstatic.iadvize.com
2014-04-16 11:03:35,mpp2.vindicosuite.com
2014-04-16 11:03:35,i1.ytimg.com
2014-04-16 11:03:35,halc.iadvize.com
2014-04-16 11:03:35,smart2.allocine.fr
2014-04-16 11:03:35,mfr.meteofrance.com
2014-04-16 11:03:35,www.google.com
2014-04-16 11:03:36,halc.iadvize.com
2014-04-16 11:03:36,www.google.com
2014-04-16 11:03:36,api.zanox.ws
2014-04-16 11:03:36,b12.myspace.com
2014-04-16 11:03:36,fstatic.iadvize.com
2014-04-16 11:03:37,numericable.inq.com
2014-04-16 11:03:37,halc.iadvize.com
2014-04-16 11:03:37,rainbow-fr.mythings.com
2014-04-16 11:03:37,www.facebook.com
2014-04-16 11:03:37,ajax.googleapis.com
2014-04-16 11:03:37,offres.numericable.fr
2014-04-16 11:03:37,www.ebuyclub.com
2014-04-16 11:03:38,www.facebook.com
2014-04-16 11:03:38,halc.iadvize.com
2014-04-16 11:03:38,numericable.inq.com
2014-04-16 11:03:38,service.centraltag.com
2014-04-16 11:03:39,numericable.inq.com
2014-04-16 11:03:39,halc.iadvize.com
2014-04-16 11:04:30,numericable.inq.com
2014-04-16 11:04:31,cdnjs.cloudflare.com
2014-04-16 11:04:36,halc.iadvize.com
2014-04-16 11:04:50,api.bing.com
2014-04-16 11:04:51,www.google.fr
2014-04-16 11:04:52,plus.google.com
2014-04-16 11:04:54,www.google.com
2014-04-16 11:04:54,mail.google.com
2014-04-16 11:04:57,clients2.google.com
2014-04-16 11:04:58,plus.google.com
2014-04-16 11:04:58,apis.google.com
2014-04-16 11:04:59,chatenabled.mail.google.com
2014-04-16 11:04:59,clients6.google.com
2014-04-16 11:05:00,mail.google.com
2014-04-16 11:05:02,www.google.fr
2014-04-16 11:05:02,clients6.google.com
2014-04-16 11:05:04,clients6.google.com
2014-04-16 11:05:15,clients6.google.com
2014-04-16 11:05:36,halc.iadvize.com
2014-04-16 11:06:04,plus.google.com
2014-04-16 11:06:35,halc.iadvize.com
2014-04-16 11:06:36,halc.iadvize.com
2014-04-16 11:06:59,mail.google.com
2014-04-16 11:07:35,halc.iadvize.com
2014-04-16 11:07:36,halc.iadvize.com
2014-04-16 11:08:35,halc.iadvize.com
2014-04-16 11:08:36,halc.iadvize.com
2014-04-16 11:08:57,www.google.com
2014-04-16 11:08:58,clients2.google.com
2014-04-16 11:08:59,chatenabled.mail.google.com
2014-04-16 11:09:00,apis.google.com
2014-04-16 11:09:37,halc.iadvize.com
2014-04-16 11:10:04,plus.google.com
2014-04-16 11:10:37,halc.iadvize.com
2014-04-16 11:11:35,halc.iadvize.com
2014-04-16 11:11:37,halc.iadvize.com
2014-04-16 11:12:15,s.youtube.com
2014-04-16 11:12:35,halc.iadvize.com
2014-04-16 11:12:37,halc.iadvize.com
2014-04-16 11:13:36,halc.iadvize.com
2014-04-16 11:13:37,halc.iadvize.com
2014-04-16 11:13:37,www.youtube.com
2014-04-16 11:13:37,s.youtube.com
2014-04-16 11:14:37,halc.iadvize.com
2014-04-16 11:15:36,halc.iadvize.com
2014-04-16 11:15:37,halc.iadvize.com
2014-04-16 11:16:35,mail.google.com
2014-04-16 11:16:37,halc.iadvize.com
2014-04-16 11:17:36,mail.google.com
2014-04-16 11:17:36,plus.google.com
2014-04-16 11:17:47,halc.iadvize.com
