timestamp,site
2014-01-28 10:35:36,fpdownload2.macromedia.com
2014-01-28 10:35:39,go.microsoft.com
2014-01-28 10:35:39,windows.microsoft.com
2014-01-28 10:35:39,res1.windows.microsoft.com
2014-01-28 10:35:39,res2.windows.microsoft.com
2014-01-28 10:35:39,ajax.microsoft.com
2014-01-28 10:35:39,js.microsoft.com
2014-01-28 10:35:45,www.google.fr
2014-01-28 10:35:57,www.google.fr
2014-01-28 10:36:01,apis.google.com
2014-01-28 10:36:01,www.google.com
2014-01-28 10:36:06,www.google.com
2014-01-28 10:36:06,www.google.fr
2014-01-28 10:36:06,apis.google.com
2014-01-28 10:36:55,ieonline.microsoft.com
2014-01-28 11:59:43,office14client.microsoft.com
2014-01-28 11:59:44,office.microsoft.com
2014-01-28 11:59:45,office.microsoft.com
2014-02-26 08:21:03,api.bing.com
2014-02-26 08:21:05,api.bing.com
2014-02-26 08:21:06,api.bing.com
2014-02-26 08:21:06,www.bing.com
2014-02-26 08:21:07,www.bing.com
2014-02-26 08:21:08,www.bing.com
2014-02-26 08:21:08,cms.abmr.net
2014-02-26 08:21:09,www.bing.com
2014-02-26 08:21:21,login.live.com
2014-02-26 08:21:51,player.vimeo.com
2014-02-26 08:21:52,fpdownload2.macromedia.com
2014-02-26 08:23:48,www.foxitsoftware.com
2014-02-26 08:23:48,ad.foxitsoftware.com
2014-02-26 08:28:17,www.foxitsoftware.com
2014-02-26 08:28:17,ad.foxitsoftware.com
2014-02-26 08:45:18,www.foxitsoftware.com
2014-02-26 08:56:40,www.foxitsoftware.com
2014-02-26 08:56:41,ad.foxitsoftware.com
2014-02-26 09:48:49,www.bing.com
2014-02-26 09:48:51,fr-fr.facebook.com
2014-02-26 09:48:51,www.bing.com
2014-02-26 09:49:01,fr-fr.facebook.com
2014-02-26 09:49:03,login.live.com
2014-02-26 09:49:40,api.bing.com
2014-02-26 09:49:42,api.bing.com
2014-02-26 09:49:43,api.bing.com
2014-02-26 09:49:44,api.bing.com
2014-02-26 09:49:45,api.bing.com
2014-02-26 09:49:46,api.bing.com
2014-02-26 09:49:47,api.bing.com
2014-02-26 09:49:48,api.bing.com
2014-02-26 09:49:49,api.bing.com
2014-02-26 09:49:50,api.bing.com
2014-02-26 09:49:51,api.bing.com
2014-02-26 09:49:52,www.bing.com
2014-02-26 09:49:54,www.bing.com
2014-02-26 09:49:54,www.squirrelskitchen.com
2014-02-26 09:49:54,login.live.com
2014-02-26 09:49:57,www.squirrelskitchen.com
2014-02-26 09:49:57,connect.facebook.net
2014-02-26 09:49:58,www.squirrelskitchen.com
2014-02-26 09:49:58,static.ak.facebook.com
2014-02-26 09:49:58,www.facebook.com
2014-02-26 09:49:58,s-static.ak.facebook.com
2014-02-26 09:50:01,s-static.ak.facebook.com
2014-02-26 09:50:01,www.facebook.com
2014-02-26 09:50:01,static.ak.facebook.com
2014-02-26 09:50:01,www.squirrelskitchen.com
2014-02-26 09:50:03,www.squirrelskitchen.com
2014-02-26 09:50:04,www.squirrelskitchen.com
2014-02-26 09:50:08,w.soundcloud.com
2014-02-26 09:50:15,player.soundcloud.com
2014-02-26 09:50:16,w.soundcloud.com
2014-02-26 09:50:16,player.soundcloud.com
2014-02-26 09:50:16,p1.soundcloud.com
2014-02-26 09:50:16,soundcloud.com
2014-02-26 09:50:17,api.soundcloud.com
2014-02-26 09:50:24,soundcloud.com
2014-02-26 09:50:26,www.squirrelskitchen.com
2014-02-26 09:50:27,www.facebook.com
2014-02-26 09:50:27,static.ak.facebook.com
2014-02-26 09:50:27,www.squirrelskitchen.com
2014-02-26 09:50:27,s-static.ak.facebook.com
2014-02-26 09:50:31,www.squirrelskitchen.com
2014-02-26 09:50:31,s-static.ak.facebook.com
2014-02-26 09:50:31,www.facebook.com
2014-02-26 09:50:31,static.ak.facebook.com
2014-02-26 09:50:33,player.soundcloud.com
2014-02-26 09:50:33,soundcloud.com
2014-02-26 09:50:34,www.squirrelskitchen.com
2014-03-19 08:05:42,api.bing.com
2014-03-19 08:05:43,api.bing.com
2014-03-19 08:05:44,api.bing.com
2014-03-19 08:05:45,api.bing.com
2014-03-19 08:05:46,www.bing.com
2014-03-19 08:05:46,api.bing.com
2014-03-19 08:05:47,www.bing.com
2014-03-19 08:05:48,www.bing.com
2014-03-19 08:05:48,cms.abmr.net
2014-03-19 08:05:49,login.live.com
2014-03-19 08:14:15,api.bing.com
2014-03-19 08:14:16,api.bing.com
2014-03-19 08:14:17,www.bing.com
2014-03-19 08:14:19,www.bing.com
2014-03-19 08:14:19,login.live.com
2014-03-19 08:50:47,api.bing.com
2014-03-19 08:50:48,api.bing.com
2014-03-19 08:50:49,api.bing.com
2014-03-19 08:50:50,www.bing.com
2014-03-19 08:50:53,www.bing.com
2014-03-19 08:50:53,login.live.com
2014-03-19 09:04:56,api.bing.com
2014-03-19 09:04:57,api.bing.com
2014-03-19 09:04:58,api.bing.com
2014-03-19 09:04:59,api.bing.com
2014-03-19 09:04:59,www.bing.com
2014-03-19 09:05:00,www.bing.com
2014-03-19 09:05:01,www.bing.com
2014-03-19 09:05:13,login.live.com
2014-04-14 13:50:24,www.bing.com
2014-04-14 13:50:25,www.bing.com
2014-04-14 13:50:26,www.bing.com
2014-04-14 13:50:26,cms.abmr.net
2014-04-15 16:46:13,clients1.google.com
2014-04-15 16:46:13,gtglobal-ocsp.geotrust.com
2014-04-15 16:46:16,www.google.fr
2014-04-15 16:46:17,ocsp.tcs.terena.org
2014-04-15 16:46:17,clients1.google.com
2014-04-15 16:46:17,ocsp.usertrust.com
2014-04-15 16:47:06,gtssl-ocsp.geotrust.com
2014-04-15 16:49:09,www.google.com
2014-04-15 16:49:09,apis.google.com
2014-04-15 16:49:10,www.google.fr
2014-04-15 16:50:57,safebrowsing.clients.google.com
2014-04-15 16:50:58,safebrowsing-cache.google.com
2014-04-15 16:52:04,ocsp.thawte.com
2014-04-15 16:53:06,www.squid-cache.org
2014-04-15 16:53:16,ocsp.tcs.terena.org
2014-04-15 16:53:17,clients1.google.com
2014-04-15 16:53:52,sb-ssl.google.com
2014-04-15 16:54:04,ocsp.verisign.com
2014-04-15 16:54:22,www.gred-clermont.fr
2014-04-15 16:56:01,www.google.fr
2014-04-15 16:56:01,www.google.com
2014-04-16 08:13:44,api.bing.com
2014-04-16 08:13:47,api.bing.com
2014-04-16 08:13:48,api.bing.com
2014-04-16 08:13:49,www.bing.com
2014-04-16 08:13:50,www.bing.com
2014-04-16 08:13:50,cms.abmr.net
2014-04-16 08:13:53,www.bing.com
2014-04-16 08:13:55,www.bing.com
2014-04-16 08:13:58,www.bing.com
2014-04-16 08:13:59,www.bing.com
2014-04-16 08:14:00,www.bing.com
2014-04-16 08:14:01,www.bing.com
2014-04-16 08:14:04,www.bing.com
2014-04-16 08:31:13,api.bing.com
2014-04-16 08:31:14,api.bing.com
2014-04-16 08:31:14,www.bing.com
2014-04-16 08:31:16,www.bing.com
2014-04-16 08:31:17,www.bing.com
2014-04-16 08:31:19,www.bing.com
2014-04-16 08:31:20,www.bing.com
2014-04-16 14:33:45,ocsp.thawte.com
2014-04-16 14:33:54,www.squid-cache.org
2014-04-16 14:34:18,ocsp.thawte.com
2014-04-16 14:34:22,www.google.com
2014-04-16 14:34:23,clients1.google.com
2014-04-16 14:34:23,gtglobal-ocsp.geotrust.com
2014-04-16 14:34:25,clients1.google.com
2014-04-16 14:34:28,www.google.fr
2014-04-16 14:34:28,ocsp.tcs.terena.org
2014-04-16 14:34:28,clients1.google.com
2014-04-16 14:34:28,ocsp.usertrust.com
2014-04-16 14:34:29,clients1.google.com
2014-04-16 14:35:21,gtssl-ocsp.geotrust.com
2014-04-16 14:37:21,apis.google.com
2014-04-16 14:37:22,www.google.com
2014-04-16 14:37:23,www.google.fr
2014-04-16 14:37:53,www.squid-cache.org
2014-04-16 14:38:02,safebrowsing.clients.google.com
2014-04-16 14:38:03,safebrowsing-cache.google.com
2014-04-16 14:38:06,clients1.google.com
2014-04-16 14:38:42,clients1.google.com
2014-04-16 14:39:00,clients1.google.com
2014-04-16 14:40:57,sb-ssl.google.com
2014-04-16 14:41:00,www.google.fr
2014-04-16 14:41:32,accounts.youtube.com
2014-04-16 14:41:32,accounts.google.fr
2014-04-16 14:41:37,chatenabled.mail.google.com
2014-04-16 14:41:46,maps-api-ssl.google.com
2014-04-16 14:41:48,talkgadget.google.com
2014-04-16 14:41:54,www.google.com
2014-04-16 14:42:02,clients2.google.com
2014-04-16 14:42:15,drive.google.com
2014-04-16 14:42:16,ocsp.verisign.com
2014-04-16 14:42:53,gg.google.com
2014-04-16 14:43:27,apis.google.com
2014-04-16 14:43:28,clients6.google.com
2014-04-16 14:43:28,accounts.google.com
2014-04-16 14:43:32,docs.google.com
2014-04-16 14:43:41,plus.google.com
2014-04-16 14:44:16,ocsp.digicert.com
2014-04-16 14:47:47,www.google.fr
2014-04-16 14:47:47,yui.yahooapis.com
2014-04-16 14:47:47,www.wordreference.com
2014-04-16 14:47:48,www.wordreference.com
2014-04-16 14:47:58,apis.google.com
2014-04-16 14:47:59,clients6.google.com
2014-04-16 14:48:29,www.wordreference.com
2014-04-16 14:48:32,www.facebook.com
2014-04-16 14:48:32,www.wordreference.com
2014-04-16 14:48:33,www.wordreference.com
2014-04-16 14:48:33,www.google.com
2014-04-16 14:48:34,www.google.com
2014-04-16 14:48:34,www2.wordreference.com
2014-04-16 14:48:34,clients1.google.com
2014-04-16 14:48:35,www.wordreference.com
2014-04-16 14:48:35,www2.wordreference.com
2014-04-16 14:49:12,www.wordreference.com
2014-04-16 14:49:16,www.wordreference.com
2014-04-16 14:49:17,www.facebook.com
2014-04-16 14:49:17,http.tidaltv.com
2014-04-16 14:49:17,choices.truste.com
2014-04-16 14:49:18,http.tidaltv.com
2014-04-16 14:49:18,www.google.com
2014-04-16 14:49:18,www.wordreference.com
2014-04-16 14:49:19,www2.wordreference.com
2014-04-16 14:49:19,www.wordreference.com
2014-04-16 14:49:20,choices.truste.com
2014-04-16 14:49:37,www.wordreference.com
2014-04-16 14:49:38,www.wordreference.com
2014-04-16 14:49:39,www.wordreference.com
2014-04-16 14:49:39,choices.truste.com
2014-04-16 14:49:39,http.tidaltv.com
2014-04-16 14:49:39,www.facebook.com
2014-04-16 14:49:40,www.google.com
2014-04-16 14:49:40,http.tidaltv.com
2014-04-16 14:49:40,www.wordreference.com
2014-04-16 14:49:41,www.wordreference.com
2014-04-16 14:49:41,www2.wordreference.com
2014-04-16 14:49:42,choices.truste.com
2014-04-16 14:49:55,drive.google.com
2014-04-16 14:50:42,www.google.fr
2014-04-16 14:51:02,www.google.fr
2014-04-16 14:51:04,f.fontdeck.com
2014-04-16 14:51:05,www.jcu.edu.au
2014-04-16 14:51:07,www.jcu.edu.au
2014-04-16 14:51:09,www.jcu.edu.au
2014-04-16 14:51:10,www.jcu.edu.au
2014-04-16 14:51:13,www.jcu.edu.au
2014-04-16 14:51:21,ajax.googleapis.com
2014-04-16 14:51:21,www.jcu.edu.au
2014-04-16 14:51:22,www.jcu.edu.au
2014-04-16 14:51:23,www.jcu.edu.au
2014-04-16 14:51:25,www.jcu.edu.au
2014-04-16 14:51:26,www.jcu.edu.au
2014-04-16 14:51:27,apis.google.com
2014-04-16 14:51:31,accounts.google.com
2014-04-16 14:51:37,www.jcu.edu.au
2014-04-16 14:52:14,www.jcu.edu.au
2014-04-16 14:52:29,www.jcu.edu.au
2014-04-16 14:52:30,www.jcu.edu.au
2014-04-16 14:52:38,www.google.fr
2014-04-16 14:52:39,f.fontdeck.com
2014-04-16 14:52:39,www.jcu.edu.au
2014-04-16 14:52:39,www.google.com
2014-04-16 14:52:40,www.google.com
2014-04-16 14:52:40,clients1.google.com
2014-04-16 14:52:40,www.jcu.edu.au
2014-04-16 14:52:43,www.jcu.edu.au
2014-04-16 14:52:55,www.jcu.edu.au
2014-04-16 14:52:57,ocsp.cs.auscert.org.au
2014-04-16 14:52:57,ocsp.usertrust.com
2014-04-16 14:52:58,ocsp.cs.auscert.org.au
2014-04-16 14:53:03,f.fontdeck.com
2014-04-16 14:53:04,f.fontdeck.com
2014-04-16 14:53:04,www.jcu.edu.au
2014-04-16 14:53:07,www-public.jcu.edu.au
2014-04-16 14:53:08,www-public.jcu.edu.au
2014-04-16 14:53:09,f.fontdeck.com
2014-04-16 14:53:09,www.google.com
2014-04-16 14:53:09,www-public.jcu.edu.au
2014-04-16 14:53:10,www.google.com
2014-04-16 14:53:10,www-public.jcu.edu.au
2014-04-16 14:53:10,clients1.google.com
2014-04-16 14:53:11,www-public.jcu.edu.au
2014-04-16 14:53:56,plus.google.com
2014-04-16 14:54:39,0.drive.google.com
2014-04-16 14:54:40,drive.google.com
2014-04-16 14:54:54,secure.jcu.edu.au
2014-04-16 14:54:56,www.jcu.edu.au
2014-04-16 14:54:57,www.jcu.edu.au
2014-04-16 14:55:00,secure.jcu.edu.au
2014-04-16 14:55:31,www.google.fr
2014-04-16 14:55:52,www-public.jcu.edu.au
2014-04-16 14:55:53,www.jcu.edu.au
2014-04-16 14:55:54,www.jcu.edu.au
2014-04-16 14:55:54,f.fontdeck.com
2014-04-16 14:55:54,www.google.com
2014-04-16 14:55:55,www.google.com
2014-04-16 14:55:55,www-public.jcu.edu.au
2014-04-16 14:55:55,f.fontdeck.com
2014-04-16 14:55:55,clients1.google.com
2014-04-16 14:55:55,www.jcu.edu.au
2014-04-16 14:55:56,www.jcu.edu.au
2014-04-16 14:55:57,www.jcu.edu.au
2014-04-16 14:56:01,www.jcu.edu.au
2014-04-16 14:56:03,ajax.googleapis.com
2014-04-16 14:56:05,i1.ytimg.com
2014-04-16 14:56:05,www.youtube.com
2014-04-16 14:56:05,s.ytimg.com
2014-04-16 14:56:05,www.google.com
2014-04-16 14:56:11,f.fontdeck.com
2014-04-16 14:56:14,www-public.jcu.edu.au
2014-04-16 14:56:14,f.fontdeck.com
2014-04-16 14:56:14,www.google.com
2014-04-16 14:56:15,www.google.com
2014-04-16 14:56:15,clients1.google.com
2014-04-16 14:56:19,f.fontdeck.com
2014-04-16 14:56:20,f.fontdeck.com
2014-04-16 14:56:21,yt3.ggpht.com
2014-04-16 14:56:26,www-public.jcu.edu.au
2014-04-16 14:56:27,www.google.com
2014-04-16 14:56:27,f.fontdeck.com
2014-04-16 14:56:27,www-public.jcu.edu.au
2014-04-16 14:56:28,www.google.com
2014-04-16 14:56:28,www-public.jcu.edu.au
2014-04-16 14:56:28,clients1.google.com
2014-04-16 14:56:39,f.fontdeck.com
2014-04-16 14:56:40,f.fontdeck.com
2014-04-16 14:56:48,www-public.jcu.edu.au
2014-04-16 14:56:49,f.fontdeck.com
2014-04-16 14:56:49,www.google.com
2014-04-16 14:56:49,clients1.google.com
2014-04-16 14:57:41,f.fontdeck.com
2014-04-16 14:57:43,www.google.com
2014-04-16 14:57:43,f.fontdeck.com
2014-04-16 14:57:43,www-public.jcu.edu.au
2014-04-16 14:57:44,www.google.com
2014-04-16 14:57:44,f.fontdeck.com
2014-04-16 14:57:44,clients1.google.com
2014-04-16 14:58:07,www.google.com
2014-04-16 14:58:09,docs.google.com
2014-04-16 14:58:12,www.google.fr
2014-04-16 14:58:12,translate.google.fr
2014-04-16 14:58:13,translate.google.fr
2014-04-16 14:58:25,translate.google.fr
2014-04-16 14:58:29,translate.google.fr
2014-04-16 14:58:30,translate.google.fr
2014-04-16 14:58:39,translate.google.fr
2014-04-16 14:58:43,translate.google.fr
2014-04-16 14:58:44,translate.google.fr
2014-04-16 14:58:49,translate.google.fr
2014-04-16 14:58:52,translate.google.fr
2014-04-16 14:58:52,www.google.com
2014-04-16 14:58:53,translate.google.fr
2014-04-16 14:58:54,translate.google.fr
2014-04-16 14:58:55,translate.google.fr
2014-04-16 14:58:56,translate.google.fr
2014-04-16 14:58:57,translate.google.fr
2014-04-16 14:59:02,translate.google.fr
2014-04-16 14:59:06,www.wordreference.com
2014-04-16 14:59:12,www.facebook.com
2014-04-16 14:59:12,www.wordreference.com
2014-04-16 14:59:13,www.google.com
2014-04-16 14:59:13,www.wordreference.com
2014-04-16 14:59:14,www.wordreference.com
2014-04-16 14:59:14,www2.wordreference.com
2014-04-16 14:59:18,www.wordreference.com
2014-04-16 14:59:22,i1.ytimg.com
2014-04-16 14:59:23,www.wordreference.com
2014-04-16 14:59:24,www.wordreference.com
2014-04-16 14:59:24,www.facebook.com
2014-04-16 14:59:25,www.wordreference.com
2014-04-16 14:59:25,www.google.com
2014-04-16 14:59:26,www.wordreference.com
2014-04-16 14:59:26,www2.wordreference.com
2014-04-16 14:59:48,f.fontdeck.com
2014-04-16 14:59:49,f.fontdeck.com
2014-04-16 15:00:40,www.googleapis.com
2014-04-16 15:01:05,www.google.com
2014-04-16 15:01:06,www.google.fr
2014-04-16 15:01:20,www-public.jcu.edu.au
2014-04-16 15:01:21,www.google.com
2014-04-16 15:01:21,clients1.google.com
2014-04-16 15:01:21,f.fontdeck.com
2014-04-16 15:01:24,f.fontdeck.com
2014-04-16 15:01:26,www-public.jcu.edu.au
2014-04-16 15:01:27,www-public.jcu.edu.au
2014-04-16 15:01:27,f.fontdeck.com
2014-04-16 15:01:27,clients1.google.com
2014-04-16 15:01:27,www.google.com
2014-04-16 15:01:34,accounts.google.com
2014-04-16 15:01:49,plus.google.com
2014-04-16 15:02:15,f.fontdeck.com
2014-04-16 15:02:19,www-public.jcu.edu.au
2014-04-16 15:02:20,f.fontdeck.com
2014-04-16 15:02:20,clients1.google.com
2014-04-16 15:02:20,www.google.com
2014-04-16 15:02:23,f.fontdeck.com
2014-04-16 15:02:24,www-public.jcu.edu.au
2014-04-16 15:02:24,www.google.com
2014-04-16 15:02:25,www.google.com
2014-04-16 15:02:25,f.fontdeck.com
2014-04-16 15:02:25,www-public.jcu.edu.au
2014-04-16 15:02:25,clients1.google.com
2014-04-16 15:02:27,www-public.jcu.edu.au
2014-04-16 15:02:30,f.fontdeck.com
2014-04-16 15:02:32,www-public.jcu.edu.au
2014-04-16 15:02:33,www.google.com
2014-04-16 15:02:33,f.fontdeck.com
2014-04-16 15:02:33,clients1.google.com
2014-04-16 15:02:45,www.wordreference.com
2014-04-16 15:02:46,www.facebook.com
2014-04-16 15:02:46,www.google.com
2014-04-16 15:02:46,www.wordreference.com
2014-04-16 15:02:46,http.tidaltv.com
2014-04-16 15:02:46,choices.truste.com
2014-04-16 15:02:47,sd.symcd.com
2014-04-16 15:02:48,choices.truste.com
2014-04-16 15:02:48,www2.wordreference.com
2014-04-16 15:02:48,www.wordreference.com
2014-04-16 15:02:49,choices.truste.com
2014-04-16 15:02:57,www.wordreference.com
2014-04-16 15:03:00,www.wordreference.com
2014-04-16 15:03:00,www.facebook.com
2014-04-16 15:03:01,www.wordreference.com
2014-04-16 15:03:01,www.google.com
2014-04-16 15:03:02,www2.wordreference.com
2014-04-16 15:03:02,www.wordreference.com
2014-04-16 15:03:08,docs.google.com
2014-04-16 15:03:13,www-public.jcu.edu.au
2014-04-16 15:03:14,f.fontdeck.com
2014-04-16 15:03:14,www-public.jcu.edu.au
2014-04-16 15:03:14,ajax.googleapis.com
2014-04-16 15:03:14,code.jquery.com
2014-04-16 15:03:14,www.google.com
2014-04-16 15:03:15,clients1.google.com
2014-04-16 15:03:15,www.google.com
2014-04-16 15:03:15,www-public.jcu.edu.au
2014-04-16 15:03:20,www-public.jcu.edu.au
2014-04-16 15:03:22,code.jquery.com
2014-04-16 15:03:23,f.fontdeck.com
2014-04-16 15:03:48,choices.truste.com
2014-04-16 15:04:00,www-public.jcu.edu.au
2014-04-16 15:04:01,www.google.com
2014-04-16 15:04:01,f.fontdeck.com
2014-04-16 15:04:01,www-public.jcu.edu.au
2014-04-16 15:04:01,clients1.google.com
2014-04-16 15:04:02,www-public.jcu.edu.au
2014-04-16 15:04:05,www-public.jcu.edu.au
2014-04-16 15:04:16,www.google.com
2014-04-16 15:05:28,i1.ytimg.com
2014-04-16 15:06:18,www.youtube.com
2014-04-16 15:06:58,www.googleapis.com
2014-04-16 15:07:12,www.wordreference.com
2014-04-16 15:07:20,www.wordreference.com
2014-04-16 15:07:21,http.tidaltv.com
2014-04-16 15:07:21,www.facebook.com
2014-04-16 15:07:22,www.google.com
2014-04-16 15:07:22,www.wordreference.com
2014-04-16 15:07:23,www2.wordreference.com
2014-04-16 15:07:23,www.wordreference.com
2014-04-16 15:07:32,www.wordreference.com
2014-04-16 15:07:36,www.wordreference.com
2014-04-16 15:07:36,http.tidaltv.com
2014-04-16 15:07:36,choices.truste.com
2014-04-16 15:07:36,www.facebook.com
2014-04-16 15:07:37,www.google.com
2014-04-16 15:07:37,www.wordreference.com
2014-04-16 15:07:37,www2.wordreference.com
2014-04-16 15:07:38,choices.truste.com
2014-04-16 15:07:38,www2.wordreference.com
2014-04-16 15:08:24,choices.truste.com
2014-04-16 15:09:13,www.wordreference.com
2014-04-16 15:09:14,www.wordreference.com
2014-04-16 15:09:15,www.facebook.com
2014-04-16 15:09:15,www.wordreference.com
2014-04-16 15:09:15,www.google.com
2014-04-16 15:09:16,www2.wordreference.com
2014-04-16 15:09:16,www.wordreference.com
2014-04-16 15:09:17,www2.wordreference.com
2014-04-16 15:09:31,www.wordreference.com
2014-04-16 15:09:33,www.wordreference.com
2014-04-16 15:09:33,www.facebook.com
2014-04-16 15:09:34,www.google.com
2014-04-16 15:09:34,www.wordreference.com
2014-04-16 15:09:35,www2.wordreference.com
2014-04-16 15:09:35,www.wordreference.com
2014-04-16 15:09:52,safebrowsing.clients.google.com
2014-04-16 15:09:52,safebrowsing-cache.google.com
2014-04-16 15:10:09,www.wordreference.com
2014-04-16 15:10:10,www.wordreference.com
2014-04-16 15:10:12,www.wordreference.com
2014-04-16 15:10:13,www.wordreference.com
2014-04-16 15:10:15,ad.publicidees.com
2014-04-16 15:10:15,www.facebook.com
2014-04-16 15:10:15,www.google.com
2014-04-16 15:10:15,www.wordreference.com
2014-04-16 15:10:15,c1.adform.net
2014-04-16 15:10:16,c1.adform.net
2014-04-16 15:10:16,ocsp.comodoca.com
2014-04-16 15:10:17,www.wordreference.com
2014-04-16 15:10:17,www2.wordreference.com
2014-04-16 15:10:32,pixel2368.everesttech.net
2014-04-16 15:10:42,www.wordreference.com
2014-04-16 15:10:43,www.wordreference.com
2014-04-16 15:10:46,www.wordreference.com
2014-04-16 15:10:47,www.wordreference.com
2014-04-16 15:10:47,spell.wordreference.com
2014-04-16 15:10:47,www.facebook.com
2014-04-16 15:10:48,www.google.com
2014-04-16 15:10:48,www.wordreference.com
2014-04-16 15:10:49,www2.wordreference.com
2014-04-16 15:10:49,www.wordreference.com
2014-04-16 15:10:50,www.google.com
2014-04-16 15:10:50,www.wordreference.com
2014-04-16 15:10:50,um.simpli.fi
2014-04-16 15:10:50,www.facebook.com
2014-04-16 15:10:52,www2.wordreference.com
2014-04-16 15:10:52,www.wordreference.com
2014-04-16 15:11:49,plus.google.com
2014-04-16 15:12:09,apis.google.com
2014-04-16 15:12:19,www.wordreference.com
2014-04-16 15:12:21,www.facebook.com
2014-04-16 15:12:21,www.wordreference.com
2014-04-16 15:12:22,www.wordreference.com
2014-04-16 15:12:22,www.google.com
2014-04-16 15:12:24,www2.wordreference.com
2014-04-16 15:12:24,www.wordreference.com
2014-04-16 15:13:31,www.wordreference.com
2014-04-16 15:13:34,www.wordreference.com
2014-04-16 15:13:34,www.facebook.com
2014-04-16 15:13:35,www.google.com
2014-04-16 15:13:35,www.wordreference.com
2014-04-16 15:13:36,www2.wordreference.com
2014-04-16 15:13:36,www.wordreference.com
2014-04-16 15:14:23,www.wordreference.com
2014-04-16 15:14:31,www.wordreference.com
2014-04-16 15:14:32,www.facebook.com
2014-04-16 15:14:32,www.wordreference.com
2014-04-16 15:14:32,www.google.com
2014-04-16 15:14:32,ea.virginmobile.fr
2014-04-16 15:14:33,www2.wordreference.com
2014-04-16 15:14:34,www2.wordreference.com
2014-04-16 15:14:34,www.facebook.com
2014-04-16 15:14:34,www.wordreference.com
2014-04-16 15:14:34,user-disp.tidaltv.com
2014-04-16 15:14:37,dps.bing.com
2014-04-16 15:14:50,www.google.com
2014-04-16 15:14:50,www.wordreference.com
2014-04-16 15:14:50,plus.google.com
2014-04-16 15:14:51,www.wordreference.com
2014-04-16 15:14:51,www.google.fr
2014-04-16 15:14:52,www.wordreference.com
2014-04-16 15:14:56,www.wordreference.com
2014-04-16 15:14:57,www.wordreference.com
2014-04-16 15:14:57,www.facebook.com
2014-04-16 15:14:57,www.google.com
2014-04-16 15:14:58,www.toyota4runners.com
2014-04-16 15:14:58,www2.wordreference.com
2014-04-16 15:14:59,www.pointcom.com
2014-04-16 15:15:00,www.wordreference.com
2014-04-16 15:15:00,www2.wordreference.com
2014-04-16 15:15:38,www.wordreference.com
2014-04-16 15:15:51,www.wordreference.com
2014-04-16 15:15:53,www.wordreference.com
2014-04-16 15:15:54,www.wordreference.com
2014-04-16 15:15:54,http.tidaltv.com
2014-04-16 15:15:55,www.google.com
2014-04-16 15:15:55,www.wordreference.com
2014-04-16 15:15:55,www.facebook.com
2014-04-16 15:15:56,www2.wordreference.com
2014-04-16 15:15:56,www.wordreference.com
2014-04-16 15:15:57,www2.wordreference.com
2014-04-16 15:16:56,choices.truste.com
2014-04-16 15:17:03,www.wordreference.com
2014-04-16 15:17:04,www.wordreference.com
2014-04-16 15:17:05,its.tradelab.fr
2014-04-16 15:17:05,www.wordreference.com
2014-04-16 15:17:05,www.facebook.com
2014-04-16 15:17:06,rubicon-match.dotomi.com
2014-04-16 15:17:06,rp.gwallet.com
2014-04-16 15:17:06,www.google.com
2014-04-16 15:17:07,www.wordreference.com
2014-04-16 15:17:07,www2.wordreference.com
2014-04-16 15:17:35,its.tradelab.fr
2014-04-16 15:20:34,www-public.jcu.edu.au
2014-04-16 15:20:35,clients1.google.com
2014-04-16 15:20:35,www.google.com
2014-04-16 15:21:21,www.google.com
2014-04-16 15:21:22,www.google.com
2014-04-16 15:21:22,clients1.google.com
2014-04-16 15:21:50,plus.google.com
2014-04-16 15:21:51,f.fontdeck.com
2014-04-16 15:21:52,f.fontdeck.com
2014-04-16 15:22:15,f.fontdeck.com
2014-04-16 15:22:24,www.google.fr
2014-04-16 15:22:27,f.fontdeck.com
2014-04-16 15:22:27,www.google.com
2014-04-16 15:22:28,www.jcu.edu.au
2014-04-16 15:22:28,clients1.google.com
2014-04-16 15:22:28,www.google.com
2014-04-16 15:22:36,www.jcu.edu.au
2014-04-16 15:22:37,www.jcu.edu.au
2014-04-16 15:22:38,www.jcu.edu.au
2014-04-16 15:22:41,www.jcu.edu.au
2014-04-16 15:22:42,www.google.com
2014-04-16 15:22:42,clients1.google.com
2014-04-16 15:22:42,f.fontdeck.com
2014-04-16 15:22:45,f.fontdeck.com
2014-04-16 15:22:46,f.fontdeck.com
2014-04-16 15:23:21,www.jcu.edu.au
2014-04-16 15:23:22,www.google.com
2014-04-16 15:23:22,clients1.google.com
2014-04-16 15:23:22,f.fontdeck.com
2014-04-16 15:23:22,www.jcu.edu.au
2014-04-16 15:23:23,www.jcu.edu.au
2014-04-16 15:23:40,www.jcu.edu.au
2014-04-16 15:23:40,www.google.com
2014-04-16 15:23:41,www.jcu.edu.au
2014-04-16 15:23:41,www.google.com
2014-04-16 15:23:41,clients1.google.com
2014-04-16 15:23:54,www.jcu.edu.au
2014-04-16 15:23:55,www.jcu.edu.au
2014-04-16 15:23:55,www.google.com
2014-04-16 15:23:56,maps.google.com
2014-04-16 15:23:56,www.google.com
2014-04-16 15:23:56,www.jcu.edu.au
2014-04-16 15:23:56,clients1.google.com
2014-04-16 15:23:57,www.jcu.edu.au
2014-04-16 15:23:58,www.jcu.edu.au
2014-04-16 15:23:59,www.jcu.edu.au
2014-04-16 15:24:00,www-public.jcu.edu.au
2014-04-16 15:24:01,www.jcu.edu.au
2014-04-16 15:24:01,maps.googleapis.com
2014-04-16 15:24:02,www.jcu.edu.au
2014-04-16 15:24:03,www.jcu.edu.au
2014-04-16 15:24:04,google-maps-utility-library-v3.googlecode.com
2014-04-16 15:24:04,www.jcu.edu.au
2014-04-16 15:24:05,www.jcu.edu.au
2014-04-16 15:24:06,maps.googleapis.com
2014-04-16 15:24:07,www.jcu.edu.au
2014-04-16 15:24:14,www.jcu.edu.au
2014-04-16 15:24:19,www.jcu.edu.au
2014-04-16 15:24:21,www.jcu.edu.au
2014-04-16 15:24:24,www.jcu.edu.au
2014-04-16 15:24:25,www.jcu.edu.au
2014-04-16 15:24:29,www.jcu.edu.au
2014-04-16 15:24:30,ajax.googleapis.com
2014-04-16 15:24:30,dbf.linternaute.com
2014-04-16 15:24:30,r.ccmbg.com
2014-04-16 15:24:30,static.ccmbg.com
2014-04-16 15:24:30,www.google.fr
2014-04-16 15:24:30,www.linternaute.com
2014-04-16 15:24:31,p.ccmbg.com
2014-04-16 15:24:31,videosfr.s3.amazonaws.com
2014-04-16 15:24:31,www.linternaute.com
2014-04-16 15:24:31,player.ooyala.com
2014-04-16 15:24:31,static.ccmbg.com
2014-04-16 15:24:31,dbf.linternaute.com
2014-04-16 15:24:31,www.facebook.com
2014-04-16 15:24:31,www.francetvinfo.fr
2014-04-16 15:24:32,player.ooyala.com
2014-04-16 15:24:32,pixel.alephd.com
2014-04-16 15:24:32,www.linternaute.com
2014-04-16 15:24:32,static.ccmbg.com
2014-04-16 15:24:32,r.ccmbg.com
2014-04-16 15:24:32,video.journaldesfemmes.com
2014-04-16 15:24:32,www.jcu.edu.au
2014-04-16 15:24:32,www.francetvinfo.fr
2014-04-16 15:24:33,r.ccmbg.com
2014-04-16 15:24:33,www.francetvinfo.fr
2014-04-16 15:24:33,hal9000.redintelligence.net
2014-04-16 15:24:34,platform.twitter.com
2014-04-16 15:24:34,connect.facebook.net
2014-04-16 15:24:34,www.linternaute.com
2014-04-16 15:24:34,boutique-online.orange.fr
2014-04-16 15:24:34,ocsp.comodoca.com
2014-04-16 15:24:34,www.jcu.edu.au
2014-04-16 15:24:34,hal9000.redintelligence.net
2014-04-16 15:24:35,s-static.ak.facebook.com
2014-04-16 15:24:35,www.facebook.com
2014-04-16 15:24:35,static.ak.facebook.com
2014-04-16 15:24:35,ocsp.usertrust.com
2014-04-16 15:24:36,www.linternaute.com
2014-04-16 15:24:36,widgets.pinterest.com
2014-04-16 15:24:36,www.facebook.com
2014-04-16 15:24:36,twitter.com
2014-04-16 15:24:36,www.pagesjaunes.fr
2014-04-16 15:24:36,www.linkedin.com
2014-04-16 15:24:36,r.ccmbg.com
2014-04-16 15:24:36,dbd.linternaute.com
2014-04-16 15:24:37,static.pagesjaunes.fr
2014-04-16 15:24:37,www.linternaute.com
2014-04-16 15:24:37,ocsp.thawte.com
2014-04-16 15:24:38,static.pagesjaunes.fr
2014-04-16 15:24:39,www.facebook.com
2014-04-16 15:24:39,static.ak.facebook.com
2014-04-16 15:24:39,r.ccmbg.com
2014-04-16 15:24:39,www.jcu.edu.au
2014-04-16 15:24:39,s-static.ak.facebook.com
2014-04-16 15:24:40,www.linkedin.com
2014-04-16 15:24:41,platform.twitter.com
2014-04-16 15:24:44,evsecure-ocsp.verisign.com
2014-04-16 15:24:45,twitter.com
2014-04-16 15:24:45,fbf.linternaute.com
2014-04-16 15:24:46,p.ccmbg.com
2014-04-16 15:24:46,fbf.linternaute.com
2014-04-16 15:24:46,www.linternaute.com
2014-04-16 15:24:46,assets.ebz.io
2014-04-16 15:24:46,www.beead.fr
2014-04-16 15:24:47,www.facebook.com
2014-04-16 15:24:47,player.ooyala.com
2014-04-16 15:24:47,pixel.alephd.com
2014-04-16 15:24:48,evsecure-ocsp.verisign.com
2014-04-16 15:24:48,assets.ebz.io
2014-04-16 15:24:48,www.facebook.com
2014-04-16 15:24:49,assets.ebz.io
2014-04-16 15:24:49,static.ebz.io
2014-04-16 15:24:49,www.linternaute.com
2014-04-16 15:24:49,evsecure-ocsp.verisign.com
2014-04-16 15:24:50,www.facebook.com
2014-04-16 15:24:50,static.ak.facebook.com
2014-04-16 15:24:50,www.jcu.edu.au
2014-04-16 15:24:50,s-static.ak.facebook.com
2014-04-16 15:24:51,evsecure-ocsp.verisign.com
2014-04-16 15:24:51,www.linkedin.com
2014-04-16 15:24:51,widgets.pinterest.com
2014-04-16 15:24:55,www.jcu.edu.au
2014-04-16 15:24:58,docs.google.com
2014-04-16 15:25:00,www.jcu.edu.au
2014-04-16 15:25:05,www.jcu.edu.au
2014-04-16 15:25:09,www.google.fr
2014-04-16 15:25:10,www.larousse.fr
2014-04-16 15:25:10,static.ak.facebook.com
2014-04-16 15:25:11,s-static.ak.facebook.com
2014-04-16 15:25:12,www.aldaniti.net
2014-04-16 15:25:13,ksvzyt5fp1.s.ad6media.fr
2014-04-16 15:25:14,www.facebook.com
2014-04-16 15:25:16,ce.lijit.com
2014-04-16 15:25:16,admaym.com
2014-04-16 15:25:16,ocsp.godaddy.com
2014-04-16 15:25:16,cs.specificclick.net
2014-04-16 15:25:17,gtssl-ocsp.geotrust.com
2014-04-16 15:25:17,ocsp.digicert.com
2014-04-16 15:25:17,y.one.impact-ad.jp
2014-04-16 15:25:18,s.kau.li
2014-04-16 15:25:23,www.aldaniti.net
2014-04-16 15:25:23,twitter.com
2014-04-16 15:25:31,ajax.googleapis.com
2014-04-16 15:25:32,www.jcu.edu.au
2014-04-16 15:25:33,www.jcu.edu.au
2014-04-16 15:25:34,www.jcu.edu.au
2014-04-16 15:25:35,www.jcu.edu.au
2014-04-16 15:25:42,www.jcu.edu.au
2014-04-16 15:25:43,www.jcu.edu.au
2014-04-16 15:25:50,www.jcu.edu.au
2014-04-16 15:25:52,www.jcu.edu.au
2014-04-16 15:25:53,www.jcu.edu.au
2014-04-16 15:25:54,www.jcu.edu.au
2014-04-16 15:25:56,www.jcu.edu.au
2014-04-16 15:26:26,www.jcu.edu.au
2014-04-16 15:26:27,www.jcu.edu.au
2014-04-16 15:26:28,www.jcu.edu.au
2014-04-16 15:26:36,www.youtube.com
2014-04-16 15:26:36,i1.ytimg.com
2014-04-16 15:26:37,platform.twitter.com
2014-04-16 15:26:43,www.jcu.edu.au
2014-04-16 15:26:52,www.googleapis.com
2014-04-16 15:27:02,www.jcu.edu.au
2014-04-16 15:27:15,www.jcu.edu.au
2014-04-16 15:27:16,www.jcu.edu.au
2014-04-16 15:27:17,www.jcu.edu.au
2014-04-16 15:27:23,www.google.com
2014-04-16 15:27:24,plus.google.com
2014-04-16 15:27:39,www.jcu.edu.au
2014-04-16 15:27:40,www.jcu.edu.au
2014-04-16 15:27:43,www.jcu.edu.au
2014-04-16 15:27:47,www.jcu.edu.au
2014-04-16 15:27:57,www.google.fr
2014-04-16 15:27:57,www.jcu.edu.au
2014-04-16 15:28:04,www.jcu.edu.au
2014-04-16 15:28:07,apis.google.com
2014-04-16 15:28:07,www.jcu.edu.au
2014-04-16 15:28:08,accounts.google.com
2014-04-16 15:28:12,www.jcu.edu.au
2014-04-16 15:28:13,www.jcu.edu.au
2014-04-16 15:28:14,www.jcu.edu.au
2014-04-16 15:28:15,www.jcu.edu.au
2014-04-16 15:28:22,www.jcu.edu.au
2014-04-16 15:28:24,www.jcu.edu.au
2014-04-16 15:28:31,www.jcu.edu.au
2014-04-16 15:28:49,www.jcu.edu.au
2014-04-16 15:28:52,www.jcu.edu.au
2014-04-16 15:28:58,www.jcu.edu.au
2014-04-16 15:29:18,www.jcu.edu.au
2014-04-16 15:29:21,www.jcu.edu.au
2014-04-16 15:30:00,www.jcu.edu.au
2014-04-16 15:30:01,www.jcu.edu.au
2014-04-16 15:30:03,www.jcu.edu.au
2014-04-16 15:30:12,www.jcu.edu.au
2014-04-16 15:30:15,www.jcu.edu.au
2014-04-16 15:30:23,www.jcu.edu.au
2014-04-16 15:30:26,www.jcu.edu.au
2014-04-16 15:30:29,www.jcu.edu.au
2014-04-16 15:30:30,www.jcu.edu.au
2014-04-16 15:30:31,www.jcu.edu.au
2014-04-16 15:30:33,www.jcu.edu.au
2014-04-16 15:30:35,www.jcu.edu.au
2014-04-16 15:30:36,www.jcu.edu.au
2014-04-16 15:30:37,www.jcu.edu.au
2014-04-16 15:30:38,www.jcu.edu.au
2014-04-16 15:30:46,www.jcu.edu.au
2014-04-16 15:30:47,www.jcu.edu.au
2014-04-16 15:30:49,www.jcu.edu.au
2014-04-16 15:30:50,www.jcu.edu.au
2014-04-16 15:30:53,www.jcu.edu.au
2014-04-16 15:30:56,www.jcu.edu.au
2014-04-16 15:31:29,www.jcu.edu.au
2014-04-16 15:31:31,www.jcu.edu.au
2014-04-16 15:31:38,www.jcu.edu.au
2014-04-16 15:31:40,www.jcu.edu.au
2014-04-16 15:31:41,www.jcu.edu.au
2014-04-16 15:31:43,www.jcu.edu.au
2014-04-16 15:31:45,www.jcu.edu.au
2014-04-16 15:31:50,plus.google.com
2014-04-16 15:32:22,www.google.com
2014-04-16 15:32:23,www.jcu.edu.au
2014-04-16 15:32:24,www.jcu.edu.au
2014-04-16 15:32:25,www.google.com
2014-04-16 15:32:25,clients1.google.com
2014-04-16 15:32:34,www.jcu.edu.au
2014-04-16 15:32:34,www.google.com
2014-04-16 15:32:34,clients1.google.com
2014-04-16 15:35:02,plus.google.com
2014-04-16 15:35:31,www.googleapis.com
2014-04-16 15:36:06,clients1.google.com
2014-04-16 15:36:06,gtglobal-ocsp.geotrust.com
2014-04-16 15:36:27,www.google.fr
2014-04-16 15:36:27,www.google.com
2014-04-16 15:36:31,0.docs.google.com
2014-04-16 15:36:31,mail.google.com
2014-04-16 15:36:31,docs.google.com
2014-04-16 15:36:31,gg.google.com
2014-04-16 15:36:31,www.google.com
2014-04-16 15:36:31,drive.google.com
2014-04-16 15:36:31,1.drive.google.com
2014-04-16 15:36:31,plus.google.com
2014-04-16 15:36:31,accounts.google.com
2014-04-16 15:36:31,accounts.youtube.com
2014-04-16 15:36:31,accounts.google.fr
2014-04-16 17:55:53,api.bing.com
2014-04-16 17:55:53,www.bing.com
2014-04-16 17:55:54,www.bing.com
2014-04-16 17:55:55,www.bing.com
2014-04-16 17:55:56,www.bing.com
2014-04-16 17:55:56,cms.abmr.net
2014-04-16 17:56:05,www.bing.com
2014-04-16 17:56:11,www.bing.com
2014-04-16 17:56:14,accounts.google.com
2014-04-16 17:56:14,mail.google.com
2014-04-16 17:56:18,accounts.youtube.com
2014-04-16 17:57:08,accounts.google.fr
2014-04-16 17:57:13,accounts.google.com
2014-04-16 17:57:13,accounts.youtube.com
2014-04-16 17:57:14,mail.google.com
2014-04-16 17:57:14,accounts.google.fr
2014-04-16 17:57:14,clients2.google.com
2014-04-16 17:57:14,www.google.com
2014-04-16 17:57:15,mail.google.com
2014-04-16 17:57:16,apis.google.com
2014-04-16 17:57:17,www.google.com
2014-04-16 17:57:17,plus.google.com
2014-04-16 17:57:18,clients6.google.com
2014-04-16 17:57:18,clients2.google.com
2014-04-16 17:57:22,mail.google.com
2014-04-16 17:57:24,mail.google.com
2014-04-16 17:57:24,chatenabled.mail.google.com
2014-04-16 17:57:26,plus.google.com
2014-04-16 17:57:26,accounts.google.com
2014-04-16 17:57:33,chatenabled.mail.google.com
2014-04-16 17:57:34,clients6.google.com
2014-04-16 17:57:34,drive.google.com
2014-04-16 17:57:35,apis.google.com
2014-04-16 17:57:37,drive.google.com
2014-04-16 17:57:38,0.drive.google.com
2014-04-16 17:57:40,plus.google.com
2014-04-16 17:57:41,www.google.com
2014-04-16 17:57:42,0.drive.google.com
2014-04-16 17:57:43,apis.google.com
2014-04-16 17:57:43,drive.google.com
2014-04-16 17:57:44,drive.google.com
2014-04-16 17:57:44,docs.google.com
2014-04-16 17:57:44,plus.google.com
2014-04-16 17:57:45,docs.google.com
2014-04-16 17:57:45,www.google.com
2014-04-16 17:57:45,drive.google.com
2014-04-16 17:57:45,plus.google.com
2014-04-16 17:57:46,docs.google.com
2014-04-16 17:57:47,docs.google.com
2014-04-16 17:57:48,docs.google.com
2014-04-16 17:57:50,docs.google.com
2014-04-16 17:57:50,ieonline.microsoft.com
2014-04-16 17:57:50,go.microsoft.com
2014-04-16 17:57:52,docs.google.com
2014-04-16 17:57:55,docs.google.com
2014-04-16 17:57:57,docs.google.com
2014-04-16 17:58:03,docs.google.com
2014-04-16 17:58:03,drive.google.com
2014-04-16 17:58:07,drive.google.com
2014-04-16 17:58:08,0.docs.google.com
2014-04-16 17:58:10,accounts.google.com
2014-04-16 17:58:10,www.google.com
2014-04-16 17:58:10,docs.google.com
2014-04-16 17:58:11,0.docs.google.com
2014-04-16 17:58:11,clients6.google.com
2014-04-16 17:58:36,gg.google.com
2014-04-16 17:59:15,mail.google.com
2014-04-16 18:01:26,apis.google.com
2014-04-16 18:01:29,plus.google.com
2014-04-16 18:01:31,www.google.com
2014-04-16 18:01:39,plus.google.com
2014-04-16 18:02:06,docs.google.com
2014-04-16 18:02:09,docs.google.com
2014-04-16 18:02:09,apis.google.com
2014-04-16 18:02:10,accounts.google.com
2014-04-16 18:02:36,gg.google.com
2014-04-16 18:05:38,api.bing.com
2014-04-16 18:05:41,f.fontdeck.com
2014-04-16 18:05:41,mail.google.com
2014-04-16 18:05:42,www-public.jcu.edu.au
2014-04-16 18:05:42,www.jcu.edu.au
2014-04-16 18:05:43,ajax.googleapis.com
2014-04-16 18:05:43,www-public.jcu.edu.au
2014-04-16 18:05:43,www.jcu.edu.au
2014-04-16 18:05:45,www.jcu.edu.au
2014-04-16 18:05:46,www.jcu.edu.au
2014-04-16 18:05:48,www.jcu.edu.au
2014-04-16 18:05:51,www.jcu.edu.au
2014-04-16 18:05:52,www.jcu.edu.au
2014-04-16 18:06:04,www.jcu.edu.au
2014-04-16 18:06:05,f.fontdeck.com
2014-04-16 18:06:06,f.fontdeck.com
2014-04-16 18:06:06,www-public.jcu.edu.au
2014-04-16 18:06:21,ajax.googleapis.com
2014-04-16 18:06:21,mail.google.com
2014-04-16 18:06:22,ajax.googleapis.com
2014-04-16 18:06:22,www.jcu.edu.au
2014-04-16 18:06:23,mail.google.com
2014-04-16 18:06:23,www.jcu.edu.au
2014-04-16 18:06:24,www.jcu.edu.au
2014-04-16 18:06:26,www.jcu.edu.au
2014-04-16 18:06:27,www.google.com
2014-04-16 18:06:27,f.fontdeck.com
2014-04-16 18:06:27,www-public.jcu.edu.au
2014-04-16 18:06:28,f.fontdeck.com
2014-04-16 18:06:28,www.google.com
2014-04-16 18:06:29,clients1.google.com
2014-04-16 18:06:29,www.jcu.edu.au
2014-04-16 18:06:29,www.google.com
2014-04-16 18:06:29,www.googleapis.com
2014-04-16 18:06:51,www.jcu.edu.au
2014-04-16 18:06:52,www.google.com
2014-04-16 18:06:52,f.fontdeck.com
2014-04-16 18:06:52,www.jcu.edu.au
2014-04-16 18:06:52,www.youtube.com
2014-04-16 18:06:52,www.googleapis.com
2014-04-16 18:06:53,f.fontdeck.com
2014-04-16 18:06:54,clients1.google.com
2014-04-16 18:06:54,ajax.googleapis.com
2014-04-16 18:06:54,www.google.com
2014-04-16 18:06:54,s.ytimg.com
2014-04-16 18:06:55,s.ytimg.com
2014-04-16 18:06:57,i1.ytimg.com
2014-04-16 18:07:00,s.ytimg.com
2014-04-16 18:07:00,www.youtube.com
2014-04-16 18:07:00,www.googleapis.com
2014-04-16 18:07:01,i1.ytimg.com
2014-04-16 18:07:01,www.google.com
2014-04-16 18:07:01,www.jcu.edu.au
2014-04-16 18:07:01,s.ytimg.com
2014-04-16 18:07:02,www.jcu.edu.au
2014-04-16 18:07:02,f.fontdeck.com
2014-04-16 18:07:02,www.google.com
2014-04-16 18:07:03,f.fontdeck.com
2014-04-16 18:07:03,www-public.jcu.edu.au
2014-04-16 18:07:03,clients1.google.com
2014-04-16 18:07:03,www.google.com
2014-04-16 18:07:05,www.googleapis.com
2014-04-16 18:07:05,f.fontdeck.com
2014-04-16 18:07:05,www.google.com
2014-04-16 18:07:06,www.jcu.edu.au
2014-04-16 18:07:06,www.google.com
2014-04-16 18:07:06,clients1.google.com
2014-04-16 18:07:06,f.fontdeck.com
2014-04-16 18:07:38,drive.google.com
2014-04-16 18:08:01,www.google.com
2014-04-16 18:08:01,www.googleapis.com
2014-04-16 18:08:01,mail.google.com
2014-04-16 18:08:01,f.fontdeck.com
2014-04-16 18:08:02,clients1.google.com
2014-04-16 18:08:02,www.google.com
2014-04-16 18:08:02,www.jcu.edu.au
2014-04-16 18:08:50,plus.google.com
2014-04-16 18:09:03,plus.google.com
2014-04-16 18:09:03,www.googleapis.com
2014-04-16 18:09:05,www.jcu.edu.au
2014-04-16 18:09:05,www.google.com
2014-04-16 18:09:05,f.fontdeck.com
2014-04-16 18:09:05,clients1.google.com
2014-04-16 18:09:06,www.google.com
2014-04-16 18:10:05,docs.google.com
2014-04-16 18:12:35,www.googleapis.com
2014-04-16 18:12:37,f.fontdeck.com
2014-04-16 18:12:37,www.google.com
2014-04-16 18:12:37,www.jcu.edu.au
2014-04-16 18:12:39,f.fontdeck.com
2014-04-16 18:12:39,www.google.com
2014-04-16 18:12:39,clients1.google.com
2014-04-16 18:12:50,plus.google.com
2014-04-16 18:13:39,drive.google.com
2014-04-16 18:14:09,mail.google.com
2014-04-16 18:14:09,ajax.googleapis.com
2014-04-16 18:14:09,alumni.jcu.edu.au
2014-04-16 18:14:09,www.googleapis.com
2014-04-16 18:14:10,www.jcu.edu.au
2014-04-16 18:14:10,alumni.jcu.edu.au
2014-04-16 18:14:11,www.jcu.edu.au
2014-04-16 18:14:12,f.fontdeck.com
2014-04-16 18:14:12,clients1.google.com
2014-04-16 18:14:12,www.google.com
2014-04-16 18:14:13,alumni.jcu.edu.au
2014-04-16 18:14:13,www.google.com
2014-04-16 18:14:14,alumni.jcu.edu.au
2014-04-16 18:14:15,alumni.jcu.edu.au
2014-04-16 18:14:15,myhronline.jcu.edu.au
2014-04-16 18:14:16,alumni.jcu.edu.au
2014-04-16 18:14:17,alumni.jcu.edu.au
2014-04-16 18:14:18,alumni.jcu.edu.au
2014-04-16 18:14:18,myhronline.jcu.edu.au
2014-04-16 18:14:19,f.fontdeck.com
2014-04-16 18:14:19,www.googleapis.com
2014-04-16 18:14:20,f.fontdeck.com
2014-04-16 18:14:20,alumni.jcu.edu.au
2014-04-16 18:14:20,clients1.google.com
2014-04-16 18:14:22,alumni.jcu.edu.au
2014-04-16 18:14:23,myhronline.jcu.edu.au
2014-04-16 18:14:34,www.google.com
2014-04-16 18:14:34,f.fontdeck.com
2014-04-16 18:14:34,www.jcu.edu.au
2014-04-16 18:14:35,f.fontdeck.com
2014-04-16 18:14:35,www.google.com
2014-04-16 18:14:35,clients1.google.com
2014-04-16 18:14:36,www.googleapis.com
2014-04-16 18:14:57,alumni.jcu.edu.au
2014-04-16 18:15:11,www.jcu.edu.au
2014-04-16 18:15:12,alumni.jcu.edu.au
2014-04-16 18:15:12,www.youtube.com
2014-04-16 18:15:12,f.fontdeck.com
2014-04-16 18:15:12,clients1.google.com
2014-04-16 18:15:12,www.google.com
2014-04-16 18:15:13,s.ytimg.com
2014-04-16 18:15:15,i1.ytimg.com
2014-04-16 18:15:35,docs.google.com
2014-04-16 18:15:57,alumni.jcu.edu.au
2014-04-16 18:16:22,s.ytimg.com
2014-04-16 18:16:22,www.googleapis.com
2014-04-16 18:16:22,www.youtube.com
2014-04-16 18:16:22,i1.ytimg.com
2014-04-16 18:16:23,f.fontdeck.com
2014-04-16 18:16:23,www.google.com
2014-04-16 18:16:23,www.jcu.edu.au
2014-04-16 18:16:24,www.google.com
2014-04-16 18:16:24,f.fontdeck.com
2014-04-16 18:16:24,clients1.google.com
2014-04-16 18:16:29,www.jcu.edu.au
2014-04-16 18:16:29,f.fontdeck.com
2014-04-16 18:16:29,www.google.com
2014-04-16 18:16:30,clients1.google.com
2014-04-16 18:16:30,www.google.com
2014-04-16 18:16:38,mail.google.com
2014-04-16 18:16:43,www.jcu.edu.au
2014-04-16 18:16:43,f.fontdeck.com
2014-04-16 18:16:43,www.google.com
2014-04-16 18:16:44,www.google.com
2014-04-16 18:16:44,clients1.google.com
2014-04-16 18:16:52,www.jcu.edu.au
2014-04-16 18:16:52,www.google.com
2014-04-16 18:16:52,www.youtube.com
2014-04-16 18:16:52,f.fontdeck.com
2014-04-16 18:16:53,www.google.com
2014-04-16 18:16:53,clients1.google.com
2014-04-16 18:16:57,www.jcu.edu.au
2014-04-16 18:16:57,maps.google.com
2014-04-16 18:16:57,www.googleapis.com
2014-04-16 18:16:58,www.jcu.edu.au
2014-04-16 18:16:59,www.jcu.edu.au
2014-04-16 18:17:00,www.jcu.edu.au
2014-04-16 18:17:01,www.jcu.edu.au
2014-04-16 18:17:01,drive.google.com
2014-04-16 18:17:02,maps.google.com.au
2014-04-16 18:17:02,f.fontdeck.com
2014-04-16 18:17:02,www.jcu.edu.au
2014-04-16 18:17:02,www.google.com
2014-04-16 18:17:02,docs.google.com
2014-04-16 18:17:03,www.jcu.edu.au
2014-04-16 18:17:03,www.google.com
2014-04-16 18:17:03,f.fontdeck.com
2014-04-16 18:17:05,www.google.com
2014-04-16 18:17:05,www.googleapis.com
2014-04-16 18:17:05,www.youtube.com
2014-04-16 18:17:05,www.jcu.edu.au
2014-04-16 18:17:05,maps.googleapis.com
2014-04-16 18:17:06,www.jcu.edu.au
2014-04-16 18:17:07,www.googleapis.com
2014-04-16 18:17:07,maps.googleapis.com
2014-04-16 18:17:07,s.ytimg.com
2014-04-16 18:17:07,www.jcu.edu.au
2014-04-16 18:17:07,google-maps-utility-library-v3.googlecode.com
2014-04-16 18:17:08,www.jcu.edu.au
2014-04-16 18:17:09,www.jcu.edu.au
2014-04-16 18:17:09,www.youtube.com
2014-04-16 18:17:10,maps.googleapis.com
2014-04-16 18:17:10,www.jcu.edu.au
2014-04-16 18:17:10,i1.ytimg.com
2014-04-16 18:17:10,s.ytimg.com
2014-04-16 18:17:10,mts1.google.com
2014-04-16 18:17:10,www.google.com
2014-04-16 18:17:11,mts0.google.com
2014-04-16 18:17:11,i1.ytimg.com
2014-04-16 18:17:11,mts1.google.com
2014-04-16 18:17:11,maps.googleapis.com
2014-04-16 18:17:12,www.jcu.edu.au
2014-04-16 18:17:12,www.google.com
2014-04-16 18:17:12,mts0.google.com
2014-04-16 18:17:12,mts1.google.com
2014-04-16 18:17:12,maps.googleapis.com
2014-04-16 18:17:12,clients1.google.com
2014-04-16 18:17:13,maps.googleapis.com
2014-04-16 18:17:13,www.google.com
2014-04-16 18:17:13,mts1.google.com
2014-04-16 18:17:13,www.jcu.edu.au
2014-04-16 18:17:13,mts0.google.com
2014-04-16 18:17:14,khms1.google.com
2014-04-16 18:17:14,maps.googleapis.com
2014-04-16 18:17:14,mts1.google.com
2014-04-16 18:17:14,www.google.com
2014-04-16 18:17:14,mts0.google.com
2014-04-16 18:17:15,mts0.google.com
2014-04-16 18:17:15,maps.googleapis.com
2014-04-16 18:17:15,khms1.google.com
2014-04-16 18:17:15,www.jcu.edu.au
2014-04-16 18:17:16,maps.googleapis.com
2014-04-16 18:17:17,www.jcu.edu.au
2014-04-16 18:17:18,f.fontdeck.com
2014-04-16 18:17:18,www.google.com
2014-04-16 18:17:18,www.jcu.edu.au
2014-04-16 18:17:19,www.weatherzone.com.au
2014-04-16 18:17:19,data.weatherzone.com.au
2014-04-16 18:17:19,www.jcu.edu.au
2014-04-16 18:17:19,resources.weatherzone.com.au
2014-04-16 18:17:20,www.youtube.com
2014-04-16 18:17:20,www.googleapis.com
2014-04-16 18:17:20,maps.googleapis.com
2014-04-16 18:17:20,khms1.google.com
2014-04-16 18:17:20,www-public.jcu.edu.au
2014-04-16 18:17:20,clients1.google.com
2014-04-16 18:17:20,www.google.com
2014-04-16 18:17:21,www-public.jcu.edu.au
2014-04-16 18:17:21,www.jcu.edu.au
2014-04-16 18:17:22,s.ytimg.com
2014-04-16 18:17:22,f.fontdeck.com
2014-04-16 18:17:22,www.jcu.edu.au
2014-04-16 18:17:22,www.google.com
2014-04-16 18:17:23,f.fontdeck.com
2014-04-16 18:17:23,www.google.com
2014-04-16 18:17:24,i1.ytimg.com
2014-04-16 18:17:24,www.googleapis.com
2014-04-16 18:17:24,www.jcu.edu.au
2014-04-16 18:17:24,clients1.google.com
2014-04-16 18:17:24,s.ytimg.com
2014-04-16 18:17:24,www.google.com
2014-04-16 18:17:25,www.jcu.edu.au
2014-04-16 18:17:25,www-public.jcu.edu.au
2014-04-16 18:17:26,www.jcu.edu.au
2014-04-16 18:17:28,www.jcu.edu.au
2014-04-16 18:17:32,mail.google.com
2014-04-16 18:17:33,www.jcu.edu.au
2014-04-16 18:17:34,www.jcu.edu.au
2014-04-16 18:17:35,www.jcu.edu.au
2014-04-16 18:17:36,www.jcu.edu.au
2014-04-16 18:17:37,www.jcu.edu.au
2014-04-16 18:17:38,www.jcu.edu.au
2014-04-16 18:17:40,www.jcu.edu.au
2014-04-16 18:17:42,www.jcu.edu.au
2014-04-16 18:17:43,www.jcu.edu.au
2014-04-16 18:17:44,plus.google.com
2014-04-16 18:17:44,www.jcu.edu.au
2014-04-16 18:17:45,www.jcu.edu.au
2014-04-16 18:17:49,www.jcu.edu.au
2014-04-16 18:17:52,mts0.google.com
2014-04-16 18:17:58,mts1.google.com
2014-04-16 18:18:02,www.jcu.edu.au
2014-04-16 18:19:11,maps.googleapis.com
2014-04-16 18:19:11,mts1.google.com
2014-04-16 18:19:17,i1.ytimg.com
2014-04-16 18:19:25,docs.google.com
2014-04-16 18:19:47,www.googleapis.com
2014-04-16 18:19:47,www.youtube.com
2014-04-16 18:20:36,mail.google.com
2014-04-16 18:21:20,maps.googleapis.com
2014-04-16 18:21:26,www.jcu.edu.au
2014-04-16 18:21:37,www.jcu.edu.au
2014-04-16 18:21:38,www.jcu.edu.au
2014-04-16 18:21:40,f.fontdeck.com
2014-04-16 18:21:40,www.google.com
2014-04-16 18:21:41,clients1.google.com
2014-04-16 18:21:41,www-public.jcu.edu.au
2014-04-16 18:21:41,www.google.com
2014-04-16 18:21:53,alumni.jcu.edu.au
2014-04-16 18:21:55,alumni.jcu.edu.au
2014-04-16 18:21:57,alumni.jcu.edu.au
2014-04-16 18:21:58,plus.google.com
2014-04-16 18:22:12,alumni.jcu.edu.au
2014-04-16 18:22:13,alumni.jcu.edu.au
2014-04-16 18:22:13,www.flickr.com
2014-04-16 18:22:14,alumni.jcu.edu.au
2014-04-16 18:22:15,alumni.jcu.edu.au
2014-04-16 18:22:15,www.flickr.com
2014-04-16 18:22:15,connect.facebook.net
2014-04-16 18:22:16,static.ak.facebook.com
2014-04-16 18:22:16,alumni.jcu.edu.au
2014-04-16 18:22:16,farm5.staticflickr.com
2014-04-16 18:22:16,s-static.ak.facebook.com
2014-04-16 18:22:17,alumni.jcu.edu.au
2014-04-16 18:22:17,www.facebook.com
2014-04-16 18:22:18,alumni.jcu.edu.au
2014-04-16 18:22:32,alumni.jcu.edu.au
2014-04-16 18:22:41,alumni.jcu.edu.au
2014-04-16 18:22:43,alumni.jcu.edu.au
2014-04-16 18:22:44,www.flickr.com
2014-04-16 18:22:46,0.docs.google.com
2014-04-16 18:23:02,docs.google.com
2014-04-16 18:23:11,alumni.jcu.edu.au
2014-04-16 18:23:24,docs.google.com
2014-04-16 18:24:14,farm3.staticflickr.com
2014-04-16 18:24:14,farm5.staticflickr.com
2014-04-16 18:24:19,mail.google.com
2014-04-16 18:24:28,api.bing.com
2014-04-16 18:24:28,www.googleapis.com
2014-04-16 18:24:29,api.bing.com
2014-04-16 18:24:30,api.bing.com
2014-04-16 18:25:38,drive.google.com
2014-04-16 18:27:31,mail.google.com
2014-04-16 18:28:05,docs.google.com
2014-04-16 18:29:14,docs.google.com
2014-04-16 18:29:20,mail.google.com
2014-04-16 18:29:39,drive.google.com
2014-04-16 18:31:40,docs.google.com
2014-04-16 18:31:42,www.google.com
2014-04-16 18:31:42,plus.google.com
2014-04-16 18:31:42,0.drive.google.com
2014-04-16 18:31:42,0.docs.google.com
2014-04-16 18:31:42,docs.google.com
2014-04-16 18:31:45,plus.google.com
2014-04-16 18:31:45,drive.google.com
2014-04-16 18:32:03,mail.google.com
2014-04-16 18:32:20,api.bing.com
2014-04-16 18:32:21,api.bing.com
2014-04-16 18:32:22,gmail.com
2014-04-16 18:32:22,api.bing.com
2014-04-16 18:32:24,mail.google.com
2014-04-16 18:32:30,www.google.com
2014-04-16 18:32:30,clients2.google.com
2014-04-16 18:32:31,plus.google.com
2014-04-16 18:32:32,apis.google.com
2014-04-16 18:32:38,chatenabled.mail.google.com
2014-04-16 18:32:39,clients6.google.com
2014-04-16 18:32:39,mail.google.com
2014-04-16 18:32:41,accounts.google.com
2014-04-16 18:32:41,mail.google.com
2014-04-16 18:32:42,accounts.youtube.com
2014-04-16 18:32:48,accounts.google.fr
2014-04-16 18:32:48,www.google.fr
2014-04-16 18:32:48,clients2.google.com
2014-04-16 18:32:48,apis.google.com
2014-04-16 18:32:48,plus.google.com
2014-04-16 18:32:48,chatenabled.mail.google.com
2014-04-16 18:32:48,mail.google.com
2014-04-16 18:33:06,www.google.com
2014-04-16 18:33:07,accounts.google.com
2014-04-16 18:33:08,accounts.youtube.com
2014-04-16 18:33:08,accounts.google.fr
2014-04-16 18:33:13,mail.google.com
2014-04-16 18:33:16,drive.google.com
2014-04-16 18:33:19,1.drive.google.com
2014-04-16 18:33:21,plus.google.com
2014-04-16 18:33:22,1.drive.google.com
2014-04-16 18:33:24,docs.google.com
2014-04-16 18:33:25,drive.google.com
2014-04-16 18:33:26,plus.google.com
2014-04-16 18:33:31,drive.google.com
2014-04-16 18:33:34,drive.google.com
2014-04-16 18:33:34,plus.google.com
2014-04-16 18:33:34,docs.google.com
2014-04-16 18:33:41,1.docs.google.com
2014-04-16 18:33:41,apis.google.com
2014-04-16 18:33:42,docs.google.com
2014-04-16 18:33:44,drive.google.com
2014-04-16 18:33:44,docs.google.com
2014-04-16 18:33:48,docs.google.com
2014-04-16 18:33:50,1.docs.google.com
2014-04-16 18:33:50,apis.google.com
2014-04-16 18:33:51,apis.google.com
2014-04-16 18:33:52,clients6.google.com
2014-04-16 18:33:52,1.docs.google.com
2014-04-16 18:34:11,api.bing.com
2014-04-16 18:34:12,api.bing.com
2014-04-16 18:34:13,api.bing.com
2014-04-16 18:34:16,www.bing.com
2014-04-16 18:34:16,chatenabled.mail.google.com
2014-04-16 18:34:16,plus.google.com
2014-04-16 18:34:16,www.google.com
2014-04-16 18:34:16,clients2.google.com
2014-04-16 18:34:17,dev.virtualearth.net
2014-04-16 18:34:17,www.bing.com
2014-04-16 18:34:17,logc258.at.pagesjaunes.fr
2014-04-16 18:34:17,www.pagesjaunes.fr
2014-04-16 18:34:18,mail.google.com
2014-04-16 18:34:18,www.kcl.ac.uk
2014-04-16 18:34:18,gg.google.com
2014-04-16 18:34:19,www.kcl.ac.uk
2014-04-16 18:34:43,www.kcl.ac.uk
2014-04-16 18:36:41,mail.google.com
2014-04-16 18:36:41,www.kcl.ac.uk
2014-04-16 18:36:46,www.kcl.ac.uk
2014-04-16 18:36:50,www.kcl.ac.uk
2014-04-16 18:36:51,www.kcl.ac.uk
2014-04-16 18:36:52,www.kcl.ac.uk
2014-04-16 18:36:53,www.kcl.ac.uk
2014-04-16 18:36:54,www.kcl.ac.uk
2014-04-16 18:36:55,www.kcl.ac.uk
2014-04-16 18:36:56,www.kcl.ac.uk
2014-04-16 18:37:10,www.kcl.ac.uk
2014-04-16 18:37:18,www.kcl.ac.uk
2014-04-16 18:37:18,mail.google.com
2014-04-16 18:37:20,www.kcl.ac.uk
2014-04-16 18:37:22,www.kcl.ac.uk
2014-04-16 18:37:23,www.kcl.ac.uk
2014-04-16 18:37:24,www.kcl.ac.uk
2014-04-16 18:37:27,www.kcl.ac.uk
2014-04-16 18:37:28,www.kcl.ac.uk
2014-04-16 18:37:29,www.kcl.ac.uk
2014-04-16 18:37:30,www.kcl.ac.uk
2014-04-16 18:37:30,wwwimages.adobe.com
2014-04-16 18:37:30,www.adobe.com
2014-04-16 18:37:31,www.kcl.ac.uk
2014-04-16 18:37:32,www.kcl.ac.uk
2014-04-16 18:37:38,www.kcl.ac.uk
2014-04-16 18:37:43,www.kcl.ac.uk
2014-04-16 18:37:44,www.kcl.ac.uk
2014-04-16 18:37:55,mail.google.com
2014-04-16 18:37:57,www.google.com
2014-04-16 18:37:57,www.google.fr
2014-04-16 18:37:59,1.drive.google.com
2014-04-16 18:38:00,docs.google.com
2014-04-16 18:38:01,www.google.com
2014-04-16 18:38:02,1.docs.google.com
2014-04-16 18:38:18,gg.google.com
2014-04-16 18:38:20,accounts.google.com
2014-04-16 18:38:20,mail.google.com
2014-04-16 18:38:20,www.google.com
2014-04-16 18:38:20,accounts.youtube.com
2014-04-16 18:38:20,docs.google.com
2014-04-16 18:38:20,accounts.google.fr
2014-04-17 12:56:02,api.bing.com
2014-04-17 12:56:16,www.bing.com
2014-04-17 12:56:19,www.bing.com
2014-04-17 12:56:20,www.bing.com
2014-04-17 12:56:20,api.bing.com
2014-04-17 12:56:21,cms.abmr.net
2014-04-17 12:56:21,www.bing.com
2014-04-17 12:56:22,gmail.com
2014-04-17 12:56:23,www.bing.com
2014-04-17 12:56:25,login.live.com
2014-04-17 12:56:26,www.bing.com
2014-04-17 12:56:26,mail.google.com
2014-04-17 12:56:26,accounts.google.com
2014-04-17 12:56:28,accounts.youtube.com
2014-04-17 12:56:30,www.bing.com
2014-04-17 12:56:31,ssl.bing.com
2014-04-17 12:56:51,accounts.google.fr
2014-04-17 12:56:54,api.bing.com
2014-04-17 12:56:55,api.bing.com
2014-04-17 12:56:56,api.bing.com
2014-04-17 12:56:57,api.bing.com
2014-04-17 12:56:58,api.bing.com
2014-04-17 12:56:59,api.bing.com
2014-04-17 12:57:05,www.bing.com
2014-04-17 12:57:05,accounts.google.com
2014-04-17 12:57:06,accounts.google.fr
2014-04-17 12:57:06,www.bing.com
2014-04-17 12:57:06,dev.virtualearth.net
2014-04-17 12:57:06,accounts.youtube.com
2014-04-17 12:57:06,mail.google.com
2014-04-17 12:57:07,logc258.at.pagesjaunes.fr
2014-04-17 12:57:07,www.pagesjaunes.fr
2014-04-17 12:57:13,clients2.google.com
2014-04-17 12:57:13,www.google.com
2014-04-17 12:57:13,login.live.com
2014-04-17 12:57:14,www.bing.com
2014-04-17 12:57:17,www.bing.com
2014-04-17 12:57:21,mail.google.com
2014-04-17 12:57:21,apis.google.com
2014-04-17 12:57:22,plus.google.com
2014-04-17 12:57:23,clients2.google.com
2014-04-17 12:57:23,www.google.com
2014-04-17 12:57:23,plus.google.com
2014-04-17 12:57:24,clients6.google.com
2014-04-17 12:57:26,plus.google.com
2014-04-17 12:57:26,apis.google.com
2014-04-17 12:57:26,accounts.google.com
2014-04-17 12:57:26,mail.google.com
2014-04-17 12:57:27,chatenabled.mail.google.com
2014-04-17 12:57:28,mail.google.com
2014-04-17 12:58:23,plus.google.com
2014-04-17 12:58:32,apis.google.com
2014-04-17 12:58:32,plus.google.com
2014-04-17 12:58:35,chatenabled.mail.google.com
2014-04-17 12:58:38,clients6.google.com
2014-04-17 12:58:38,drive.google.com
2014-04-17 12:58:40,mail.google.com
2014-04-17 12:58:41,plus.google.com
2014-04-17 12:58:44,plus.google.com
2014-04-17 12:58:44,www.google.com
2014-04-17 12:58:44,drive.google.com
2014-04-17 12:58:46,0.drive.google.com
2014-04-17 12:58:47,plus.google.com
2014-04-17 12:58:50,ssl.bing.com
2014-04-17 12:58:54,apis.google.com
2014-04-17 12:58:55,docs.google.com
2014-04-17 12:58:56,drive.google.com
2014-04-17 12:58:56,0.drive.google.com
2014-04-17 12:58:57,docs.google.com
2014-04-17 12:58:57,plus.google.com
2014-04-17 12:58:57,0.drive.google.com
2014-04-17 12:58:57,drive.google.com
2014-04-17 12:59:04,ieonline.microsoft.com
2014-04-17 12:59:05,docs.google.com
2014-04-17 12:59:06,docs.google.com
2014-04-17 12:59:10,docs.google.com
2014-04-17 12:59:11,drive.google.com
2014-04-17 12:59:11,docs.google.com
2014-04-17 12:59:12,docs.google.com
2014-04-17 12:59:13,0.drive.google.com
2014-04-17 12:59:24,docs.google.com
2014-04-17 12:59:33,docs.google.com
2014-04-17 12:59:36,www.bing.com
2014-04-17 12:59:37,www.bing.com
2014-04-17 12:59:37,www.kcl.ac.uk
2014-04-17 12:59:38,www.kcl.ac.uk
2014-04-17 12:59:39,www.kcl.ac.uk
2014-04-17 12:59:40,www.kcl.ac.uk
2014-04-17 12:59:41,www.kcl.ac.uk
2014-04-17 12:59:42,docs.google.com
2014-04-17 12:59:43,gg.google.com
2014-04-17 13:00:12,docs.google.com
2014-04-17 13:00:17,www.google.com
2014-04-17 13:00:22,0.docs.google.com
2014-04-17 13:00:27,www.google.com
2014-04-17 13:00:27,docs.google.com
2014-04-17 13:00:28,apis.google.com
2014-04-17 13:00:31,docs.google.com
2014-04-17 13:00:31,accounts.google.com
2014-04-17 13:00:31,0.docs.google.com
2014-04-17 13:00:33,docs.google.com
2014-04-17 13:00:34,0.docs.google.com
2014-04-17 13:00:34,clients6.google.com
2014-04-17 13:00:41,apis.google.com
2014-04-17 13:00:47,drive.google.com
2014-04-17 13:01:10,apis.google.com
2014-04-17 13:01:24,mail.google.com
2014-04-17 13:02:12,www.kcl.ac.uk
2014-04-17 13:02:13,www.kcl.ac.uk
2014-04-17 13:02:22,www.kcl.ac.uk
2014-04-17 13:02:23,www.kcl.ac.uk
2014-04-17 13:02:28,www.kcl.ac.uk
2014-04-17 13:02:29,www.kcl.ac.uk
2014-04-17 13:03:08,www.kcl.ac.uk
2014-04-17 13:03:09,www.kcl.ac.uk
2014-04-17 13:03:12,docs.google.com
2014-04-17 13:03:13,www.kcl.ac.uk
2014-04-17 13:03:13,docs.google.com
2014-04-17 13:03:14,www.kcl.ac.uk
2014-04-17 13:03:31,www.kcl.ac.uk
2014-04-17 13:03:43,www.kcl.ac.uk
2014-04-17 13:03:43,gg.google.com
2014-04-17 13:03:44,www.kcl.ac.uk
2014-04-17 13:03:53,docs.google.com
2014-04-17 13:04:32,accounts.google.com
2014-04-17 13:04:34,www.kcl.ac.uk
2014-04-17 13:04:42,www.kcl.ac.uk
2014-04-17 13:04:47,drive.google.com
2014-04-17 13:04:56,www.kcl.ac.uk
2014-04-17 13:05:21,docs.google.com
2014-04-17 13:06:00,www.kcl.ac.uk
2014-04-17 13:06:32,docs.google.com
2014-04-17 13:06:45,api.bing.com
2014-04-17 13:06:46,api.bing.com
2014-04-17 13:06:47,api.bing.com
2014-04-17 13:06:48,api.bing.com
2014-04-17 13:06:49,api.bing.com
2014-04-17 13:06:51,www.bing.com
2014-04-17 13:06:55,ssl.bing.com
2014-04-17 13:06:55,dictionnaire.reverso.net
2014-04-17 13:06:55,www.bing.com
2014-04-17 13:06:55,login.live.com
2014-04-17 13:06:56,docs.google.com
2014-04-17 13:06:56,ajax.googleapis.com
2014-04-17 13:06:56,api.conduit.com
2014-04-17 13:06:56,cdn2.reverso.net
2014-04-17 13:06:57,cdn2.reverso.net
2014-04-17 13:06:58,dictionnaire.reverso.net
2014-04-17 13:06:59,cdn2.reverso.net
2014-04-17 13:07:00,cdn2.reverso.net
2014-04-17 13:07:01,cdn2.reverso.net
2014-04-17 13:07:01,dictionnaire.reverso.net
2014-04-17 13:07:03,hal9000.redintelligence.net
2014-04-17 13:07:04,www.news-parfums.com
2014-04-17 13:07:04,n6.hal9000.redintelligence.net
2014-04-17 13:07:04,www.google.com
2014-04-17 13:07:04,a.nonstoppartner.net
2014-04-17 13:07:04,hal9000.redintelligence.net
2014-04-17 13:07:06,dictionnaire.reverso.net
2014-04-17 13:07:06,accounts.google.com
2014-04-17 13:07:15,accounts.google.com
2014-04-17 13:07:15,cdn2.reverso.net
2014-04-17 13:07:20,api.bing.com
2014-04-17 13:07:21,api.bing.com
2014-04-17 13:07:22,api.bing.com
2014-04-17 13:07:23,api.bing.com
2014-04-17 13:07:24,mail.google.com
2014-04-17 13:07:25,www.bing.com
2014-04-17 13:07:26,www.bing.com
2014-04-17 13:07:29,login.live.com
2014-04-17 13:07:30,www.bing.com
2014-04-17 13:07:36,www.bing.com
2014-04-17 13:07:41,www.bing.com
2014-04-17 13:07:46,www.bing.com
2014-04-17 13:07:47,www.larousse.fr
2014-04-17 13:07:48,www.larousse.fr
2014-04-17 13:07:51,connect.facebook.net
2014-04-17 13:07:51,www.larousse.fr
2014-04-17 13:07:52,www.aldaniti.net
2014-04-17 13:07:54,apis.google.com
2014-04-17 13:08:03,static.ak.facebook.com
2014-04-17 13:08:04,ssl.bing.com
2014-04-17 13:08:04,s-static.ak.facebook.com
2014-04-17 13:08:04,www.facebook.com
2014-04-17 13:08:06,www.facebook.com
2014-04-17 13:08:06,platform.twitter.com
2014-04-17 13:08:06,apis.google.com
2014-04-17 13:08:09,apis.google.com
2014-04-17 13:08:11,platform.twitter.com
2014-04-17 13:08:11,apis.google.com
2014-04-17 13:08:12,www.facebook.com
2014-04-17 13:08:12,platform.twitter.com
2014-04-17 13:08:15,platform.twitter.com
2014-04-17 13:08:16,accounts.google.com
2014-04-17 13:08:17,platform.twitter.com
2014-04-17 13:08:20,apis.google.com
2014-04-17 13:08:25,mail.google.com
2014-04-17 13:08:26,twitter.com
2014-04-17 13:08:31,apis.google.com
2014-04-17 13:08:32,accounts.google.com
2014-04-17 13:08:35,platform.twitter.com
2014-04-17 13:08:37,twitter.com
2014-04-17 13:08:37,platform.twitter.com
2014-04-17 13:08:40,fpdownload2.macromedia.com
2014-04-17 13:08:47,drive.google.com
2014-04-17 13:08:48,apis.google.com
2014-04-17 13:08:48,pbs.twimg.com
2014-04-17 13:08:50,pbs.twimg.com
2014-04-17 13:08:52,twitter.com
2014-04-17 13:08:56,platform.twitter.com
2014-04-17 13:09:13,www.larousse.fr
2014-04-17 13:09:19,syndication.twitter.com
2014-04-17 13:09:20,syndication.twitter.com
2014-04-17 13:09:23,twitter.com
2014-04-17 13:09:26,platform.twitter.com
2014-04-17 13:09:56,www.kclsu.org
2014-04-17 13:09:57,www.kclsu.org
2014-04-17 13:09:58,www.kclsu.org
2014-04-17 13:09:59,www.image-maps.com
2014-04-17 13:09:59,ajax.googleapis.com
2014-04-17 13:10:00,www.kclsu.org
2014-04-17 13:10:01,www.kclsu.org
2014-04-17 13:10:26,ajax.googleapis.com
2014-04-17 13:10:43,drive.google.com
2014-04-17 13:10:47,docs.google.com
2014-04-17 13:11:04,www.aldaniti.net
2014-04-17 13:11:08,docs.google.com
2014-04-17 13:12:47,drive.google.com
2014-04-17 13:12:48,docs.google.com
2014-04-17 13:12:51,1.docs.google.com
2014-04-17 13:13:03,1.docs.google.com
2014-04-17 13:13:05,1.talkgadget.google.com
2014-04-17 13:13:12,plus.google.com
2014-04-17 13:13:12,docs.google.com
2014-04-17 13:13:15,docs.google.com
2014-04-17 13:13:15,1.talkgadget.google.com
2014-04-17 13:13:16,plus.google.com
2014-04-17 13:13:21,apis.google.com
2014-04-17 13:13:21,docs.google.com
2014-04-17 13:13:21,1.talkgadget.google.com
2014-04-17 13:14:12,plus.google.com
2014-04-17 13:14:13,www.google.com
2014-04-17 13:14:15,plus.google.com
2014-04-17 13:14:32,www.google.com
2014-04-17 13:14:32,docs.google.com
2014-04-17 13:14:32,1.talkgadget.google.com
2014-04-17 13:14:33,www.google.com
2014-04-17 13:14:42,1.talkgadget.google.com
2014-04-17 13:14:43,1.talkgadget.google.com
2014-04-17 13:14:45,1.talkgadget.google.com
2014-04-17 13:14:48,1.talkgadget.google.com
2014-04-17 13:15:24,mail.google.com
2014-04-17 13:15:42,1.talkgadget.google.com
2014-04-17 13:15:43,docs.google.com
2014-04-17 13:16:46,1.talkgadget.google.com
2014-04-17 13:16:47,drive.google.com
2014-04-17 13:18:24,mail.google.com
2014-04-17 13:18:43,plus.google.com
2014-04-17 13:18:45,1.talkgadget.google.com
2014-04-17 13:18:47,drive.google.com
2014-04-17 13:18:49,docs.google.com
2014-04-17 13:19:43,www.google.com
2014-04-17 13:21:41,1.talkgadget.google.com
2014-04-17 13:22:08,0.docs.google.com
2014-04-17 13:22:08,docs.google.com
2014-04-17 13:22:17,mail.google.com
2014-04-17 13:22:22,0.drive.google.com
2014-04-17 13:22:35,mail.google.com
2014-04-17 13:22:44,www.google.com
2014-04-17 13:22:44,drive.google.com
2014-04-17 13:22:44,plus.google.com
2014-04-17 13:22:44,www.google.fr
2014-04-17 13:22:45,www.google.com
2014-04-17 13:22:45,www.google.fr
2014-04-17 13:22:46,www.google.com
2014-04-17 13:23:48,1.talkgadget.google.com
2014-04-17 13:23:48,1.docs.google.com
2014-04-17 13:23:48,docs.google.com
2014-04-17 13:24:02,mail.google.com
2014-04-17 13:24:02,accounts.youtube.com
2014-04-17 13:24:02,accounts.google.com
2014-04-17 13:24:02,accounts.google.fr
2014-04-18 13:28:40,ocsp.thawte.com
2014-04-18 13:28:53,ocsp.thawte.com
2014-04-18 13:29:04,clients1.google.com
2014-04-18 13:29:05,clients1.google.com
2014-04-18 13:29:05,gtglobal-ocsp.geotrust.com
2014-04-18 13:29:07,www.google.fr
2014-04-18 13:29:07,ocsp.tcs.terena.org
2014-04-18 13:29:07,clients1.google.com
2014-04-18 13:29:07,ocsp.usertrust.com
2014-04-18 13:29:08,clients1.google.com
2014-04-18 13:29:56,gtssl-ocsp.geotrust.com
2014-04-18 13:31:08,meta.wikimedia.org
2014-04-18 13:31:08,safebrowsing-cache.google.com
2014-04-18 13:31:08,login.wikimedia.org
2014-04-18 13:31:08,bits.wikimedia.org
2014-04-18 13:31:08,safebrowsing.clients.google.com
2014-04-18 13:31:08,fr.wikipedia.org
2014-04-18 13:31:08,www.google.fr
2014-04-18 13:31:09,meta.wikimedia.org
2014-04-18 13:31:09,safebrowsing-cache.google.com
2014-04-18 13:31:09,fr.wikipedia.org
2014-04-18 13:31:21,pbs.twimg.com
2014-04-18 13:31:21,www.google.fr
2014-04-18 13:31:21,drupalfr.org
2014-04-18 13:31:22,drupalfr.org
2014-04-18 13:32:01,apis.google.com
2014-04-18 13:33:59,www.google.com
2014-04-18 13:34:00,www.google.fr
2014-04-18 13:34:03,sb-ssl.google.com
2014-04-18 13:36:53,ocsp.verisign.com
2014-04-18 13:38:53,ocsp.digicert.com
2014-04-18 13:59:49,safebrowsing.clients.google.com
2014-04-18 13:59:49,safebrowsing-cache.google.com
2014-04-23 08:03:20,sci.sciences.univ-bpclermont.fr
2014-04-23 08:03:26,sci.sciences.univ-bpclermont.fr
2014-04-23 08:03:27,sci.sciences.univ-bpclermont.fr
2014-04-23 08:03:28,sci.sciences.univ-bpclermont.fr
2014-04-23 08:03:40,www.bing.com
2014-04-23 08:03:41,www.bing.com
2014-04-23 08:03:42,www.bing.com
2014-04-23 08:03:42,cms.abmr.net
2014-04-23 08:03:43,www.bing.com
2014-04-23 08:03:43,ent.univ-bpclermont.fr
2014-04-23 08:03:43,login.live.com
2014-04-23 08:03:44,ent.univ-bpclermont.fr
2014-04-23 08:03:56,www.bing.com
2014-04-23 08:03:59,www.bing.com
2014-04-23 08:04:00,www.bing.com
2014-04-23 08:04:01,www.bing.com
2014-04-23 08:04:02,www.bing.com
2014-04-23 08:04:03,www.bing.com
2014-04-23 08:04:04,www.bing.com
2014-04-23 08:04:07,www.bing.com
2014-04-23 08:04:07,o2i.univ-bpclermont.fr
2014-04-23 08:04:08,o2i.univ-bpclermont.fr
2014-04-23 08:04:08,c2i.univ-bpclermont.fr
2014-04-23 08:04:08,login.live.com
2014-04-23 08:04:31,o2i.univ-bpclermont.fr
2014-04-23 08:06:29,o2i.univ-bpclermont.fr
2014-04-23 08:06:35,o2i.univ-bpclermont.fr
2014-04-23 08:31:37,o2i.univ-bpclermont.fr
2014-04-23 08:31:48,o2i.univ-bpclermont.fr
2014-04-23 08:36:02,c2i.univ-bpclermont.fr
2014-04-23 08:36:02,o2i.univ-bpclermont.fr
