timestamp,site
2013-09-12 14:40:04,go.microsoft.com
2013-09-12 14:40:50,go.microsoft.com
2013-09-12 14:40:50,windows.microsoft.com
2013-09-12 14:40:51,windows.microsoft.com
2013-09-12 14:40:51,ajax.microsoft.com
2013-09-12 14:40:51,res2.windows.microsoft.com
2013-09-12 14:40:51,res1.windows.microsoft.com
2013-09-12 14:40:51,js.microsoft.com
2013-09-12 14:40:52,www.facebook.com
2013-09-12 14:40:52,windows.microsoft.com
2013-09-12 14:40:52,res1.windows.microsoft.com
2013-09-12 14:40:53,www.facebook.com
2013-09-12 14:40:53,js.microsoft.com
2013-09-12 14:40:53,www.bing.com
2013-09-12 14:40:54,res2.windows.microsoft.com
2013-09-12 14:40:54,res1.windows.microsoft.com
2013-09-12 14:40:56,windows.microsoft.com
2013-09-12 14:41:04,res1.windows.microsoft.com
2013-09-12 14:41:35,api.bing.com
2013-09-12 14:41:36,api.bing.com
2013-09-12 14:41:39,www.bing.com
2013-09-12 14:41:40,www.bing.com
2013-09-12 14:41:41,www.bing.com
2013-09-12 14:41:41,cms.abmr.net
2013-09-12 14:41:42,www.bing.com
2013-09-12 14:42:49,ieonline.microsoft.com
2013-09-12 14:42:49,go.microsoft.com
2013-09-12 14:54:39,api.bing.com
2013-09-12 14:54:40,api.bing.com
2013-09-12 14:54:41,api.bing.com
2013-09-12 14:54:42,www.bing.com
2013-09-12 14:54:43,www.bing.com
2013-09-12 14:54:45,www.bing.com
2013-11-26 17:30:05,fpdownload2.macromedia.com
2013-11-26 17:32:48,ieonline.microsoft.com
2013-12-13 17:26:26,us-request.foxitservice.com
2014-01-17 14:30:23,fpdownload2.macromedia.com
2014-01-17 14:30:34,api.bing.com
2014-01-17 14:30:35,www.bing.com
2014-01-17 14:30:36,www.bing.com
2014-01-17 14:30:37,www.bing.com
2014-01-17 14:30:38,www.bing.com
2014-01-17 14:30:38,cms.abmr.net
2014-01-17 14:30:39,fr.yahoo.com
2014-01-17 14:30:39,www.bing.com
2014-01-17 14:30:44,mail.yahoo.com
2014-01-17 14:30:45,locdrop.query.yahoo.com
2014-01-17 14:30:45,fr.yahoo.com
2014-01-17 14:30:47,login.yahoo.com
2014-01-17 14:30:48,login.yahoo.com
2014-01-17 14:30:53,login.yahoo.com
2014-01-17 14:30:54,login.yahoo.com
2014-01-17 14:31:02,login.yahoo.com
2014-01-17 14:31:15,login.yahoo.com
2014-01-17 14:31:16,fr-mg42.mail.yahoo.com
2014-01-17 14:31:40,ucs.query.yahoo.com
2014-01-17 14:31:41,fr-mg42.mail.yahoo.com
2014-01-17 14:31:42,ucs.query.yahoo.com
2014-01-17 14:33:11,ieonline.microsoft.com
2014-01-17 14:35:56,fr-mg42.mail.yahoo.com
2014-01-17 14:36:20,fr-mg42.mail.yahoo.com
2014-01-17 14:37:29,fr-mg42.mail.yahoo.com
2014-01-17 14:37:33,us-request.foxitservice.com
2014-01-17 14:39:36,fr-mg42.mail.yahoo.com
2014-01-17 14:41:46,fr-mg42.mail.yahoo.com
2014-01-17 14:43:32,fr-mg42.mail.yahoo.com
2014-01-17 14:45:08,fr-mg42.mail.yahoo.com
2014-01-17 14:45:09,login.yahoo.com
2014-01-17 14:45:58,fr.yahoo.com
2014-01-17 14:46:12,locdrop.query.yahoo.com
2014-01-17 14:46:13,fr.yahoo.com
2014-01-20 16:25:24,www.yahoo.com
2014-01-20 16:25:25,fr.yahoo.com
2014-01-20 16:25:30,fr.yahoo.com
2014-01-20 16:25:31,mail.yahoo.com
2014-01-20 16:25:31,locdrop.query.yahoo.com
2014-01-20 16:25:32,fr.yahoo.com
2014-01-20 16:25:32,login.yahoo.com
2014-01-20 16:25:33,login.yahoo.com
2014-01-20 16:25:38,login.yahoo.com
2014-01-20 16:25:54,login.yahoo.com
2014-01-20 16:25:55,fr-mg42.mail.yahoo.com
2014-01-20 16:25:56,login.yahoo.com
2014-01-20 16:26:07,ucs.query.yahoo.com
2014-01-20 16:26:08,secure.footprint.net
2014-01-20 16:26:32,ucs.query.yahoo.com
2014-01-20 16:26:48,eulerian.netbooster.com
2014-01-20 16:26:48,fr-mg42.mail.yahoo.com
2014-01-20 16:26:49,www.facebook.com
2014-01-20 16:26:49,fr-mg42.mail.yahoo.com
2014-01-20 16:26:50,eulerian.netbooster.com
2014-01-20 16:28:44,fr-mg42.mail.yahoo.com
2014-01-20 16:32:40,fr-mg42.mail.yahoo.com
2014-01-20 16:36:36,fr-mg42.mail.yahoo.com
2014-01-20 16:38:25,login.yahoo.com
2014-01-20 16:38:26,fr.yahoo.com
2014-01-20 16:38:34,yui.yahooapis.com
2014-01-20 16:38:35,yui.yahooapis.com
2014-01-22 13:29:54,api.bing.com
2014-01-22 13:29:57,api.bing.com
2014-01-22 13:29:58,www.bing.com
2014-01-22 13:29:59,www.bing.com
2014-01-22 13:30:01,cms.abmr.net
2014-01-22 13:30:01,www.bing.com
2014-01-28 16:06:15,fpdownload2.macromedia.com
2014-01-28 16:06:22,api.bing.com
2014-01-28 16:06:23,api.bing.com
2014-01-28 16:06:25,api.bing.com
2014-01-28 16:06:26,api.bing.com
2014-01-28 16:06:27,api.bing.com
2014-01-28 16:06:28,ecn.api.tiles.virtualearth.net
2014-01-28 16:06:28,logc258.at.pagesjaunes.fr
2014-01-28 16:06:28,www.bing.com
2014-01-28 16:06:28,www.pagesjaunes.fr
2014-01-28 16:06:29,www.bing.com
2014-01-28 16:06:30,www.bing.com
2014-01-28 16:06:30,cms.abmr.net
2014-01-28 16:06:30,immobilier-advenier.com
2014-01-28 16:06:31,www.immobilier-advenier.com
2014-01-28 16:06:31,immobilier-advenier.com
2014-01-28 16:06:35,immobilier-advenier.com
2014-01-28 16:09:12,ieonline.microsoft.com
2014-01-28 16:09:53,api.bing.com
2014-01-28 16:09:54,api.bing.com
2014-01-28 16:09:58,api.bing.com
2014-01-28 16:09:59,api.bing.com
2014-01-28 16:10:00,api.bing.com
2014-01-28 16:10:01,api.bing.com
2014-01-28 16:10:02,api.bing.com
2014-01-28 16:10:03,api.bing.com
2014-01-28 16:10:04,api.bing.com
2014-01-28 16:10:05,api.bing.com
2014-01-28 16:10:06,api.bing.com
2014-01-28 16:10:07,api.bing.com
2014-01-28 16:10:08,api.bing.com
2014-01-28 16:10:10,api.bing.com
2014-01-28 16:10:11,api.bing.com
2014-01-28 16:10:12,api.bing.com
2014-01-28 16:10:16,api.bing.com
2014-01-28 16:10:17,www.bing.com
2014-01-28 16:10:17,logc258.at.pagesjaunes.fr
2014-01-28 16:10:17,www.pagesjaunes.fr
2014-01-28 16:10:17,ecn.api.tiles.virtualearth.net
2014-01-28 16:10:18,www.bing.com
2014-01-28 16:10:23,www.bing.com
2014-01-28 16:10:24,apis.google.com
2014-01-28 16:10:25,apis.google.com
2014-01-28 16:10:27,connect.facebook.net
2014-01-28 16:10:28,static.ak.facebook.com
2014-01-28 16:10:28,s-static.ak.facebook.com
2014-01-28 16:10:28,www.facebook.com
2014-01-28 16:10:48,api.bing.com
2014-01-28 16:10:51,api.bing.com
2014-01-28 16:10:52,api.bing.com
2014-01-28 16:10:53,www.bing.com
2014-01-28 16:10:53,logc258.at.pagesjaunes.fr
2014-01-28 16:10:53,ecn.api.tiles.virtualearth.net
2014-01-28 16:10:53,www.pagesjaunes.fr
2014-01-28 16:12:53,www.bing.com
2014-01-28 16:13:34,www.bing.com
2014-01-28 16:13:39,www.bing.com
2014-01-28 16:13:40,ecn.api.tiles.virtualearth.net
2014-01-28 16:13:40,www.pagesjaunes.fr
2014-01-28 16:13:40,www.bing.com
2014-01-28 16:13:40,logc258.at.pagesjaunes.fr
2014-01-28 16:13:42,www.bing.com
2014-01-28 16:13:42,2508658.r.msn.com
2014-01-28 16:13:43,les-pages-sante.net
2014-01-28 16:13:43,www.bing.com
2014-01-28 16:13:44,les-pages-sante.net
2014-01-28 16:13:48,les-pages-sante.net
2014-01-28 16:13:49,les-pages-sante.net
2014-01-28 16:13:50,les-pages-sante.net
2014-01-28 16:13:51,les-pages-sante.net
2014-01-28 16:14:05,les-pages-sante.net
2014-01-28 16:14:18,les-pages-sante.net
2014-01-28 16:14:21,les-pages-sante.net
2014-01-28 16:14:22,les-pages-sante.net
2014-01-28 16:14:25,www.bing.com
2014-01-28 16:14:34,ecn.api.tiles.virtualearth.net
2014-01-28 16:14:34,logc258.at.pagesjaunes.fr
2014-01-28 16:14:34,www.pagesjaunes.fr
2014-01-28 16:14:34,www.bing.com
2014-01-28 16:14:38,www.allo-dermato.org
2014-01-28 16:14:38,www.bing.com
2014-01-28 16:14:38,a.lgds.eu
2014-01-28 16:14:38,2373239.r.msn.com
2014-01-28 16:14:39,a.lgds.eu
2014-01-28 16:14:39,www.facebook.com
2014-01-28 16:14:39,platform.twitter.com
2014-01-28 16:14:40,maps.googleapis.com
2014-01-28 16:14:40,apis.google.com
2014-01-28 16:14:40,platform.twitter.com
2014-01-28 16:14:41,apis.google.com
2014-01-28 16:14:42,accounts.google.com
2014-01-28 16:14:42,twitter.com
2014-01-28 16:14:43,twitter.com
2014-01-28 16:14:43,mts0.googleapis.com
2014-01-28 16:14:43,mts1.googleapis.com
2014-01-28 16:14:43,apis.google.com
2014-01-28 16:14:43,accounts.google.com
2014-01-28 16:14:43,www.google.com
2014-01-28 16:14:43,maps.googleapis.com
2014-01-28 16:14:44,www.allo-dermato.org
2014-01-28 16:14:44,mts1.googleapis.com
2014-01-28 16:14:44,mts0.googleapis.com
2014-01-28 16:14:44,www.google.com
2014-01-28 16:14:45,a.lgds.eu
2014-01-28 16:14:46,mts1.googleapis.com
2014-01-28 16:14:47,www.google.com
2014-01-28 16:14:47,maps.googleapis.com
2014-01-28 16:14:47,mts0.googleapis.com
2014-01-28 16:14:51,maps.googleapis.com
2014-01-28 16:14:51,mts0.googleapis.com
2014-01-28 16:14:51,www.google.com
2014-01-28 16:14:57,mts0.googleapis.com
2014-01-28 16:14:57,www.bing.com
2014-01-28 16:14:58,www.bing.com
2014-01-28 16:14:59,maps.googleapis.com
2014-01-28 16:14:59,cdn2.doctoralia.com
2014-01-28 16:14:59,cdn3.doctoralia.com
2014-01-28 16:14:59,maps.google.com
2014-01-28 16:14:59,cdn1.doctoralia.com
2014-01-28 16:14:59,ajax.googleapis.com
2014-01-28 16:14:59,www.doctoralia.fr
2014-01-28 16:15:00,cdn2.doctoralia.com
2014-01-28 16:15:00,cdn1.doctoralia.com
2014-01-28 16:15:00,www.doctoralia.fr
2014-01-28 16:15:01,apis.google.com
2014-01-28 16:15:02,cdn2.doctoralia.com
2014-01-28 16:15:03,s-static.ak.facebook.com
2014-01-28 16:15:03,www.facebook.com
2014-01-28 16:15:03,static.ak.facebook.com
2014-01-28 16:15:07,www.doctoralia.fr
2014-01-28 16:15:09,www.bing.com
2014-01-28 16:15:10,www.bing.com
2014-01-28 16:15:10,accounts.google.com
2014-01-28 16:15:11,apis.google.com
2014-01-28 16:15:11,www.bing.com
2014-01-28 16:15:11,logc258.at.pagesjaunes.fr
2014-01-28 16:15:11,www.pagesjaunes.fr
2014-01-28 16:15:11,mc1.maps.live.com
2014-01-28 16:15:11,ak.dynamic.t3.tiles.virtualearth.net
2014-01-28 16:15:11,ak.dynamic.t2.tiles.virtualearth.net
2014-01-28 16:15:11,ecn.dev.virtualearth.net
2014-01-28 16:15:12,ecn.dev.virtualearth.net
2014-01-28 16:15:12,ak.t0.tiles.virtualearth.net
2014-01-28 16:15:12,ak.t1.tiles.virtualearth.net
2014-01-28 16:15:12,ak.dynamic.t2.tiles.virtualearth.net
2014-01-28 16:15:12,www.bing.com
2014-01-28 16:15:12,dev.virtualearth.net
2014-01-28 16:15:12,ak.dynamic.t3.tiles.virtualearth.net
2014-01-28 16:15:13,a4.bing.com
2014-01-28 16:15:13,ak.t2.tiles.virtualearth.net
2014-01-28 16:15:13,ak.dynamic.t2.tiles.virtualearth.net
2014-01-28 16:15:13,ak.t3.tiles.virtualearth.net
2014-01-28 16:15:13,ak.dynamic.t1.tiles.virtualearth.net
2014-01-28 16:15:13,ak.dynamic.t0.tiles.virtualearth.net
2014-01-28 16:15:13,ak.dynamic.t3.tiles.virtualearth.net
2014-01-28 16:15:14,dev.virtualearth.net
2014-01-28 16:15:14,login.live.com
2014-01-28 16:15:14,ssl.bing.com
2014-01-28 16:15:14,www.bing.com
2014-01-28 16:15:40,www.bing.com
2014-01-28 16:15:44,a4.bing.com
2014-01-28 16:16:41,www.bing.com
2014-01-28 16:16:42,www.bing.com
2014-01-28 16:16:42,ssl.bing.com
2014-01-28 16:16:44,www.bing.com
2014-01-28 16:16:45,www.bing.com
2014-01-28 16:16:46,www.bing.com
2014-01-28 16:16:48,www.bing.com
2014-01-28 16:17:08,api.bing.com
2014-01-28 16:17:09,api.bing.com
2014-01-28 16:17:10,api.bing.com
2014-01-28 16:17:11,api.bing.com
2014-01-28 16:17:12,api.bing.com
2014-01-28 16:17:13,api.bing.com
2014-01-28 16:17:14,api.bing.com
2014-01-28 16:17:15,api.bing.com
2014-01-28 16:17:16,api.bing.com
2014-01-28 16:17:17,api.bing.com
2014-01-28 16:17:17,www.bing.com
2014-01-28 16:17:18,www.bing.com
2014-01-28 16:17:21,www.bing.com
2014-01-28 16:17:22,st.trov.it
2014-01-28 16:17:22,www.google.com
2014-01-28 16:17:22,www.bing.com
2014-01-28 16:17:22,emploi.trovit.fr
2014-01-28 16:17:23,www.google.com
2014-01-28 16:17:23,www.google.fr
2014-01-28 16:17:23,emploi.trovit.fr
2014-01-28 16:17:24,emploi.trovit.fr
2014-01-28 16:17:24,apis.google.com
2014-01-28 16:17:24,accounts.google.com
2014-01-28 16:17:25,st.trov.it
2014-01-28 16:17:25,distribution.trovit.com
2014-01-28 16:17:26,emploi.trovit.fr
2014-01-28 16:17:32,emploi.trovit.fr
2014-01-28 16:17:33,emploi.trovit.fr
2014-01-28 16:17:33,distribution.trovit.com
2014-01-28 16:17:33,rd.trovit.com
2014-01-28 16:17:34,emploi.trovit.fr
2014-01-28 16:17:34,st.trov.it
2014-01-28 16:17:34,www.emploi86.com
2014-01-28 16:17:35,www.emploi86.com
2014-01-28 16:17:35,emploi.trovit.fr
2014-01-28 16:17:36,www.emploi86.com
2014-01-28 16:18:37,www.facebook.com
2014-01-28 16:18:37,accounts.google.com
2014-01-28 16:18:37,apis.google.com
2014-01-28 16:18:38,www.facebook.com
2014-01-28 16:18:38,mfr.meteofrance.com
2014-01-28 16:18:38,retargeting.veoxa.com
2014-01-28 16:18:45,platform.twitter.com
2014-01-28 16:18:45,www.facebook.com
2014-01-28 16:18:45,emploi.trovit.fr
2014-01-28 16:18:45,static.ak.facebook.com
2014-01-28 16:18:45,s-static.ak.facebook.com
2014-01-28 16:18:46,twitter.com
2014-01-28 16:18:46,www.facebook.com
2014-01-28 16:18:48,emploi.trovit.fr
2014-01-28 16:18:48,distribution.trovit.com
2014-01-28 16:18:49,www.territorial-recrutement.fr
2014-01-28 16:18:49,distribution.trovit.com
2014-01-28 16:18:49,rd.trovit.com
2014-01-28 16:18:49,emploi.trovit.fr
2014-01-28 16:18:49,st.trov.it
2014-01-28 16:18:50,www.territorial-recrutement.fr
2014-01-28 16:19:17,twitter.com
2014-01-28 16:20:35,apis.google.com
2014-01-28 16:20:37,fr.ask.com
2014-01-28 16:20:37,www.google.com
2014-01-28 16:20:38,fr.ask.com
2014-01-28 16:20:38,www.google.com
2014-01-28 16:20:38,sp.fr.ask.com
2014-01-28 16:20:39,fr.ask.com
2014-01-28 16:20:39,sp.fr.ask.com
2014-01-28 16:20:39,world.viewmotions.com
2014-01-28 16:21:19,www.bing.com
2014-01-28 16:21:22,www.bing.com
2014-01-28 16:21:22,www.emploi-environnement.com
2014-01-28 16:21:23,platform.linkedin.com
2014-01-28 16:21:23,www.emploi-environnement.com
2014-01-28 16:21:23,www.actu-environnement.com
2014-01-28 16:21:24,www.emploi-environnement.com
2014-01-28 16:21:25,www.emploi-environnement.com
2014-01-28 16:21:25,distribution.trovit.com
2014-01-28 16:21:36,distribution.trovit.com
2014-01-28 16:22:12,www.bing.com
2014-01-28 16:22:43,www.bing.com
2014-01-28 16:22:45,www.auvergnepro.com
2014-01-28 16:22:46,apis.google.com
2014-01-28 16:22:46,www.facebook.com
2014-01-28 16:22:46,www.auvergnepro.com
2014-01-28 16:22:47,www.auvergnepro.com
2014-01-28 16:22:47,static.ak.facebook.com
2014-01-28 16:22:47,s-static.ak.facebook.com
2014-01-28 16:22:47,www.facebook.com
2014-01-28 16:22:48,www.auvergnepro.com
2014-01-28 16:22:48,www.facebook.com
2014-01-28 16:22:49,platform.twitter.com
2014-01-28 16:23:18,twitter.com
2014-01-28 16:23:28,www.bing.com
2014-01-28 16:23:41,accounts.google.com
2014-01-28 16:23:41,www.bing.com
2014-01-28 16:23:44,www.biotope.fr
2014-01-28 16:24:24,platform.twitter.com
2014-01-28 16:24:24,apis.google.com
2014-01-28 16:25:42,www.bing.com
2014-01-28 16:25:52,www.eaurmc.fr
2014-01-28 16:25:52,www.bing.com
2014-01-28 16:25:53,www.eaurmc.fr
2014-01-28 16:25:54,www.eaurmc.fr
2014-01-28 16:25:55,www.eaurmc.fr
2014-01-28 16:26:07,www.bing.com
2014-01-28 16:26:22,www.bing.com
2014-01-28 16:26:24,www.planetemploi.net
2014-01-28 16:26:24,ajax.googleapis.com
2014-01-28 16:26:24,login.live.com
2014-01-28 16:26:25,www.planetemploi.net
2014-01-28 16:26:25,www.jvprospectives.com
2014-01-28 16:26:26,www.planetemploi.net
2014-01-28 16:27:25,www.bing.com
2014-01-28 16:27:26,www.bing.com
2014-01-28 16:27:37,www.bing.com
2014-01-28 16:27:37,www.auvergnepro.com
2014-01-28 16:27:38,www.auvergnepro.com
2014-01-28 16:27:39,connect.facebook.net
2014-01-28 16:27:40,static.ak.facebook.com
2014-01-28 16:27:40,www.facebook.com
2014-01-28 16:27:40,s-static.ak.facebook.com
2014-01-28 16:27:42,www.facebook.com
2014-01-28 16:27:52,www.bing.com
2014-01-28 16:28:11,twitter.com
2014-01-28 16:28:17,apis.google.com
2014-01-28 16:28:17,www.bing.com
2014-01-28 16:28:30,www.bing.com
2014-01-28 16:28:31,www.environnement-annuaire.net
2014-01-28 16:28:31,www.fnac.com
2014-01-28 16:28:31,thumbs.miwim.fr
2014-01-28 16:28:31,www.secourspopulaire.fr
2014-01-28 16:28:31,goto.secourspopulaire.fr
2014-01-28 16:28:33,screenshots.snyke.com
2014-01-28 16:28:33,www.environnement-annuaire.net
2014-01-28 16:28:41,www.environnement-annuaire.net
2014-01-28 16:28:41,thumbs.miwim.fr
2014-01-28 16:28:43,www.environnement-annuaire.net
2014-01-28 16:28:52,api.bing.com
2014-01-28 16:28:53,api.bing.com
2014-01-28 16:28:54,api.bing.com
2014-01-28 16:28:55,api.bing.com
2014-01-28 16:28:56,api.bing.com
2014-01-28 16:28:57,api.bing.com
2014-01-28 16:28:58,api.bing.com
2014-01-28 16:28:59,api.bing.com
2014-01-28 16:29:00,api.bing.com
2014-01-28 16:29:01,api.bing.com
2014-01-28 16:29:02,api.bing.com
2014-01-28 16:29:02,www.bing.com
2014-01-28 16:29:03,www.pagesjaunes.fr
2014-01-28 16:29:03,logc258.at.pagesjaunes.fr
2014-01-28 16:29:03,ecn.api.tiles.virtualearth.net
2014-01-28 16:29:03,www.bing.com
2014-01-28 16:29:06,www.bing.com
2014-01-28 16:29:06,riviererhonealpes.org
2014-01-28 16:29:07,riviererhonealpes.org
2014-01-28 16:29:15,riviererhonealpes.org
2014-01-28 16:29:48,riviererhonealpes.org
2014-01-28 16:30:47,riviererhonealpes.org
2014-01-28 16:30:48,riviererhonealpes.org
2014-01-28 16:30:59,riviererhonealpes.org
2014-01-28 16:31:20,riviererhonealpes.org
2014-01-28 16:31:49,riviererhonealpes.org
2014-01-28 16:31:53,riviererhonealpes.org
2014-01-28 16:34:28,riviererhonealpes.org
2014-01-28 16:34:37,riviererhonealpes.org
2014-01-28 16:36:50,riviererhonealpes.org
2014-01-28 16:36:57,riviererhonealpes.org
2014-01-28 16:39:09,api.bing.com
2014-01-28 16:39:10,www.bing.com
2014-01-28 16:39:11,www.bing.com
2014-01-28 16:39:21,www.bing.com
2014-01-28 16:39:23,www.bing.com
2014-01-28 16:39:24,www.bing.com
2014-01-28 16:39:24,ts4.mm.bing.net
2014-01-28 16:39:25,ts1.mm.bing.net
2014-01-28 16:39:25,www.bing.com
2014-01-28 16:39:25,ts3.mm.bing.net
2014-01-28 16:39:25,ts4.mm.bing.net
2014-01-28 16:39:25,ts2.mm.bing.net
2014-01-28 16:39:26,www.bing.com
2014-01-28 16:39:26,ts4.mm.bing.net
2014-01-28 16:39:26,ts3.mm.bing.net
2014-01-28 16:39:26,ts2.mm.bing.net
2014-01-28 16:39:26,ts1.mm.bing.net
2014-01-28 16:39:27,www.bing.com
2014-01-28 16:39:27,ts3.mm.bing.net
2014-01-28 16:39:27,ts4.mm.bing.net
2014-01-28 16:39:27,fr.geneawiki.com
2014-01-28 16:39:27,ts1.mm.bing.net
2014-01-28 16:39:27,ts2.mm.bing.net
2014-01-28 16:39:28,www.bing.com
2014-01-28 16:39:28,1france.fr
2014-01-28 16:39:28,www.dates-soldes-libres.com
2014-01-28 16:39:28,login.live.com
2014-01-28 16:39:29,www.archigram.fr
2014-01-28 16:39:29,ssl.bing.com
2014-01-28 16:39:29,www.aidemoi.net
2014-01-28 16:39:29,www.gti-immobilier.fr
2014-01-28 16:39:29,1france.fr
2014-01-28 16:39:29,ts1.mm.bing.net
2014-01-28 16:39:29,www.cartesfrance.fr
2014-01-28 16:39:29,www.bing.com
2014-01-28 16:39:29,media.communes.com
2014-01-28 16:39:29,www.psitta.com
2014-01-28 16:39:32,www.bing.com
2014-01-28 16:39:33,fr.geneawiki.com
2014-01-28 16:39:33,www.bing.com
2014-01-28 16:39:36,www.bing.com
2014-01-28 16:39:39,ts1.mm.bing.net
2014-01-28 16:39:39,www.bing.com
2014-01-28 16:39:40,www.bing.com
2014-01-28 16:39:42,www.bing.com
2014-01-28 16:39:45,www.bing.com
2014-01-28 16:39:52,www.bing.com
2014-01-28 16:39:52,ts1.mm.bing.net
2014-01-28 16:39:53,www.bing.com
2014-01-28 16:39:55,www.bing.com
2014-01-28 16:40:03,ts1.mm.bing.net
2014-01-28 16:40:08,riviererhonealpes.org
2014-01-28 16:40:16,riviererhonealpes.org
2014-01-28 16:42:31,api.bing.com
2014-01-28 16:42:32,api.bing.com
2014-01-28 16:42:33,api.bing.com
2014-01-28 16:42:34,api.bing.com
2014-01-28 16:42:37,api.bing.com
2014-01-28 16:42:38,api.bing.com
2014-01-28 16:42:39,www.bing.com
2014-01-28 16:42:47,www.bing.com
2014-01-28 16:42:48,www.bing.com
2014-01-28 16:42:48,mairie.st-saturnin63.pagesperso-orange.fr
2014-01-28 16:42:49,mairie.st-saturnin63.pagesperso-orange.fr
2014-01-28 16:42:55,mairie.st-saturnin63.pagesperso-orange.fr
2014-01-28 16:42:58,mairie.st-saturnin63.pagesperso-orange.fr
2014-01-28 16:42:59,pp.auto.search.ke.voila.fr
2014-01-28 16:42:59,mairie.st-saturnin63.pagesperso-orange.fr
2014-01-28 16:43:19,mairie.st-saturnin63.pagesperso-orange.fr
2014-01-28 16:43:26,www.bing.com
2014-01-28 16:43:31,www.bing.com
2014-01-28 16:43:32,ts2.mm.bing.net
2014-01-28 16:43:32,ts3.mm.bing.net
2014-01-28 16:43:32,ts4.mm.bing.net
2014-01-28 16:43:32,www.bing.com
2014-01-28 16:43:32,ts1.mm.bing.net
2014-01-28 16:43:33,ts1.mm.bing.net
2014-01-28 16:43:33,ts3.mm.bing.net
2014-01-28 16:43:33,ts4.explicit.bing.net
2014-01-28 16:43:33,ts4.mm.bing.net
2014-01-28 16:43:33,ts2.mm.bing.net
2014-01-28 16:43:33,www.bing.com
2014-01-28 16:43:34,ak.dynamic.t3.tiles.virtualearth.net
2014-01-28 16:43:34,www.bing.com
2014-01-28 16:43:34,ak.dynamic.t2.tiles.virtualearth.net
2014-01-28 16:43:34,ak.dynamic.t1.tiles.virtualearth.net
2014-01-28 16:43:34,ak.dynamic.t0.tiles.virtualearth.net
2014-01-28 16:43:34,ts1.mm.bing.net
2014-01-28 16:43:34,ts2.mm.bing.net
2014-01-28 16:43:34,ts4.explicit.bing.net
2014-01-28 16:43:34,ts4.mm.bing.net
2014-01-28 16:43:34,login.live.com
2014-01-28 16:43:34,ts3.mm.bing.net
2014-01-28 16:43:35,dev.virtualearth.net
2014-01-28 16:43:35,ak.dynamic.t2.tiles.virtualearth.net
2014-01-28 16:43:35,mc1.maps.live.com
2014-01-28 16:43:35,ak.dynamic.t1.tiles.virtualearth.net
2014-01-28 16:43:35,ak.dynamic.t3.tiles.virtualearth.net
2014-01-28 16:43:35,ak.dynamic.t0.tiles.virtualearth.net
2014-01-28 16:43:36,ak.t3.tiles.virtualearth.net
2014-01-28 16:43:36,ecn.dev.virtualearth.net
2014-01-28 16:43:36,ak.t0.tiles.virtualearth.net
2014-01-28 16:43:36,ak.t1.tiles.virtualearth.net
2014-01-28 16:43:36,ak.t2.tiles.virtualearth.net
2014-01-28 16:43:36,ak.dynamic.t3.tiles.virtualearth.net
2014-01-28 16:43:36,ak.dynamic.t0.tiles.virtualearth.net
2014-01-28 16:43:36,www.bing.com
2014-01-28 16:43:36,ak.dynamic.t2.tiles.virtualearth.net
2014-01-28 16:43:37,dev.virtualearth.net
2014-01-28 16:43:37,www.bing.com
2014-01-28 16:43:39,ssl.bing.com
2014-01-28 16:43:39,login.live.com
2014-01-28 16:43:39,a4.bing.com
2014-01-28 16:43:39,www.bing.com
2014-01-28 16:43:42,logc258.at.pagesjaunes.fr
2014-01-28 16:43:42,www.bing.com
2014-01-28 16:43:42,ecn.dev.virtualearth.net
2014-01-28 16:43:43,ak.dynamic.t3.tiles.virtualearth.net
2014-01-28 16:43:43,ak.dynamic.t1.tiles.virtualearth.net
2014-01-28 16:43:43,www.bing.com
2014-01-28 16:43:43,ssl.bing.com
2014-01-28 16:43:43,ak.dynamic.t0.tiles.virtualearth.net
2014-01-28 16:43:43,ak.t0.tiles.virtualearth.net
2014-01-28 16:43:43,ak.t2.tiles.virtualearth.net
2014-01-28 16:43:43,ecn.dev.virtualearth.net
2014-01-28 16:43:43,ak.dynamic.t2.tiles.virtualearth.net
2014-01-28 16:43:44,dev.virtualearth.net
2014-01-28 16:43:53,ak.dynamic.t3.tiles.virtualearth.net
2014-01-28 16:43:53,ak.dynamic.t0.tiles.virtualearth.net
2014-01-28 16:43:54,ak.dynamic.t2.tiles.virtualearth.net
2014-01-28 16:43:54,ak.dynamic.t3.tiles.virtualearth.net
2014-01-28 16:43:54,ak.dynamic.t0.tiles.virtualearth.net
2014-01-28 16:43:54,ak.dynamic.t1.tiles.virtualearth.net
2014-01-28 16:43:55,ak.dynamic.t1.tiles.virtualearth.net
2014-01-28 16:43:55,ak.dynamic.t3.tiles.virtualearth.net
2014-01-28 16:43:55,ak.dynamic.t0.tiles.virtualearth.net
2014-01-28 16:43:55,ak.dynamic.t2.tiles.virtualearth.net
2014-01-28 16:43:56,dev.virtualearth.net
2014-01-28 16:43:58,www.bing.com
2014-01-28 16:43:58,logc258.at.pagesjaunes.fr
2014-01-28 16:43:59,ak.t1.tiles.virtualearth.net
2014-01-28 16:43:59,ak.t0.tiles.virtualearth.net
2014-01-28 16:43:59,ak.dynamic.t1.tiles.virtualearth.net
2014-01-28 16:43:59,ak.dynamic.t0.tiles.virtualearth.net
2014-01-28 16:43:59,ak.dynamic.t2.tiles.virtualearth.net
2014-01-28 16:43:59,ak.dynamic.t3.tiles.virtualearth.net
2014-01-28 16:44:00,ak.dynamic.t2.tiles.virtualearth.net
2014-01-28 16:44:00,ak.dynamic.t0.tiles.virtualearth.net
2014-01-28 16:44:00,ak.dynamic.t1.tiles.virtualearth.net
2014-01-28 16:44:00,ak.dynamic.t3.tiles.virtualearth.net
2014-01-28 16:44:00,ak.t3.tiles.virtualearth.net
2014-01-28 16:44:00,ak.t2.tiles.virtualearth.net
2014-01-28 16:44:01,dev.virtualearth.net
2014-01-28 16:44:04,dev.virtualearth.net
2014-01-28 16:44:05,a4.bing.com
2014-01-28 16:44:05,dev.virtualearth.net
2014-01-28 16:44:06,dev.virtualearth.net
2014-01-28 16:44:07,www.bing.com
2014-01-28 16:44:07,logc258.at.pagesjaunes.fr
2014-01-28 16:44:07,ak.dynamic.t3.tiles.virtualearth.net
2014-01-28 16:44:07,ak.dynamic.t2.tiles.virtualearth.net
2014-01-28 16:44:07,ak.dynamic.t1.tiles.virtualearth.net
2014-01-28 16:44:07,ak.dynamic.t0.tiles.virtualearth.net
2014-01-28 16:44:07,ak.t0.tiles.virtualearth.net
2014-01-28 16:44:07,ak.t1.tiles.virtualearth.net
2014-01-28 16:44:08,ak.dynamic.t3.tiles.virtualearth.net
2014-01-28 16:44:08,ak.dynamic.t1.tiles.virtualearth.net
2014-01-28 16:44:08,ak.dynamic.t0.tiles.virtualearth.net
2014-01-28 16:44:08,ak.dynamic.t2.tiles.virtualearth.net
2014-01-28 16:44:09,dev.virtualearth.net
2014-01-28 16:44:10,www.bing.com
2014-01-28 16:44:12,www.bing.com
2014-01-28 16:44:12,logc258.at.pagesjaunes.fr
2014-01-28 16:44:20,ecn.dev.virtualearth.net
2014-01-28 16:44:21,ecn.dev.virtualearth.net
2014-01-28 16:44:28,www.bing.com
2014-01-28 16:44:30,www.bing.com
2014-01-28 16:44:31,www.bing.com
2014-01-28 16:44:31,a4.bing.com
2014-01-28 16:44:32,www.bing.com
2014-01-28 16:44:32,fr.bing.com
2014-01-28 16:44:33,www.bing.com
2014-01-28 16:44:34,www.bing.com
2014-01-28 16:44:35,app.mappy.net
2014-01-28 16:44:35,logc259.at.pagesjaunes.fr
2014-01-28 16:44:35,www.bing.com
2014-01-28 16:44:35,dlive.pagesjaunes.fr
2014-01-28 16:44:35,fr.mappy.com
2014-01-28 16:44:36,uws2.mappy.net
2014-01-28 16:44:36,app.mappy.net
2014-01-28 16:44:37,app.mappy.net
2014-01-28 16:44:37,mws2.mappy.net
2014-01-28 16:44:38,mws2.mappy.net
2014-01-28 16:44:38,uws2.mappy.net
2014-01-28 16:44:39,logc259.at.pagesjaunes.fr
2014-01-28 16:44:39,uws2.mappy.net
2014-01-28 16:44:39,app.mappy.net
2014-01-28 16:45:28,app.mappy.net
2014-01-28 16:45:46,logc259.at.pagesjaunes.fr
2014-01-28 16:45:52,logc259.at.pagesjaunes.fr
2014-01-28 16:45:58,mws2.mappy.net
2014-01-28 16:45:58,fr.mappy.com
2014-01-28 16:45:58,app.mappy.net
2014-01-28 16:45:58,mws4.mappy.net
2014-01-28 16:45:58,mws3.mappy.net
2014-01-28 16:45:59,logc259.at.pagesjaunes.fr
2014-01-28 16:45:59,fr.mappy.com
2014-01-28 16:45:59,app.mappy.net
2014-01-28 16:45:59,dlive.pagesjaunes.fr
2014-01-28 16:46:00,www.google.com
2014-01-28 16:46:01,www.google.com
2014-01-28 16:46:02,mws3.mappy.net
2014-01-28 16:46:16,www.google.com
2014-01-28 16:46:19,logc259.at.pagesjaunes.fr
2014-01-28 16:46:20,mws4.mappy.net
2014-01-28 16:46:21,logc259.at.pagesjaunes.fr
2014-01-28 16:46:21,fr.mappy.com
2014-01-28 16:46:22,dlive.pagesjaunes.fr
2014-01-28 16:46:22,www.google.com
2014-01-28 16:46:30,logc259.at.pagesjaunes.fr
2014-01-28 16:46:31,fr.mappy.com
2014-01-28 16:46:31,logc259.at.pagesjaunes.fr
2014-01-28 16:46:32,www.google.com
2014-01-28 16:46:32,dlive.pagesjaunes.fr
2014-01-28 16:50:25,riviererhonealpes.org
2014-01-28 16:50:55,riviererhonealpes.org
2014-01-28 16:51:09,riviererhonealpes.org
2014-01-28 16:51:54,api.bing.com
2014-01-28 16:51:55,api.bing.com
2014-01-28 16:51:57,api.bing.com
2014-01-28 16:51:58,www.bing.com
2014-01-28 16:52:02,www.bing.com
2014-01-28 16:52:03,dev.virtualearth.net
2014-01-28 16:52:03,www.bing.com
2014-01-28 16:52:04,www.bing.com
2014-01-28 16:52:05,dev.virtualearth.net
2014-01-28 16:52:06,a4.bing.com
2014-01-28 16:52:06,dev.virtualearth.net
2014-01-28 16:52:06,login.live.com
2014-01-28 16:52:07,ssl.bing.com
2014-01-28 16:52:07,www.bing.com
2014-01-28 16:52:09,www.bing.com
2014-01-28 16:52:10,www.bing.com
2014-01-28 16:52:10,a4.bing.com
2014-01-28 16:52:30,ssl.bing.com
2014-01-28 16:52:30,ak.dynamic.t2.tiles.virtualearth.net
2014-01-28 16:52:30,ak.dynamic.t0.tiles.virtualearth.net
2014-01-28 16:52:30,ak.dynamic.t1.tiles.virtualearth.net
2014-01-28 16:52:30,ak.dynamic.t3.tiles.virtualearth.net
2014-01-28 16:52:31,ak.dynamic.t0.tiles.virtualearth.net
2014-01-28 16:52:31,ak.dynamic.t2.tiles.virtualearth.net
2014-01-28 16:52:32,ak.dynamic.t2.tiles.virtualearth.net
2014-01-28 16:52:32,ecn.dev.virtualearth.net
2014-01-28 16:52:32,dev.virtualearth.net
2014-01-28 16:52:32,ak.dynamic.t0.tiles.virtualearth.net
2014-01-28 16:52:32,ak.dynamic.t3.tiles.virtualearth.net
2014-01-28 16:52:32,ak.dynamic.t1.tiles.virtualearth.net
2014-01-28 16:52:33,ak.dynamic.t2.tiles.virtualearth.net
2014-01-28 16:52:33,ak.dynamic.t0.tiles.virtualearth.net
2014-01-28 16:52:33,ak.dynamic.t3.tiles.virtualearth.net
2014-01-28 16:52:33,ak.dynamic.t1.tiles.virtualearth.net
2014-01-28 16:52:34,dev.virtualearth.net
2014-01-28 16:52:35,ak.dynamic.t1.tiles.virtualearth.net
2014-01-28 16:52:35,ak.dynamic.t3.tiles.virtualearth.net
2014-01-28 16:52:35,ak.dynamic.t0.tiles.virtualearth.net
2014-01-28 16:52:35,ak.dynamic.t2.tiles.virtualearth.net
2014-01-28 16:52:36,ak.dynamic.t2.tiles.virtualearth.net
2014-01-28 16:52:36,ak.dynamic.t0.tiles.virtualearth.net
2014-01-28 16:52:36,ak.dynamic.t3.tiles.virtualearth.net
2014-01-28 16:52:36,ak.dynamic.t1.tiles.virtualearth.net
2014-01-28 16:52:37,ak.dynamic.t0.tiles.virtualearth.net
2014-01-28 16:52:37,ak.dynamic.t2.tiles.virtualearth.net
2014-01-28 16:52:37,ak.dynamic.t1.tiles.virtualearth.net
2014-01-28 16:52:37,ak.dynamic.t3.tiles.virtualearth.net
2014-01-28 16:52:38,ak.t1.tiles.virtualearth.net
2014-01-28 16:52:38,ak.dynamic.t3.tiles.virtualearth.net
2014-01-28 16:52:38,ak.dynamic.t2.tiles.virtualearth.net
2014-01-28 16:52:38,dev.virtualearth.net
2014-01-28 16:52:38,ak.dynamic.t1.tiles.virtualearth.net
2014-01-28 16:52:38,ak.t3.tiles.virtualearth.net
2014-01-28 16:52:38,ak.dynamic.t0.tiles.virtualearth.net
2014-01-28 16:52:39,dev.virtualearth.net
2014-01-28 16:52:40,dev.virtualearth.net
2014-01-28 16:52:40,www.bing.com
2014-01-28 16:52:41,dev.virtualearth.net
2014-01-28 16:52:41,ak.dynamic.t3.tiles.virtualearth.net
2014-01-28 16:52:42,dev.virtualearth.net
2014-01-28 16:52:43,dev.virtualearth.net
2014-01-28 16:52:51,ak.dynamic.t1.tiles.virtualearth.net
2014-01-28 16:52:51,ak.dynamic.t0.tiles.virtualearth.net
2014-01-28 16:52:52,dev.virtualearth.net
2014-01-28 16:52:54,ak.dynamic.t2.tiles.virtualearth.net
2014-01-28 16:52:54,ak.dynamic.t0.tiles.virtualearth.net
2014-01-28 16:52:55,dev.virtualearth.net
2014-01-28 16:52:56,dev.virtualearth.net
2014-01-28 16:52:57,dev.virtualearth.net
2014-01-28 16:52:59,dev.virtualearth.net
2014-01-28 16:53:01,dev.virtualearth.net
2014-01-28 16:53:03,dev.virtualearth.net
2014-01-28 16:53:04,a4.bing.com
2014-01-28 16:53:05,dev.virtualearth.net
2014-01-28 16:53:12,ak.dynamic.t0.tiles.virtualearth.net
2014-01-28 16:53:12,ak.dynamic.t1.tiles.virtualearth.net
2014-01-28 16:53:12,ak.dynamic.t2.tiles.virtualearth.net
2014-01-28 16:53:12,ak.dynamic.t3.tiles.virtualearth.net
2014-01-28 16:53:13,dev.virtualearth.net
2014-01-28 16:53:18,dev.virtualearth.net
2014-01-28 16:53:28,dev.virtualearth.net
2014-01-28 16:53:29,dev.virtualearth.net
2014-01-28 16:53:31,dev.virtualearth.net
2014-01-28 16:53:32,ak.dynamic.t0.tiles.virtualearth.net
2014-01-28 16:53:32,ak.dynamic.t1.tiles.virtualearth.net
2014-01-28 16:53:32,dev.virtualearth.net
2014-01-28 16:53:34,a4.bing.com
2014-01-28 16:53:34,dev.virtualearth.net
2014-01-28 16:53:35,ak.dynamic.t2.tiles.virtualearth.net
2014-01-28 16:53:35,dev.virtualearth.net
2014-01-28 16:53:35,ak.dynamic.t0.tiles.virtualearth.net
2014-01-28 16:53:36,dev.virtualearth.net
2014-01-28 16:53:37,dev.virtualearth.net
2014-01-28 16:53:53,www.bing.com
2014-01-28 16:54:01,www.bing.com
2014-01-28 16:54:04,a4.bing.com
2014-01-28 16:54:07,ecn.dev.virtualearth.net
2014-01-28 16:54:07,www.bing.com
2014-01-28 16:54:08,dev.virtualearth.net
2014-01-28 16:54:08,ecn.dev.virtualearth.net
2014-01-28 16:54:08,www.bing.com
2014-01-28 16:54:09,dev.virtualearth.net
2014-01-28 16:54:10,dev.virtualearth.net
2014-01-28 16:54:11,www.bing.com
2014-01-28 16:54:11,login.live.com
2014-01-28 16:54:26,ssl.bing.com
2014-01-28 16:54:26,ak.dynamic.t1.tiles.virtualearth.net
2014-01-28 16:54:26,ak.dynamic.t3.tiles.virtualearth.net
2014-01-28 16:54:26,www.bing.com
2014-01-28 16:54:26,ak.dynamic.t2.tiles.virtualearth.net
2014-01-28 16:54:26,ak.dynamic.t0.tiles.virtualearth.net
2014-01-28 16:54:26,ecn.dev.virtualearth.net
2014-01-28 16:54:27,ak.t1.tiles.virtualearth.net
2014-01-28 16:54:27,www.bing.com
2014-01-28 16:54:27,ecn.dev.virtualearth.net
2014-01-28 16:54:27,ak.t3.tiles.virtualearth.net
2014-01-28 16:54:27,ak.dynamic.t0.tiles.virtualearth.net
2014-01-28 16:54:27,ak.t2.tiles.virtualearth.net
2014-01-28 16:54:27,ak.dynamic.t3.tiles.virtualearth.net
2014-01-28 16:54:27,dev.virtualearth.net
2014-01-28 16:54:27,ak.dynamic.t1.tiles.virtualearth.net
2014-01-28 16:54:27,ak.t0.tiles.virtualearth.net
2014-01-28 16:54:28,dev.virtualearth.net
2014-01-28 16:54:31,ak.dynamic.t3.tiles.virtualearth.net
2014-01-28 16:54:31,ak.dynamic.t2.tiles.virtualearth.net
2014-01-28 16:54:31,ak.dynamic.t1.tiles.virtualearth.net
2014-01-28 16:54:31,ak.dynamic.t0.tiles.virtualearth.net
2014-01-28 16:54:32,ak.dynamic.t0.tiles.virtualearth.net
2014-01-28 16:54:32,ak.dynamic.t1.tiles.virtualearth.net
2014-01-28 16:54:32,ak.dynamic.t2.tiles.virtualearth.net
2014-01-28 16:54:32,ak.dynamic.t3.tiles.virtualearth.net
2014-01-28 16:54:33,ak.dynamic.t3.tiles.virtualearth.net
2014-01-28 16:54:33,ak.dynamic.t1.tiles.virtualearth.net
2014-01-28 16:54:33,dev.virtualearth.net
2014-01-28 16:54:33,ak.dynamic.t0.tiles.virtualearth.net
2014-01-28 16:54:33,a4.bing.com
2014-01-28 16:54:33,ak.dynamic.t2.tiles.virtualearth.net
2014-01-28 16:54:34,ak.dynamic.t0.tiles.virtualearth.net
2014-01-28 16:54:34,ak.dynamic.t3.tiles.virtualearth.net
2014-01-28 16:54:34,ak.dynamic.t2.tiles.virtualearth.net
2014-01-28 16:54:34,ak.dynamic.t1.tiles.virtualearth.net
2014-01-28 16:54:35,dev.virtualearth.net
2014-01-28 16:54:39,ak.dynamic.t2.tiles.virtualearth.net
2014-01-28 16:54:39,ak.dynamic.t3.tiles.virtualearth.net
2014-01-28 16:54:39,a4.bing.com
2014-01-28 16:54:40,ak.dynamic.t1.tiles.virtualearth.net
2014-01-28 16:54:41,dev.virtualearth.net
2014-01-28 16:54:41,ak.dynamic.t0.tiles.virtualearth.net
2014-01-28 16:54:41,ak.dynamic.t2.tiles.virtualearth.net
2014-01-28 16:54:42,dev.virtualearth.net
2014-01-28 16:54:43,ak.dynamic.t2.tiles.virtualearth.net
2014-01-28 16:54:43,ak.dynamic.t3.tiles.virtualearth.net
2014-01-28 16:54:45,dev.virtualearth.net
2014-01-28 16:54:48,www.bing.com
2014-01-28 16:55:07,ak.dynamic.t1.tiles.virtualearth.net
2014-01-28 16:55:07,ak.dynamic.t0.tiles.virtualearth.net
2014-01-28 16:55:07,ak.dynamic.t3.tiles.virtualearth.net
2014-01-28 16:55:07,ak.dynamic.t2.tiles.virtualearth.net
2014-01-28 16:55:07,dev.virtualearth.net
2014-01-28 16:55:09,dev.virtualearth.net
2014-01-28 16:55:09,a4.bing.com
2014-01-28 16:55:16,dev.virtualearth.net
2014-01-28 16:55:17,dev.virtualearth.net
2014-01-28 16:55:25,www.bing.com
2014-01-28 16:55:35,ecn.dev.virtualearth.net
2014-01-28 16:55:35,www.bing.com
2014-01-28 16:55:36,ecn.dev.virtualearth.net
2014-01-28 16:55:36,www.bing.com
2014-01-28 16:55:37,www.bing.com
2014-01-28 16:55:38,fr.bing.com
2014-01-28 16:55:38,www.bing.com
2014-01-28 16:55:42,www.bing.com
2014-01-28 16:55:43,www.bing.com
2014-01-28 16:55:44,fr.mappy.com
2014-01-28 16:55:44,www.bing.com
2014-01-28 16:55:44,dlive.pagesjaunes.fr
2014-01-28 16:55:44,logc259.at.pagesjaunes.fr
2014-01-28 16:55:46,mws2.mappy.net
2014-01-28 16:55:47,uws2.mappy.net
2014-01-28 16:55:47,mws4.mappy.net
2014-01-28 16:55:47,app.mappy.net
2014-01-28 16:55:47,logc259.at.pagesjaunes.fr
2014-01-28 16:56:06,logc259.at.pagesjaunes.fr
2014-01-28 16:56:07,mws4.mappy.net
2014-01-28 16:56:07,fr.mappy.com
2014-01-28 16:56:07,logc259.at.pagesjaunes.fr
2014-01-28 16:56:08,www.driiveme.com
2014-01-28 16:56:08,uws2.mappy.net
2014-01-28 16:56:08,fr.mappy.com
2014-01-28 16:56:09,app.mappy.net
2014-01-28 16:56:09,dlive.pagesjaunes.fr
2014-01-28 16:56:09,aff.bstatic.com
2014-01-28 16:56:09,www.accorhotels.com
2014-01-28 16:56:10,www.google.com
2014-01-28 16:56:10,dlive.pagesjaunes.fr
2014-01-28 16:56:13,i1-js-14-3-01-10077-442624264-i.init.cedexis-radar.net
2014-01-28 16:56:14,chinacache.cedexis.com
2014-01-28 16:56:15,chinacache.cedexis.com
2014-01-28 16:56:28,logc259.at.pagesjaunes.fr
2014-01-28 16:56:29,fr.mappy.com
2014-01-28 16:56:30,mws1.mappy.net
2014-01-28 16:56:30,logc259.at.pagesjaunes.fr
2014-01-28 16:56:30,www.driiveme.com
2014-01-28 16:56:31,fr.mappy.com
2014-01-28 16:56:32,www.google.com
2014-01-28 16:56:32,dlive.pagesjaunes.fr
2014-01-28 16:56:33,dlive.pagesjaunes.fr
2014-01-28 16:56:33,www.google.com
2014-01-28 16:56:48,www.google.com
2014-01-28 16:57:01,riviererhonealpes.org
2014-01-28 16:57:03,riviererhonealpes.org
2014-01-28 16:57:53,www.google.com
2014-01-28 16:57:53,api.bing.com
2014-01-28 16:57:54,api.bing.com
2014-01-28 16:57:55,api.bing.com
2014-01-28 16:57:55,www.bing.com
2014-01-28 16:57:56,www.bing.com
2014-01-28 16:57:57,www.bing.com
2014-01-28 16:57:57,www.logrami.fr
2014-01-28 16:57:58,www.logrami.fr
2014-01-28 16:58:13,www.logrami.fr
2014-01-28 16:58:14,www.logrami.fr
2014-01-28 16:58:32,www.logrami.fr
2014-01-28 16:58:55,www.logrami.fr
2014-01-28 16:59:09,www.logrami.fr
2014-01-28 17:00:35,www.logrami.fr
2014-01-28 17:00:48,www.logrami.fr
2014-01-28 17:00:51,www.logrami.fr
2014-01-28 17:00:52,www.logrami.fr
2014-01-28 17:00:58,www.logrami.fr
2014-01-28 17:01:00,www.logrami.fr
2014-01-28 17:02:02,api.bing.com
2014-01-28 17:02:03,api.bing.com
2014-01-28 17:02:04,api.bing.com
2014-01-28 17:02:05,www.logrami.fr
2014-01-28 17:02:07,fr.mappy.com
2014-01-28 17:02:10,logc259.at.pagesjaunes.fr
2014-01-28 17:02:11,www.logrami.fr
2014-01-28 17:02:13,www.logrami.fr
2014-01-28 17:02:13,fr.mappy.com
2014-01-28 17:02:14,www.logrami.fr
2014-01-28 17:02:17,www.google.com
2014-01-28 17:02:18,www.google.com
2014-01-28 17:02:18,dlive.pagesjaunes.fr
2014-01-28 17:02:19,download.macromedia.com
2014-01-28 17:02:19,fpdownload2.macromedia.com
2014-01-28 17:02:20,www.logrami.fr
2014-01-28 17:02:23,www.logrami.fr
2014-01-28 17:02:26,www.logrami.fr
2014-01-28 17:03:24,logc259.at.pagesjaunes.fr
2014-01-28 17:03:25,mws4.mappy.net
2014-01-28 17:03:28,fr.mappy.com
2014-01-28 17:03:28,mws1.mappy.net
2014-01-28 17:03:28,logc259.at.pagesjaunes.fr
2014-01-28 17:03:28,www.driiveme.com
2014-01-28 17:03:28,uws2.mappy.net
2014-01-28 17:03:29,fr.mappy.com
2014-01-28 17:03:30,dlive.pagesjaunes.fr
2014-01-28 17:03:30,mws3.mappy.net
2014-01-28 17:03:31,aff.bstatic.com
2014-01-28 17:03:32,download.macromedia.com
2014-01-28 17:03:32,fpdownload2.macromedia.com
2014-01-28 17:03:32,www.google.com
2014-01-28 17:04:34,www.logrami.fr
2014-01-28 17:04:40,www.logrami.fr
2014-01-28 17:04:51,www.logrami.fr
2014-01-28 17:04:52,www.logrami.fr
2014-01-28 17:04:53,www.logrami.fr
2014-01-28 17:04:55,www.logrami.fr
2014-01-28 17:04:57,www.logrami.fr
2014-01-28 17:05:15,www.logrami.fr
2014-01-28 17:05:27,www.logrami.fr
2014-01-28 17:06:00,www.logrami.fr
2014-01-28 17:06:13,api.bing.com
2014-01-28 17:06:14,api.bing.com
2014-01-28 17:06:15,api.bing.com
2014-01-28 17:06:16,api.bing.com
2014-01-28 17:06:17,api.bing.com
2014-01-28 17:06:18,api.bing.com
2014-01-28 17:06:19,api.bing.com
2014-01-28 17:06:22,api.bing.com
2014-01-28 17:06:23,www.bing.com
2014-01-28 17:06:24,www.bing.com
2014-01-28 17:06:31,www.bing.com
2014-01-28 17:06:32,www.emploi-environnement.com
2014-01-28 17:06:32,www.actu-environnement.com
2014-01-28 17:06:32,platform.twitter.com
2014-01-28 17:06:33,apis.google.com
2014-01-28 17:06:34,www.emploi-environnement.com
2014-01-28 17:06:35,apis.google.com
2014-01-28 17:06:36,apis.google.com
2014-01-28 17:06:36,mfr.meteofrance.com
2014-01-28 17:06:37,mfr.meteofrance.com
2014-01-28 17:06:38,www.google.fr
2014-01-28 17:06:38,www.google.com
2014-01-28 17:06:38,mfr.meteofrance.com
2014-01-28 17:06:59,connect.facebook.net
2014-01-28 17:07:00,www.facebook.com
2014-01-28 17:07:00,platform.linkedin.com
2014-01-28 17:07:00,apis.google.com
2014-01-28 17:07:00,s-static.ak.facebook.com
2014-01-28 17:07:00,accounts.google.com
2014-01-28 17:07:00,static.ak.facebook.com
2014-01-28 17:07:00,www.linkedin.com
2014-01-28 17:07:01,twitter.com
2014-01-28 17:07:32,twitter.com
2014-01-28 17:09:05,accounts.google.com
2014-01-28 17:11:31,www.facebook.com
2014-01-28 17:11:35,www.facebook.com
2014-01-28 17:11:51,www.facebook.com
2014-01-28 17:11:53,www.linkedin.com
2014-01-28 17:11:58,api.bing.com
2014-01-28 17:11:59,api.bing.com
2014-01-28 17:12:02,api.bing.com
2014-01-28 17:12:03,api.bing.com
2014-01-28 17:12:04,api.bing.com
2014-01-28 17:12:05,api.bing.com
2014-01-28 17:12:06,api.bing.com
2014-01-28 17:12:07,api.bing.com
2014-01-28 17:12:08,api.bing.com
2014-01-28 17:12:13,api.bing.com
2014-01-28 17:12:14,api.bing.com
2014-01-28 17:12:15,api.bing.com
2014-01-28 17:12:16,www.bing.com
2014-01-28 17:12:25,www.bing.com
2014-01-28 17:12:27,www.migrateurs-charenteseudre.fr
2014-01-28 17:12:46,www.bing.com
2014-01-28 17:12:48,www.bing.com
2014-01-28 17:12:49,www.bing.com
2014-01-28 17:13:09,www.bing.com
2014-01-28 17:13:09,www.migrateurs-charenteseudre.fr
2014-01-28 17:13:10,www.migrateurs-charenteseudre.fr
2014-01-28 17:13:11,www.migrateurs-charenteseudre.fr
2014-01-28 17:13:15,www.migrateurs-charenteseudre.fr
2014-01-28 17:13:16,www.migrateurs-charenteseudre.fr
2014-01-28 17:13:31,www.migrateurs-charenteseudre.fr
2014-01-28 17:14:42,www.bing.com
2014-01-28 17:14:50,www.peche17.org
2014-01-28 17:14:50,www.bing.com
2014-01-28 17:14:51,www.peche17.org
2014-01-28 17:15:59,www.peche17.org
2014-01-28 17:16:07,www.peche17.org
2014-01-28 17:16:33,api.bing.com
2014-01-28 17:16:34,api.bing.com
2014-01-28 17:16:35,www.bing.com
2014-01-28 17:16:40,www.bing.com
2014-01-28 17:16:41,www.bing.com
2014-01-28 17:16:42,www.etang-de-l-or.com
2014-01-28 17:16:43,www.etang-de-l-or.com
2014-01-28 17:16:44,www.etang-de-l-or.com
2014-01-28 17:16:47,www.etang-de-l-or.com
2014-01-28 17:16:48,www.etang-de-l-or.com
2014-01-28 17:16:53,www.etang-de-l-or.com
2014-01-28 17:16:58,www.etang-de-l-or.com
2014-01-28 17:17:03,www.etang-de-l-or.com
2014-01-28 17:17:08,www.etang-de-l-or.com
2014-01-28 17:17:13,www.etang-de-l-or.com
2014-01-28 17:17:18,www.etang-de-l-or.com
2014-01-28 17:17:23,www.etang-de-l-or.com
2014-01-28 17:17:28,www.etang-de-l-or.com
2014-01-28 17:17:31,www.etang-de-l-or.com
2014-01-28 17:17:36,www.etang-de-l-or.com
2014-01-28 17:17:41,www.etang-de-l-or.com
2014-01-28 17:17:46,www.etang-de-l-or.com
2014-01-28 17:17:51,www.etang-de-l-or.com
2014-01-28 17:17:52,www.etang-de-l-or.com
2014-01-28 17:18:08,www.etang-de-l-or.com
2014-01-28 17:18:12,www.etang-de-l-or.com
2014-01-28 17:18:31,www.etang-de-l-or.com
2014-01-28 17:18:32,www.etang-de-l-or.com
2014-01-28 17:18:33,www.etang-de-l-or.com
2014-01-28 17:18:34,www.bing.com
2014-01-28 17:18:34,www.etang-de-l-or.com
2014-01-28 17:18:36,www.peche17.org
2014-01-28 17:18:36,www.bing.com
2014-01-28 17:18:37,www.peche17.org
2014-01-28 17:18:41,www.peche17.org
2014-01-28 17:18:42,www.bing.com
2014-01-28 17:18:48,www.bing.com
2014-01-28 17:18:48,www.migrateurs-charenteseudre.fr
2014-01-28 17:18:49,www.migrateurs-charenteseudre.fr
2014-01-28 17:19:18,api.bing.com
2014-01-28 17:19:20,www.bing.com
2014-01-28 17:19:28,www.bing.com
2014-01-28 17:19:28,www.orenva.org
2014-01-28 17:19:29,www.orenva.org
2014-01-28 17:21:07,www.orenva.org
2014-01-28 17:21:08,www.orenva.org
2014-01-28 17:21:24,www.orenva.org
2014-01-28 17:21:30,www.orenva.org
2014-01-28 17:21:31,www.orenva.org
2014-01-28 17:21:49,www.orenva.org
2014-01-28 17:22:00,www.orenva.org
2014-01-28 17:22:33,www.orenva.org
2014-01-28 17:22:34,www.orenva.org
2014-01-28 17:22:35,www.orenva.org
2014-01-28 17:22:36,www.orenva.org
2014-01-28 17:22:36,www.bing.com
2014-01-28 17:22:51,www.bing.com
2014-01-28 17:22:53,www.sageboutonne.fr
2014-01-28 17:22:54,www.sageboutonne.fr
2014-01-28 17:22:55,www.sageboutonne.fr
2014-01-28 17:22:56,www.sageboutonne.fr
2014-01-28 17:22:57,www.sageboutonne.fr
2014-01-28 17:23:23,www.sageboutonne.fr
2014-01-28 17:23:39,www.sageboutonne.fr
2014-01-28 17:23:40,www.sageboutonne.fr
2014-01-28 17:23:52,www.sageboutonne.fr
2014-01-28 17:23:59,www.sageboutonne.fr
2014-01-28 17:24:00,www.sageboutonne.fr
2014-01-28 17:24:21,www.sageboutonne.fr
2014-01-28 17:24:22,www.sageboutonne.fr
2014-01-28 17:24:41,www.sageboutonne.fr
2014-01-28 17:25:22,www.sageboutonne.fr
2014-01-28 17:25:47,www.sageboutonne.fr
2014-01-28 17:25:48,www.sageboutonne.fr
2014-01-28 17:26:50,www.sageboutonne.fr
2014-01-28 17:26:55,www.bing.com
2014-01-28 17:27:00,www.bing.com
2014-01-28 17:27:01,www.fleuve-charente.net
2014-01-28 17:27:12,www.bing.com
2014-01-28 17:27:22,www.bing.com
2014-01-28 17:27:51,www.bing.com
2014-01-28 17:27:53,login.live.com
2014-01-28 17:27:53,www.fleuve-charente.net
2014-01-28 17:27:54,www.fleuve-charente.net
2014-01-28 17:27:55,www.fleuve-charente.net
2014-01-28 17:27:58,www.fleuve-charente.net
2014-01-28 17:27:59,www.fleuve-charente.net
2014-01-28 17:28:19,www.fleuve-charente.net
2014-01-28 17:28:45,www.eptb.asso.fr
2014-01-28 17:28:46,www.eptb.asso.fr
2014-01-28 17:29:19,www.planetemploi.net
2014-01-28 17:29:20,ajax.googleapis.com
2014-01-28 17:29:20,www.planetemploi.net
2014-01-28 17:30:34,www.eptb.asso.fr
2014-01-28 17:30:35,www.eptb.asso.fr
2014-01-28 17:33:12,api.bing.com
2014-01-28 17:33:13,api.bing.com
2014-01-28 17:33:14,api.bing.com
2014-01-28 17:33:15,api.bing.com
2014-01-28 17:33:16,api.bing.com
2014-01-28 17:33:17,api.bing.com
2014-01-28 17:33:18,api.bing.com
2014-01-28 17:33:19,api.bing.com
2014-01-28 17:33:20,api.bing.com
2014-01-28 17:33:21,www.bing.com
2014-01-28 17:33:26,www.bing.com
2014-01-28 17:34:46,www.bing.com
2014-01-28 17:34:47,biologie.enligne-fr.com
2014-01-28 17:34:48,biologie.enligne-fr.com
2014-01-28 17:34:49,biologie.enligne-fr.com
2014-01-28 17:35:38,biologie.enligne-fr.com
2014-01-28 17:36:14,biologie.enligne-fr.com
2014-01-28 17:36:14,ajax.googleapis.com
2014-01-28 17:36:15,biologie.enligne-fr.com
2014-01-28 17:36:23,ajax.googleapis.com
2014-01-28 17:36:23,biologie.enligne-fr.com
2014-01-28 17:36:24,biologie.enligne-fr.com
2014-01-28 17:37:32,biologie.enligne-fr.com
2014-01-28 17:37:38,biologie.enligne-fr.com
2014-01-28 17:37:43,www.bing.com
2014-01-28 17:37:49,www.bing.com
2014-01-28 17:37:49,www.maisondelapeche.net
2014-01-28 17:38:10,www.maisondelapeche.net
2014-01-28 17:38:17,www.bing.com
2014-01-28 17:38:32,www.bing.com
2014-01-28 17:38:32,www.planetemploi.net
2014-01-28 17:38:48,www.bing.com
2014-01-28 17:40:37,www.bing.com
2014-01-28 17:40:38,www.bing.com
2014-01-28 17:40:40,www.facebook.com
2014-01-28 17:40:40,www.bing.com
2014-01-28 17:40:40,buzzdor.com
2014-01-28 17:40:40,www.buzzraider.fr
2014-01-28 17:40:41,buzzdor.com
2014-01-28 17:40:41,www.facebook.com
2014-01-28 17:40:41,img825.imageshack.us
2014-01-28 17:40:41,img708.imageshack.us
2014-01-28 17:40:42,imageshack.us
2014-01-28 17:40:42,www.paypalobjects.com
2014-01-28 17:40:42,img651.imageshack.us
2014-01-28 17:40:42,httpbuzzdorcom.chatango.com
2014-01-28 17:40:44,st.chatango.com
2014-01-28 17:40:45,st.chatango.com
2014-01-28 17:40:45,buzzdor.com
2014-01-28 17:41:18,buzzdor.com
2014-01-28 17:41:19,image.noelshack.com
2014-01-28 17:41:19,buzzdor.com
2014-01-28 17:41:20,www.youtube.com
2014-01-28 17:41:20,www.facebook.com
2014-01-28 17:41:20,buzzdor.com
2014-01-28 17:41:21,httpbuzzdorcom.chatango.com
2014-01-28 17:41:21,s.ytimg.com
2014-01-28 17:41:23,buzzdor.com
2014-01-28 17:41:23,s.ytimg.com
2014-01-28 17:41:24,s.ytimg.com
2014-01-28 17:41:24,i1.ytimg.com
2014-01-28 17:41:25,i1.ytimg.com
2014-01-28 17:41:25,st.chatango.com
2014-03-21 09:14:51,go.microsoft.com
2014-03-21 09:14:51,windows.microsoft.com
2014-03-21 09:14:51,res1.windows.microsoft.com
2014-03-21 09:14:51,res2.windows.microsoft.com
2014-03-21 09:14:52,res2.windows.microsoft.com
2014-03-21 09:14:52,ajax.microsoft.com
2014-03-21 09:14:52,windows.microsoft.com
2014-03-21 09:14:52,res1.windows.microsoft.com
2014-03-21 09:14:52,js.microsoft.com
2014-03-21 09:14:53,js.microsoft.com
2014-03-21 09:14:53,res1.windows.microsoft.com
2014-03-21 09:15:05,ieonline.microsoft.com
2014-03-21 09:15:13,www.bing.com
2014-03-21 09:15:14,www.bing.com
2014-03-21 09:15:15,www.bing.com
2014-03-21 09:15:16,www.bing.com
2014-03-21 09:15:16,cms.abmr.net
2014-03-21 09:15:18,www.bing.com
2014-03-21 09:15:28,login.live.com
2014-03-21 10:11:13,www.bing.com
2014-03-21 10:11:14,www.bing.com
2014-03-21 10:11:15,www.bing.com
2014-03-21 10:11:17,www.bing.com
2014-03-21 10:11:19,www.bing.com
2014-03-21 10:11:20,fr.mail.yahoo.com
2014-03-21 10:11:21,fr.mail.yahoo.com
2014-03-21 10:11:27,login.live.com
2014-03-21 10:11:36,login.yahoo.com
2014-03-21 10:11:37,login.yahoo.com
2014-03-21 10:11:57,login.yahoo.com
2014-03-21 10:12:07,login.yahoo.com
2014-03-21 10:12:22,fr-mg42.mail.yahoo.com
2014-03-21 10:12:36,ucs.query.yahoo.com
2014-03-21 10:12:36,fr-mg42.mail.yahoo.com
2014-03-21 10:12:43,ucs.query.yahoo.com
2014-03-21 10:12:45,fr-mg42.mail.yahoo.com
2014-03-21 10:12:46,login.yahoo.com
2014-03-21 10:12:47,fr.yahoo.com
2014-03-21 10:12:48,fr.yahoo.com
2014-03-21 10:12:49,fr.yahoo.com
2014-03-21 10:12:49,mail.yahoo.com
2014-03-21 10:12:50,fr.yahoo.com
2014-03-21 10:12:57,fr.yahoo.com
2014-03-21 10:13:01,login.yahoo.com
2014-03-21 10:13:02,login.yahoo.com
2014-03-21 10:13:03,login.yahoo.com
2014-03-21 10:13:04,login.yahoo.com
2014-03-21 10:13:11,clicks.beap.bc.yahoo.com
2014-03-21 10:13:12,clicks.beap.bc.yahoo.com
2014-03-21 10:13:16,login.yahoo.com
2014-03-21 10:13:17,fr.yahoo.com
2014-03-21 10:13:18,fr.yahoo.com
2014-03-21 10:13:19,fr.yahoo.com
2014-03-21 10:13:19,locdrop.query.yahoo.com
2014-03-21 10:13:20,fr.yahoo.com
2014-03-21 10:13:21,fr.yahoo.com
2014-03-21 10:13:22,fr.yahoo.com
2014-03-21 10:13:22,locdrop.query.yahoo.com
2014-03-21 10:13:24,mail.yahoo.com
2014-03-21 10:13:24,fr.yahoo.com
2014-03-21 10:13:25,fr.yahoo.com
2014-03-21 10:14:05,login.yahoo.com
2014-03-21 10:14:05,ucs.query.yahoo.com
2014-03-21 10:14:07,fr.yahoo.com
2014-03-21 10:14:07,fr-mg42.mail.yahoo.com
2014-03-21 10:14:08,locdrop.query.yahoo.com
2014-03-21 10:14:08,fr.yahoo.com
2014-04-14 13:41:35,windows.microsoft.com
2014-04-14 13:41:35,ajax.microsoft.com
2014-04-14 13:41:35,js.microsoft.com
2014-04-14 13:41:35,res2.windows.microsoft.com
2014-04-14 13:41:35,res1.windows.microsoft.com
2014-04-14 13:41:35,go.microsoft.com
2014-04-14 13:41:52,www.bing.com
2014-04-14 13:43:11,www.bing.com
2014-04-14 13:43:12,www.bing.com
2014-04-14 13:43:12,cms.abmr.net
2014-04-14 13:43:21,www.bing.com
2014-04-14 13:43:22,www.bing.com
2014-04-14 13:43:23,www.bing.com
2014-04-14 13:43:24,www.bing.com
2014-04-14 13:43:26,www.bing.com
2014-04-14 13:44:22,ieonline.microsoft.com
2014-04-14 13:44:22,go.microsoft.com
2014-04-14 13:56:15,www.bing.com
2014-04-14 13:56:25,www.bing.com
2014-04-14 13:56:28,www.bing.com
2014-04-14 13:56:31,www.bing.com
2014-04-14 13:56:32,c.orange.fr
2014-04-14 13:56:32,bits.wikimedia.org
2014-04-14 13:56:32,c.woopic.com
2014-04-14 13:56:32,wikipedia.orange.fr
2014-04-14 13:56:32,iz.orange.fr
2014-04-14 13:56:33,wikipedia.orange.fr
2014-04-14 13:56:33,c.woopic.com
2014-04-14 13:56:33,its.tradelab.fr
2014-04-14 13:56:33,iapref.orange.fr
2014-04-14 13:56:33,fpdownload2.macromedia.com
2014-04-14 13:56:33,www.facebook.com
2014-04-14 13:56:35,dps.bing.com
2014-04-14 13:57:34,its.tradelab.fr
2014-04-14 14:13:50,www.bing.com
2014-04-14 14:13:55,www.bing.com
2014-04-14 14:19:33,www.bing.com
2014-04-14 14:19:36,www.bing.com
2014-04-14 14:19:44,www.bing.com
2014-04-14 14:19:46,www.bing.com
2014-04-14 14:21:15,www.bing.com
2014-04-14 14:21:15,www.laquadrature.net
2014-04-14 14:21:25,soutien.laquadrature.net
2014-04-14 14:21:25,www.laquadrature.net
2014-04-14 14:39:47,www.bing.com
2014-04-14 14:39:49,bits.wikimedia.org
2014-04-14 14:39:49,www.bing.com
2014-04-14 14:39:49,fr.wikipedia.org
2014-04-14 14:39:50,login.wikimedia.org
2014-04-14 14:39:50,bits.wikimedia.org
2014-04-14 14:39:50,meta.wikimedia.org
2014-04-14 14:39:50,fr.wikipedia.org
2014-04-14 14:57:01,www.bing.com
2014-04-14 14:57:02,www.bing.com
2014-04-14 14:57:02,fr.wikipedia.org
2014-04-14 14:57:02,bits.wikimedia.org
2014-04-14 14:57:03,meta.wikimedia.org
2014-04-14 14:57:03,fr.wikipedia.org
2014-04-24 08:23:32,ocsp.thawte.com
2014-04-24 08:23:32,sci.sciences.univ-bpclermont.fr
2014-04-24 08:24:33,gtssl-ocsp.geotrust.com
2014-04-24 08:24:51,www.squid-cache.org
2014-04-24 08:25:12,safebrowsing.clients.google.com
2014-04-24 08:25:12,gtglobal-ocsp.geotrust.com
2014-04-24 08:25:12,clients1.google.com
2014-04-24 08:25:12,safebrowsing-cache.google.com
2014-04-24 08:25:13,safebrowsing-cache.google.com
2014-04-24 08:25:13,sci.sciences.univ-bpclermont.fr
2014-04-24 08:25:16,sci.sciences.univ-bpclermont.fr
2014-04-24 08:25:18,clients1.google.com
2014-04-24 08:25:18,www.google.com
2014-04-24 08:26:24,www.google.fr
2014-04-24 08:28:09,sb-ssl.google.com
2014-04-24 08:28:22,apis.google.com
2014-04-24 08:29:08,www.google.com
2014-04-24 08:29:09,www.google.fr
2014-04-24 08:29:24,biodiver.bio.ub.es
2014-04-24 08:30:00,biodiver.bio.ub.es
2014-04-24 08:30:11,sci.sciences.univ-bpclermont.fr
2014-04-24 08:30:11,ocsp.thawte.com
2014-04-24 08:30:14,sci.sciences.univ-bpclermont.fr
2014-04-24 08:31:06,clients1.google.com
2014-04-24 08:31:06,www.google.com
2014-04-24 08:31:06,gtglobal-ocsp.geotrust.com
2014-04-24 08:31:14,gtssl-ocsp.geotrust.com
2014-04-24 08:31:27,clients1.google.com
2014-04-24 08:32:01,sci.sciences.univ-bpclermont.fr
2014-04-24 08:34:24,www.google.com
2014-04-24 08:34:24,apis.google.com
2014-04-24 08:34:27,www.google.fr
2014-04-24 08:35:03,safebrowsing.clients.google.com
2014-04-24 08:35:04,safebrowsing-cache.google.com
2014-04-24 08:38:00,sb-ssl.google.com
2014-04-24 08:38:11,ocsp.verisign.com
2014-04-24 08:40:11,ocsp.digicert.com
2014-04-24 09:03:49,safebrowsing-cache.google.com
2014-04-24 09:03:49,safebrowsing.clients.google.com
2014-04-24 09:31:58,safebrowsing.clients.google.com
2014-04-24 09:31:58,safebrowsing-cache.google.com
2014-04-24 09:53:11,sci.sciences.univ-bpclermont.fr
2014-04-24 09:53:12,ocsp.thawte.com
2014-04-24 09:53:12,sci.sciences.univ-bpclermont.fr
2014-04-24 09:53:16,gtglobal-ocsp.geotrust.com
2014-04-24 09:53:16,clients1.google.com
2014-04-24 09:53:21,clients1.google.com
2014-04-24 09:53:38,biodiver.bio.ub.es
2014-04-24 09:53:38,www.google.fr
2014-04-24 09:54:12,biodiver.bio.ub.es
2014-04-24 09:54:13,gtssl-ocsp.geotrust.com
2014-04-24 09:54:31,biodiver.bio.ub.es
2014-04-24 09:54:37,biodiver.bio.ub.es
2014-04-24 09:54:43,biodiver.bio.ub.es
2014-04-24 09:54:44,biodiver.bio.ub.es
2014-04-24 09:54:45,biodiver.bio.ub.es
2014-04-24 09:54:46,biodiver.bio.ub.es
2014-04-24 09:54:47,biodiver.bio.ub.es
2014-04-24 09:54:47,safebrowsing.clients.google.com
2014-04-24 09:54:48,safebrowsing-cache.google.com
2014-04-24 09:54:48,biodiver.bio.ub.es
2014-04-24 09:54:49,biodiver.bio.ub.es
2014-04-24 09:54:49,safebrowsing-cache.google.com
2014-04-24 09:54:50,biodiver.bio.ub.es
2014-04-24 09:54:50,safebrowsing-cache.google.com
2014-04-24 09:54:55,biodiver.bio.ub.es
2014-04-24 09:56:05,javadl-esd-secure.oracle.com
2014-04-24 09:56:11,www.google.com
2014-04-24 09:56:11,sb-ssl.google.com
2014-04-24 09:56:11,apis.google.com
2014-04-24 09:56:11,www.google.fr
2014-04-24 10:00:57,sci.sciences.univ-bpclermont.fr
2014-04-24 10:00:58,ocsp.thawte.com
2014-04-24 10:00:58,sci.sciences.univ-bpclermont.fr
2014-04-24 10:01:14,clients1.google.com
2014-04-24 10:01:14,gtglobal-ocsp.geotrust.com
2014-04-24 10:01:14,www.google.com
2014-04-24 10:01:15,clients1.google.com
2014-04-24 10:01:24,www.google.fr
2014-04-24 10:01:25,fr.mail.yahoo.com
2014-04-24 10:01:26,fr.mail.yahoo.com
2014-04-24 10:01:26,ocsp.verisign.com
2014-04-24 10:01:29,ocsp.verisign.com
2014-04-24 10:01:29,login.yahoo.com
2014-04-24 10:01:31,sd.symcd.com
2014-04-24 10:01:31,ocsp.verisign.com
2014-04-24 10:01:32,ocsp.godaddy.com
2014-04-24 10:01:32,ocsp.digicert.com
2014-04-24 10:01:33,clicks.beap.bc.yahoo.com
2014-04-24 10:01:33,login.yahoo.com
2014-04-24 10:01:59,gtssl-ocsp.geotrust.com
2014-04-24 10:02:02,sd.symcd.com
2014-04-24 10:02:02,login.yahoo.com
2014-04-24 10:02:07,ocsp.digicert.com
2014-04-24 10:02:07,ocsp.thawte.com
2014-04-24 10:02:07,ocsp.gandi.net
2014-04-24 10:02:07,gtssl2-ocsp.geotrust.com
2014-04-24 10:02:07,ocsp.usertrust.com
2014-04-24 10:02:08,clients1.google.com
2014-04-24 10:02:09,ocsp.verisign.com
2014-04-24 10:04:05,ucs.query.yahoo.com
2014-04-24 10:04:06,csync.yahooapis.com
2014-04-24 10:04:06,rtb-pclick.secure.yahoo.com
2014-04-24 10:04:08,fr-mg42.mail.yahoo.com
2014-04-24 10:04:12,apis.google.com
2014-04-24 10:04:13,www.google.com
2014-04-24 10:04:13,www.google.fr
2014-04-24 10:04:23,mg.mail.yahoo.com
2014-04-24 10:04:37,fr-mg42.mail.yahoo.com
2014-04-24 10:04:42,safebrowsing-cache.google.com
2014-04-24 10:04:42,safebrowsing.clients.google.com
2014-04-24 10:04:43,safebrowsing-cache.google.com
2014-04-24 10:07:15,fr-mg42.mail.yahoo.com
2014-04-24 10:07:37,sb-ssl.google.com
2014-04-24 10:08:57,ocsp.verisign.com
2014-04-24 10:10:15,fr-mg42.mail.yahoo.com
2014-04-24 10:10:57,ocsp.digicert.com
2014-04-24 10:16:16,fr-mg42.mail.yahoo.com
2014-04-24 10:19:09,sci.sciences.univ-bpclermont.fr
2014-04-24 10:19:16,fr-mg42.mail.yahoo.com
2014-04-24 10:19:17,hmf.enseeiht.fr
2014-04-24 10:19:17,www.google.fr
2014-04-24 10:19:18,hmf.enseeiht.fr
2014-04-24 10:19:19,hmf.enseeiht.fr
2014-04-24 10:19:20,hmf.enseeiht.fr
2014-04-24 10:19:21,hmf.enseeiht.fr
2014-04-24 10:22:09,www.google.com
2014-04-24 10:22:11,www.google.fr
2014-04-24 10:25:18,fr-mg42.mail.yahoo.com
2014-04-24 10:28:19,fr-mg42.mail.yahoo.com
2014-04-24 10:31:20,fr-mg42.mail.yahoo.com
2014-04-24 10:33:24,safebrowsing-cache.google.com
2014-04-24 10:33:24,safebrowsing.clients.google.com
2014-04-24 10:34:19,fr-mg42.mail.yahoo.com
2014-04-24 10:37:21,fr-mg42.mail.yahoo.com
2014-04-24 10:40:22,fr-mg42.mail.yahoo.com
2014-04-24 10:46:23,fr-mg42.mail.yahoo.com
2014-04-24 10:49:23,fr-mg42.mail.yahoo.com
2014-04-24 10:55:24,fr-mg42.mail.yahoo.com
2014-04-24 10:58:24,fr-mg42.mail.yahoo.com
2014-04-24 11:01:25,fr-mg42.mail.yahoo.com
2014-04-24 11:02:10,sd.symcd.com
2014-04-24 11:03:09,safebrowsing.clients.google.com
2014-04-24 11:03:09,safebrowsing-cache.google.com
2014-04-24 11:03:10,safebrowsing-cache.google.com
2014-04-24 11:04:20,fr-mg42.mail.yahoo.com
2014-04-24 11:07:26,fr-mg42.mail.yahoo.com
2014-04-24 11:10:26,fr-mg42.mail.yahoo.com
2014-04-24 11:12:21,ocsp.verisign.com
2014-04-24 11:12:23,ocsp.thawte.com
2014-04-24 11:12:23,ocsp.verisign.com
2014-04-24 11:12:24,ocsp.usertrust.com
2014-04-24 11:12:24,ocsp.gandi.net
2014-04-24 11:12:24,gtssl2-ocsp.geotrust.com
2014-04-24 11:12:55,ir2-attach.mail.yahoo.com
2014-04-24 11:13:05,ir2-attach.mail.yahoo.com
2014-04-24 11:14:02,gtglobal-ocsp.geotrust.com
2014-04-24 11:14:02,clients1.google.com
2014-04-24 11:14:02,ocsp.digicert.com
2014-04-24 11:14:08,sd.symcd.com
2014-04-24 11:14:17,s-am.dp.yahoo.com
2014-04-24 11:14:37,s-b.dp.yahoo.com
2014-04-24 11:15:45,fr-mg42.mail.yahoo.com
2014-04-24 11:15:51,rtb-pclick.secure.yahoo.com
2014-04-24 11:15:56,rtb-pclick.secure.yahoo.com
2014-04-24 11:16:04,fr-mg42.mail.yahoo.com
2014-04-24 11:16:25,fr-mg42.mail.yahoo.com
2014-04-24 11:19:00,fr-mg42.mail.yahoo.com
2014-04-24 11:22:00,fr-mg42.mail.yahoo.com
2014-04-24 11:28:02,fr-mg42.mail.yahoo.com
2014-04-24 11:28:09,sci.sciences.univ-bpclermont.fr
2014-04-24 11:28:16,www.bing.com
2014-04-24 11:28:26,www.bing.com
2014-04-24 11:28:27,www.bing.com
2014-04-24 11:28:28,cms.abmr.net
2014-04-24 11:28:28,www.bing.com
2014-04-24 11:28:31,www.bing.com
2014-04-24 11:28:37,www.bing.com
2014-04-24 11:28:38,www.bing.com
2014-04-24 11:28:39,www.bing.com
2014-04-24 11:28:40,www.bing.com
2014-04-24 11:28:41,www.bing.com
2014-04-24 11:28:41,login.live.com
2014-04-24 11:28:42,www.bing.com
2014-04-24 11:28:43,www.bing.com
2014-04-24 11:28:43,login.live.com
2014-04-24 11:28:44,fr.mail.yahoo.com
2014-04-24 11:28:45,fr.yahoo.com
2014-04-24 11:28:47,fr.mail.yahoo.com
2014-04-24 11:28:53,ssl.bing.com
2014-04-24 11:29:25,login.yahoo.com
2014-04-24 11:29:29,login.yahoo.com
2014-04-24 11:29:35,login.yahoo.com
2014-04-24 11:29:36,login.yahoo.com
2014-04-24 11:29:42,csync.yahooapis.com
2014-04-24 11:30:05,login.yahoo.com
2014-04-24 11:30:10,fr-mg42.mail.yahoo.com
2014-04-24 11:30:16,csync.yahooapis.com
2014-04-24 11:30:16,fr-mg42.mail.yahoo.com
2014-04-24 11:30:23,ucs.query.yahoo.com
2014-04-24 11:30:24,csync.yahooapis.com
2014-04-24 11:30:25,fr-mg42.mail.yahoo.com
2014-04-24 11:30:26,ucs.query.yahoo.com
2014-04-24 11:30:26,fr-mg42.mail.yahoo.com
2014-04-24 11:30:26,csync.yahooapis.com
2014-04-24 11:30:41,www.dropbox.com
2014-04-24 11:31:13,ieonline.microsoft.com
2014-04-24 11:31:42,www.dropbox.com
2014-04-24 11:31:43,fr-mg42.mail.yahoo.com
2014-04-24 11:32:02,fr-mg42.mail.yahoo.com
2014-04-24 11:32:05,fr-mg42.mail.yahoo.com
2014-04-24 11:33:25,fr-mg42.mail.yahoo.com
2014-04-24 11:34:58,fr-mg42.mail.yahoo.com
2014-04-24 11:35:34,sci.sciences.univ-bpclermont.fr
2014-04-24 11:35:46,www.bing.com
2014-04-24 11:35:49,www.bing.com
2014-04-24 11:35:52,www.bing.com
2014-04-24 11:35:53,www.bing.com
2014-04-24 11:35:54,www.bing.com
2014-04-24 11:35:55,www.bing.com
2014-04-24 11:35:56,www.bing.com
2014-04-24 11:35:57,fr.mail.yahoo.com
2014-04-24 11:35:57,login.live.com
2014-04-24 11:35:58,login.live.com
2014-04-24 11:36:05,www.bing.com
2014-04-24 11:36:11,login.yahoo.com
2014-04-24 11:36:14,login.yahoo.com
2014-04-24 11:36:16,www.bing.com
2014-04-24 11:36:16,mail.yahoo.com
2014-04-24 11:36:26,fr-mg42.mail.yahoo.com
2014-04-24 11:37:17,mg.mail.yahoo.com
2014-04-24 11:37:18,mg.mail.yahoo.com
2014-04-24 11:38:05,fr.yahoo.com
2014-04-24 11:38:05,login.yahoo.com
2014-04-24 11:38:29,login.yahoo.com
2014-04-24 11:38:30,fr.yahoo.com
2014-04-24 11:38:40,mg.mail.yahoo.com
2014-04-24 11:38:41,fr.yahoo.com
2014-04-24 11:38:41,login.yahoo.com
2014-04-24 11:38:53,fr.yahoo.com
2014-04-24 11:38:54,fr.yahoo.com
2014-04-24 11:38:54,fr-mg42.mail.yahoo.com
2014-04-24 11:39:00,fr.yahoo.com
2014-04-24 11:39:01,fr.yahoo.com
