timestamp,site
2014-01-02 08:12:02,www.google.fr
2014-01-02 08:12:14,www.google.fr
2014-01-02 08:12:17,www.google.fr
2014-01-02 08:12:19,www.google.com
2014-01-02 08:12:23,www.google.com
2014-01-02 08:12:27,www.google.fr
2014-01-02 08:12:31,www.google.fr
2014-01-02 08:13:31,www.google.fr
2014-01-02 08:50:05,www.google.fr
2014-01-02 08:50:19,www.google.fr
2014-01-02 08:50:22,www.google.com
2014-01-02 08:50:25,www.google.com
2014-01-02 08:50:25,www.google.fr
2014-01-02 08:52:54,addons.foxitsoftware.com
2014-01-02 08:52:55,addons.foxitsoftware.com
2014-01-02 08:52:56,addons.foxitsoftware.com
2014-01-02 09:06:34,office.microsoft.com
2014-01-02 09:06:34,office14client.microsoft.com
2014-01-02 09:06:36,office.microsoft.com
2014-01-02 09:09:15,www.google.fr
2014-01-02 09:09:28,www.google.fr
2014-01-02 09:09:29,www.google.fr
2014-01-02 09:09:30,www.google.fr
2014-01-02 09:09:32,www.google.com
2014-01-02 09:10:36,www.google.com
2014-01-02 09:10:47,login.wikimedia.org
2014-01-02 09:10:47,bits.wikimedia.org
2014-01-02 09:10:47,www.google.fr
2014-01-02 09:10:47,fr.wikipedia.org
2014-01-02 09:10:48,bits.wikimedia.org
2014-01-02 09:10:49,meta.wikimedia.org
2014-01-02 09:10:50,fr.wikipedia.org
2014-01-02 09:10:50,bits.wikimedia.org
2014-01-02 09:10:50,meta.wikimedia.org
2014-01-02 09:10:51,bits.wikimedia.org
2014-01-02 09:10:51,meta.wikimedia.org
2014-01-02 09:10:52,bits.wikimedia.org
2014-01-02 09:10:52,fr.wikipedia.org
2014-01-02 09:17:55,www.google.fr
2014-01-02 09:18:14,www.google.fr
2014-01-02 09:18:16,office.microsoft.com
2014-01-02 09:18:16,www.google.fr
2014-01-02 09:18:17,office.microsoft.com
2014-01-02 09:18:17,js.microsoft.com
2014-01-02 09:18:18,js.microsoft.com
2014-01-02 09:18:18,office.microsoft.com
2014-01-02 09:18:18,c.msn.com
2014-01-02 09:19:18,www.bernardcordier.com
2014-01-02 09:19:18,www.google.fr
2014-01-03 08:04:09,armmf.adobe.com
2014-01-03 08:04:11,armmf.adobe.com
2014-01-03 08:04:12,armmf.adobe.com
2014-01-03 08:04:14,armmf.adobe.com
2014-01-03 08:05:04,www.google.fr
2014-01-03 08:05:06,www.google.com
2014-01-03 08:05:06,www.google.fr
2014-01-03 08:05:20,www.google.com
2014-01-03 08:05:23,www.google.fr
2014-01-03 08:06:09,www.google.fr
2014-01-03 08:10:21,www.google.fr
2014-01-03 08:10:35,www.google.com
2014-01-03 08:10:56,www.google.com
2014-01-03 08:10:56,www.lequipe.fr
2014-01-03 08:10:56,www.google.fr
2014-01-03 08:10:57,www.google.fr
2014-01-03 08:10:57,medias.lequipe.fr
2014-01-03 08:10:57,www.lequipe.fr
2014-01-03 08:10:57,platform.twitter.com
2014-01-03 08:10:57,www.facebook.com
2014-01-03 08:10:58,static.lequipe.fr
2014-01-03 08:10:58,medias.lequipe.fr
2014-01-03 08:10:58,www.lequipe.fr
2014-01-03 08:11:01,static.lequipe.fr
2014-01-03 08:11:02,netstorage.lequipe.fr
2014-01-03 08:11:02,www.lequipe.fr
2014-01-03 08:11:03,www.lequipe.fr
2014-01-03 08:11:03,fpdownload2.macromedia.com
2014-01-03 08:11:04,apis.google.com
2014-01-03 08:11:04,twitter.com
2014-01-03 08:11:04,www.lequipe.fr
2014-01-03 08:11:04,um.simpli.fi
2014-01-03 08:11:04,widget.achetezfacile.com
2014-01-03 08:11:04,pmu.eficiens-serving.com
2014-01-03 08:11:05,twitter.com
2014-01-03 08:11:05,i.htfacile.fr
2014-01-03 08:11:05,ajax.googleapis.com
2014-01-03 08:11:05,apis.google.com
2014-01-03 08:11:06,pixel2368.everesttech.net
2014-01-03 08:11:06,apis.google.com
2014-01-03 08:11:06,i.htfacile.fr
2014-01-03 08:11:06,connect.facebook.net
2014-01-03 08:11:06,c1.adform.net
2014-01-03 08:11:06,www.lequipe.fr
2014-01-03 08:11:07,static.ak.facebook.com
2014-01-03 08:11:07,www.lequipe.fr
2014-01-03 08:11:07,platform.twitter.com
2014-01-03 08:11:07,c1.adform.net
2014-01-03 08:11:07,accounts.google.com
2014-01-03 08:11:07,s-static.ak.facebook.com
2014-01-03 08:11:08,www.facebook.com
2014-01-03 08:11:08,platform.twitter.com
2014-01-03 08:11:08,accounts.google.com
2014-01-03 08:11:08,static.lequipe.fr
2014-01-03 08:11:38,twitter.com
2014-01-03 08:12:11,www.lequipe.fr
2014-01-03 08:12:31,www.google.fr
2014-01-03 08:12:32,www.google.com
2014-01-03 08:12:39,www.google.fr
2014-01-03 08:12:39,www.google.com
2014-01-03 08:13:20,www.google.fr
2014-01-03 08:13:21,www.google.com
2014-01-03 08:13:51,www.google.fr
2014-01-03 08:13:52,www.google.fr
2014-01-03 08:13:52,www.google.com
2014-01-03 08:13:52,www.rolandgarros.com
2014-01-03 08:13:53,www.rolandgarros.com
2014-01-03 08:13:54,www.rolandgarros.com
2014-01-03 08:13:55,www.rolandgarros.com
2014-01-03 08:13:56,www.rolandgarros.com
2014-01-03 08:13:57,www.rolandgarros.com
2014-01-03 08:13:57,apis.google.com
2014-01-03 08:13:58,www.rolandgarros.com
2014-01-03 08:13:59,www.rolandgarros.com
2014-01-03 08:14:00,apis.google.com
2014-01-03 08:14:00,www.rolandgarros.com
2014-01-03 08:14:01,www.rolandgarros.com
2014-01-03 08:14:02,www.rolandgarros.com
2014-01-03 08:14:02,www.facebook.com
2014-01-03 08:14:02,platform.twitter.com
2014-01-03 08:14:02,s-static.ak.facebook.com
2014-01-03 08:14:02,static.ak.facebook.com
2014-01-03 08:14:03,www.rolandgarros.com
2014-01-03 08:14:03,www.google.com
2014-01-03 08:14:03,www.google.fr
2014-01-03 08:14:03,metrics.rolandgarros.com
2014-01-03 08:14:04,www.rolandgarros.com
2014-01-03 08:14:05,www.rolandgarros.com
2014-01-03 08:14:06,twitter.com
2014-01-03 08:14:06,www.rolandgarros.com
2014-01-03 08:14:07,www.rolandgarros.com
2014-01-03 08:14:08,accounts.google.com
2014-01-03 08:14:08,twitter.com
2014-01-03 08:14:32,www.google.fr
2014-01-03 08:14:33,www.google.fr
2014-01-03 08:14:34,www.google.com
2014-01-03 08:14:39,www.google.fr
2014-01-03 08:14:39,www.lequipe.fr
2014-01-03 08:14:39,www.google.com
2014-01-03 08:14:40,apis.google.com
2014-01-03 08:14:40,www.facebook.com
2014-01-03 08:14:40,widget.achetezfacile.com
2014-01-03 08:14:40,i.htfacile.fr
2014-01-03 08:14:40,www.google.com
2014-01-03 08:14:40,www.google.fr
2014-01-03 08:14:41,twitter.com
2014-01-03 08:14:41,apis.google.com
2014-01-03 08:14:41,accounts.google.com
2014-01-03 08:14:42,static.ak.facebook.com
2014-01-03 08:14:42,www.facebook.com
2014-01-03 08:14:42,static.lequipe.fr
2014-01-03 08:14:42,apis.google.com
2014-01-03 08:14:42,twitter.com
2014-01-03 08:14:42,s-static.ak.facebook.com
2014-01-03 08:14:43,static.lequipe.fr
2014-01-03 08:14:43,accounts.google.com
2014-01-03 08:15:12,twitter.com
2014-01-03 08:15:40,static.lequipe.fr
2014-01-03 08:15:42,160.92.123.193
2014-01-03 08:15:43,www.lequipe.fr
2014-01-03 08:16:27,apis.google.com
2014-01-03 08:16:27,accounts.google.com
2014-01-03 08:16:42,160.92.123.193
2014-01-03 08:16:45,www.lequipe.fr
2014-01-03 08:17:42,160.92.123.193
2014-01-03 08:17:47,www.lequipe.fr
2014-01-03 08:18:42,160.92.123.193
2014-01-03 08:18:49,www.lequipe.fr
2014-01-03 08:19:42,160.92.123.193
2014-01-03 08:19:51,www.lequipe.fr
2014-01-03 08:20:42,160.92.123.193
2014-01-03 08:20:53,www.lequipe.fr
2014-01-03 08:21:42,160.92.123.193
2014-01-03 08:21:55,www.lequipe.fr
2014-01-03 08:22:42,160.92.123.193
2014-01-03 08:22:57,www.lequipe.fr
2014-01-03 08:23:42,160.92.123.193
2014-01-03 08:23:59,www.lequipe.fr
2014-01-03 08:24:42,160.92.123.193
2014-01-03 08:25:01,www.lequipe.fr
2014-01-03 08:25:42,160.92.123.193
2014-01-03 08:26:03,www.lequipe.fr
2014-01-03 08:26:42,160.92.123.193
2014-01-03 08:27:04,www.lequipe.fr
2014-01-03 08:27:42,160.92.123.193
2014-01-03 08:28:06,www.lequipe.fr
2014-01-03 08:28:42,160.92.123.193
2014-01-03 08:29:08,www.lequipe.fr
2014-01-03 08:29:42,160.92.123.193
2014-01-03 08:30:10,www.lequipe.fr
2014-01-03 08:30:42,160.92.123.193
2014-01-03 08:31:12,www.lequipe.fr
2014-01-03 08:31:42,160.92.123.193
2014-01-03 08:32:14,www.lequipe.fr
2014-01-03 08:32:42,160.92.123.193
2014-01-03 08:33:15,www.lequipe.fr
2014-01-03 08:33:42,160.92.123.193
2014-01-03 08:34:17,www.lequipe.fr
2014-01-03 08:34:42,160.92.123.193
2014-01-03 08:35:19,www.lequipe.fr
2014-01-03 08:35:42,160.92.123.193
2014-01-03 08:36:21,www.lequipe.fr
2014-01-03 08:36:42,160.92.123.193
2014-01-03 08:37:23,www.lequipe.fr
2014-01-03 08:37:42,160.92.123.193
2014-01-03 08:38:20,www.google.fr
2014-01-03 08:38:25,www.lequipe.fr
2014-01-03 08:38:42,160.92.123.193
2014-01-03 08:38:48,html5shim.googlecode.com
2014-01-03 08:38:48,ba.commentcamarche.net
2014-01-03 08:38:48,static.ccm2.net
2014-01-03 08:38:48,www.commentcamarche.net
2014-01-03 08:38:48,www.google.fr
2014-01-03 08:38:49,static.ak.facebook.com
2014-01-03 08:38:49,twitter.com
2014-01-03 08:38:49,static.ccmbg.com
2014-01-03 08:38:49,static.ccm2.net
2014-01-03 08:38:49,platform.twitter.com
2014-01-03 08:38:49,www.facebook.com
2014-01-03 08:38:49,ba.commentcamarche.net
2014-01-03 08:38:49,r.ccm2.net
2014-01-03 08:38:49,connect.facebook.net
2014-01-03 08:38:50,static.ccm2.net
2014-01-03 08:38:50,static.ccmbg.com
2014-01-03 08:38:50,www.facebook.com
2014-01-03 08:38:50,s-static.ak.facebook.com
2014-01-03 08:38:50,ajax.googleapis.com
2014-01-03 08:38:51,www.commentcamarche.net
2014-01-03 08:38:53,static.ccm2.net
2014-01-03 08:39:07,www.facebook.com
2014-01-03 08:39:20,twitter.com
2014-01-03 08:39:27,www.lequipe.fr
2014-01-03 08:39:42,160.92.123.193
2014-01-03 08:40:29,www.lequipe.fr
2014-01-03 08:40:30,www.google.fr
2014-01-03 08:40:30,office.microsoft.com
2014-01-03 08:40:31,office.microsoft.com
2014-01-03 08:40:32,js.microsoft.com
2014-01-03 08:40:32,office.microsoft.com
2014-01-03 08:40:32,c.msn.com
2014-01-03 08:40:33,js.microsoft.com
2014-01-03 08:40:36,c.msn.com
2014-01-03 08:40:36,office.microsoft.com
2014-01-03 08:40:36,www.google.fr
2014-01-03 08:40:37,office.microsoft.com
2014-01-03 08:40:42,160.92.123.193
2014-01-03 08:40:48,www.google.fr
2014-01-03 08:40:48,www.commentcamarche.net
2014-01-03 08:40:48,www.facebook.com
2014-01-03 08:40:48,kh6qrx0f8h.s.ad6media.fr
2014-01-03 08:40:48,ba.commentcamarche.net
2014-01-03 08:40:48,static.ccm2.net
2014-01-03 08:40:48,html5shim.googlecode.com
2014-01-03 08:40:49,ba.commentcamarche.net
2014-01-03 08:40:49,r.ccm2.net
2014-01-03 08:40:49,static.ccm2.net
2014-01-03 08:40:49,kh6qrx0f8h.s.ad6media.fr
2014-01-03 08:40:49,style2.ad6.fr
2014-01-03 08:40:50,twitter.com
2014-01-03 08:40:50,static.s-sfr.fr
2014-01-03 08:40:51,static.s-sfr.fr
2014-01-03 08:40:52,ba.commentcamarche.net
2014-01-03 08:40:52,static.s-sfr.fr
2014-01-03 08:40:52,www.commentcamarche.net
2014-01-03 08:40:52,www.facebook.com
2014-01-03 08:40:52,static.ccm2.net
2014-01-03 08:40:53,twitter.com
2014-01-03 08:40:53,www.facebook.com
2014-01-03 08:40:53,static.ak.facebook.com
2014-01-03 08:40:53,static.s-sfr.fr
2014-01-03 08:40:53,s-static.ak.facebook.com
2014-01-03 08:40:54,box.sfr.fr
2014-01-03 08:40:54,kh6qrx0f8h.s.ad6media.fr
2014-01-03 08:40:54,static.s-sfr.fr
2014-01-03 08:40:54,www.sfr.fr
2014-01-03 08:40:54,sfr.inq.com
2014-01-03 08:40:54,s2.s-sfr.fr
2014-01-03 08:40:54,s1.s-sfr.fr
2014-01-03 08:40:55,metrics.sfr.fr
2014-01-03 08:40:55,static.s-sfr.fr
2014-01-03 08:40:55,sfr.inq.com
2014-01-03 08:40:55,www.sfr.fr
2014-01-03 08:40:56,style2.ad6.fr
2014-01-03 08:41:31,www.lequipe.fr
2014-01-03 08:41:39,kh6qrx0f8h.s.ad6media.fr
2014-01-03 08:41:41,kh6qrx0f8h.s.ad6media.fr
2014-01-03 08:41:41,hd.mamutuelleparinternet.com
2014-01-03 08:41:41,www.adwidecenter.com
2014-01-03 08:41:42,www.adwidecenter.com
2014-01-03 08:41:42,kh6qrx0f8h.s.ad6media.fr
2014-01-03 08:41:42,160.92.123.193
2014-01-03 08:41:43,www.adwidecenter.com
2014-01-03 08:41:44,metrics.sfr.fr
2014-01-03 08:41:45,style2.ad6.fr
2014-01-03 08:41:57,www.google.fr
2014-01-03 08:41:58,www.facebook.com
2014-01-03 08:41:58,ba.commentcamarche.net
2014-01-03 08:41:58,www.commentcamarche.net
2014-01-03 08:41:58,www.google.fr
2014-01-03 08:41:58,static.ccm2.net
2014-01-03 08:41:59,static.ccm2.net
2014-01-03 08:42:01,static.ak.facebook.com
2014-01-03 08:42:01,twitter.com
2014-01-03 08:42:01,s-static.ak.facebook.com
2014-01-03 08:42:03,loadr.exelator.com
2014-01-03 08:42:05,pixel.alephd.com
2014-01-03 08:42:05,www.facebook.com
2014-01-03 08:42:05,ba.commentcamarche.net
2014-01-03 08:42:06,www.facebook.com
2014-01-03 08:42:11,twitter.com
2014-01-03 08:42:32,www.lequipe.fr
2014-01-03 08:42:42,160.92.123.193
2014-01-03 08:43:34,www.lequipe.fr
2014-01-03 08:43:42,160.92.123.193
2014-01-03 08:44:36,www.lequipe.fr
2014-01-03 08:44:42,160.92.123.193
2014-01-03 08:45:38,www.lequipe.fr
2014-01-03 08:45:42,160.92.123.193
2014-01-03 08:46:40,www.lequipe.fr
2014-01-03 08:46:42,160.92.123.193
2014-01-03 08:47:42,www.lequipe.fr
2014-01-03 08:47:43,160.92.123.193
2014-01-03 08:48:43,160.92.123.193
2014-01-03 08:48:44,www.lequipe.fr
2014-01-03 08:49:43,160.92.123.193
2014-01-03 08:49:45,www.lequipe.fr
2014-01-03 08:50:43,160.92.123.193
2014-01-03 08:50:47,www.lequipe.fr
2014-01-03 08:51:43,160.92.123.193
2014-01-03 08:51:49,www.lequipe.fr
2014-01-03 08:52:43,160.92.123.193
2014-01-03 08:52:51,www.lequipe.fr
2014-01-03 08:53:43,160.92.123.193
2014-01-03 08:53:53,www.lequipe.fr
2014-01-03 08:54:43,160.92.123.193
2014-01-03 08:54:55,www.lequipe.fr
2014-01-03 08:55:43,160.92.123.193
2014-01-03 08:55:57,www.lequipe.fr
2014-01-03 08:56:43,160.92.123.193
2014-01-03 08:56:59,www.lequipe.fr
2014-01-03 08:57:43,160.92.123.193
2014-01-03 08:58:00,www.lequipe.fr
2014-01-03 08:58:43,160.92.123.193
2014-01-03 08:59:02,www.lequipe.fr
2014-01-03 08:59:24,www.facebook.com
2014-01-03 08:59:43,160.92.123.193
2014-01-03 08:59:43,www.google.fr
2014-01-03 08:59:48,www.ac-grenoble.fr
2014-01-03 09:00:04,www.lequipe.fr
2014-01-03 09:00:38,www.google.fr
2014-01-03 09:00:43,160.92.123.193
2014-01-03 09:01:06,www.lequipe.fr
2014-01-03 09:01:19,www.google.fr
2014-01-03 09:01:19,www.commentcamarche.net
2014-01-03 09:01:19,ba.commentcamarche.net
2014-01-03 09:01:19,static.ccm2.net
2014-01-03 09:01:19,html5shim.googlecode.com
2014-01-03 09:01:19,www.facebook.com
2014-01-03 09:01:20,ba.commentcamarche.net
2014-01-03 09:01:20,twitter.com
2014-01-03 09:01:20,www.facebook.com
2014-01-03 09:01:20,connect.facebook.net
2014-01-03 09:01:21,www.facebook.com
2014-01-03 09:01:21,static.ak.facebook.com
2014-01-03 09:01:21,s-static.ak.facebook.com
2014-01-03 09:01:21,twitter.com
2014-01-03 09:01:43,160.92.123.193
2014-01-03 09:02:08,www.lequipe.fr
2014-01-03 09:02:28,www.google.fr
2014-01-03 09:02:43,160.92.123.193
2014-01-03 09:02:58,www.google.fr
2014-01-03 09:03:10,www.lequipe.fr
2014-01-03 09:03:43,160.92.123.193
2014-01-03 09:04:12,www.lequipe.fr
2014-01-03 09:04:43,160.92.123.193
2014-01-03 09:05:14,www.lequipe.fr
2014-01-03 09:05:43,160.92.123.193
2014-01-03 09:06:16,www.lequipe.fr
2014-01-03 09:06:43,160.92.123.193
2014-01-03 09:07:17,www.lequipe.fr
2014-01-03 09:07:43,160.92.123.193
2014-01-03 09:08:19,www.lequipe.fr
2014-01-03 09:08:43,160.92.123.193
2014-01-03 09:09:21,www.lequipe.fr
2014-01-03 09:09:43,160.92.123.193
2014-01-03 09:10:23,www.lequipe.fr
2014-01-03 09:10:43,160.92.123.193
2014-01-03 09:11:25,www.lequipe.fr
2014-01-03 09:11:43,160.92.123.193
2014-01-03 09:12:27,www.lequipe.fr
2014-01-03 09:12:43,160.92.123.193
2014-01-03 09:13:29,www.lequipe.fr
2014-01-03 09:13:43,160.92.123.193
2014-01-03 09:14:31,www.lequipe.fr
2014-01-03 09:14:43,160.92.123.193
2014-01-03 09:15:32,www.lequipe.fr
2014-01-03 09:15:43,160.92.123.193
2014-01-03 09:16:34,www.lequipe.fr
2014-01-03 09:16:43,160.92.123.193
2014-01-03 09:17:36,www.lequipe.fr
2014-01-03 09:17:43,160.92.123.193
2014-01-03 09:18:38,www.lequipe.fr
2014-01-03 09:18:43,160.92.123.193
2014-01-03 09:19:40,www.lequipe.fr
2014-01-03 09:19:43,160.92.123.193
2014-01-03 09:20:42,www.lequipe.fr
2014-01-03 09:20:43,160.92.123.193
2014-01-03 09:21:43,160.92.123.193
2014-01-03 09:21:43,www.lequipe.fr
2014-01-03 09:22:43,160.92.123.193
2014-01-03 09:22:45,www.lequipe.fr
2014-01-03 09:23:43,160.92.123.193
2014-01-03 09:23:47,www.lequipe.fr
2014-01-03 09:24:43,160.92.123.193
2014-01-03 09:24:49,www.lequipe.fr
2014-01-03 09:25:43,160.92.123.193
2014-01-03 09:25:51,www.lequipe.fr
2014-01-03 09:26:43,160.92.123.193
2014-01-03 09:26:53,www.lequipe.fr
2014-01-03 09:27:43,160.92.123.193
2014-01-03 09:27:54,www.lequipe.fr
2014-01-03 09:28:43,160.92.123.193
2014-01-03 09:28:56,www.lequipe.fr
2014-01-03 09:29:43,160.92.123.193
2014-01-03 09:29:58,www.lequipe.fr
2014-01-03 09:30:43,160.92.123.193
2014-01-03 09:31:00,www.lequipe.fr
2014-01-03 09:31:43,160.92.123.193
2014-01-03 09:32:02,www.lequipe.fr
2014-01-03 09:32:43,160.92.123.193
2014-01-03 09:33:04,www.lequipe.fr
2014-01-03 09:33:43,160.92.123.193
2014-01-03 09:34:06,www.lequipe.fr
2014-01-03 09:34:43,160.92.123.193
2014-01-03 09:35:08,www.lequipe.fr
2014-01-03 09:35:43,160.92.123.193
2014-01-03 09:36:09,www.lequipe.fr
2014-01-03 09:36:43,160.92.123.193
2014-01-03 09:37:11,www.lequipe.fr
2014-01-03 09:37:16,160.92.123.193
2014-01-03 09:37:16,www.google.fr
2014-01-03 09:37:29,www.squid-cache.org
2014-01-03 09:37:33,www.google.fr
2014-01-03 09:37:34,www.google.fr
2014-01-03 09:37:35,www.google.com
2014-01-03 09:37:40,www.google.com
2014-01-03 09:37:40,www.google.fr
2014-01-17 13:52:00,fpdownload2.macromedia.com
2014-01-17 13:52:06,windows.microsoft.com
2014-01-17 13:52:06,res1.windows.microsoft.com
2014-01-17 13:52:06,ajax.microsoft.com
2014-01-17 13:52:06,res2.windows.microsoft.com
2014-01-17 13:52:06,go.microsoft.com
2014-01-17 13:52:07,windows.microsoft.com
2014-01-17 13:52:07,res2.windows.microsoft.com
2014-01-17 13:52:07,js.microsoft.com
2014-01-17 13:52:07,res1.windows.microsoft.com
2014-01-17 13:52:11,www.google.com
2014-01-17 13:52:28,ieonline.microsoft.com
2014-01-17 13:53:21,ieonline.microsoft.com
2014-01-17 13:55:56,www.google.fr
2014-01-17 13:55:59,apis.google.com
2014-01-17 13:56:01,www.google.fr
2014-01-17 13:56:01,www.google.com
2014-01-17 13:56:26,www.google.com
2014-01-17 13:56:26,apis.google.com
2014-01-17 13:56:26,www.google.fr
2014-01-17 13:56:27,www.google.fr
2014-02-04 08:11:07,www.google.fr
2014-02-04 08:11:08,www.google.fr
2014-02-04 08:11:10,apis.google.com
2014-02-04 08:11:12,www.google.com
2014-02-04 08:11:31,www.google.fr
2014-02-04 08:11:31,mail.google.com
2014-02-04 08:11:44,accounts.google.com
2014-02-04 08:11:48,ieonline.microsoft.com
2014-02-04 08:11:50,www.google.com
2014-02-04 08:11:50,www.google.fr
2014-02-04 08:11:50,apis.google.com
2014-02-04 08:11:57,accounts.youtube.com
2014-02-04 08:11:58,www.google.fr
2014-02-04 08:12:01,www.google.fr
2014-02-04 08:12:01,mail.google.com
2014-02-04 08:12:03,plus.google.com
2014-02-04 08:12:03,mail.google.com
2014-02-04 08:12:10,accounts.google.fr
2014-02-04 08:12:11,plus.google.com
2014-02-04 08:12:12,accounts.google.com
2014-02-04 08:12:12,plus.google.com
2014-02-04 08:12:13,clients2.google.com
2014-02-04 08:12:13,accounts.youtube.com
2014-02-04 08:12:13,accounts.google.fr
2014-02-04 08:12:14,mail.google.com
2014-02-04 08:12:14,www.google.com
2014-02-04 08:12:18,mail.google.com
2014-02-04 08:12:18,chatenabled.mail.google.com
2014-02-04 08:12:43,www.google.fr
2014-02-04 08:12:45,drive.google.com
2014-02-04 08:12:55,drive.google.com
2014-02-04 08:12:56,apis.google.com
2014-02-04 08:12:56,www.google.fr
2014-02-04 08:12:56,drive.google.com
2014-02-04 08:12:58,0.drive.google.com
2014-02-04 08:12:59,0.drive.google.com
2014-02-04 08:13:00,drive.google.com
2014-02-04 08:13:04,docs.google.com
2014-02-04 08:13:05,apis.google.com
2014-02-04 08:13:05,docs.google.com
2014-02-04 08:13:05,drive.google.com
2014-02-04 08:13:06,docs.google.com
2014-02-04 08:13:07,docs.google.com
2014-02-04 08:13:17,docs.google.com
2014-02-04 08:13:44,0.docs.google.com
2014-02-04 08:13:45,0.docs.google.com
2014-02-04 08:13:46,0.talkgadget.google.com
2014-02-04 08:13:47,apis.google.com
2014-02-04 08:13:47,docs.google.com
2014-02-04 08:13:48,ieonline.microsoft.com
2014-02-04 08:13:50,docs.google.com
2014-02-04 08:13:51,plus.google.com
2014-02-04 08:13:57,0.talkgadget.google.com
2014-02-04 08:14:06,gg.google.com
2014-02-04 08:14:30,apis.google.com
2014-02-04 08:14:51,apis.google.com
2014-02-04 08:14:51,0.talkgadget.google.com
2014-02-04 08:14:53,drive.google.com
2014-02-04 08:14:54,www.google.com
2014-02-04 08:14:56,drive.google.com
2014-02-04 08:14:57,clients2.google.com
2014-02-04 08:14:57,1.drive.google.com
2014-02-04 08:14:58,1.drive.google.com
2014-02-04 08:14:59,apis.google.com
2014-02-04 08:15:01,chatenabled.mail.google.com
2014-02-04 08:15:01,accounts.google.com
2014-02-04 08:15:01,docs.google.com
2014-02-04 08:15:01,mail.google.com
2014-02-04 08:15:11,docs.google.com
2014-02-04 08:15:30,docs.google.com
2014-02-04 08:15:48,www.google.com
2014-02-04 08:15:49,1.docs.google.com
2014-02-04 08:15:49,apis.google.com
2014-02-04 08:15:50,1.docs.google.com
2014-02-04 08:15:52,accounts.google.com
2014-02-04 08:15:54,drive.google.com
2014-02-04 08:15:54,gg.google.com
2014-02-04 08:15:55,clients6.google.com
2014-02-04 08:16:56,drive.google.com
2014-02-04 08:17:07,docs.google.com
2014-02-04 08:17:08,docs.google.com
2014-02-04 08:17:50,0.talkgadget.google.com
2014-02-04 08:17:51,plus.google.com
2014-02-04 08:18:06,gg.google.com
2014-02-04 08:18:09,docs.google.com
2014-02-04 08:18:37,docs.google.com
2014-02-04 08:18:54,www.google.com
2014-02-04 08:18:56,drive.google.com
2014-02-04 08:19:02,docs.google.com
2014-02-04 08:19:48,www.google.com
2014-02-04 08:19:52,accounts.google.com
2014-02-04 08:19:54,gg.google.com
2014-02-04 08:19:55,clients6.google.com
2014-02-04 08:19:55,apis.google.com
2014-02-04 08:20:12,docs.google.com
2014-02-04 08:20:56,drive.google.com
2014-02-04 08:21:05,docs.google.com
2014-02-04 08:21:06,docs.google.com
2014-02-04 08:21:14,2.docs.google.com
2014-02-04 08:21:15,2.docs.google.com
2014-02-04 08:21:15,mail.google.com
2014-02-04 08:21:17,clients6.google.com
2014-02-04 08:21:17,2.docs.google.com
2014-02-04 08:21:20,docs.google.com
2014-02-04 08:22:04,drive.google.com
2014-02-04 08:22:08,docs.google.com
2014-02-04 08:22:08,apis.google.com
2014-02-04 08:22:08,2.docs.google.com
2014-02-04 08:22:09,drive.google.com
2014-02-04 08:22:10,docs.google.com
2014-02-04 08:22:11,3.docs.google.com
2014-02-04 08:22:12,clients6.google.com
2014-02-04 08:22:13,3.docs.google.com
2014-02-04 08:22:13,3.talkgadget.google.com
2014-02-04 08:22:19,docs.google.com
2014-02-04 08:22:19,plus.google.com
2014-02-04 08:22:56,docs.google.com
2014-02-04 08:23:07,docs.google.com
2014-02-04 08:23:19,docs.google.com
2014-02-04 08:23:21,www.google.com
2014-02-04 08:23:22,docs.google.com
2014-02-04 08:24:33,www.google.fr
2014-02-04 08:24:35,www.google.fr
2014-02-04 08:25:00,www.google.fr
2014-02-04 08:25:00,www.roehampton.ac.uk
2014-02-04 08:25:01,platform.twitter.com
2014-02-04 08:25:01,www.google.fr
2014-02-04 08:25:01,www.roehampton.ac.uk
2014-02-04 08:25:02,platform.twitter.com
2014-02-04 08:25:02,player.vimeo.com
2014-02-04 08:25:07,player.vimeo.com
2014-02-04 08:25:17,pbs.twimg.com
2014-02-04 08:25:18,pbs.twimg.com
2014-02-04 08:25:18,player.vimeo.com
2014-02-04 08:25:19,docs.google.com
2014-02-04 08:25:19,pbs.twimg.com
2014-02-04 08:25:20,player.vimeo.com
2014-02-04 08:25:26,player.vimeo.com
2014-02-04 08:25:29,twitter.com
2014-02-04 08:25:30,pbs.twimg.com
2014-02-04 08:25:32,player.vimeo.com
2014-02-04 08:25:39,player.vimeo.com
2014-02-04 08:25:44,player.vimeo.com
2014-02-04 08:25:44,pbs.twimg.com
2014-02-04 08:25:50,player.vimeo.com
2014-02-04 08:25:56,player.vimeo.com
2014-02-04 08:25:57,syndication.twitter.com
2014-02-04 08:26:00,twitter.com
2014-02-04 08:26:02,player.vimeo.com
2014-02-04 08:26:05,drive.google.com
2014-02-04 08:26:08,player.vimeo.com
2014-02-04 08:26:14,player.vimeo.com
2014-02-04 08:26:15,3.talkgadget.google.com
2014-02-04 08:26:18,3.talkgadget.google.com
2014-02-04 08:26:19,plus.google.com
2014-02-04 08:26:20,player.vimeo.com
2014-02-04 08:26:26,player.vimeo.com
2014-02-04 08:26:27,syndication.twitter.com
2014-02-04 08:26:32,player.vimeo.com
2014-02-04 08:26:32,platform.twitter.com
2014-02-04 08:26:38,player.vimeo.com
2014-02-04 08:26:44,player.vimeo.com
2014-02-04 08:26:50,player.vimeo.com
2014-02-04 08:26:56,drive.google.com
2014-02-04 08:26:56,player.vimeo.com
2014-02-04 08:27:02,player.vimeo.com
2014-02-04 08:27:08,player.vimeo.com
2014-02-04 08:27:13,player.vimeo.com
2014-02-04 08:27:19,docs.google.com
2014-02-04 08:27:19,player.vimeo.com
2014-02-04 08:27:21,www.google.com
2014-02-04 08:27:25,player.vimeo.com
2014-02-04 08:27:31,player.vimeo.com
2014-02-04 08:27:37,player.vimeo.com
2014-02-04 08:27:42,syndication.twitter.com
2014-02-04 08:27:43,player.vimeo.com
2014-02-04 08:27:49,player.vimeo.com
2014-02-04 08:27:55,player.vimeo.com
2014-02-04 08:28:01,player.vimeo.com
2014-02-04 08:28:07,player.vimeo.com
2014-02-04 08:28:13,player.vimeo.com
2014-02-04 08:28:19,player.vimeo.com
2014-02-04 08:28:26,player.vimeo.com
2014-02-04 08:28:31,player.vimeo.com
2014-02-04 08:28:37,player.vimeo.com
2014-02-04 08:28:43,player.vimeo.com
2014-02-04 08:28:49,player.vimeo.com
2014-02-04 08:28:53,docs.google.com
2014-02-04 08:28:55,player.vimeo.com
2014-02-04 08:29:02,player.vimeo.com
2014-02-04 08:29:07,player.vimeo.com
2014-02-04 08:29:12,syndication.twitter.com
2014-02-04 08:29:13,player.vimeo.com
2014-02-04 08:29:19,player.vimeo.com
2014-02-04 08:29:25,player.vimeo.com
2014-02-04 08:29:31,player.vimeo.com
2014-02-04 08:29:37,player.vimeo.com
2014-02-04 08:29:43,player.vimeo.com
2014-02-04 08:29:49,player.vimeo.com
2014-02-04 08:29:55,player.vimeo.com
2014-02-04 08:30:01,player.vimeo.com
2014-02-04 08:30:07,player.vimeo.com
2014-02-04 08:30:11,mail.google.com
2014-02-04 08:30:13,player.vimeo.com
2014-02-04 08:30:18,www.google.fr
2014-02-04 08:30:19,player.vimeo.com
2014-02-04 08:30:20,www.google.fr
2014-02-04 08:30:20,translate.google.fr
2014-02-04 08:30:20,mail.google.com
2014-02-04 08:30:21,fpdownload2.macromedia.com
2014-02-04 08:30:21,translate.google.fr
2014-02-04 08:30:21,www.google.fr
2014-02-04 08:30:23,translate.google.fr
2014-02-04 08:30:23,www.google.com
2014-02-04 08:30:25,player.vimeo.com
2014-02-04 08:30:25,translate.google.fr
2014-02-04 08:30:26,translate.google.fr
2014-02-04 08:30:31,docs.google.com
2014-02-04 08:30:31,player.vimeo.com
2014-02-04 08:30:31,translate.google.fr
2014-02-04 08:30:37,player.vimeo.com
2014-02-04 08:30:43,syndication.twitter.com
2014-02-04 08:30:43,player.vimeo.com
2014-02-04 08:30:49,player.vimeo.com
2014-02-04 08:30:55,player.vimeo.com
2014-02-04 08:31:01,player.vimeo.com
2014-02-04 08:31:07,player.vimeo.com
2014-02-04 08:31:13,player.vimeo.com
2014-02-04 08:31:20,player.vimeo.com
2014-02-04 08:31:25,player.vimeo.com
2014-02-04 08:31:31,player.vimeo.com
2014-02-04 08:31:37,player.vimeo.com
2014-02-04 08:31:43,player.vimeo.com
2014-02-04 08:31:49,player.vimeo.com
2014-02-04 08:31:55,player.vimeo.com
2014-02-04 08:32:01,player.vimeo.com
2014-02-04 08:32:07,player.vimeo.com
2014-02-04 08:32:13,syndication.twitter.com
2014-02-04 08:32:13,player.vimeo.com
2014-02-04 08:32:19,player.vimeo.com
2014-02-04 08:32:25,player.vimeo.com
2014-02-04 08:32:31,player.vimeo.com
2014-02-04 08:32:37,player.vimeo.com
2014-02-04 08:32:43,player.vimeo.com
2014-02-04 08:32:49,player.vimeo.com
2014-02-04 08:32:55,player.vimeo.com
2014-02-04 08:32:56,drive.google.com
2014-02-04 08:33:01,player.vimeo.com
2014-02-04 08:33:07,player.vimeo.com
2014-02-04 08:33:13,player.vimeo.com
2014-02-04 08:33:19,player.vimeo.com
2014-02-04 08:33:25,player.vimeo.com
2014-02-04 08:33:31,player.vimeo.com
2014-02-04 08:33:37,player.vimeo.com
2014-02-04 08:33:42,syndication.twitter.com
2014-02-04 08:33:43,player.vimeo.com
2014-02-04 08:33:49,player.vimeo.com
2014-02-04 08:33:55,player.vimeo.com
2014-02-04 08:34:01,player.vimeo.com
2014-02-04 08:34:07,player.vimeo.com
2014-02-04 08:34:13,player.vimeo.com
2014-02-04 08:34:19,player.vimeo.com
2014-02-04 08:34:25,player.vimeo.com
2014-02-04 08:34:31,player.vimeo.com
2014-02-04 08:34:43,player.vimeo.com
2014-02-04 08:34:49,player.vimeo.com
2014-02-04 08:34:55,player.vimeo.com
2014-02-04 08:35:01,player.vimeo.com
2014-02-04 08:35:07,player.vimeo.com
2014-02-04 08:35:10,player.vimeo.com
2014-02-04 08:35:12,syndication.twitter.com
2014-02-04 08:35:13,player.vimeo.com
2014-02-04 08:35:19,player.vimeo.com
2014-02-04 08:35:25,player.vimeo.com
2014-02-04 08:35:31,player.vimeo.com
2014-02-04 08:35:37,player.vimeo.com
2014-02-04 08:35:43,player.vimeo.com
2014-02-04 08:35:46,docs.google.com
2014-02-04 08:35:49,player.vimeo.com
2014-02-04 08:35:55,player.vimeo.com
2014-02-04 08:36:01,player.vimeo.com
2014-02-04 08:36:07,player.vimeo.com
2014-02-04 08:36:13,player.vimeo.com
2014-02-04 08:36:19,player.vimeo.com
2014-02-04 08:36:25,player.vimeo.com
2014-02-04 08:36:31,player.vimeo.com
2014-02-04 08:36:37,player.vimeo.com
2014-02-04 08:36:42,syndication.twitter.com
2014-02-04 08:36:43,player.vimeo.com
2014-02-04 08:36:49,player.vimeo.com
2014-02-04 08:36:55,player.vimeo.com
2014-02-04 08:36:56,drive.google.com
2014-02-04 08:37:01,player.vimeo.com
2014-02-04 08:37:07,player.vimeo.com
2014-02-04 08:37:13,player.vimeo.com
2014-02-04 08:37:19,player.vimeo.com
2014-02-04 08:37:25,player.vimeo.com
2014-02-04 08:37:31,player.vimeo.com
2014-02-04 08:37:37,player.vimeo.com
2014-02-04 08:37:44,player.vimeo.com
2014-02-04 08:37:49,player.vimeo.com
2014-02-04 08:37:55,player.vimeo.com
2014-02-04 08:38:01,player.vimeo.com
2014-02-04 08:38:07,player.vimeo.com
2014-02-04 08:38:12,syndication.twitter.com
2014-02-04 08:38:13,player.vimeo.com
2014-02-04 08:38:20,player.vimeo.com
2014-02-04 08:38:25,player.vimeo.com
2014-02-04 08:38:31,player.vimeo.com
2014-02-04 08:38:37,player.vimeo.com
2014-02-04 08:38:43,player.vimeo.com
2014-02-04 08:38:49,player.vimeo.com
2014-02-04 08:38:55,player.vimeo.com
2014-02-04 08:38:56,drive.google.com
2014-02-04 08:39:01,player.vimeo.com
2014-02-04 08:39:07,player.vimeo.com
2014-02-04 08:39:13,player.vimeo.com
2014-02-04 08:39:19,player.vimeo.com
2014-02-04 08:39:25,player.vimeo.com
2014-02-04 08:39:31,player.vimeo.com
2014-02-04 08:39:37,player.vimeo.com
2014-02-04 08:39:42,syndication.twitter.com
2014-02-04 08:39:43,player.vimeo.com
2014-02-04 08:39:49,player.vimeo.com
2014-02-04 08:39:55,player.vimeo.com
2014-02-04 08:39:58,translate.google.fr
2014-02-04 08:39:58,drive.google.com
2014-02-04 08:39:59,translate.google.fr
2014-02-04 08:40:01,translate.google.fr
2014-02-04 08:40:01,player.vimeo.com
2014-02-04 08:40:02,translate.google.fr
2014-02-04 08:40:07,translate.google.fr
2014-02-04 08:40:07,player.vimeo.com
2014-02-04 08:40:13,player.vimeo.com
2014-02-04 08:40:19,player.vimeo.com
2014-02-04 08:40:26,player.vimeo.com
2014-02-04 08:40:32,player.vimeo.com
2014-02-04 08:40:37,player.vimeo.com
2014-02-04 08:40:37,docs.google.com
2014-02-04 08:40:43,player.vimeo.com
2014-02-04 08:40:49,player.vimeo.com
2014-02-04 08:40:55,player.vimeo.com
2014-02-04 08:40:56,drive.google.com
2014-02-04 08:41:01,player.vimeo.com
2014-02-04 08:41:07,player.vimeo.com
2014-02-04 08:41:12,syndication.twitter.com
2014-02-04 08:41:13,player.vimeo.com
2014-02-04 08:41:19,player.vimeo.com
2014-02-04 08:41:25,player.vimeo.com
2014-02-04 08:41:32,player.vimeo.com
2014-02-04 08:41:36,translate.google.fr
2014-02-04 08:41:37,translate.google.fr
2014-02-04 08:41:37,player.vimeo.com
2014-02-04 08:41:38,translate.google.fr
2014-02-04 08:41:39,translate.google.fr
2014-02-04 08:41:42,translate.google.fr
2014-02-04 08:41:43,player.vimeo.com
2014-02-04 08:41:44,translate.google.fr
2014-02-04 08:41:49,player.vimeo.com
2014-02-04 08:41:50,translate.google.fr
2014-02-04 08:41:54,docs.google.com
2014-02-04 08:41:55,player.vimeo.com
2014-02-04 08:42:02,player.vimeo.com
2014-02-04 08:42:07,player.vimeo.com
2014-02-04 08:42:13,player.vimeo.com
2014-02-04 08:42:16,translate.google.fr
2014-02-04 08:42:17,translate.google.fr
2014-02-04 08:42:19,player.vimeo.com
2014-02-04 08:42:20,translate.google.fr
2014-02-04 08:42:22,translate.google.fr
2014-02-04 08:42:25,player.vimeo.com
2014-02-04 08:42:31,player.vimeo.com
2014-02-04 08:42:35,translate.google.fr
2014-02-04 08:42:36,translate.google.fr
2014-02-04 08:42:37,translate.google.fr
2014-02-04 08:42:37,player.vimeo.com
2014-02-04 08:42:38,translate.google.fr
2014-02-04 08:42:39,translate.google.fr
2014-02-04 08:42:40,translate.google.fr
2014-02-04 08:42:42,syndication.twitter.com
2014-02-04 08:42:43,translate.google.fr
2014-02-04 08:42:43,player.vimeo.com
2014-02-04 08:42:45,translate.google.fr
2014-02-04 08:42:49,player.vimeo.com
2014-02-04 08:42:55,player.vimeo.com
2014-02-04 08:43:01,player.vimeo.com
2014-02-04 08:43:07,player.vimeo.com
2014-02-04 08:43:13,player.vimeo.com
2014-02-04 08:43:19,player.vimeo.com
2014-02-04 08:43:25,player.vimeo.com
2014-02-04 08:43:32,player.vimeo.com
2014-02-04 08:43:37,player.vimeo.com
2014-02-04 08:43:43,player.vimeo.com
2014-02-04 08:43:49,player.vimeo.com
2014-02-04 08:43:55,player.vimeo.com
2014-02-04 08:44:01,player.vimeo.com
2014-02-04 08:44:08,player.vimeo.com
2014-02-04 08:44:13,syndication.twitter.com
2014-02-04 08:44:13,player.vimeo.com
2014-02-04 08:44:18,translate.google.fr
2014-02-04 08:44:19,player.vimeo.com
2014-02-04 08:44:19,translate.google.fr
2014-02-04 08:44:21,translate.google.fr
2014-02-04 08:44:24,translate.google.fr
2014-02-04 08:44:25,player.vimeo.com
2014-02-04 08:44:29,translate.google.fr
2014-02-04 08:44:30,translate.google.fr
2014-02-04 08:44:31,translate.google.fr
2014-02-04 08:44:31,player.vimeo.com
2014-02-04 08:44:34,translate.google.fr
2014-02-04 08:44:35,translate.google.fr
2014-02-04 08:44:37,player.vimeo.com
2014-02-04 08:44:43,player.vimeo.com
2014-02-04 08:44:49,player.vimeo.com
2014-02-04 08:44:55,player.vimeo.com
2014-02-04 08:44:56,drive.google.com
2014-02-04 08:45:01,player.vimeo.com
2014-02-04 08:45:07,player.vimeo.com
2014-02-04 08:45:11,docs.google.com
2014-02-04 08:45:13,player.vimeo.com
2014-02-04 08:45:19,player.vimeo.com
2014-02-04 08:45:25,player.vimeo.com
2014-02-04 08:45:31,player.vimeo.com
2014-02-04 08:45:37,player.vimeo.com
2014-02-04 08:45:43,player.vimeo.com
2014-02-04 08:45:43,syndication.twitter.com
2014-02-04 08:45:49,player.vimeo.com
2014-02-04 08:45:55,player.vimeo.com
2014-02-04 08:46:01,player.vimeo.com
2014-02-04 08:46:07,player.vimeo.com
2014-02-04 08:46:14,player.vimeo.com
2014-02-04 08:46:19,player.vimeo.com
2014-02-04 08:46:25,player.vimeo.com
2014-02-04 08:46:31,player.vimeo.com
2014-02-04 08:46:37,player.vimeo.com
2014-02-04 08:46:43,player.vimeo.com
2014-02-04 08:46:49,player.vimeo.com
2014-02-04 08:46:55,player.vimeo.com
2014-02-04 08:47:01,player.vimeo.com
2014-02-04 08:47:07,player.vimeo.com
2014-02-04 08:47:13,syndication.twitter.com
2014-02-04 08:47:13,player.vimeo.com
2014-02-04 08:47:19,player.vimeo.com
2014-02-04 08:47:25,player.vimeo.com
2014-02-04 08:47:31,player.vimeo.com
2014-02-04 08:47:37,player.vimeo.com
2014-02-04 08:47:43,player.vimeo.com
2014-02-04 08:47:49,player.vimeo.com
2014-02-04 08:47:55,player.vimeo.com
2014-02-04 08:48:01,player.vimeo.com
2014-02-04 08:48:07,player.vimeo.com
2014-02-04 08:48:13,player.vimeo.com
2014-02-04 08:48:19,player.vimeo.com
2014-02-04 08:48:25,player.vimeo.com
2014-02-04 08:48:31,player.vimeo.com
2014-02-04 08:48:37,player.vimeo.com
2014-02-04 08:48:43,player.vimeo.com
2014-02-04 08:48:43,syndication.twitter.com
2014-02-04 08:48:49,player.vimeo.com
2014-02-04 08:48:51,www.google.fr
2014-02-04 08:48:51,drive.google.com
2014-02-04 08:48:51,0.drive.google.com
2014-02-04 08:48:55,player.vimeo.com
2014-02-04 08:48:56,drive.google.com
2014-02-04 08:49:01,player.vimeo.com
2014-02-04 08:49:07,player.vimeo.com
2014-02-04 08:49:12,docs.google.com
2014-02-04 08:49:13,docs.google.com
2014-02-04 08:49:13,player.vimeo.com
2014-02-04 08:49:19,player.vimeo.com
2014-02-04 08:49:25,player.vimeo.com
2014-02-04 08:49:27,www.google.fr
2014-02-04 08:49:28,www.google.fr
2014-02-04 08:49:28,fr.wikipedia.org
2014-02-04 08:49:28,bits.wikimedia.org
2014-02-04 08:49:28,login.wikimedia.org
2014-02-04 08:49:28,meta.wikimedia.org
2014-02-04 08:49:31,player.vimeo.com
2014-02-04 08:49:37,player.vimeo.com
2014-02-04 08:49:43,player.vimeo.com
2014-02-04 08:49:49,player.vimeo.com
2014-02-04 08:49:57,player.vimeo.com
2014-02-04 08:50:01,player.vimeo.com
2014-02-04 08:50:07,player.vimeo.com
2014-02-04 08:50:12,syndication.twitter.com
2014-02-04 08:50:13,player.vimeo.com
2014-02-04 08:50:19,player.vimeo.com
2014-02-04 08:50:25,player.vimeo.com
2014-02-04 08:50:31,player.vimeo.com
2014-02-04 08:50:37,player.vimeo.com
2014-02-04 08:50:43,player.vimeo.com
2014-02-04 08:50:43,bits.wikimedia.org
2014-02-04 08:50:49,player.vimeo.com
2014-02-04 08:50:55,player.vimeo.com
2014-02-04 08:51:01,player.vimeo.com
2014-02-04 08:51:05,translate.google.fr
2014-02-04 08:51:06,translate.google.fr
2014-02-04 08:51:07,translate.google.fr
2014-02-04 08:51:07,player.vimeo.com
2014-02-04 08:51:09,translate.google.fr
2014-02-04 08:51:10,translate.google.fr
2014-02-04 08:51:11,translate.google.fr
2014-02-04 08:51:12,translate.google.fr
2014-02-04 08:51:13,player.vimeo.com
2014-02-04 08:51:13,inputtools.google.com
2014-02-04 08:51:14,translate.google.fr
2014-02-04 08:51:19,player.vimeo.com
2014-02-04 08:51:25,player.vimeo.com
2014-02-04 08:51:31,player.vimeo.com
2014-02-04 08:51:37,player.vimeo.com
2014-02-04 08:51:43,syndication.twitter.com
2014-02-04 08:51:43,player.vimeo.com
2014-02-04 08:51:49,player.vimeo.com
2014-02-04 08:51:55,player.vimeo.com
2014-02-04 08:51:58,www.google.fr
2014-02-04 08:51:59,www.audienceinsights.net
2014-02-04 08:51:59,yui.yahooapis.com
2014-02-04 08:51:59,www.google.fr
2014-02-04 08:51:59,a392.idata.over-blog.com
2014-02-04 08:51:59,a407.idata.over-blog.com
2014-02-04 08:51:59,a141.idata.over-blog.com
2014-02-04 08:51:59,fdata.over-blog.net
2014-02-04 08:51:59,img.over-blog.com
2014-02-04 08:51:59,mix-my-world.over-blog.com
2014-02-04 08:51:59,a406.idata.over-blog.com
2014-02-04 08:52:00,www.anonymousdmp.com
2014-02-04 08:52:00,www.facebook.com
2014-02-04 08:52:00,sync.uuidcshmg.com
2014-02-04 08:52:00,mix-my-world.over-blog.com
2014-02-04 08:52:00,fdata.over-blog.net
2014-02-04 08:52:01,mm.eulerian.net
2014-02-04 08:52:01,fdata.over-blog.net
2014-02-04 08:52:01,player.vimeo.com
2014-02-04 08:52:02,it3yv1v73b.s.ad6media.fr
2014-02-04 08:52:02,its.tradelab.fr
2014-02-04 08:52:02,as.beead.net
2014-02-04 08:52:03,connect.facebook.net
2014-02-04 08:52:03,platform.twitter.com
2014-02-04 08:52:03,platform.linkedin.com
2014-02-04 08:52:03,fdata.over-blog.net
2014-02-04 08:52:03,static.ak.facebook.com
2014-02-04 08:52:03,apis.google.com
2014-02-04 08:52:04,www.linkedin.com
2014-02-04 08:52:04,www.facebook.com
2014-02-04 08:52:04,its.tradelab.fr
2014-02-04 08:52:04,fdata.over-blog.net
2014-02-04 08:52:04,apis.google.com
2014-02-04 08:52:05,www.youtube.com
2014-02-04 08:52:05,static.ebz.io
2014-02-04 08:52:05,dps.bing.com
2014-02-04 08:52:07,player.vimeo.com
2014-02-04 08:52:09,platform.twitter.com
2014-02-04 08:52:09,its.tradelab.fr
2014-02-04 08:52:10,www.linkedin.com
2014-02-04 08:52:11,www.audienceinsights.net
2014-02-04 08:52:11,s-static.ak.facebook.com
2014-02-04 08:52:12,platform.twitter.com
2014-02-04 08:52:12,sync.uuidcshmg.com
2014-02-04 08:52:12,www.facebook.com
2014-02-04 08:52:12,mix-my-world.over-blog.com
2014-02-04 08:52:12,www.audienceinsights.net
2014-02-04 08:52:13,player.vimeo.com
2014-02-04 08:52:13,www.facebook.com
2014-02-04 08:52:13,twitter.com
2014-02-04 08:52:14,fdata.over-blog.net
2014-02-04 08:52:14,twitter.com
2014-02-04 08:52:15,s-static.ak.facebook.com
2014-02-04 08:52:15,3.docs.google.com
2014-02-04 08:52:15,www.linkedin.com
2014-02-04 08:52:15,platform.twitter.com
2014-02-04 08:52:15,static.ebz.io
2014-02-04 08:52:16,s-static.ak.facebook.com
2014-02-04 08:52:16,apis.google.com
2014-02-04 08:52:16,krxd.nexac.com
2014-02-04 08:52:16,www.facebook.com
2014-02-04 08:52:17,jslog.krxd.net
2014-02-04 08:52:17,www.youtube.com
2014-02-04 08:52:17,twitter.com
2014-02-04 08:52:17,www.facebook.com
2014-02-04 08:52:18,accounts.google.com
2014-02-04 08:52:18,twitter.com
2014-02-04 08:52:19,player.vimeo.com
2014-02-04 08:52:21,accounts.google.com
2014-02-04 08:52:22,c1.adform.net
2014-02-04 08:52:23,c1.adform.net
2014-02-04 08:52:25,player.vimeo.com
2014-02-04 08:52:32,player.vimeo.com
2014-02-04 08:52:37,player.vimeo.com
2014-02-04 08:52:43,pixel2368.everesttech.net
2014-02-04 08:52:43,player.vimeo.com
2014-02-04 08:52:49,player.vimeo.com
2014-02-04 08:52:55,player.vimeo.com
2014-02-04 08:53:01,player.vimeo.com
2014-02-04 08:53:08,pixel2368.everesttech.net
2014-02-04 08:53:08,player.vimeo.com
2014-02-04 08:53:12,syndication.twitter.com
2014-02-04 08:53:13,player.vimeo.com
2014-02-04 08:53:19,player.vimeo.com
2014-02-04 08:53:25,player.vimeo.com
2014-02-04 08:53:31,player.vimeo.com
2014-02-04 08:53:37,player.vimeo.com
2014-02-04 08:53:43,player.vimeo.com
2014-02-04 08:53:49,player.vimeo.com
2014-02-04 08:53:55,player.vimeo.com
2014-02-04 08:54:01,player.vimeo.com
2014-02-04 08:54:07,player.vimeo.com
2014-02-04 08:54:13,player.vimeo.com
2014-02-04 08:54:17,drive.google.com
2014-02-04 08:54:17,inputtools.google.com
2014-02-04 08:54:17,translate.google.fr
2014-02-04 08:54:18,translate.google.fr
2014-02-04 08:54:19,player.vimeo.com
2014-02-04 08:54:19,translate.google.fr
2014-02-04 08:54:20,translate.google.fr
2014-02-04 08:54:21,translate.google.fr
2014-02-04 08:54:25,player.vimeo.com
2014-02-04 08:54:26,translate.google.fr
2014-02-04 08:54:27,translate.google.fr
2014-02-04 08:54:28,translate.google.fr
2014-02-04 08:54:31,translate.google.fr
2014-02-04 08:54:31,player.vimeo.com
2014-02-04 08:54:36,translate.google.fr
2014-02-04 08:54:37,player.vimeo.com
2014-02-04 08:54:37,translate.google.fr
2014-02-04 08:54:38,translate.google.fr
2014-02-04 08:54:42,syndication.twitter.com
2014-02-04 08:54:43,translate.google.fr
2014-02-04 08:54:43,player.vimeo.com
2014-02-04 08:54:45,translate.google.fr
2014-02-04 08:54:46,translate.google.fr
2014-02-04 08:54:47,translate.google.fr
2014-02-04 08:54:48,translate.google.fr
2014-02-04 08:54:49,translate.google.fr
2014-02-04 08:54:49,player.vimeo.com
2014-02-04 08:54:50,translate.google.fr
2014-02-04 08:54:51,translate.google.fr
2014-02-04 08:54:52,translate.google.fr
2014-02-04 08:54:53,translate.google.fr
2014-02-04 08:54:54,translate.google.fr
2014-02-04 08:54:55,translate.google.fr
2014-02-04 08:54:55,player.vimeo.com
2014-02-04 08:55:01,player.vimeo.com
2014-02-04 08:55:08,player.vimeo.com
2014-02-04 08:55:13,player.vimeo.com
2014-02-04 08:55:19,player.vimeo.com
2014-02-04 08:55:25,player.vimeo.com
2014-02-04 08:55:29,docs.google.com
2014-02-04 08:55:31,player.vimeo.com
2014-02-04 08:55:38,player.vimeo.com
2014-02-04 08:55:41,translate.google.fr
2014-02-04 08:55:43,player.vimeo.com
2014-02-04 08:55:44,translate.google.fr
2014-02-04 08:55:45,translate.google.fr
2014-02-04 08:55:49,translate.google.fr
2014-02-04 08:55:49,player.vimeo.com
2014-02-04 08:55:52,translate.google.fr
2014-02-04 08:55:54,translate.google.fr
2014-02-04 08:55:55,translate.google.fr
2014-02-04 08:55:55,player.vimeo.com
2014-02-04 08:56:00,translate.google.fr
2014-02-04 08:56:01,translate.google.fr
2014-02-04 08:56:01,player.vimeo.com
2014-02-04 08:56:02,translate.google.fr
2014-02-04 08:56:03,translate.google.fr
2014-02-04 08:56:04,translate.google.fr
2014-02-04 08:56:05,translate.google.fr
2014-02-04 08:56:06,translate.google.fr
2014-02-04 08:56:07,player.vimeo.com
2014-02-04 08:56:11,translate.google.fr
2014-02-04 08:56:12,syndication.twitter.com
2014-02-04 08:56:13,docs.google.com
2014-02-04 08:56:13,player.vimeo.com
2014-02-04 08:56:19,player.vimeo.com
2014-02-04 08:56:25,player.vimeo.com
2014-02-04 08:56:31,player.vimeo.com
2014-02-04 08:56:37,player.vimeo.com
2014-02-04 08:56:43,player.vimeo.com
2014-02-04 08:56:50,player.vimeo.com
2014-02-04 08:56:55,player.vimeo.com
2014-02-04 08:57:01,player.vimeo.com
2014-02-04 08:57:07,player.vimeo.com
2014-02-04 08:57:13,player.vimeo.com
2014-02-04 08:57:19,player.vimeo.com
2014-02-04 08:57:25,player.vimeo.com
2014-02-04 08:57:31,player.vimeo.com
2014-02-04 08:57:37,player.vimeo.com
2014-02-04 08:57:42,syndication.twitter.com
2014-02-04 08:57:43,player.vimeo.com
2014-02-04 08:57:49,player.vimeo.com
2014-02-04 08:57:55,player.vimeo.com
2014-02-04 08:58:01,player.vimeo.com
2014-02-04 08:58:07,player.vimeo.com
2014-02-04 08:58:13,player.vimeo.com
2014-02-04 08:58:19,player.vimeo.com
2014-02-04 08:58:24,www.google.fr
2014-02-04 08:58:25,player.vimeo.com
2014-02-04 08:58:31,player.vimeo.com
2014-02-04 08:58:37,player.vimeo.com
2014-02-04 08:58:43,www.google.fr
2014-02-04 08:58:43,player.vimeo.com
2014-02-04 08:58:49,player.vimeo.com
2014-02-04 08:58:55,www.google.fr
2014-02-04 08:58:55,clients1.google.fr
2014-02-04 08:58:55,player.vimeo.com
2014-02-04 08:58:57,www.google.fr
2014-02-04 08:58:57,clients1.google.fr
2014-02-04 08:58:58,www.google.fr
2014-02-04 08:58:58,clients1.google.fr
2014-02-04 08:59:02,player.vimeo.com
2014-02-04 08:59:07,player.vimeo.com
2014-02-04 08:59:12,syndication.twitter.com
2014-02-04 08:59:13,player.vimeo.com
2014-02-04 08:59:19,player.vimeo.com
2014-02-04 08:59:20,accounts.google.com
2014-02-04 08:59:25,player.vimeo.com
2014-02-04 08:59:31,player.vimeo.com
2014-02-04 08:59:32,docs.google.com
2014-02-04 08:59:38,player.vimeo.com
2014-02-04 08:59:43,player.vimeo.com
2014-02-04 08:59:43,docs.google.com
2014-02-04 08:59:49,player.vimeo.com
2014-02-04 08:59:52,translate.google.fr
2014-02-04 08:59:52,drive.google.com
2014-02-04 08:59:53,translate.google.fr
2014-02-04 08:59:54,translate.google.fr
2014-02-04 08:59:55,player.vimeo.com
2014-02-04 08:59:55,translate.google.fr
2014-02-04 08:59:56,translate.google.fr
2014-02-04 08:59:57,translate.google.fr
2014-02-04 08:59:58,translate.google.fr
2014-02-04 09:00:00,translate.google.fr
2014-02-04 09:00:01,translate.google.fr
2014-02-04 09:00:01,player.vimeo.com
2014-02-04 09:00:02,translate.google.fr
2014-02-04 09:00:03,translate.google.fr
2014-02-04 09:00:04,translate.google.fr
2014-02-04 09:00:05,translate.google.fr
2014-02-04 09:00:06,translate.google.fr
2014-02-04 09:00:07,player.vimeo.com
2014-02-04 09:00:07,translate.google.fr
2014-02-04 09:00:13,player.vimeo.com
2014-02-04 09:00:19,player.vimeo.com
2014-02-04 09:00:25,player.vimeo.com
2014-02-04 09:00:31,player.vimeo.com
2014-02-04 09:00:33,translate.google.fr
2014-02-04 09:00:34,translate.google.fr
2014-02-04 09:00:35,translate.google.fr
2014-02-04 09:00:37,player.vimeo.com
2014-02-04 09:00:38,translate.google.fr
2014-02-04 09:00:40,translate.google.fr
2014-02-04 09:00:43,syndication.twitter.com
2014-02-04 09:00:43,player.vimeo.com
2014-02-04 09:00:49,translate.google.fr
2014-02-04 09:00:49,player.vimeo.com
2014-02-04 09:00:50,translate.google.fr
2014-02-04 09:00:52,translate.google.fr
2014-02-04 09:00:53,translate.google.fr
2014-02-04 09:00:53,inputtools.google.com
2014-02-04 09:00:54,translate.google.fr
2014-02-04 09:00:55,translate.google.fr
2014-02-04 09:00:55,player.vimeo.com
2014-02-04 09:01:01,player.vimeo.com
2014-02-04 09:01:08,player.vimeo.com
2014-02-04 09:01:13,player.vimeo.com
2014-02-04 09:01:19,player.vimeo.com
2014-02-04 09:01:22,www.google.fr
2014-02-04 09:01:22,accounts.google.com
2014-02-04 09:01:25,translate.google.fr
2014-02-04 09:01:25,player.vimeo.com
2014-02-04 09:01:26,translate.google.fr
2014-02-04 09:01:27,translate.google.fr
2014-02-04 09:01:31,player.vimeo.com
2014-02-04 09:01:33,translate.google.fr
2014-02-04 09:01:35,translate.google.fr
2014-02-04 09:01:36,translate.google.fr
2014-02-04 09:01:37,docs.google.com
2014-02-04 09:01:38,translate.google.fr
2014-02-04 09:01:38,player.vimeo.com
2014-02-04 09:01:39,translate.google.fr
2014-02-04 09:01:40,translate.google.fr
2014-02-04 09:01:41,translate.google.fr
2014-02-04 09:01:43,player.vimeo.com
2014-02-04 09:01:49,player.vimeo.com
2014-02-04 09:01:51,translate.google.fr
2014-02-04 09:01:52,translate.google.fr
2014-02-04 09:01:53,translate.google.fr
2014-02-04 09:01:55,player.vimeo.com
2014-02-04 09:01:58,translate.google.fr
2014-02-04 09:02:01,player.vimeo.com
2014-02-04 09:02:07,player.vimeo.com
2014-02-04 09:02:13,player.vimeo.com
2014-02-04 09:02:13,syndication.twitter.com
2014-02-04 09:02:19,player.vimeo.com
2014-02-04 09:02:25,player.vimeo.com
2014-02-04 09:02:29,translate.google.fr
2014-02-04 09:02:31,translate.google.fr
2014-02-04 09:02:31,player.vimeo.com
2014-02-04 09:02:32,translate.google.fr
2014-02-04 09:02:33,translate.google.fr
2014-02-04 09:02:34,translate.google.fr
2014-02-04 09:02:36,translate.google.fr
2014-02-04 09:02:37,translate.google.fr
2014-02-04 09:02:37,player.vimeo.com
2014-02-04 09:02:38,translate.google.fr
2014-02-04 09:02:39,translate.google.fr
2014-02-04 09:02:41,translate.google.fr
2014-02-04 09:02:42,translate.google.fr
2014-02-04 09:02:43,player.vimeo.com
2014-02-04 09:02:43,translate.google.fr
2014-02-04 09:02:44,translate.google.fr
2014-02-04 09:02:47,translate.google.fr
2014-02-04 09:02:49,player.vimeo.com
2014-02-04 09:02:55,player.vimeo.com
2014-02-04 09:03:01,translate.google.fr
2014-02-04 09:03:01,player.vimeo.com
2014-02-04 09:03:03,translate.google.fr
2014-02-04 09:03:06,translate.google.fr
2014-02-04 09:03:07,player.vimeo.com
2014-02-04 09:03:08,translate.google.fr
2014-02-04 09:03:11,docs.google.com
2014-02-04 09:03:13,player.vimeo.com
2014-02-04 09:03:19,player.vimeo.com
2014-02-04 09:03:25,player.vimeo.com
2014-02-04 09:03:31,player.vimeo.com
2014-02-04 09:03:33,translate.google.fr
2014-02-04 09:03:34,translate.google.fr
2014-02-04 09:03:37,translate.google.fr
2014-02-04 09:03:37,player.vimeo.com
2014-02-04 09:03:39,translate.google.fr
2014-02-04 09:03:42,syndication.twitter.com
2014-02-04 09:03:43,player.vimeo.com
2014-02-04 09:03:49,player.vimeo.com
2014-02-04 09:03:55,player.vimeo.com
2014-02-04 09:04:01,translate.google.fr
2014-02-04 09:04:01,player.vimeo.com
2014-02-04 09:04:02,translate.google.fr
2014-02-04 09:04:03,translate.google.fr
2014-02-04 09:04:04,translate.google.fr
2014-02-04 09:04:07,translate.google.fr
2014-02-04 09:04:07,player.vimeo.com
2014-02-04 09:04:09,docs.google.com
2014-02-04 09:04:09,translate.google.fr
2014-02-04 09:04:10,docs.google.com
2014-02-04 09:04:10,3.docs.google.com
2014-02-04 09:04:13,player.vimeo.com
2014-02-04 09:04:19,player.vimeo.com
2014-02-04 09:04:25,player.vimeo.com
2014-02-04 09:04:31,player.vimeo.com
2014-02-04 09:04:37,player.vimeo.com
2014-02-04 09:04:42,fdata.over-blog.net
2014-02-04 09:04:42,www.linkedin.com
2014-02-04 09:04:42,platform.twitter.com
2014-02-04 09:04:43,player.vimeo.com
2014-02-04 09:04:43,www.facebook.com
2014-02-04 09:04:43,a141.idata.over-blog.com
2014-02-04 09:04:43,www.audienceinsights.net
2014-02-04 09:04:43,a406.idata.over-blog.com
2014-02-04 09:04:43,a392.idata.over-blog.com
2014-02-04 09:04:43,sync.uuidcshmg.com
2014-02-04 09:04:43,a407.idata.over-blog.com
2014-02-04 09:04:44,mix-my-world.over-blog.com
2014-02-04 09:04:44,um.simpli.fi
2014-02-04 09:04:45,apis.google.com
2014-02-04 09:04:45,apnx-match.dotomi.com
2014-02-04 09:04:45,www.linkedin.com
2014-02-04 09:04:45,platform.twitter.com
2014-02-04 09:04:45,platform.linkedin.com
2014-02-04 09:04:49,player.vimeo.com
2014-02-04 09:04:50,www.google.fr
2014-02-04 09:04:50,fr.wikipedia.org
2014-02-04 09:04:50,bits.wikimedia.org
2014-02-04 09:04:50,twitter.com
2014-02-04 09:04:51,meta.wikimedia.org
2014-02-04 09:04:51,fr.wikipedia.org
2014-02-04 09:04:55,player.vimeo.com
2014-02-04 09:04:56,drive.google.com
2014-02-04 09:05:01,player.vimeo.com
2014-02-04 09:05:07,player.vimeo.com
2014-02-04 09:05:12,syndication.twitter.com
2014-02-04 09:05:13,player.vimeo.com
2014-02-04 09:05:19,player.vimeo.com
2014-02-04 09:05:25,player.vimeo.com
2014-02-04 09:05:31,player.vimeo.com
2014-02-04 09:05:37,player.vimeo.com
2014-02-04 09:05:39,mw2.google.com
2014-02-04 09:05:43,player.vimeo.com
2014-02-04 09:05:48,bits.wikimedia.org
2014-02-04 09:05:48,fr.wikipedia.org
2014-02-04 09:05:48,www.google.fr
2014-02-04 09:05:49,meta.wikimedia.org
2014-02-04 09:05:49,mw2.google.com
2014-02-04 09:05:49,fr.wikipedia.org
2014-02-04 09:05:49,player.vimeo.com
2014-02-04 09:05:55,player.vimeo.com
2014-02-04 09:06:01,player.vimeo.com
2014-02-04 09:06:07,player.vimeo.com
2014-02-04 09:06:13,player.vimeo.com
2014-02-04 09:06:19,player.vimeo.com
2014-02-04 09:06:23,drive.google.com
2014-02-04 09:06:23,translate.google.fr
2014-02-04 09:06:24,translate.google.fr
2014-02-04 09:06:25,translate.google.fr
2014-02-04 09:06:25,player.vimeo.com
2014-02-04 09:06:28,translate.google.fr
2014-02-04 09:06:30,translate.google.fr
2014-02-04 09:06:31,player.vimeo.com
2014-02-04 09:06:38,player.vimeo.com
2014-02-04 09:06:42,syndication.twitter.com
2014-02-04 09:06:43,player.vimeo.com
2014-02-04 09:06:45,translate.google.fr
2014-02-04 09:06:49,player.vimeo.com
2014-02-04 09:06:50,translate.google.fr
2014-02-04 09:06:55,player.vimeo.com
2014-02-04 09:07:01,player.vimeo.com
2014-02-04 09:07:05,docs.google.com
2014-02-04 09:07:07,player.vimeo.com
2014-02-04 09:07:11,translate.google.fr
2014-02-04 09:07:13,player.vimeo.com
2014-02-04 09:07:13,translate.google.fr
2014-02-04 09:07:14,translate.google.fr
2014-02-04 09:07:15,translate.google.fr
2014-02-04 09:07:16,translate.google.fr
2014-02-04 09:07:17,translate.google.fr
2014-02-04 09:07:18,translate.google.fr
2014-02-04 09:07:19,translate.google.fr
2014-02-04 09:07:19,player.vimeo.com
2014-02-04 09:07:25,player.vimeo.com
2014-02-04 09:07:31,translate.google.fr
2014-02-04 09:07:31,player.vimeo.com
2014-02-04 09:07:33,translate.google.fr
2014-02-04 09:07:34,translate.google.fr
2014-02-04 09:07:37,translate.google.fr
2014-02-04 09:07:39,translate.google.fr
2014-02-04 09:07:39,player.vimeo.com
2014-02-04 09:07:40,translate.google.fr
2014-02-04 09:07:41,translate.google.fr
2014-02-04 09:07:42,translate.google.fr
2014-02-04 09:07:43,player.vimeo.com
2014-02-04 09:07:49,player.vimeo.com
2014-02-04 09:07:55,player.vimeo.com
2014-02-04 09:07:59,translate.google.fr
2014-02-04 09:08:00,translate.google.fr
2014-02-04 09:08:01,player.vimeo.com
2014-02-04 09:08:02,translate.google.fr
2014-02-04 09:08:05,translate.google.fr
2014-02-04 09:08:06,translate.google.fr
2014-02-04 09:08:07,translate.google.fr
2014-02-04 09:08:07,player.vimeo.com
2014-02-04 09:08:08,translate.google.fr
2014-02-04 09:08:13,player.vimeo.com
2014-02-04 09:08:13,syndication.twitter.com
2014-02-04 09:08:19,translate.google.fr
2014-02-04 09:08:19,player.vimeo.com
2014-02-04 09:08:20,translate.google.fr
2014-02-04 09:08:21,translate.google.fr
2014-02-04 09:08:23,translate.google.fr
2014-02-04 09:08:24,translate.google.fr
2014-02-04 09:08:25,player.vimeo.com
2014-02-04 09:08:25,translate.google.fr
2014-02-04 09:08:26,translate.google.fr
2014-02-04 09:08:31,translate.google.fr
2014-02-04 09:08:31,player.vimeo.com
2014-02-04 09:08:32,translate.google.fr
2014-02-04 09:08:37,player.vimeo.com
2014-02-04 09:08:37,translate.google.fr
2014-02-04 09:08:41,translate.google.fr
2014-02-04 09:08:43,translate.google.fr
2014-02-04 09:08:43,player.vimeo.com
2014-02-04 09:08:44,translate.google.fr
2014-02-04 09:08:45,translate.google.fr
2014-02-04 09:08:46,translate.google.fr
2014-02-04 09:08:48,translate.google.fr
2014-02-04 09:08:49,translate.google.fr
2014-02-04 09:08:49,player.vimeo.com
2014-02-04 09:08:54,translate.google.fr
2014-02-04 09:08:55,player.vimeo.com
2014-02-04 09:08:58,translate.google.fr
2014-02-04 09:09:00,translate.google.fr
2014-02-04 09:09:01,player.vimeo.com
2014-02-04 09:09:05,translate.google.fr
2014-02-04 09:09:07,player.vimeo.com
2014-02-04 09:09:08,translate.google.fr
2014-02-04 09:09:10,translate.google.fr
2014-02-04 09:09:13,translate.google.fr
2014-02-04 09:09:13,player.vimeo.com
2014-02-04 09:09:14,translate.google.fr
2014-02-04 09:09:15,translate.google.fr
2014-02-04 09:09:17,translate.google.fr
2014-02-04 09:09:19,player.vimeo.com
2014-02-04 09:09:25,player.vimeo.com
2014-02-04 09:09:31,player.vimeo.com
2014-02-04 09:09:37,player.vimeo.com
2014-02-04 09:09:39,mw2.google.com
2014-02-04 09:09:42,syndication.twitter.com
2014-02-04 09:09:44,player.vimeo.com
2014-02-04 09:09:49,player.vimeo.com
2014-02-04 09:09:52,www.google.fr
2014-02-04 09:09:55,player.vimeo.com
2014-02-04 09:10:01,player.vimeo.com
2014-02-04 09:10:07,player.vimeo.com
2014-02-04 09:10:13,player.vimeo.com
2014-02-04 09:10:15,www.google.fr
2014-02-04 09:10:19,player.vimeo.com
2014-02-04 09:10:23,inputtools.google.com
2014-02-04 09:10:23,www.google.fr
2014-02-04 09:10:25,player.vimeo.com
2014-02-04 09:10:29,drive.google.com
2014-02-04 09:10:29,www.google.fr
2014-02-04 09:10:29,translate.google.fr
2014-02-04 09:10:30,www.google.fr
2014-02-04 09:10:30,translate.google.fr
2014-02-04 09:10:31,player.vimeo.com
2014-02-04 09:10:31,translate.google.fr
2014-02-04 09:10:32,translate.google.fr
2014-02-04 09:10:34,translate.google.fr
2014-02-04 09:10:35,translate.google.fr
2014-02-04 09:10:36,translate.google.fr
2014-02-04 09:10:37,translate.google.fr
2014-02-04 09:10:37,player.vimeo.com
2014-02-04 09:10:38,translate.google.fr
2014-02-04 09:10:39,translate.google.fr
2014-02-04 09:10:41,translate.google.fr
2014-02-04 09:10:43,player.vimeo.com
2014-02-04 09:10:43,docs.google.com
2014-02-04 09:10:49,player.vimeo.com
2014-02-04 09:10:55,player.vimeo.com
2014-02-04 09:11:01,player.vimeo.com
2014-02-04 09:11:07,player.vimeo.com
2014-02-04 09:11:12,syndication.twitter.com
2014-02-04 09:11:13,player.vimeo.com
2014-02-04 09:11:19,player.vimeo.com
2014-02-04 09:11:25,player.vimeo.com
2014-02-04 09:11:31,player.vimeo.com
2014-02-04 09:11:37,docs.google.com
2014-02-04 09:11:37,player.vimeo.com
2014-02-04 09:11:43,player.vimeo.com
2014-02-04 09:11:49,player.vimeo.com
2014-02-04 09:11:55,player.vimeo.com
2014-02-04 09:12:01,player.vimeo.com
2014-02-04 09:12:07,player.vimeo.com
2014-02-04 09:12:13,player.vimeo.com
2014-02-04 09:12:19,player.vimeo.com
2014-02-04 09:12:25,player.vimeo.com
2014-02-04 09:12:31,player.vimeo.com
2014-02-04 09:12:38,player.vimeo.com
2014-02-04 09:12:41,player.vimeo.com
2014-02-04 09:12:42,syndication.twitter.com
2014-02-04 09:12:43,player.vimeo.com
2014-02-04 09:12:44,player.vimeo.com
2014-02-04 09:12:45,player.vimeo.com
2014-02-04 09:12:46,player.vimeo.com
2014-02-04 09:12:49,player.vimeo.com
2014-02-04 09:12:51,platform.twitter.com
2014-02-04 09:12:51,www.roehampton.ac.uk
2014-02-04 09:12:51,player.vimeo.com
2014-02-04 09:12:52,player.vimeo.com
2014-02-04 09:12:52,www.facebook.com
2014-02-04 09:12:52,www.roehampton.ac.uk
2014-02-04 09:12:57,twitter.com
2014-02-04 09:12:58,player.vimeo.com
2014-02-04 09:12:59,pbs.twimg.com
2014-02-04 09:13:00,platform.twitter.com
2014-02-04 09:13:03,player.vimeo.com
2014-02-04 09:13:03,platform.twitter.com
2014-02-04 09:13:03,twitter.com
2014-02-04 09:13:09,player.vimeo.com
2014-02-04 09:13:15,player.vimeo.com
2014-02-04 09:13:21,player.vimeo.com
2014-02-04 09:13:27,player.vimeo.com
2014-02-04 09:13:33,player.vimeo.com
2014-02-04 09:13:39,player.vimeo.com
2014-02-04 09:13:45,player.vimeo.com
2014-02-04 09:13:51,player.vimeo.com
2014-02-04 09:13:57,player.vimeo.com
2014-02-04 09:14:01,docs.google.com
2014-02-04 09:14:03,player.vimeo.com
2014-02-04 09:14:03,pbs.twimg.com
2014-02-04 09:14:09,player.vimeo.com
2014-02-04 09:14:15,player.vimeo.com
2014-02-04 09:14:21,player.vimeo.com
2014-02-04 09:14:27,player.vimeo.com
2014-02-04 09:14:32,inputtools.google.com
2014-02-04 09:14:33,player.vimeo.com
2014-02-04 09:14:39,player.vimeo.com
2014-02-04 09:14:44,0.docs.google.com
2014-02-04 09:14:45,player.vimeo.com
2014-02-04 09:14:51,player.vimeo.com
2014-02-04 09:14:56,drive.google.com
2014-02-04 09:14:57,player.vimeo.com
2014-02-04 09:15:00,translate.google.fr
2014-02-04 09:15:02,translate.google.fr
2014-02-04 09:15:03,translate.google.fr
2014-02-04 09:15:03,player.vimeo.com
2014-02-04 09:15:04,translate.google.fr
2014-02-04 09:15:05,translate.google.fr
2014-02-04 09:15:09,player.vimeo.com
2014-02-04 09:15:09,translate.google.fr
2014-02-04 09:15:10,translate.google.fr
2014-02-04 09:15:15,player.vimeo.com
2014-02-04 09:15:21,player.vimeo.com
2014-02-04 09:15:27,player.vimeo.com
2014-02-04 09:15:33,player.vimeo.com
2014-02-04 09:15:39,player.vimeo.com
2014-02-04 09:15:45,player.vimeo.com
2014-02-04 09:15:51,player.vimeo.com
2014-02-04 09:15:57,1.drive.google.com
2014-02-04 09:15:57,player.vimeo.com
2014-02-04 09:16:03,docs.google.com
2014-02-04 09:16:03,player.vimeo.com
2014-02-04 09:16:09,player.vimeo.com
2014-02-04 09:16:15,player.vimeo.com
2014-02-04 09:16:21,player.vimeo.com
2014-02-04 09:16:27,player.vimeo.com
2014-02-04 09:16:33,player.vimeo.com
2014-02-04 09:16:39,player.vimeo.com
2014-02-04 09:16:45,player.vimeo.com
2014-02-04 09:16:51,player.vimeo.com
2014-02-04 09:16:56,drive.google.com
2014-02-04 09:16:57,player.vimeo.com
2014-02-04 09:17:00,translate.google.fr
2014-02-04 09:17:02,translate.google.fr
2014-02-04 09:17:03,player.vimeo.com
2014-02-04 09:17:03,translate.google.fr
2014-02-04 09:17:09,player.vimeo.com
2014-02-04 09:17:11,1.docs.google.com
2014-02-04 09:17:13,docs.google.com
2014-02-04 09:17:16,player.vimeo.com
2014-02-04 09:17:21,player.vimeo.com
2014-02-04 09:17:27,player.vimeo.com
2014-02-04 09:17:33,player.vimeo.com
2014-02-04 09:17:39,player.vimeo.com
2014-02-04 09:17:45,player.vimeo.com
2014-02-04 09:17:51,player.vimeo.com
2014-02-04 09:17:57,player.vimeo.com
2014-02-04 09:18:03,player.vimeo.com
2014-02-04 09:18:09,player.vimeo.com
2014-02-04 09:18:15,player.vimeo.com
2014-02-04 09:18:21,player.vimeo.com
2014-02-04 09:18:27,player.vimeo.com
2014-02-04 09:18:33,player.vimeo.com
2014-02-04 09:18:39,player.vimeo.com
2014-02-04 09:18:44,drive.google.com
2014-02-04 09:18:45,translate.google.fr
2014-02-04 09:18:45,player.vimeo.com
2014-02-04 09:18:46,translate.google.fr
2014-02-04 09:18:47,translate.google.fr
2014-02-04 09:18:48,translate.google.fr
2014-02-04 09:18:49,translate.google.fr
2014-02-04 09:18:50,translate.google.fr
2014-02-04 09:18:51,translate.google.fr
2014-02-04 09:18:51,player.vimeo.com
2014-02-04 09:18:52,translate.google.fr
2014-02-04 09:18:54,translate.google.fr
2014-02-04 09:18:57,player.vimeo.com
2014-02-04 09:19:03,player.vimeo.com
2014-02-04 09:19:09,player.vimeo.com
2014-02-04 09:19:15,player.vimeo.com
2014-02-04 09:19:21,player.vimeo.com
2014-02-04 09:19:27,player.vimeo.com
2014-02-04 09:19:33,player.vimeo.com
2014-02-04 09:19:39,player.vimeo.com
2014-02-04 09:19:45,player.vimeo.com
2014-02-04 09:19:51,player.vimeo.com
2014-02-04 09:19:57,player.vimeo.com
2014-02-04 09:20:03,player.vimeo.com
2014-02-04 09:20:09,player.vimeo.com
2014-02-04 09:20:15,player.vimeo.com
2014-02-04 09:20:21,player.vimeo.com
2014-02-04 09:20:27,player.vimeo.com
2014-02-04 09:20:33,player.vimeo.com
2014-02-04 09:20:39,player.vimeo.com
2014-02-04 09:20:45,player.vimeo.com
2014-02-04 09:20:52,player.vimeo.com
2014-02-04 09:20:57,player.vimeo.com
2014-02-04 09:21:03,player.vimeo.com
2014-02-04 09:21:09,player.vimeo.com
2014-02-04 09:21:15,player.vimeo.com
2014-02-04 09:21:21,player.vimeo.com
2014-02-04 09:21:27,player.vimeo.com
2014-02-04 09:21:33,player.vimeo.com
2014-02-04 09:21:39,player.vimeo.com
2014-02-04 09:21:45,player.vimeo.com
2014-02-04 09:21:51,player.vimeo.com
2014-02-04 09:21:57,player.vimeo.com
2014-02-04 09:22:03,player.vimeo.com
2014-02-04 09:22:09,player.vimeo.com
2014-02-04 09:22:15,player.vimeo.com
2014-02-04 09:22:21,player.vimeo.com
2014-02-04 09:22:27,player.vimeo.com
2014-02-04 09:22:33,player.vimeo.com
2014-02-04 09:22:39,player.vimeo.com
2014-02-04 09:22:45,player.vimeo.com
2014-02-04 09:22:51,player.vimeo.com
2014-02-04 09:22:56,drive.google.com
2014-02-04 09:22:57,player.vimeo.com
2014-02-04 09:23:03,player.vimeo.com
2014-02-04 09:23:09,player.vimeo.com
2014-02-04 09:23:15,player.vimeo.com
2014-02-04 09:23:21,player.vimeo.com
2014-02-04 09:23:27,player.vimeo.com
2014-02-04 09:23:33,player.vimeo.com
2014-02-04 09:23:39,player.vimeo.com
2014-02-04 09:23:45,player.vimeo.com
2014-02-04 09:23:51,player.vimeo.com
2014-02-04 09:23:57,player.vimeo.com
2014-02-04 09:24:03,player.vimeo.com
2014-02-04 09:24:09,player.vimeo.com
2014-02-04 09:24:15,player.vimeo.com
2014-02-04 09:24:21,player.vimeo.com
2014-02-04 09:24:27,player.vimeo.com
2014-02-04 09:24:33,player.vimeo.com
2014-02-04 09:24:37,docs.google.com
2014-02-04 09:24:39,player.vimeo.com
2014-02-04 09:24:45,player.vimeo.com
2014-02-04 09:24:51,player.vimeo.com
2014-02-04 09:24:57,player.vimeo.com
2014-02-04 09:25:03,player.vimeo.com
2014-02-04 09:25:09,player.vimeo.com
2014-02-04 09:25:15,player.vimeo.com
2014-02-04 09:25:21,player.vimeo.com
2014-02-04 09:25:27,player.vimeo.com
2014-02-04 09:25:33,player.vimeo.com
2014-02-04 09:25:39,player.vimeo.com
2014-02-04 09:25:45,player.vimeo.com
2014-02-04 09:25:51,player.vimeo.com
2014-02-04 09:25:57,player.vimeo.com
2014-02-04 09:26:03,player.vimeo.com
2014-02-04 09:26:03,docs.google.com
2014-02-04 09:26:09,player.vimeo.com
2014-02-04 09:26:15,player.vimeo.com
2014-02-04 09:26:21,player.vimeo.com
2014-02-04 09:26:27,player.vimeo.com
2014-02-04 09:26:33,player.vimeo.com
2014-02-04 09:26:39,player.vimeo.com
2014-02-04 09:26:45,player.vimeo.com
2014-02-04 09:26:51,player.vimeo.com
2014-02-04 09:26:56,drive.google.com
2014-02-04 09:26:57,player.vimeo.com
2014-02-04 09:27:03,player.vimeo.com
2014-02-04 09:27:09,player.vimeo.com
2014-02-04 09:27:15,player.vimeo.com
2014-02-04 09:27:21,player.vimeo.com
2014-02-04 09:27:27,player.vimeo.com
2014-02-04 09:27:33,player.vimeo.com
2014-02-04 09:27:39,player.vimeo.com
2014-02-04 09:27:45,player.vimeo.com
2014-02-04 09:27:51,player.vimeo.com
2014-02-04 09:27:57,player.vimeo.com
2014-02-04 09:28:03,player.vimeo.com
2014-02-04 09:28:09,player.vimeo.com
2014-02-04 09:28:15,player.vimeo.com
2014-02-04 09:28:21,player.vimeo.com
2014-02-04 09:28:27,player.vimeo.com
2014-02-04 09:28:33,player.vimeo.com
2014-02-04 09:28:39,player.vimeo.com
2014-02-04 09:28:45,player.vimeo.com
2014-02-04 09:28:51,player.vimeo.com
2014-02-04 09:28:58,player.vimeo.com
2014-02-04 09:29:03,player.vimeo.com
2014-02-04 09:29:09,player.vimeo.com
2014-02-04 09:29:15,player.vimeo.com
2014-02-04 09:29:21,player.vimeo.com
2014-02-04 09:29:25,docs.google.com
2014-02-04 09:29:27,player.vimeo.com
2014-02-04 09:29:33,player.vimeo.com
2014-02-04 09:29:39,player.vimeo.com
2014-02-04 09:29:46,player.vimeo.com
2014-02-04 09:29:51,player.vimeo.com
2014-02-04 09:29:55,4.docs.google.com
2014-02-04 09:29:56,4.docs.google.com
2014-02-04 09:29:56,4.talkgadget.google.com
2014-02-04 09:29:57,docs.google.com
2014-02-04 09:29:58,player.vimeo.com
2014-02-04 09:29:58,docs.google.com
2014-02-04 09:29:58,clients6.google.com
2014-02-04 09:30:03,player.vimeo.com
2014-02-04 09:30:09,player.vimeo.com
2014-02-04 09:30:15,player.vimeo.com
2014-02-04 09:30:21,player.vimeo.com
2014-02-04 09:30:21,docs.google.com
2014-02-04 09:30:27,player.vimeo.com
2014-02-04 09:30:33,player.vimeo.com
2014-02-04 09:30:39,player.vimeo.com
2014-02-04 09:30:42,docs.google.com
2014-02-04 09:30:45,player.vimeo.com
2014-02-04 09:30:51,player.vimeo.com
2014-02-04 09:30:56,drive.google.com
2014-02-04 09:30:57,docs.google.com
2014-02-04 09:30:57,player.vimeo.com
2014-02-04 09:31:03,player.vimeo.com
2014-02-04 09:31:09,player.vimeo.com
2014-02-04 09:31:15,player.vimeo.com
2014-02-04 09:31:21,player.vimeo.com
2014-02-04 09:31:27,player.vimeo.com
2014-02-04 09:31:31,docs.google.com
2014-02-04 09:31:33,player.vimeo.com
2014-02-04 09:31:39,player.vimeo.com
2014-02-04 09:31:45,player.vimeo.com
2014-02-04 09:31:51,player.vimeo.com
2014-02-04 09:31:57,player.vimeo.com
2014-02-04 09:32:03,player.vimeo.com
2014-02-04 09:32:09,player.vimeo.com
2014-02-04 09:32:15,player.vimeo.com
2014-02-04 09:32:21,player.vimeo.com
2014-02-04 09:32:27,player.vimeo.com
2014-02-04 09:32:33,player.vimeo.com
2014-02-04 09:32:39,player.vimeo.com
2014-02-04 09:32:47,player.vimeo.com
2014-02-04 09:32:51,player.vimeo.com
2014-02-04 09:32:57,player.vimeo.com
2014-02-04 09:33:03,player.vimeo.com
2014-02-04 09:33:09,player.vimeo.com
2014-02-04 09:33:15,player.vimeo.com
2014-02-04 09:33:21,player.vimeo.com
2014-02-04 09:33:28,www.google.fr
2014-02-04 09:33:30,www.oulala.com
2014-02-04 09:33:30,ajax.googleapis.com
2014-02-04 09:33:30,www.google.fr
2014-02-04 09:33:30,docs.google.com
2014-02-04 09:33:37,apis.google.com
2014-02-04 09:33:51,live.oulala.com
2014-02-04 09:33:51,platform.twitter.com
2014-02-04 09:33:51,connect.facebook.net
2014-02-04 09:33:52,www.oulala.com
2014-02-04 09:33:53,apis.google.com
2014-02-04 09:33:53,www.oulala.com
2014-02-04 09:33:53,dnn506yrbagrg.cloudfront.net
2014-02-04 09:33:53,www.facebook.com
2014-02-04 09:33:57,apis.google.com
2014-02-04 09:33:57,4.talkgadget.google.com
2014-02-04 09:33:58,plus.google.com
2014-02-04 09:34:03,accounts.google.com
2014-02-04 09:34:04,www.oulala.com
2014-02-04 09:34:15,twitter.com
2014-02-04 09:34:22,www.oulala.com
2014-02-04 09:34:24,accounts.google.com
2014-02-04 09:34:24,www.oulala.com
2014-02-04 09:34:26,ajax.googleapis.com
2014-02-04 09:34:26,www.oulala.com
2014-02-04 09:34:29,www.oulala.com
2014-02-04 09:34:45,live.oulala.com
2014-02-04 09:34:45,ajax.googleapis.com
2014-02-04 09:34:45,www.oulala.com
2014-02-04 09:34:46,docs.google.com
2014-02-04 09:34:48,1.docs.google.com
2014-02-04 09:34:49,1.drive.google.com
2014-02-04 09:34:56,drive.google.com
2014-02-04 09:34:58,www.google.com
2014-02-04 09:34:58,live.oulala.com
2014-02-04 09:35:01,live.oulala.com
2014-02-04 09:35:16,www.facebook.com
2014-02-04 09:35:16,live.oulala.com
2014-02-04 09:35:16,docs.google.com
2014-02-04 09:35:16,0.docs.google.com
2014-02-04 09:35:17,www.oulala.com
2014-02-04 09:35:19,apis.google.com
2014-02-04 09:35:23,www.oulala.com
2014-02-04 09:35:39,live.oulala.com
2014-02-04 09:35:40,accounts.google.com
2014-02-04 09:35:40,apis.google.com
2014-02-04 09:35:40,www.oulala.com
2014-02-04 09:35:40,platform.twitter.com
2014-02-04 09:35:40,twitter.com
2014-02-04 09:35:41,www.oulala.com
2014-02-04 09:35:45,www.oulala.com
2014-02-04 09:35:46,connect.facebook.net
2014-02-04 09:35:47,platform.twitter.com
2014-02-04 09:35:47,4.docs.google.com
2014-02-04 09:35:47,docs.google.com
2014-02-04 09:35:48,docs.google.com
2014-02-04 09:35:53,twitter.com
2014-02-04 09:35:54,dnn506yrbagrg.cloudfront.net
2014-02-04 09:35:56,www.facebook.com
2014-02-04 09:35:56,fbstatic-a.akamaihd.net
2014-02-04 09:35:58,www.oulala.com
2014-02-04 09:36:06,www.oulala.com
2014-02-04 09:36:15,www.oulala.com
2014-02-04 09:36:36,www.oulala.com
2014-02-04 09:36:52,live.oulala.com
2014-02-04 09:36:52,connect.facebook.net
2014-02-04 09:36:52,dnn506yrbagrg.cloudfront.net
2014-02-04 09:36:52,www.facebook.com
2014-02-04 09:36:53,www.oulala.com
2014-02-04 09:36:53,dnn506yrbagrg.cloudfront.net
2014-02-04 09:36:54,apis.google.com
2014-02-04 09:36:54,www.facebook.com
2014-02-04 09:36:54,twitter.com
2014-02-04 09:36:59,www.oulala.com
2014-02-04 09:37:00,www.oulala.com
2014-02-04 09:37:00,fbstatic-a.akamaihd.net
2014-02-04 09:37:03,s3.amazonaws.com
2014-02-04 09:37:05,s3.amazonaws.com
2014-02-04 09:37:21,www.oulala.com
2014-02-04 09:37:46,www.oulala.com
2014-02-04 09:37:46,s3.amazonaws.com
2014-02-04 09:37:55,s3.amazonaws.com
2014-02-04 09:37:57,s3.amazonaws.com
2014-02-04 09:38:02,www.oulala.com
2014-02-04 09:38:02,s3.amazonaws.com
2014-02-04 09:38:06,s3.amazonaws.com
2014-02-04 09:38:12,www.oulala.com
2014-02-04 09:38:18,www.oulala.com
2014-02-04 09:38:30,www.oulala.com
2014-02-04 09:38:36,s3.amazonaws.com
2014-02-04 09:38:44,s3.amazonaws.com
2014-02-04 09:38:50,www.oulala.com
2014-02-04 09:39:01,www.oulala.com
2014-02-04 09:39:06,www.oulala.com
2014-02-04 09:39:22,www.oulala.com
2014-02-04 09:39:24,www.oulala.com
2014-02-04 09:39:26,www.oulala.com
2014-02-04 09:39:29,s3.amazonaws.com
2014-02-04 09:39:40,www.oulala.com
2014-02-04 09:39:54,s3.amazonaws.com
2014-02-04 09:40:00,www.oulala.com
2014-02-04 09:40:03,www.oulala.com
2014-02-04 09:40:04,www.oulala.com
2014-02-04 09:40:13,s3.amazonaws.com
2014-02-04 09:40:13,www.oulala.com
2014-02-04 09:40:25,live.oulala.com
2014-02-04 09:40:26,www.oulala.com
2014-02-04 09:40:26,platform.twitter.com
2014-02-04 09:40:27,www.oulala.com
2014-02-04 09:40:28,www.oulala.com
2014-02-04 09:40:28,dnn506yrbagrg.cloudfront.net
2014-02-04 09:40:29,www.facebook.com
2014-02-04 09:40:29,www.oulala.com
2014-02-04 09:40:30,www.oulala.com
2014-02-04 09:40:31,www.oulala.com
2014-02-04 09:40:33,s3.amazonaws.com
2014-02-04 09:40:35,www.oulala.com
2014-02-04 09:40:36,www.oulala.com
2014-02-04 09:40:37,s3.amazonaws.com
2014-02-04 09:40:38,apis.google.com
2014-02-04 09:40:39,twitter.com
2014-02-04 09:40:41,s3.amazonaws.com
2014-02-04 09:40:46,s3.amazonaws.com
2014-02-04 09:40:51,s3.amazonaws.com
2014-02-04 09:40:53,s3.amazonaws.com
2014-02-04 09:41:05,www.oulala.com
2014-02-04 09:41:09,s3.amazonaws.com
2014-02-04 09:41:09,twitter.com
2014-02-04 09:41:15,www.oulala.com
2014-02-04 09:41:16,s3.amazonaws.com
2014-02-04 09:41:16,www.oulala.com
2014-02-04 09:41:17,www.oulala.com
2014-02-04 09:41:37,live.oulala.com
2014-02-04 09:41:42,s3.amazonaws.com
2014-02-04 09:41:43,platform.twitter.com
2014-02-04 09:41:44,s3.amazonaws.com
2014-02-04 09:41:44,www.oulala.com
2014-02-04 09:41:44,www.facebook.com
2014-02-04 09:41:45,www.oulala.com
2014-02-04 09:41:48,s3.amazonaws.com
2014-02-04 09:41:50,www.oulala.com
2014-02-04 09:41:52,s3.amazonaws.com
2014-02-04 09:41:53,s3.amazonaws.com
2014-02-04 09:41:54,twitter.com
2014-02-04 09:41:54,apis.google.com
2014-02-04 09:41:55,s3.amazonaws.com
2014-02-04 09:41:57,s3.amazonaws.com
2014-02-04 09:42:10,s3.amazonaws.com
2014-02-04 09:42:21,www.oulala.com
2014-02-04 09:42:23,s3.amazonaws.com
2014-02-04 09:42:25,twitter.com
2014-02-04 09:42:27,s3.amazonaws.com
2014-02-04 09:42:30,s3.amazonaws.com
2014-02-04 09:42:32,www.oulala.com
2014-02-04 09:42:42,www.oulala.com
2014-02-04 09:42:53,s3.amazonaws.com
2014-02-04 09:42:53,www.oulala.com
2014-02-04 09:42:59,s3.amazonaws.com
2014-02-04 09:43:00,s3.amazonaws.com
2014-02-04 09:43:03,apis.google.com
2014-02-04 09:43:03,www.oulala.com
2014-02-04 09:43:04,apis.google.com
2014-02-26 09:22:41,www.google.fr
2014-02-26 09:22:55,www.google.fr
2014-02-26 09:22:56,apis.google.com
2014-02-26 09:22:58,www.google.com
2014-02-26 09:23:11,www.google.fr
2014-02-26 09:23:20,drive.google.com
2014-02-26 09:23:20,apis.google.com
2014-02-26 09:23:20,www.google.com
2014-02-26 09:23:20,www.google.fr
2014-02-26 09:23:23,drive.google.com
2014-02-26 09:24:06,drive.google.com
2014-02-26 09:24:21,accounts.google.com
2014-02-26 09:24:22,www.google.fr
2014-02-26 09:24:24,www.google.fr
2014-02-26 09:24:27,accounts.youtube.com
2014-02-26 09:25:15,www.google.fr
2014-02-26 09:25:17,ieonline.microsoft.com
2014-02-26 09:25:18,go.microsoft.com
2014-02-26 09:25:32,accounts.google.com
2014-02-26 09:25:32,accounts.youtube.com
2014-02-26 09:25:44,www.google.fr
2014-02-26 09:25:56,accounts.google.fr
2014-02-26 09:25:56,drive.google.com
2014-02-26 09:26:10,drive.google.com
2014-02-26 09:26:11,apis.google.com
2014-02-26 09:26:11,drive.google.com
2014-02-26 09:26:11,accounts.youtube.com
2014-02-26 09:26:11,accounts.google.com
2014-02-26 09:26:11,www.google.com
2014-02-26 09:26:11,accounts.google.fr
2014-02-26 09:26:14,drive.google.com
2014-02-26 09:26:14,0.drive.google.com
2014-02-26 09:26:15,0.drive.google.com
2014-02-26 09:26:19,drive.google.com
2014-02-26 09:26:19,www.google.com
2014-02-26 09:26:19,docs.google.com
2014-02-26 09:26:20,docs.google.com
2014-02-26 09:26:21,docs.google.com
2014-02-26 09:26:50,docs.google.com
2014-02-26 09:26:52,docs.google.com
2014-02-26 09:26:52,clients2.google.com
2014-02-26 09:26:54,clients2.google.com
2014-02-26 09:26:54,docs.google.com
2014-02-26 09:26:56,0.docs.google.com
2014-02-26 09:26:57,0.docs.google.com
2014-02-26 09:26:58,docs.google.com
2014-02-26 09:27:07,0.talkgadget.google.com
2014-02-26 09:27:07,apis.google.com
2014-02-26 09:27:07,docs.google.com
2014-02-26 09:27:08,plus.google.com
2014-02-26 09:27:22,gg.google.com
2014-02-26 09:28:08,0.talkgadget.google.com
2014-02-26 09:28:13,www.google.com
2014-02-26 09:28:14,drive.google.com
2014-02-26 09:30:21,docs.google.com
2014-02-26 09:31:07,0.talkgadget.google.com
2014-02-26 09:31:07,apis.google.com
2014-02-26 09:31:08,apis.google.com
2014-02-26 09:31:08,0.talkgadget.google.com
2014-02-26 09:31:09,plus.google.com
2014-02-26 09:31:22,gg.google.com
2014-02-26 09:31:43,docs.google.com
2014-02-26 09:32:13,www.google.com
2014-02-26 09:32:14,drive.google.com
2014-02-26 09:32:14,www.google.com
2014-02-26 09:33:25,drive.google.com
2014-02-26 09:33:29,1.drive.google.com
2014-02-26 09:33:30,1.drive.google.com
2014-02-26 09:33:32,drive.google.com
2014-02-26 09:33:44,docs.google.com
2014-02-26 09:33:44,www.google.com
2014-02-26 09:33:47,docs.google.com
2014-02-26 09:33:51,clients2.google.com
2014-02-26 09:33:51,apis.google.com
2014-02-26 09:33:52,docs.google.com
2014-02-26 09:33:53,www.google.com
2014-02-26 09:33:53,docs.google.com
2014-02-26 09:33:53,1.docs.google.com
2014-02-26 09:33:54,accounts.google.com
2014-02-26 09:33:55,apis.google.com
2014-02-26 09:33:56,1.docs.google.com
2014-02-26 09:34:07,clients6.google.com
2014-02-26 09:34:08,www.google.com
2014-02-26 09:34:08,gg.google.com
2014-02-26 09:34:14,drive.google.com
2014-02-26 09:34:26,gg.google.com
2014-02-26 09:35:17,docs.google.com
2014-02-26 09:35:18,docs.google.com
2014-02-26 09:35:18,0.drive.google.com
2014-02-26 09:35:18,1.drive.google.com
2014-02-26 09:35:18,1.docs.google.com
2014-02-26 09:35:18,gg.google.com
2014-02-26 09:35:19,0.docs.google.com
2014-02-26 09:35:19,gg.google.com
2014-02-26 09:35:19,drive.google.com
2014-02-26 09:35:19,apis.google.com
2014-02-26 09:35:19,docs.google.com
2014-02-26 09:35:19,clients6.google.com
2014-02-26 09:35:19,www.google.com
2014-02-26 09:35:19,accounts.google.com
2014-03-19 08:22:20,www.google.fr
2014-03-19 08:22:21,www.google.fr
2014-03-19 08:22:22,apis.google.com
2014-03-19 08:22:24,www.google.com
2014-03-19 08:22:34,www.google.fr
2014-03-19 08:22:34,drive.google.com
2014-03-19 08:22:34,apis.google.com
2014-03-19 08:22:34,www.google.com
2014-03-19 08:22:44,www.google.fr
2014-03-19 08:22:44,accounts.google.com
2014-03-19 08:22:46,www.google.fr
2014-03-19 08:22:49,accounts.youtube.com
2014-03-19 08:23:13,www.google.fr
2014-03-19 08:23:18,drive.google.com
2014-03-19 08:23:18,www.google.com
2014-03-19 08:23:18,accounts.google.fr
2014-03-19 08:23:19,accounts.google.com
2014-03-19 08:23:19,accounts.youtube.com
2014-03-19 08:23:19,accounts.google.fr
2014-03-19 08:23:19,drive.google.com
2014-03-19 08:23:20,apis.google.com
2014-03-19 08:23:24,0.drive.google.com
2014-03-19 08:23:25,drive.google.com
2014-03-19 08:23:25,docs.google.com
2014-03-19 08:23:25,0.drive.google.com
2014-03-19 08:23:26,docs.google.com
2014-03-19 08:23:28,docs.google.com
2014-03-19 08:23:29,docs.google.com
2014-03-19 08:24:18,docs.google.com
2014-03-19 08:24:22,docs.google.com
2014-03-19 08:24:22,apis.google.com
2014-03-19 08:24:23,docs.google.com
2014-03-19 08:24:23,www.google.com
2014-03-19 08:24:24,0.docs.google.com
2014-03-19 08:24:25,0.docs.google.com
2014-03-19 08:24:25,accounts.google.com
2014-03-19 08:24:25,docs.google.com
2014-03-19 08:24:28,gg.google.com
2014-03-19 08:24:32,docs.google.com
2014-03-19 08:24:38,clients6.google.com
2014-03-19 08:25:06,ieonline.microsoft.com
2014-03-19 08:25:20,drive.google.com
2014-03-19 08:25:20,docs.google.com
2014-03-19 08:25:34,apis.google.com
2014-03-19 08:25:35,apis.google.com
2014-03-19 08:25:36,apis.google.com
2014-03-19 08:25:36,clients6.google.com
2014-03-19 08:25:36,0.docs.google.com
2014-03-19 08:25:36,www.google.com
2014-03-19 08:25:36,accounts.google.com
2014-03-19 08:25:46,clients2.google.com
2014-03-19 08:25:46,1.docs.google.com
2014-03-19 08:25:48,1.docs.google.com
2014-03-19 08:25:49,1.docs.google.com
2014-03-19 08:26:35,docs.google.com
2014-03-19 08:26:35,drive.google.com
2014-03-19 08:26:46,docs.google.com
2014-03-19 08:26:54,2.docs.google.com
2014-03-19 08:27:06,clients6.google.com
2014-03-19 08:27:32,gg.google.com
2014-03-19 08:27:32,apis.google.com
2014-03-19 08:27:33,drive.google.com
2014-03-19 08:27:33,apis.google.com
2014-03-19 08:27:33,clients2.google.com
2014-03-19 08:27:36,3.docs.google.com
2014-03-19 08:27:37,docs.google.com
2014-03-19 08:27:37,3.docs.google.com
2014-03-19 08:27:38,clients2.google.com
2014-03-19 08:27:38,3.talkgadget.google.com
2014-03-19 08:27:38,docs.google.com
2014-03-19 08:27:39,plus.google.com
2014-03-19 08:27:45,docs.google.com
2014-03-19 08:27:45,apis.google.com
2014-03-19 08:27:45,3.talkgadget.google.com
2014-03-19 08:28:20,3.talkgadget.google.com
2014-03-19 08:28:20,plus.google.com
2014-03-19 08:28:40,docs.google.com
2014-03-19 08:28:42,docs.google.com
2014-03-19 08:29:38,apis.google.com
2014-03-19 08:29:44,docs.google.com
2014-03-19 08:29:44,2.docs.google.com
2014-03-19 08:29:46,clients2.google.com
2014-03-19 08:29:48,clients6.google.com
2014-03-19 08:30:18,www.google.fr
2014-03-19 08:30:19,www.google.fr
2014-03-19 08:30:20,www.google.fr
2014-03-19 08:30:58,www.google.fr
2014-03-19 08:30:59,bits.wikimedia.org
2014-03-19 08:30:59,fr.wikipedia.org
2014-03-19 08:30:59,www.google.fr
2014-03-19 08:31:00,bits.wikimedia.org
2014-03-19 08:31:00,fr.wikipedia.org
2014-03-19 08:31:00,meta.wikimedia.org
2014-03-19 08:31:00,login.wikimedia.org
2014-03-19 08:31:46,docs.google.com
2014-03-19 08:32:08,docs.google.com
2014-03-19 08:32:40,www.google.com
2014-03-19 08:33:21,drive.google.com
2014-03-19 08:35:09,docs.google.com
2014-03-19 08:36:15,www.google.fr
2014-03-19 08:36:32,drive.google.com
2014-03-19 08:36:32,3.docs.google.com
2014-03-19 08:36:32,www.google.fr
2014-03-19 08:36:32,docs.google.com
2014-03-19 08:36:35,ajax.googleapis.com
2014-03-19 08:36:35,www.sport.ox.ac.uk
2014-03-19 08:36:35,www.google.fr
2014-03-19 08:36:36,www.sport.ox.ac.uk
2014-03-19 08:36:36,platform.twitter.com
2014-03-19 08:36:37,mw2.google.com
2014-03-19 08:36:37,static.ak.facebook.com
2014-03-19 08:36:37,connect.facebook.net
2014-03-19 08:36:37,www.sport.ox.ac.uk
2014-03-19 08:36:38,platform.twitter.com
2014-03-19 08:36:38,www.facebook.com
2014-03-19 08:36:38,www.sport.ox.ac.uk
2014-03-19 08:36:43,www.sport.ox.ac.uk
2014-03-19 08:36:45,www.sport.ox.ac.uk
2014-03-19 08:36:55,twitter.com
2014-03-19 08:36:56,pbs.twimg.com
2014-03-19 08:37:15,pbs.twimg.com
2014-03-19 08:37:26,twitter.com
2014-03-19 08:37:30,syndication.twitter.com
2014-03-19 08:37:35,docs.google.com
2014-03-19 08:38:00,syndication.twitter.com
2014-03-19 08:38:07,pbs.twimg.com
2014-03-19 08:38:10,0.drive.google.com
2014-03-19 08:38:10,pbs.twimg.com
2014-03-19 08:38:11,pbs.twimg.com
2014-03-19 08:38:12,pbs.twimg.com
2014-03-19 08:38:12,drive.google.com
2014-03-19 08:38:13,drive.google.com
2014-03-19 08:38:13,www.google.com
2014-03-19 08:38:14,1.drive.google.com
2014-03-19 08:38:14,platform.twitter.com
2014-03-19 08:38:14,pbs.twimg.com
2014-03-19 08:38:22,mw2.google.com
2014-03-19 08:38:44,mw2.google.com
2014-03-19 08:38:44,ajax.googleapis.com
2014-03-19 08:38:44,www.google.fr
2014-03-19 08:38:44,accounts.google.com
2014-03-19 08:38:45,www.americansportsuniversity.com
2014-03-19 08:38:46,syndication.twitter.com
2014-03-19 08:38:46,www.americansportsuniversity.com
2014-03-19 08:38:47,www.americansportsuniversity.com
2014-03-19 08:38:47,americansportsuniversity.com
2014-03-19 08:39:26,www.google.fr
2014-03-19 08:39:26,ajax.googleapis.com
2014-03-19 08:39:37,ajax.googleapis.com
2014-03-19 08:40:41,www.google.fr
2014-03-19 08:40:45,syndication.twitter.com
2014-03-19 08:40:47,www.google.fr
2014-03-19 08:40:47,ajax.googleapis.com
2014-03-19 08:41:46,www.google.fr
2014-03-19 08:41:52,www.google.fr
2014-03-19 08:42:03,www.google.fr
2014-03-19 08:42:04,syndication.twitter.com
2014-03-19 08:42:04,ajax.googleapis.com
2014-03-19 08:42:04,www.colostate.edu
2014-03-19 08:42:04,www.google.fr
2014-03-19 08:42:05,static.colostate.edu
2014-03-19 08:42:05,www.colostate.edu
2014-03-19 08:42:06,www.colostate.edu
2014-03-19 08:42:06,api.flickr.com
2014-03-19 08:42:06,farm4.staticflickr.com
2014-03-19 08:42:06,farm3.staticflickr.com
2014-03-19 08:42:07,farm4.staticflickr.com
2014-03-19 08:42:07,farm8.staticflickr.com
2014-03-19 08:42:07,farm3.staticflickr.com
2014-03-19 08:42:07,www.colostate.edu
2014-03-19 08:42:15,www.google.fr
2014-03-19 08:42:17,www.google.fr
2014-03-19 08:42:17,fr.wikipedia.org
2014-03-19 08:42:17,bits.wikimedia.org
2014-03-19 08:42:18,fr.wikipedia.org
2014-03-19 08:42:18,meta.wikimedia.org
2014-03-19 08:43:09,www.google.fr
2014-03-19 08:43:10,mod.postimage.org
2014-03-19 08:43:10,www.onlinetri.com
2014-03-19 08:43:10,www.google.fr
2014-03-19 08:43:12,www.onlinetri.com
2014-03-19 08:43:13,www.onlinetri.com
2014-03-19 08:43:13,cntr.adrcntr.com
2014-03-19 08:43:14,fpdownload2.macromedia.com
2014-03-19 08:43:46,syndication.twitter.com
2014-03-19 08:44:00,evt.adrcntr.com
2014-03-19 08:44:00,www.onlinetri.com
2014-03-19 08:44:01,cntr.adrcntr.com
2014-03-19 08:44:01,www.onlinetri.com
2014-03-19 08:44:03,www.onlinetri.com
2014-03-19 08:44:03,evt.adrcntr.com
2014-03-19 08:44:04,www.onlinetri.com
2014-03-19 08:44:11,www.google.fr
2014-03-19 08:44:15,www.google.fr
2014-03-19 08:44:16,www.usherbrooke.ca
2014-03-19 08:44:17,www.google.fr
2014-03-19 08:44:18,www.usherbrooke.ca
2014-03-19 08:44:19,www.usherbrooke.ca
2014-03-19 08:44:20,www.usherbrooke.ca
2014-03-19 08:44:21,www.usherbrooke.ca
2014-03-19 08:44:22,www.usherbrooke.ca
2014-03-19 08:44:22,dnn506yrbagrg.cloudfront.net
2014-03-19 08:44:23,www.usherbrooke.ca
2014-03-19 08:45:10,www.google.fr
2014-03-19 08:45:11,www.google.fr
2014-03-19 08:45:11,syndication.twitter.com
2014-03-19 08:48:03,docs.google.com
2014-03-19 08:51:59,www.radford.edu
2014-03-19 08:52:00,ajax.googleapis.com
2014-03-19 08:52:00,www.google.fr
2014-03-19 08:52:00,www.radford.edu
2014-03-19 08:52:01,www.radford.edu
2014-03-19 08:52:02,www.radford.edu
2014-03-19 08:52:03,www.radford.edu
2014-03-19 08:52:04,www.radford.edu
2014-03-19 08:52:05,www.radford.edu
2014-03-19 08:52:06,www.radford.edu
2014-03-19 08:52:07,www.radford.edu
2014-03-19 08:52:26,fr.wikipedia.org
2014-03-19 08:52:26,www.google.fr
2014-03-19 08:52:26,bits.wikimedia.org
2014-03-19 08:52:27,meta.wikimedia.org
2014-03-19 08:52:27,fr.wikipedia.org
2014-03-19 08:54:09,www.google.fr
2014-03-19 08:54:10,meta.wikimedia.org
2014-03-19 08:54:10,fr.wikipedia.org
2014-03-19 08:54:10,bits.wikimedia.org
2014-03-19 08:54:16,ajax.googleapis.com
2014-03-19 08:54:16,www.google.fr
2014-03-19 08:54:16,www.radford.edu
2014-03-19 08:54:17,www.radford.edu
2014-03-19 08:54:18,www.radford.edu
2014-03-19 08:54:19,www.radford.edu
2014-03-19 08:54:28,www.radford.edu
2014-03-19 08:54:30,cdnjs.cloudflare.com
2014-03-19 08:54:30,assets.sidearmsports.com
2014-03-19 08:54:30,ajax.googleapis.com
2014-03-19 08:54:30,www.ruhighlanders.com
2014-03-19 08:54:31,i1.ytimg.com
2014-03-19 08:54:31,www.ruhighlanders.com
2014-03-19 08:54:32,www.ruhighlanders.com
2014-03-19 08:54:33,www.ruhighlanders.com
2014-03-19 08:54:34,www.ruhighlanders.com
2014-03-19 08:54:34,assets.sidearmsports.com
2014-03-19 08:54:34,search.twitter.com
2014-03-19 08:54:36,www.youtube.com
2014-03-19 08:54:36,s.ytimg.com
2014-03-19 08:54:37,www.ruhighlanders.com
2014-03-19 08:55:09,www.ruhighlanders.com
2014-03-19 08:55:17,www.ruhighlanders.com
2014-03-19 08:55:19,www.ruhighlanders.com
2014-03-19 08:55:20,www.ruhighlanders.com
2014-03-19 08:55:21,www.ruhighlanders.com
2014-03-19 08:55:43,www.radford.edu
2014-03-19 08:55:44,www.radford.edu
2014-03-19 08:55:44,www.youtube.com
2014-03-19 08:55:44,s.ytimg.com
2014-03-19 08:55:44,www.google.com
2014-03-19 08:55:45,www.radford.edu
2014-03-19 08:55:46,www.radford.edu
2014-03-19 08:55:47,www.radford.edu
2014-03-19 08:55:49,www.radford.edu
2014-03-19 08:55:50,www.radford.edu
2014-03-19 08:55:53,www.ruhighlanders.com
2014-03-19 08:55:54,search.twitter.com
2014-03-19 08:55:54,www.ruhighlanders.com
2014-03-19 08:56:08,www.ruhighlanders.com
2014-03-19 08:56:09,www.ruhighlanders.com
2014-03-19 08:56:10,www.ruhighlanders.com
2014-03-19 08:56:12,www.ruhighlanders.com
2014-03-19 08:56:13,www.ruhighlanders.com
2014-03-19 08:56:13,search.twitter.com
2014-03-19 08:56:15,www.ruhighlanders.com
2014-03-19 08:56:16,search.twitter.com
2014-03-19 08:56:16,www.ruhighlanders.com
2014-03-19 08:56:18,www.ruhighlanders.com
2014-03-19 08:56:19,www.ruhighlanders.com
2014-03-19 08:56:29,www.ruhighlanders.com
2014-03-19 08:56:30,assets.sidearmsports.com.s3.amazonaws.com
2014-03-19 08:56:30,www.ruhighlanders.com
2014-03-19 08:56:30,www.youtube.com
2014-03-19 08:56:31,search.twitter.com
2014-03-19 08:56:31,www.ruhighlanders.com
2014-03-19 08:56:34,www.ruhighlanders.com
2014-03-19 08:56:35,search.twitter.com
2014-03-19 08:56:35,www.ruhighlanders.com
2014-03-19 08:56:38,www.ruhighlanders.com
2014-03-19 08:56:39,www.ruhighlanders.com
2014-03-19 08:59:30,bits.wikimedia.org
2014-03-19 08:59:31,fr.wikipedia.org
2014-03-19 08:59:32,fr.wikipedia.org
2014-03-19 08:59:33,fr.wikipedia.org
2014-03-19 08:59:34,fr.wikipedia.org
2014-03-19 08:59:35,fr.wikipedia.org
2014-03-19 08:59:38,fr.wikipedia.org
2014-03-19 08:59:39,meta.wikimedia.org
2014-03-19 08:59:39,bits.wikimedia.org
2014-03-19 08:59:39,fr.wikipedia.org
2014-03-19 09:00:35,www.youtube.com
2014-03-19 09:23:33,www.google.fr
2014-03-19 09:23:34,www.pronosoft.com
2014-03-19 09:23:34,ajax.googleapis.com
2014-03-19 09:23:34,parionsweb.loa24.com
2014-03-19 09:23:34,www.google.fr
2014-03-19 09:23:35,parionsweb.loa24.com
2014-03-19 09:23:35,www.pronosoft.com
2014-03-19 09:23:36,www.pronosoft.com
2014-03-19 09:23:36,adventori.com
2014-03-19 09:23:46,www.pronosoft.com
2014-03-19 09:26:49,1.docs.google.com
2014-03-19 09:28:40,docs.google.com
2014-03-19 09:40:51,docs.google.com
2014-03-19 09:40:52,1.docs.google.com
2014-03-26 08:08:39,clients1.google.com
2014-03-26 08:08:40,gtglobal-ocsp.geotrust.com
2014-03-26 08:08:40,clients1.google.com
2014-03-26 08:08:41,www.google.fr
2014-03-26 08:08:42,translate.google.fr
2014-03-26 08:08:43,translate.google.fr
2014-03-26 08:08:49,translate.google.fr
2014-03-26 08:08:51,translate.google.fr
2014-03-26 08:08:52,translate.google.fr
2014-03-26 08:08:53,translate.google.fr
2014-03-26 08:08:54,translate.google.fr
2014-03-26 08:08:55,translate.google.fr
2014-03-26 08:08:57,translate.google.fr
2014-03-26 08:08:58,translate.google.fr
2014-03-26 08:09:01,translate.google.fr
2014-03-26 08:09:03,translate.google.fr
2014-03-26 08:09:03,apis.google.com
2014-03-26 08:09:03,www.google.com
2014-03-26 08:09:03,www.google.fr
2014-03-26 08:20:43,clients1.google.com
2014-03-26 08:20:43,gtglobal-ocsp.geotrust.com
2014-03-26 08:20:46,www.google.fr
2014-03-26 08:20:46,translate.google.fr
2014-03-26 08:20:47,translate.google.fr
2014-03-26 08:20:50,translate.google.fr
2014-03-26 08:20:51,translate.google.fr
2014-03-26 08:20:52,translate.google.fr
2014-03-26 08:20:53,translate.google.fr
2014-03-26 08:20:54,translate.google.fr
2014-03-26 08:20:55,translate.google.fr
2014-03-26 08:20:56,translate.google.fr
2014-03-26 08:20:57,translate.google.fr
2014-03-26 08:20:58,translate.google.fr
2014-03-26 08:20:59,translate.google.fr
2014-03-26 08:21:00,translate.google.fr
2014-03-26 08:21:01,translate.google.fr
2014-03-26 08:21:02,translate.google.fr
2014-03-26 08:21:03,translate.google.fr
2014-03-26 08:21:04,translate.google.fr
2014-03-26 08:21:05,translate.google.fr
2014-03-26 08:21:06,translate.google.fr
2014-03-26 08:21:11,translate.google.fr
2014-03-26 08:21:12,translate.google.fr
2014-03-26 08:21:16,www.google.com
2014-03-26 08:21:16,apis.google.com
2014-03-26 08:21:16,www.google.fr
2014-03-26 08:45:04,www.squid-cache.org
2014-03-26 08:45:13,www.google.com
2014-03-26 08:45:13,gtglobal-ocsp.geotrust.com
2014-03-26 08:45:13,clients1.google.com
2014-03-26 08:45:14,clients1.google.com
2014-03-26 08:45:16,www.google.fr
2014-03-26 08:45:17,parionsweb.loa24.com
2014-03-26 08:45:17,www.pronosoft.com
2014-03-26 08:45:17,ajax.googleapis.com
2014-03-26 08:45:18,parionsweb.loa24.com
2014-03-26 08:45:18,ocsp.thawte.com
2014-03-26 08:45:18,www.pronosoft.com
2014-03-26 08:45:19,clients1.google.com
2014-03-26 08:45:19,www.google.com
2014-03-26 08:45:44,www.pronosoft.com
2014-03-26 08:45:59,gtssl-ocsp.geotrust.com
2014-03-26 08:46:55,ocsp.verisign.com
2014-03-26 08:48:11,www.google.com
2014-03-26 08:48:12,apis.google.com
2014-03-26 08:48:12,www.google.fr
2014-03-26 08:48:34,safebrowsing.clients.google.com
2014-03-26 08:48:34,safebrowsing-cache.google.com
2014-03-26 08:48:35,safebrowsing-cache.google.com
2014-03-26 08:48:36,safebrowsing-cache.google.com
2014-03-26 08:48:55,ocsp.digicert.com
2014-03-26 08:51:31,sb-ssl.google.com
2014-03-26 08:54:56,ocsp.thawte.com
2014-03-26 09:00:09,www.google.fr
2014-03-26 09:00:51,www.google.fr
2014-03-26 09:00:52,www.google.fr
2014-03-26 09:00:52,drive.google.com
2014-03-26 09:00:52,clients1.google.com
2014-03-26 09:00:53,clients1.google.com
2014-03-26 09:01:16,clients1.google.com
2014-03-26 09:03:38,www.google.fr
2014-03-26 09:04:08,accounts.youtube.com
2014-03-26 09:04:10,accounts.google.fr
2014-03-26 09:04:19,accounts.google.com
2014-03-26 09:04:21,clients6.google.com
2014-03-26 09:05:02,apis.google.com
2014-03-26 09:05:04,plus.google.com
2014-03-26 09:05:10,gg.google.com
2014-03-26 09:05:47,docs.google.com
2014-03-26 09:06:03,www.google.com
2014-03-26 09:06:11,drive.google.com
2014-03-26 09:06:53,www.google.fr
2014-03-26 09:06:55,ocsp.usertrust.com
2014-03-26 09:06:55,ocsp.tcs.terena.org
2014-03-26 09:08:21,www.google.com
2014-03-26 09:08:22,www.google.com
2014-03-26 09:08:23,www.google.com
2014-03-26 09:08:28,ajax.googleapis.com
2014-03-26 09:08:28,www.google.fr
2014-03-26 09:08:46,ajax.googleapis.com
2014-03-26 09:10:15,ocsp.tcs.terena.org
2014-03-26 09:10:18,clients1.google.com
2014-03-26 09:10:22,www.ntnu.no
2014-03-26 09:10:23,www.ntnu.no
2014-03-26 09:10:26,www.ntnu.no
2014-03-26 09:11:30,ajax.googleapis.com
2014-03-26 09:12:11,drive.google.com
2014-03-26 09:12:31,www.google.fr
2014-03-26 09:12:32,translate.google.fr
2014-03-26 09:12:33,translate.google.fr
2014-03-26 09:12:34,translate.google.fr
2014-03-26 09:12:35,translate.google.fr
2014-03-26 09:12:35,www.google.com
2014-03-26 09:12:37,translate.google.fr
2014-03-26 09:12:53,translate.google.fr
2014-03-26 09:12:54,translate.google.fr
2014-03-26 09:12:55,translate.google.fr
2014-03-26 09:12:56,translate.google.fr
2014-03-26 09:12:57,translate.google.fr
2014-03-26 09:12:59,translate.google.fr
2014-03-26 09:13:00,translate.google.fr
2014-03-26 09:13:05,translate.google.fr
2014-03-26 09:13:13,translate.google.fr
2014-03-26 09:13:14,www.youtube.com
2014-03-26 09:13:15,i1.ytimg.com
2014-03-26 09:13:15,s.ytimg.com
2014-03-26 09:13:16,translate.google.fr
2014-03-26 09:13:18,translate.google.fr
2014-03-26 09:13:19,translate.google.fr
2014-03-26 09:13:22,translate.google.fr
2014-03-26 09:13:23,translate.google.fr
2014-03-26 09:13:25,translate.google.fr
2014-03-26 09:13:26,translate.google.fr
2014-03-26 09:13:27,translate.google.fr
2014-03-26 09:13:28,translate.google.fr
2014-03-26 09:13:50,www.ntnu.no
2014-03-26 09:14:27,videre.ntnu.no
2014-03-26 09:14:28,videre.ntnu.no
2014-03-26 09:14:29,videre.ntnu.no
2014-03-26 09:14:35,www.ntnu.no
2014-03-26 09:14:36,www.ntnu.no
2014-03-26 09:14:36,www.youtube.com
2014-03-26 09:14:36,s.ytimg.com
2014-03-26 09:14:37,www.google.com
2014-03-26 09:14:37,s.ytimg.com
2014-03-26 09:14:37,www.ntnu.no
2014-03-26 09:14:38,www.youtube.com
2014-03-26 09:14:39,www.youtube.com
2014-03-26 09:14:39,s.ytimg.com
2014-03-26 09:14:39,i1.ytimg.com
2014-03-26 09:14:39,www.ntnu.no
2014-03-26 09:15:13,0.drive.google.com
2014-03-26 09:15:20,www.google.com
2014-03-26 09:15:22,www.google.fr
2014-03-26 09:16:13,inputtools.google.com
2014-03-26 09:17:02,www.ntnu.edu
2014-03-26 09:17:03,www.youtube.com
2014-03-26 09:17:03,www.ntnu.edu
2014-03-26 09:17:04,www.ntnu.edu
2014-03-26 09:17:05,i1.ytimg.com
2014-03-26 09:17:05,www.youtube.com
2014-03-26 09:18:49,www.google.com
2014-03-26 09:18:59,www.google.fr
2014-03-26 09:19:21,safebrowsing-cache.google.com
2014-03-26 09:19:21,safebrowsing.clients.google.com
2014-03-26 09:19:22,safebrowsing-cache.google.com
2014-03-26 09:19:52,www.youtube.com
2014-03-26 09:22:06,clients6.google.com
2014-03-26 09:22:07,apis.google.com
2014-03-26 09:22:09,plus.google.com
2014-03-26 09:22:15,drive.google.com
2014-03-26 09:22:55,gg.google.com
2014-03-26 09:23:09,www.google.com
2014-03-26 09:27:30,docs.google.com
2014-03-26 09:27:55,drive.google.com
2014-03-26 09:33:55,drive.google.com
2014-03-26 09:34:43,docs.google.com
2014-03-26 09:39:54,drive.google.com
2014-03-26 09:41:25,docs.google.com
2014-03-26 09:41:25,1.drive.google.com
2014-03-26 09:41:25,0.talkgadget.google.com
2014-03-26 09:41:25,0.docs.google.com
