timestamp,site
2013-03-12 08:00:28,www.mathworks.com
2013-03-12 08:00:29,www.mathworks.fr
2013-03-12 08:55:42,www.bing.com
2013-03-12 08:55:43,www.bing.com
2013-03-12 08:55:44,cms.abmr.net
2013-03-12 08:55:44,www.bing.com
2013-03-12 08:55:45,www.bing.com
2013-03-12 08:55:55,www.bing.com
2013-03-12 08:55:56,www.bing.com
2013-03-12 08:55:56,login.live.com
2013-03-12 08:55:57,login.live.com
2013-03-12 08:55:57,www.bing.com
2013-06-12 12:12:36,shell.windows.com
2013-06-12 12:12:36,go.microsoft.com
2013-06-12 12:12:37,shell.windows.com
2013-06-12 12:12:38,shell.windows.com
2013-06-12 12:12:43,shell.windows.com
2013-06-12 12:12:43,go.microsoft.com
2013-06-12 12:12:44,shell.windows.com
2013-11-19 08:53:24,fpdownload2.macromedia.com
2013-11-19 08:53:31,www.bing.com
2013-11-19 08:53:32,www.bing.com
2013-11-19 09:56:55,www.bing.com
2013-11-19 09:56:56,cms.abmr.net
2013-11-19 09:56:56,www.bing.com
2013-11-19 09:56:58,www.bing.com
2013-11-19 09:56:59,au-gateau-chinois.blogspot.com
2013-11-19 09:56:59,1.bp.blogspot.com
2013-11-19 09:56:59,img2.blogblog.com
2013-11-19 09:56:59,www.blogger.com
2013-11-19 09:56:59,img1.blogblog.com
2013-11-19 09:56:59,au-gateau-chinois.blogspot.fr
2013-11-19 09:57:07,login.live.com
2013-11-19 09:57:09,www.bing.com
2013-11-19 09:57:10,cms.abmr.net
2013-11-19 09:57:10,www.bing.com
2013-11-19 09:57:11,www.bing.com
2013-11-19 09:57:11,apis.google.com
2013-11-19 09:57:12,ts1.mm.bing.net
2013-11-19 09:57:12,ts2.mm.bing.net
2013-11-19 09:57:12,ts3.mm.bing.net
2013-11-19 09:57:12,www.bing.com
2013-11-19 09:57:12,ts4.mm.bing.net
2013-11-19 09:57:13,ts4.mm.bing.net
2013-11-19 09:57:13,ts1.mm.bing.net
2013-11-19 09:57:13,ts2.mm.bing.net
2013-11-19 09:57:13,ts3.mm.bing.net
2013-11-19 09:57:13,www.bing.com
2013-11-19 09:57:14,www.bing.com
2013-11-19 09:57:14,ts1.mm.bing.net
2013-11-19 09:57:15,www.bing.com
2013-11-19 09:57:17,ts1.mm.bing.net
2013-11-19 09:57:18,ts1.mm.bing.net
2013-11-19 09:57:18,www.bing.com
2013-11-19 09:57:18,rlv.zcache.fr
2013-11-19 09:57:19,imblog.aufeminin.com
2013-11-19 09:57:19,media.paperblog.fr
2013-11-19 09:57:20,media.paperblog.fr
2013-11-19 09:57:20,le-gout-du-bonheur.fr
2013-11-19 09:57:20,www.sophie-m.com
2013-11-19 09:57:20,p4.storage.canalblog.com
2013-11-19 09:57:20,4.bp.blogspot.com
2013-11-19 09:57:23,www.bing.com
2013-11-19 09:57:24,ts1.mm.bing.net
2013-11-19 09:57:25,ts1.mm.bing.net
2013-11-19 09:57:25,login.live.com
2013-11-19 09:57:27,www.bing.com
2013-11-19 09:57:29,www.bing.com
2013-11-19 09:57:29,ts1.mm.bing.net
2013-11-19 09:57:30,ts3.mm.bing.net
2013-11-19 09:57:30,ts1.mm.bing.net
2013-11-19 09:57:30,www.bing.com
2013-11-19 09:57:30,ts4.mm.bing.net
2013-11-19 09:57:30,ts2.mm.bing.net
2013-11-19 09:57:31,ts2.mm.bing.net
2013-11-19 09:57:31,ts4.mm.bing.net
2013-11-19 09:57:31,ts3.mm.bing.net
2013-11-19 09:57:31,ts1.mm.bing.net
2013-11-19 09:57:32,www.bing.com
2013-11-19 09:57:32,ts1.mm.bing.net
2013-11-19 09:57:33,ts1.mm.bing.net
2013-11-19 09:57:34,ts4.mm.bing.net
2013-11-19 09:57:34,1.bp.blogspot.com
2013-11-19 09:57:34,www.bing.com
2013-11-19 09:57:34,media.cdnws.com
2013-11-19 09:57:34,i82.servimg.com
2013-11-19 09:57:35,perlbal.hi-pi.com
2013-11-19 09:57:35,media.paperblog.fr
2013-11-19 09:57:35,le-gout-du-bonheur.fr
2013-11-19 09:57:35,ts1.mm.bing.net
2013-11-19 09:57:35,1.bp.blogspot.com
2013-11-19 09:57:35,www.tirage-euromillions.net
2013-11-19 09:57:36,images.bozea.com
2013-11-19 09:57:37,www.bing.com
2013-11-19 09:57:37,ts1.mm.bing.net
2013-11-19 09:57:38,ts2.mm.bing.net
2013-11-19 09:57:38,ts3.mm.bing.net
2013-11-19 09:57:38,www.bing.com
2013-11-19 09:57:38,ts1.mm.bing.net
2013-11-19 09:57:39,ts1.mm.bing.net
2013-11-19 09:57:39,ts4.mm.bing.net
2013-11-19 09:57:39,www.bing.com
2013-11-19 09:57:39,ts2.mm.bing.net
2013-11-19 09:57:39,ts3.mm.bing.net
2013-11-19 09:57:39,ssl.bing.com
2013-11-19 09:57:40,ts1.mm.bing.net
2013-11-19 09:57:41,ts1.mm.bing.net
2013-11-19 09:57:42,www.bing.com
2013-11-19 09:57:44,www.bing.com
2013-11-19 09:57:46,ts1.mm.bing.net
2013-11-19 09:57:47,ts1.mm.bing.net
2013-11-20 08:12:54,www.bing.com
2013-11-20 08:12:54,search.live.com
2013-11-20 08:12:55,www.bing.com
2013-11-20 08:12:56,www.bing.com
2013-11-20 08:12:56,cms.abmr.net
2013-11-20 08:12:57,crl.geotrust.com
2013-11-20 08:12:57,crl.usertrust.com
2013-11-20 08:12:57,pki.google.com
2013-11-20 08:12:58,crl.tcs.terena.org
2013-11-20 08:12:58,crl.usertrust.com
2013-11-20 08:45:40,search.live.com
2013-11-20 08:45:41,www.bing.com
2013-11-20 08:45:42,www.bing.com
2013-11-20 08:45:43,www.bing.com
2013-11-20 08:45:44,login.live.com
2013-11-20 08:45:44,www.bing.com
2013-11-20 08:45:44,evintl-crl.verisign.com
2013-11-20 08:45:44,crl.comodoca.com
2013-11-20 08:50:05,ssl.bing.com
2013-11-20 09:03:15,search.live.com
2013-11-20 09:03:15,www.bing.com
2013-11-20 09:03:17,www.bing.com
2013-11-20 09:03:17,login.live.com
2013-11-20 09:03:17,bits.wikimedia.org
2013-11-20 09:03:17,fr.wikipedia.org
2013-11-20 09:03:18,meta.wikimedia.org
2013-11-20 09:03:18,crl3.digicert.com
2013-11-20 09:03:19,bits.wikimedia.org
2013-11-20 09:03:19,fr.wikipedia.org
2013-11-20 09:03:19,login.wikimedia.org
2013-11-20 09:03:19,meta.wikimedia.org
2013-11-20 09:03:20,bits.wikimedia.org
2013-11-20 09:03:20,fr.wikipedia.org
2013-11-20 09:03:49,www.bing.com
2013-11-20 09:03:51,bits.wikimedia.org
2013-11-20 09:03:52,login.live.com
2013-11-20 09:03:53,www.bing.com
2013-11-20 09:03:54,www.bing.com
2013-11-20 09:04:06,www.bing.com
2013-11-20 09:04:07,www.bing.com
2013-11-20 09:04:08,www.bing.com
2013-11-20 09:04:09,ssl.bing.com
2013-11-20 09:04:10,login.live.com
2013-11-20 09:04:10,www.bing.com
2013-11-20 09:04:13,sgbd.developpez.com
2013-11-20 09:04:13,www.developpez.com
2013-11-20 09:04:13,platform.linkedin.com
2013-11-20 09:04:13,www.google.com
2013-11-20 09:04:14,apis.google.com
2013-11-20 09:04:14,connect.facebook.net
2013-11-20 09:04:14,platform.linkedin.com
2013-11-20 09:04:14,www.developpez.be
2013-11-20 09:04:14,platform.twitter.com
2013-11-20 09:04:14,premium.hi-mediaserver.com
2013-11-20 09:04:14,www.google.com
2013-11-20 09:04:14,sgbd.developpez.com
2013-11-20 09:04:14,www.developpez.net
2013-11-20 09:04:15,www.developpez.net
2013-11-20 09:04:15,www.developpez.com
2013-11-20 09:04:15,apis.google.com
2013-11-20 09:04:15,accounts.google.com
2013-11-20 09:04:15,www.developpez.be
2013-11-20 09:04:15,sgbd.developpez.com
2013-11-20 09:04:16,static.ak.facebook.com
2013-11-20 09:04:16,apis.google.com
2013-11-20 09:04:16,s-static.ak.facebook.com
2013-11-20 09:04:16,platform.twitter.com
2013-11-20 09:04:16,www.linkedin.com
2013-11-20 09:04:17,evsecure-crl.verisign.com
2013-11-20 09:04:17,www.facebook.com
2013-11-20 09:04:18,www.facebook.com
2013-11-20 09:04:37,www.linkedin.com
2013-11-20 09:04:38,www.bing.com
2013-11-20 09:04:40,login.live.com
2013-11-20 09:04:40,twitter.com
2013-11-20 09:04:53,ssl.bing.com
2013-11-20 09:04:53,www.bing.com
2013-11-20 09:04:53,forum.hardware.fr
2013-11-20 09:04:53,forum-images.hardware.fr
2013-11-20 09:04:54,wtpn.twenga.fr
2013-11-20 09:04:54,fr.primary.affinitad.com
2013-11-20 09:04:54,forum-images.hardware.fr
2013-11-20 09:04:54,www.google.com
2013-11-20 09:04:54,forum.hardware.fr
2013-11-20 09:04:54,rbx-cdn-tpn.c4tw.net
2013-11-20 09:04:59,rbx-cdn-tpn.c4tw.net
2013-11-20 09:04:59,fr.primary.affinitad.com
2013-11-26 09:02:03,fpdownload2.macromedia.com
2013-11-26 09:02:14,www.bing.com
2013-11-26 09:02:15,www.bing.com
2013-11-26 09:02:16,cms.abmr.net
2013-11-26 09:02:16,www.bing.com
2013-11-26 09:02:16,login.live.com
2013-11-26 09:56:32,www.bing.com
2013-11-26 09:56:33,www.bing.com
2013-11-26 09:56:34,www.bing.com
2013-12-12 10:13:16,armmf.adobe.com
2013-12-12 10:13:18,armmf.adobe.com
2013-12-12 10:13:20,armdl.adobe.com
2013-12-12 10:13:28,go.microsoft.com
2013-12-12 10:13:28,shell.windows.com
2013-12-12 10:13:29,shell.windows.com
2013-12-12 10:13:30,shell.windows.com
2013-12-12 10:13:31,shell.windows.com
2013-12-12 10:13:31,cx.msn.com
2013-12-12 10:13:31,go.microsoft.com
2013-12-12 10:13:31,windows.microsoft.com
2013-12-12 10:13:31,ieonline.microsoft.com
2013-12-12 10:13:32,res2.windows.microsoft.com
2013-12-12 10:13:32,ajax.microsoft.com
2013-12-12 10:13:32,js.microsoft.com
2013-12-12 10:13:32,windows.microsoft.com
2013-12-12 10:13:32,res1.windows.microsoft.com
2013-12-12 10:13:36,www.bing.com
2013-12-12 10:14:00,go.microsoft.com
2013-12-12 10:14:00,ieonline.microsoft.com
2013-12-12 10:16:56,fpdownload2.macromedia.com
2013-12-12 10:17:00,go.microsoft.com
2013-12-12 10:17:01,ajax.microsoft.com
2013-12-12 10:17:01,windows.microsoft.com
2013-12-12 10:17:01,res2.windows.microsoft.com
2013-12-12 10:17:01,res1.windows.microsoft.com
2013-12-12 10:17:01,ieonline.microsoft.com
2013-12-12 10:17:01,js.microsoft.com
2013-12-12 10:17:02,js.microsoft.com
2013-12-12 10:17:02,res1.windows.microsoft.com
2013-12-12 10:17:02,windows.microsoft.com
2013-12-12 10:17:03,res1.windows.microsoft.com
2013-12-12 10:17:04,www.bing.com
2013-12-12 10:17:12,api.bing.com
2013-12-12 10:17:13,api.bing.com
2013-12-12 10:17:14,api.bing.com
2013-12-12 10:17:14,www.bing.com
2013-12-12 10:17:16,www.bing.com
2013-12-12 10:17:17,www.bing.com
2013-12-12 10:17:18,www.bing.com
2013-12-12 10:18:59,ieonline.microsoft.com
2013-12-12 10:18:59,go.microsoft.com
2013-12-12 10:29:21,javadl-esd-secure.oracle.com
2013-12-12 10:30:52,javadl-esd-secure.oracle.com
2013-12-17 08:16:17,www.bing.com
2013-12-17 08:16:18,www.bing.com
2013-12-17 08:16:19,www.bing.com
2013-12-17 08:16:19,cms.abmr.net
2013-12-17 08:16:21,www.bing.com
2013-12-17 08:16:23,www.bing.com
2013-12-17 08:16:24,www.bing.com
2013-12-17 08:16:30,login.live.com
2013-12-17 08:29:22,yahoo.fr
2013-12-17 08:29:23,fr.yahoo.com
2013-12-17 08:29:26,fr.yahoo.com
2013-12-17 08:29:39,login.yahoo.com
2013-12-17 08:29:40,login.yahoo.com
2013-12-17 08:29:43,login.yahoo.com
2013-12-17 08:29:45,login.yahoo.com
2013-12-17 08:29:55,login.yahoo.com
2013-12-17 08:29:56,fr.yahoo.com
2013-12-17 08:29:57,fr.yahoo.com
2013-12-17 08:29:58,fr.yahoo.com
2013-12-17 08:29:58,yui.yahooapis.com
2013-12-17 08:29:58,locdrop.query.yahoo.com
2013-12-17 08:29:59,fr.yahoo.com
2013-12-17 08:30:00,mail.yahoo.com
2013-12-17 08:30:03,mail.yahoo.com
2013-12-17 08:30:04,fr.yahoo.com
2013-12-17 08:30:05,mail.yahoo.com
2013-12-17 08:30:05,fr.yahoo.com
2013-12-17 08:30:07,fr-mg42.mail.yahoo.com
2013-12-17 08:30:08,fr-mg42.mail.yahoo.com
2013-12-17 08:30:08,mail.yahoo.com
2013-12-17 08:30:24,ucs.query.yahoo.com
2013-12-17 08:30:38,ucs.query.yahoo.com
2013-12-17 08:30:45,ea.virginmobile.fr
2013-12-17 08:30:50,ea.virginmobile.fr
2013-12-17 08:30:50,fr-mg42.mail.yahoo.com
2013-12-17 08:30:50,www.dropbox.com
2013-12-17 08:30:57,ir2-attach.mail.yahoo.com
2013-12-17 08:30:59,ir2-attach.mail.yahoo.com
2013-12-17 08:31:17,ir2-attach.mail.yahoo.com
2013-12-17 08:31:19,ir2-attach.mail.yahoo.com
2013-12-17 08:31:28,ir2-attach.mail.yahoo.com
2013-12-17 08:31:50,www.dropbox.com
2013-12-17 08:31:57,us.lrd.yahoo.com
2013-12-17 08:31:58,fr.yahoo.com
2013-12-17 08:31:58,login.yahoo.com
2013-12-17 08:31:58,fr-mg42.mail.yahoo.com
2013-12-17 08:32:00,fr.yahoo.com
2013-12-17 08:32:00,locdrop.query.yahoo.com
2013-12-17 08:32:04,www.bing.com
2013-12-17 08:32:05,www.bing.com
2013-12-17 08:32:05,www.hotmail.com
2013-12-17 08:32:15,login.live.com
2013-12-17 08:32:16,login.live.com
2013-12-17 08:32:24,login.live.com
2013-12-17 08:32:53,login.live.com
2013-12-17 08:32:54,login.live.com
2013-12-17 08:33:00,mail.live.com
2013-12-17 08:33:02,dub114.mail.live.com
2013-12-17 08:33:04,dub114.mail.live.com
2013-12-17 08:33:05,people.directory.live.com
2013-12-17 08:33:05,dub114.mail.live.com
2013-12-17 08:33:06,people.directory.live.com
2013-12-17 08:33:06,dub114.mail.live.com
2013-12-17 08:33:09,h.live.com
2013-12-17 08:33:10,dub114.mail.live.com
2013-12-17 08:33:10,windowslive.tt.omtrdc.net
2013-12-17 08:33:10,h.live.com
2013-12-17 08:33:10,cid-5c8d808de64f1c46.users.storage.live.com
2013-12-17 08:33:11,js.live.net
2013-12-17 08:33:11,h.live.com
2013-12-17 08:33:12,h.live.com
2013-12-17 08:33:12,secure.shared.live.com
2013-12-17 08:33:13,h.live.com
2013-12-17 08:33:13,bn1files.storage.msn.com
2013-12-17 08:33:14,login.live.com
2013-12-17 08:33:14,api.skype.com
2013-12-17 08:33:14,secure.shared.live.com
2013-12-17 08:33:15,go.trouter.io
2013-12-17 08:33:16,prod.registrar.skype.com
2013-12-17 08:33:25,storage.live.com
2013-12-17 08:34:03,secure.shared.live.com
2013-12-17 08:34:03,h.live.com
2013-12-17 08:34:03,api.skype.com
2013-12-17 08:34:08,h.live.com
2013-12-17 08:34:08,dub114.mail.live.com
2013-12-17 08:34:09,p.sfx.ms
2013-12-17 08:34:09,prod.registrar.skype.com
2013-12-17 08:34:18,login.live.com
2013-12-17 08:34:19,login.skype.com
2013-12-17 08:34:19,go.trouter.io
2013-12-17 08:34:19,cid-5c8d808de64f1c46.users.storage.live.com
2013-12-17 08:34:19,g.live.com
2013-12-17 08:34:19,dub114.mail.live.com
2013-12-17 08:34:21,fr.msn.com
2013-12-17 08:34:21,windowslive.tt.omtrdc.net
2013-12-17 08:34:22,c.fr.msn.com
2013-12-17 08:34:22,www.bing.com
2013-12-17 08:34:23,platform.twitter.com
2013-12-17 08:34:23,c.fr.msn.com
2013-12-17 08:34:23,api.bing.com
2013-12-17 08:34:23,www.bing.com
2013-12-17 08:34:24,hub.video.msn.com
2013-12-17 08:34:24,connect.facebook.net
2013-12-17 08:34:24,spot.static.meetic.com
2013-12-17 08:34:24,cntr.adrcntr.com
2013-12-17 08:34:24,fr.msn.com
2013-12-17 08:34:24,img1.video.s-msn.com
2013-12-17 08:34:24,h2.msn.com
2013-12-17 08:34:24,platform.twitter.com
2013-12-17 08:34:25,static.ak.facebook.com
2013-12-17 08:34:25,www.facebook.com
2013-12-17 08:34:25,login.live.com
2013-12-17 08:34:25,s-static.ak.facebook.com
2013-12-17 08:34:25,login.secure.emea.msn.com
2013-12-17 08:34:25,platform.twitter.com
2013-12-17 08:34:25,img1.video.s-msn.com
2013-12-17 08:34:25,spot.static.meetic.com
2013-12-17 08:34:25,fr.msn.com
2013-12-17 08:34:25,img2.video.s-msn.com
2013-12-17 08:34:26,img2.video.s-msn.com
2013-12-17 08:34:26,img1.video.s-msn.com
2013-12-17 08:34:26,download.skype.com
2013-12-17 08:34:26,picda.ilius.net
2013-12-17 08:34:26,hub.video.msn.com
2013-12-17 08:34:26,evt.adrcntr.com
2013-12-17 08:34:26,video.msn.com
2013-12-17 08:34:27,www.facebook.com
2013-12-17 08:34:27,picda.ilius.net
2013-12-17 08:34:27,evt.adrcntr.com
2013-12-17 08:34:28,www.facebook.com
2013-12-17 08:34:29,platform.twitter.com
2013-12-17 08:34:32,evt.adrcntr.com
2013-12-17 08:34:33,fr.yahoo.com
2013-12-17 08:34:33,evt.adrcntr.com
2013-12-17 08:34:35,fr.yahoo.com
2013-12-17 08:34:35,locdrop.query.yahoo.com
2013-12-17 08:34:36,fr.yahoo.com
2013-12-17 08:34:38,login.yahoo.com
2013-12-17 08:34:39,twitter.com
2013-12-17 08:34:42,login.yahoo.com
2013-12-17 08:34:43,secure.footprint.net
2013-12-17 08:34:45,pbs.twimg.com
2013-12-17 08:34:56,login.yahoo.com
2013-12-17 08:34:57,fr.yahoo.com
2013-12-17 08:34:58,fr.yahoo.com
2013-12-17 08:34:58,locdrop.query.yahoo.com
2013-12-17 08:34:59,fr.yahoo.com
2013-12-17 08:35:02,fr.yahoo.com
2013-12-17 08:44:08,www.bing.com
2013-12-17 08:44:09,www.pagesjaunes.fr
2013-12-17 08:44:09,dev.virtualearth.net
2013-12-17 08:44:09,www.bing.com
2013-12-17 08:44:09,logc258.at.pagesjaunes.fr
2013-12-17 08:44:16,www.bing.com
2013-12-17 08:44:16,www.crous-clermont.fr
2013-12-17 08:44:17,www.crous-clermont.fr
2013-12-17 08:44:18,www.crous-clermont.fr
2013-12-17 08:44:19,www.crous-clermont.fr
2013-12-17 08:44:20,www.crous-clermont.fr
2013-12-17 08:44:21,login.live.com
2013-12-17 08:44:22,www.crous-clermont.fr
2013-12-17 08:44:37,www.crous-clermont.fr
2013-12-17 08:44:38,www.crous-clermont.fr
2013-12-17 08:44:44,www.crous-clermont.fr
2013-12-17 08:44:59,www.crous-clermont.fr
2013-12-17 08:45:00,www.crous-clermont.fr
2013-12-17 08:45:05,www.crous-clermont.fr
2013-12-17 08:54:46,www.google.fr
2013-12-17 08:54:58,www.google.fr
2013-12-17 08:54:59,apis.google.com
2013-12-17 08:55:01,www.google.com
2013-12-17 08:55:10,baidu.com
2013-12-17 08:55:11,baidu.com
2013-12-17 08:55:12,www.baidu.com
2013-12-17 08:55:12,s1.bdstatic.com
2013-12-17 08:55:13,passport.baidu.com
2013-12-17 08:55:13,www.baidu.com
2013-12-17 08:55:14,b1.bdstatic.com
2013-12-17 08:56:09,www.baidu.com
2013-12-17 08:56:09,s1.bdstatic.com
2013-12-17 08:56:10,s1.bdstatic.com
2013-12-17 08:56:10,passport.baidu.com
2013-12-17 08:56:10,www.baidu.com
2013-12-17 08:56:11,api.share.baidu.com
2013-12-17 08:56:11,www.baidu.com
2013-12-17 08:56:11,c.baidu.com
2013-12-17 08:56:11,sclick.baidu.com
2013-12-17 08:56:25,sclick.baidu.com
2013-12-17 08:56:27,www.baidu.com
2013-12-17 08:56:28,sclick.baidu.com
2013-12-17 08:56:29,baike.baidu.com
2013-12-17 08:56:29,img.baidu.com
2013-12-17 08:56:30,baike.bdimg.com
2013-12-17 08:56:32,baike.bdimg.com
2013-12-17 08:56:33,baike.bdimg.com
2013-12-17 08:56:33,img.baidu.com
2013-12-17 08:56:34,www.google.com
2013-12-17 08:56:34,c.baidu.com
2013-12-17 08:56:34,baike.bdimg.com
2013-12-17 08:56:34,img.baidu.com
2013-12-17 08:56:34,apis.google.com
2013-12-17 08:56:35,baike.bdimg.com
2013-12-17 08:56:35,baike.baidu.com
2013-12-17 08:56:37,baike.bdimg.com
2013-12-17 08:56:38,baike.bdimg.com
2013-12-17 08:56:39,baike.bdimg.com
2013-12-17 08:56:40,baike.bdimg.com
2013-12-17 08:56:40,baike.baidu.com
2013-12-17 08:56:41,nsclick.baidu.com
2013-12-17 08:56:41,baike.bdimg.com
2013-12-17 08:56:41,a.hiphotos.baidu.com
2013-12-17 08:56:41,baike.baidu.com
2013-12-17 08:56:41,img.baidu.com
2013-12-17 08:56:41,a.baidu.com
2013-12-17 08:56:42,baike.baidu.com
2013-12-17 08:56:42,baike.bdimg.com
2013-12-17 08:56:42,hm.baidu.com
2013-12-17 08:56:43,hm.baidu.com
2013-12-17 08:56:43,baike.bdimg.com
2013-12-17 08:56:44,baike.bdimg.com
2013-12-17 08:56:45,baike.baidu.com
2013-12-17 08:56:45,nsclick.baidu.com
2013-12-17 08:56:46,like.baidu.com
2013-12-17 08:56:46,baike.baidu.com
2013-12-17 08:56:47,nsclick.baidu.com
2013-12-17 08:56:49,bdimg.share.baidu.com
2013-12-17 08:56:50,api.share.baidu.com
2013-12-17 08:56:50,bdimg.share.baidu.com
2013-12-17 08:56:51,bdimg.share.baidu.com
2013-12-17 08:58:31,www.baidu.com
2013-12-17 08:58:31,sclick.baidu.com
2013-12-17 08:58:31,www.u-picardie.fr
2013-12-17 08:59:39,www.google.fr
2013-12-17 08:59:40,www.google.fr
2013-12-17 09:00:30,www.baidu.com
2013-12-17 09:00:31,c.baidu.com
2013-12-17 09:00:31,api.share.baidu.com
2013-12-17 09:00:31,sclick.baidu.com
2013-12-17 09:00:31,passport.baidu.com
2013-12-17 09:00:32,t12.baidu.com
2013-12-17 09:00:32,t10.baidu.com
2013-12-17 09:00:35,t12.baidu.com
2013-12-17 09:00:50,www.baidu.com
2013-12-17 09:00:51,passport.baidu.com
2013-12-17 09:00:51,t10.baidu.com
2013-12-17 09:00:51,t11.baidu.com
2013-12-17 09:00:51,t12.baidu.com
2013-12-17 09:00:51,api.share.baidu.com
2013-12-17 09:00:51,sclick.baidu.com
2013-12-17 09:00:51,c.baidu.com
2013-12-17 09:00:55,sclick.baidu.com
2013-12-17 09:00:56,www.baidu.com
2013-12-17 09:00:58,static.wenku.bdimg.com
2013-12-17 09:00:59,static.wenku.bdimg.com
2013-12-17 09:01:00,hm.baidu.com
2013-12-17 09:01:00,nsclick.baidu.com
2013-12-17 09:01:00,static.wenku.bdimg.com
2013-12-17 09:01:00,img.baidu.com
2013-12-17 09:01:01,static.wenku.bdimg.com
2013-12-17 09:01:01,img.baidu.com
2013-12-17 09:01:02,wenku.baidu.com
2013-12-17 09:01:02,img.baidu.com
2013-12-17 09:01:02,static.wenku.bdimg.com
2013-12-17 09:01:03,passport.baidu.com
2013-12-17 09:01:03,static.wenku.bdimg.com
2013-12-17 09:01:04,bdimg.share.baidu.com
2013-12-17 09:01:04,hm.baidu.com
2013-12-17 09:01:04,static.wenku.bdimg.com
2013-12-17 09:01:04,wenku.baidu.com
2013-12-17 09:01:04,nsclick.baidu.com
2013-12-17 09:01:05,bdimg.share.baidu.com
2013-12-17 09:01:06,bdimg.share.baidu.com
2013-12-17 09:01:07,bdimg.share.baidu.com
2013-12-17 09:01:07,nsclick.baidu.com
2013-12-17 09:01:07,wenku.baidu.com
2013-12-17 09:01:08,wenku.baidu.com
2013-12-17 09:01:08,static.wenku.bdimg.com
2013-12-17 09:01:09,nsclick.baidu.com
2013-12-17 09:01:09,wenku.baidu.com
2013-12-17 09:01:10,nsclick.baidu.com
2013-12-17 09:01:10,wenku.baidu.com
2013-12-17 09:01:11,www.baidu.com
2013-12-17 09:01:11,nsclick.baidu.com
2013-12-17 09:01:11,sclick.baidu.com
2013-12-17 09:01:11,wenku.baidu.com
2013-12-17 09:01:12,sclick.baidu.com
2013-12-17 09:01:12,bcs.wenku.bdimg.com
2013-12-17 09:01:14,blog.sina.com.cn
2013-12-17 09:01:14,d1.sina.com.cn
2013-12-17 09:01:14,bcs.wenku.bdimg.com
2013-12-17 09:01:14,simg.sinajs.cn
2013-12-17 09:01:14,static.tieba.baidu.com
2013-12-17 09:01:15,i3.sinaimg.cn
2013-12-17 09:01:15,simg.sinajs.cn
2013-12-17 09:01:15,blog.sina.com.cn
2013-12-17 09:01:15,i.sso.sina.com.cn
2013-12-17 09:01:15,sjs.sinajs.cn
2013-12-17 09:01:15,static.bshare.cn
2013-12-17 09:01:15,bcs.wenku.bdimg.com
2013-12-17 09:01:16,static.bshare.cn
2013-12-17 09:01:16,www.sinaimg.cn
2013-12-17 09:01:16,simg.sinajs.cn
2013-12-17 09:01:16,sjs.sinajs.cn
2013-12-17 09:01:16,beacon.sina.com.cn
2013-12-17 09:01:16,bcs.wenku.bdimg.com
2013-12-17 09:01:17,d5.sina.com.cn
2013-12-17 09:01:17,sjs.sinajs.cn
2013-12-17 09:01:17,simg.sinajs.cn
2013-12-17 09:01:17,b.bshare.cn
2013-12-17 09:01:17,www.sinaimg.cn
2013-12-17 09:01:17,interface.blog.sina.com.cn
2013-12-17 09:01:18,uic.sso.sina.com.cn
2013-12-17 09:01:18,blog.sina.com.cn
2013-12-17 09:01:18,interface.blog.sina.com.cn
2013-12-17 09:01:18,i2.sinaimg.cn
2013-12-17 09:01:18,beacon.sina.com.cn
2013-12-17 09:01:18,blogtj.sinajs.cn
2013-12-17 09:01:18,p.tanx.com
2013-12-17 09:01:19,sjs.sinajs.cn
2013-12-17 09:01:19,interface.blog.sina.com.cn
2013-12-17 09:01:19,uic.sso.sina.com.cn
2013-12-17 09:01:19,beacon.sina.com.cn
2013-12-17 09:01:19,image2.sina.com.cn
2013-12-17 09:01:19,static.bshare.cn
2013-12-17 09:01:19,simg.sinajs.cn
2013-12-17 09:01:19,hits.sinajs.cn
2013-12-17 09:01:19,portrait8.sinaimg.cn
2013-12-17 09:01:19,www.sinaimg.cn
2013-12-17 09:01:19,blog.sina.com.cn
2013-12-17 09:01:20,sina.wrating.com
2013-12-17 09:01:20,beacon.sina.com.cn
2013-12-17 09:01:20,pfp.sina.com.cn
2013-12-17 09:01:20,i1.sinaimg.cn
2013-12-17 09:01:20,interface.blog.sina.com.cn
2013-12-17 09:01:20,www.sinaimg.cn
2013-12-17 09:01:20,static.bshare.cn
2013-12-17 09:01:20,i3.sinaimg.cn
2013-12-17 09:01:20,simg.sinajs.cn
2013-12-17 09:01:21,www.sinaimg.cn
2013-12-17 09:01:21,blogtj.sinajs.cn
2013-12-17 09:01:21,i0.sinaimg.cn
2013-12-17 09:01:21,static.bshare.cn
2013-12-17 09:01:21,ent.sina.com.cn
2013-12-17 09:01:21,i1.sinaimg.cn
2013-12-17 09:01:21,b.bshare.cn
2013-12-17 09:01:21,blog.sina.com.cn
2013-12-17 09:01:21,beacon.sina.com.cn
2013-12-17 09:01:21,sax.sina.com.cn
2013-12-17 09:01:22,static.bshare.cn
2013-12-17 09:01:22,beacon.sina.com.cn
2013-12-17 09:01:23,c.wrating.com
2013-12-17 09:01:23,www.bznx.net
2013-12-17 09:01:23,beacon.sina.com.cn
2013-12-17 09:01:23,d7.sina.com.cn
2013-12-17 09:01:23,simg.sinajs.cn
2013-12-17 09:01:23,www.sinaimg.cn
2013-12-17 09:01:23,ba.sass.sina.com.cn
2013-12-17 09:01:23,blog.sina.com.cn
2013-12-17 09:01:24,beacon.sina.com.cn
2013-12-17 09:01:24,highway.blog.sina.com.cn
2013-12-17 09:01:24,sax.sina.com.cn
2013-12-17 09:01:24,d1.sina.com.cn
2013-12-17 09:01:25,d1.sina.com.cn
2013-12-17 09:01:25,i3.sinaimg.cn
2013-12-17 09:01:25,tns.simba.taobao.com
2013-12-17 09:01:25,d2.sina.com.cn
2013-12-17 09:01:26,highway.blog.sina.com.cn
2013-12-17 09:01:26,slog.sina.com.cn
2013-12-17 09:01:26,sax.sina.com.cn
2013-12-17 09:01:26,d1.sina.com.cn
2013-12-17 09:01:27,show.re.taobao.com
2013-12-17 09:01:27,pcookie.tanx.com
2013-12-17 09:01:28,d1.sina.com.cn
2013-12-17 09:01:28,d5.sina.com.cn
2013-12-17 09:01:28,int.dpool.sina.com.cn
2013-12-17 09:01:28,i0.sinaimg.cn
2013-12-17 09:01:29,www.bznx.net
2013-12-17 09:01:29,ba.sass.sina.com.cn
2013-12-17 09:01:30,blog.sina.com.cn
2013-12-17 09:01:43,interest.mix.sina.com.cn
2013-12-17 09:02:46,blog.sina.com.cn
2013-12-17 09:03:26,blog.sina.com.cn
2013-12-17 09:03:27,simg.sinajs.cn
2013-12-17 09:03:27,blog.sina.com.cn
2013-12-17 09:03:28,i.sso.sina.com.cn
2013-12-17 09:03:28,b.bshare.cn
2013-12-17 09:03:28,blog.sina.com.cn
2013-12-17 09:03:29,beacon.sina.com.cn
2013-12-17 09:03:29,blog.sina.com.cn
2013-12-17 09:03:29,interface.blog.sina.com.cn
2013-12-17 09:03:29,uic.sso.sina.com.cn
2013-12-17 09:03:29,blogtj.sinajs.cn
2013-12-17 09:03:29,p.tanx.com
2013-12-17 09:03:30,pfp.sina.com.cn
2013-12-17 09:03:30,beacon.sina.com.cn
2013-12-17 09:03:30,sax.sina.com.cn
2013-12-17 09:03:30,hits.sinajs.cn
2013-12-17 09:03:31,i3.sinaimg.cn
2013-12-17 09:03:31,sina.wrating.com
2013-12-17 09:03:31,sjs.sinajs.cn
2013-12-17 09:03:31,i0.sinaimg.cn
2013-12-17 09:03:31,beacon.sina.com.cn
2013-12-17 09:03:31,i1.sinaimg.cn
2013-12-17 09:03:31,interface.blog.sina.com.cn
2013-12-17 09:03:31,blog.sina.com.cn
2013-12-17 09:03:31,uic.sso.sina.com.cn
2013-12-17 09:03:31,i2.sinaimg.cn
2013-12-17 09:03:31,highway.blog.sina.com.cn
2013-12-17 09:03:32,blogtj.sinajs.cn
2013-12-17 09:03:32,b.bshare.cn
2013-12-17 09:03:32,sax.sina.com.cn
2013-12-17 09:03:32,i1.sinaimg.cn
2013-12-17 09:03:32,ent.sina.com.cn
2013-12-17 09:03:32,www.sinaimg.cn
2013-12-17 09:03:32,beacon.sina.com.cn
2013-12-17 09:03:32,interface.blog.sina.com.cn
2013-12-17 09:03:33,ba.sass.sina.com.cn
2013-12-17 09:03:33,uic.sso.sina.com.cn
2013-12-17 09:03:33,beacon.sina.com.cn
2013-12-17 09:03:33,hits.sinajs.cn
2013-12-17 09:03:33,d9.sina.com.cn
2013-12-17 09:03:33,d7.sina.com.cn
2013-12-17 09:03:33,sax.sina.com.cn
2013-12-17 09:03:34,d1.sina.com.cn
2013-12-17 09:03:34,blog.sina.com.cn
2013-12-17 09:03:34,beacon.sina.com.cn
2013-12-17 09:03:34,interest.mix.sina.com.cn
2013-12-17 09:03:35,beacon.sina.com.cn
2013-12-17 09:03:35,d1.sina.com.cn
2013-12-17 09:03:35,highway.blog.sina.com.cn
2013-12-17 09:03:35,slog.sina.com.cn
2013-12-17 09:03:35,img.alimama.cn
2013-12-17 09:03:36,d5.sina.com.cn
2013-12-17 09:03:36,blog.sina.com.cn
2013-12-17 09:03:36,ba.sass.sina.com.cn
2013-12-17 09:03:36,int.dpool.sina.com.cn
2013-12-17 09:03:37,hits.sinajs.cn
2013-12-17 09:03:37,beacon.sina.com.cn
2013-12-17 09:03:38,d1.sina.com.cn
2013-12-17 09:03:38,blogtj.sinajs.cn
2013-12-17 09:04:01,bdimg.share.baidu.com
2013-12-17 09:04:02,static.wenku.bdimg.com
2013-12-17 09:04:07,nsclick.baidu.com
2013-12-17 09:04:07,wenku.baidu.com
2013-12-17 09:04:08,bcs.wenku.bdimg.com
2013-12-17 09:04:08,wenku.baidu.com
2013-12-17 09:04:09,static.tieba.baidu.com
2013-12-17 09:04:11,nsclick.baidu.com
2013-12-17 09:04:11,bcs.wenku.bdimg.com
2013-12-17 09:04:11,wenku.baidu.com
2013-12-17 09:04:12,static.tieba.baidu.com
2013-12-17 09:04:13,nsclick.baidu.com
2013-12-17 09:04:13,wenku.baidu.com
2013-12-17 09:04:14,bcs.wenku.bdimg.com
2013-12-17 09:04:14,wenku.baidu.com
2013-12-17 09:04:14,nsclick.baidu.com
2013-12-17 09:04:14,static.tieba.baidu.com
2013-12-17 09:04:42,wenku.baidu.com
2013-12-17 09:04:42,nsclick.baidu.com
2013-12-17 09:04:43,wenku.baidu.com
2013-12-17 09:04:43,nsclick.baidu.com
2013-12-17 09:04:44,wenku.baidu.com
2013-12-17 09:04:48,wenku.baidu.com
2013-12-17 09:04:51,wenku.baidu.com
2013-12-17 09:05:02,wenku.baidu.com
2013-12-17 09:05:03,nsclick.baidu.com
2013-12-17 09:05:03,wenku.baidu.com
2013-12-17 09:05:04,wenku.baidu.com
2013-12-17 09:05:04,nsclick.baidu.com
2013-12-17 09:05:05,wenku.baidu.com
2013-12-17 09:07:28,wenku.baidu.com
2013-12-17 09:07:28,hm.baidu.com
2013-12-17 09:07:28,nsclick.baidu.com
2013-12-17 09:18:09,apis.google.com
2013-12-17 09:18:09,www.google.fr
2013-12-17 09:18:11,www.google.com
2013-12-17 09:18:51,www.baidu.com
2013-12-17 09:18:52,www.baidu.com
2013-12-17 09:18:52,s1.bdstatic.com
2013-12-17 09:18:53,passport.baidu.com
2013-12-17 09:18:53,b1.bdstatic.com
2013-12-17 09:19:09,www.baidu.com
2013-12-17 09:19:10,passport.baidu.com
2013-12-17 09:19:11,t11.baidu.com
2013-12-17 09:19:11,i7.baidu.com
2013-12-17 09:19:11,api.share.baidu.com
2013-12-17 09:19:11,c.baidu.com
2013-12-17 09:19:11,t10.baidu.com
2013-12-17 09:19:14,t10.baidu.com
2013-12-17 09:19:14,sclick.baidu.com
2013-12-17 09:19:14,t12.baidu.com
2013-12-17 09:19:55,www.baidu.com
2013-12-17 09:19:56,sclick.baidu.com
2013-12-17 09:19:59,img.iknow.bdimg.com
2013-12-17 09:19:59,s1.bdstatic.com
2013-12-17 09:20:01,zhidao.baidu.com
2013-12-17 09:20:01,passport.bdimg.com
2013-12-17 09:20:04,hm.baidu.com
2013-12-17 09:20:04,zhidao.baidu.com
2013-12-17 09:20:05,passport.bdimg.com
2013-12-17 09:20:05,cp.zhidao.baidu.com
2013-12-17 09:20:05,share.baidu.com
2013-12-17 09:20:06,bdimg.share.baidu.com
2013-12-17 09:20:07,img.baidu.com
2013-12-17 09:20:08,nsclick.baidu.com
2013-12-17 09:20:08,zhidao.baidu.com
2013-12-17 09:20:09,nsclick.baidu.com
2013-12-17 09:20:09,passport.bdimg.com
2013-12-17 09:20:09,cbjs.baidu.com
2013-12-17 09:20:09,img.iknow.bdimg.com
2013-12-17 09:20:10,cb.baidu.com
2013-12-17 09:20:10,passport.bdimg.com
2013-12-17 09:20:11,img.iknow.bdimg.com
2013-12-17 09:20:13,img.baidu.com
2013-12-17 09:20:15,img.iknow.bdimg.com
2013-12-17 09:20:15,cbjs.baidu.com
2013-12-17 09:20:16,dn.baidu.com
2013-12-17 09:20:16,cbjslog.baidu.com
2013-12-17 09:20:17,ubmcmm.baidustatic.com
2013-12-17 09:20:18,gmvl.baidu.com
2013-12-17 09:20:18,dn.baidu.com
2013-12-17 09:20:19,img.iknow.bdimg.com
2013-12-17 09:20:20,view.mediav.com
2013-12-17 09:20:24,passport.baidu.com
2013-12-17 09:20:31,passport.baidu.com
2013-12-17 09:20:41,img.baidu.com
2013-12-17 09:22:09,apis.google.com
2013-12-17 09:22:12,www.google.com
2013-12-17 09:22:23,www.google.fr
2013-12-17 09:23:18,nsclick.baidu.com
2013-12-17 09:23:36,www.baidu.com
2013-12-17 09:23:36,sclick.baidu.com
2013-12-17 09:23:38,www.myexception.cn
2013-12-17 09:23:39,www.myexception.cn
2013-12-17 09:23:49,cpro.baidustatic.com
2013-12-17 09:23:50,pos.baidu.com
2013-12-17 09:23:51,bdimg.share.baidu.com
2013-12-17 09:23:52,cpro.baidustatic.com
2013-12-17 09:23:52,bdimg.share.baidu.com
2013-12-17 09:23:54,pos.baidu.com
2013-12-17 09:23:55,snippet.pos.baidu.com
2013-12-17 09:23:55,api.share.baidu.com
2013-12-17 09:23:56,pos.baidu.com
2013-12-17 09:23:56,cpro.baidu.com
2013-12-17 09:23:57,snippet.pos.baidu.com
2013-12-17 09:23:58,api.share.baidu.com
2013-12-17 09:23:58,wn.pos.baidu.com
2013-12-17 09:23:58,ubmcmm.baidustatic.com
2013-12-17 09:23:59,cpro.baidustatic.com
2013-12-17 09:24:00,ubmcmm.baidustatic.com
2013-12-17 09:24:00,cpro.baidustatic.com
2013-12-17 09:24:01,pos.baidu.com
2013-12-17 09:24:01,cpro.baidustatic.com
2013-12-17 09:24:59,pos.baidu.com
2013-12-17 09:25:01,wn.pos.baidu.com
2013-12-17 09:25:02,cpro.baidu.com
2013-12-17 09:25:02,pos.baidu.com
2013-12-17 09:25:02,ubmcmm.baidustatic.com
2013-12-17 09:25:02,wn.pos.baidu.com
2013-12-17 09:25:05,pos.baidu.com
2013-12-17 09:25:06,pos.baidu.com
2013-12-17 09:25:08,cpro.baidustatic.com
2013-12-17 09:25:08,pos.baidu.com
2013-12-17 09:25:09,www.google.com
2013-12-17 09:25:10,snippet.pos.baidu.com
2013-12-17 09:25:11,weibo.com
2013-12-17 09:25:11,s.cpro.baidu.com
2013-12-17 09:25:12,www.weibo.com
2013-12-17 09:25:40,cpro.baidustatic.com
2013-12-17 09:25:40,wn.pos.baidu.com
2013-12-17 09:25:55,www.baidu.com
2013-12-17 09:25:56,sclick.baidu.com
2013-12-17 09:25:56,passport.baidu.com
2013-12-17 09:25:57,c.baidu.com
2013-12-17 09:25:57,i7.baidu.com
2013-12-17 09:25:57,api.share.baidu.com
2013-12-17 09:25:57,t12.baidu.com
2013-12-17 09:25:59,t10.baidu.com
2013-12-17 09:25:59,i8.baidu.com
2013-12-17 09:26:10,www.baidu.com
2013-12-17 09:26:11,sclick.baidu.com
2013-12-17 09:26:14,hm.baidu.com
2013-12-17 09:26:14,zhidao.baidu.com
2013-12-17 09:26:15,hm.baidu.com
2013-12-17 09:26:16,zhidao.baidu.com
2013-12-17 09:26:17,passport.bdimg.com
2013-12-17 09:26:17,nsclick.baidu.com
2013-12-17 09:26:17,cp.zhidao.baidu.com
2013-12-17 09:26:19,cbjs.baidu.com
2013-12-17 09:26:19,c.hiphotos.baidu.com
2013-12-17 09:26:20,cb.baidu.com
2013-12-17 09:26:23,dup.baidustatic.com
2013-12-17 09:26:24,passport.baidu.com
2013-12-17 09:26:24,dn.baidu.com
2013-12-17 09:26:25,ubmcmm.baidustatic.com
2013-12-17 09:26:26,ubmcmm.baidustatic.com
2013-12-17 09:26:26,click.hm.baidu.com
2013-12-17 09:26:26,gmvl.baidu.com
2013-12-17 09:26:27,view.mediav.com
2013-12-17 09:26:27,dup.baidustatic.com
2013-12-17 09:26:27,click.hm.baidu.com
2013-12-17 09:26:27,gmvl.baidu.com
2013-12-17 09:26:29,cbjslog.baidu.com
2013-12-17 09:26:32,click.hm.baidu.com
2013-12-17 09:26:34,click.hm.baidu.com
2013-12-17 09:26:34,nsclick.baidu.com
2013-12-17 09:26:34,hm.baidu.com
2013-12-17 09:26:38,www.baidu.com
2013-12-17 09:26:39,sclick.baidu.com
2013-12-17 09:26:41,www.ilovematlab.cn
2013-12-17 09:26:42,www.ilovematlab.cn
2013-12-17 09:26:43,www.ilovematlab.cn
2013-12-17 09:26:44,www.ilovematlab.cn
2013-12-17 09:26:45,www.ilovematlab.cn
2013-12-17 09:26:46,www.ilovematlab.cn
2013-12-17 09:26:47,www.ilovematlab.cn
2013-12-17 09:26:48,www.ilovematlab.cn
2013-12-17 09:26:49,www.ilovematlab.cn
2013-12-17 09:26:50,www.ilovematlab.cn
2013-12-17 09:26:51,www.ilovematlab.cn
2013-12-17 09:26:53,www.ilovematlab.cn
2013-12-17 09:26:54,www.ilovematlab.cn
2013-12-17 09:26:55,www.ilovematlab.cn
2013-12-17 09:26:56,www.ilovematlab.cn
2013-12-17 09:26:56,cache.soso.com
2013-12-17 09:26:57,www.ilovematlab.cn
2013-12-17 09:27:00,www.ilovematlab.cn
2013-12-17 09:27:01,www.ilovematlab.cn
2013-12-17 09:27:11,cache.soso.com
2013-12-17 09:28:07,www.ilovematlab.cn
2013-12-17 09:28:08,www.ilovematlab.cn
2013-12-17 09:28:22,www.ilovematlab.cn
2013-12-17 09:31:46,search.ilovematlab.cn
2013-12-17 09:31:56,search.ilovematlab.cn
2013-12-17 09:32:22,search.ilovematlab.cn
2013-12-17 09:32:25,search.ilovematlab.cn
2013-12-17 09:32:26,www.ilovematlab.cn
2013-12-17 09:32:27,www.ilovematlab.cn
2013-12-17 09:33:07,sclick.baidu.com
2013-12-17 09:33:08,www.baidu.com
2013-12-17 09:33:08,sclick.baidu.com
2013-12-17 09:33:13,passport.bdimg.com
2013-12-17 09:33:14,zhidao.baidu.com
2013-12-17 09:33:15,hm.baidu.com
2013-12-17 09:33:15,zhidao.baidu.com
2013-12-17 09:33:16,bdimg.share.baidu.com
2013-12-17 09:33:16,hm.baidu.com
2013-12-17 09:33:16,passport.bdimg.com
2013-12-17 09:33:17,nsclick.baidu.com
2013-12-17 09:33:17,zhidao.baidu.com
2013-12-17 09:33:17,bdimg.share.baidu.com
2013-12-17 09:33:17,cp.zhidao.baidu.com
2013-12-17 09:33:17,passport.bdimg.com
2013-12-17 09:33:18,img.iknow.bdimg.com
2013-12-17 09:33:18,nsclick.baidu.com
2013-12-17 09:33:19,trust.baidu.com
2013-12-17 09:33:21,img.iknow.bdimg.com
2013-12-17 09:33:21,cbjs.baidu.com
2013-12-17 09:33:23,cbjslog.baidu.com
2013-12-17 09:33:23,cb.baidu.com
2013-12-17 09:33:24,pos.baidu.com
2013-12-17 09:33:28,cbjslog.baidu.com
2013-12-17 09:33:28,cbjs.baidu.com
2013-12-17 09:33:29,gmvl.baidu.com
2013-12-17 09:33:29,view.mediav.com
2013-12-17 09:33:29,ubmcmm.baidustatic.com
2013-12-17 09:33:30,gmvl.baidu.com
2013-12-17 09:33:30,view.mediav.com
2013-12-17 09:33:33,passport.baidu.com
2013-12-17 09:33:40,passport.baidu.com
2013-12-17 09:33:41,dup.baidustatic.com
2013-12-17 09:33:42,pos.baidu.com
2013-12-17 09:33:49,nsclick.baidu.com
2013-12-17 09:33:49,hm.baidu.com
2013-12-17 09:34:00,www.baidu.com
2013-12-17 09:34:01,passport.baidu.com
2013-12-17 09:34:02,s1.bdstatic.com
2013-12-17 09:34:02,sclick.baidu.com
2013-12-17 09:34:02,c.baidu.com
2013-12-17 09:34:09,www.baidu.com
2013-12-17 09:34:09,sclick.baidu.com
2013-12-17 09:34:14,zhidao.baidu.com
2013-12-17 09:34:15,hm.baidu.com
2013-12-17 09:34:15,zhidao.baidu.com
2013-12-17 09:34:16,passport.bdimg.com
2013-12-17 09:34:16,nsclick.baidu.com
2013-12-17 09:34:16,zhidao.baidu.com
2013-12-17 09:34:16,hm.baidu.com
2013-12-17 09:34:16,cp.zhidao.baidu.com
2013-12-17 09:34:16,cb.baidu.com
2013-12-17 09:34:16,cbjslog.baidu.com
2013-12-17 09:34:17,cb.baidu.com
2013-12-17 09:34:17,cbjslog.baidu.com
2013-12-17 09:34:17,nsclick.baidu.com
2013-12-17 09:34:18,view.mediav.com
2013-12-17 09:34:18,gmvl.baidu.com
2013-12-17 09:34:18,ubmcmm.baidustatic.com
2013-12-17 09:34:19,gmvl.baidu.com
2013-12-17 09:34:20,cbjslog.baidu.com
2013-12-17 09:34:23,passport.baidu.com
2013-12-17 09:34:23,click.hm.baidu.com
2013-12-17 09:34:24,click.hm.baidu.com
2013-12-17 09:34:27,click.hm.baidu.com
2013-12-17 09:34:30,cbjslog.baidu.com
2013-12-17 09:34:42,cbjslog.baidu.com
2013-12-17 09:34:42,click.hm.baidu.com
2013-12-17 09:34:42,nsclick.baidu.com
2013-12-17 09:34:42,hm.baidu.com
2013-12-17 09:34:58,sclick.baidu.com
2013-12-17 09:34:58,www.baidu.com
2013-12-17 09:34:59,www.ilovematlab.cn
2013-12-17 09:35:00,www.ilovematlab.cn
2013-12-17 09:35:47,www.baidu.com
2013-12-17 09:35:48,passport.baidu.com
2013-12-17 09:35:49,c.baidu.com
2013-12-17 09:35:49,sclick.baidu.com
2013-12-17 09:35:50,i7.baidu.com
2013-12-17 09:36:01,api.share.baidu.com
2013-12-17 09:37:01,www.baidu.com
2013-12-17 09:37:02,c.baidu.com
2013-12-17 09:37:02,sclick.baidu.com
2013-12-17 09:37:02,api.share.baidu.com
2013-12-17 09:37:02,t12.baidu.com
2013-12-17 09:37:02,t11.baidu.com
2013-12-17 09:37:02,passport.baidu.com
2013-12-17 09:37:02,t10.baidu.com
2013-12-17 09:37:07,www.baidu.com
2013-12-17 09:37:07,sclick.baidu.com
2013-12-17 09:37:11,zhidao.baidu.com
2013-12-17 09:37:11,b.hiphotos.baidu.com
2013-12-17 09:37:11,www.baidu.com
2013-12-17 09:37:11,sclick.baidu.com
2013-12-17 09:37:12,zhidao.baidu.com
2013-12-17 09:37:12,hm.baidu.com
2013-12-17 09:37:12,www.ilovematlab.cn
2013-12-17 09:37:13,cbjslog.baidu.com
2013-12-17 09:37:13,www.ilovematlab.cn
2013-12-17 09:37:13,zhidao.baidu.com
2013-12-17 09:37:13,hm.baidu.com
2013-12-17 09:37:13,cp.zhidao.baidu.com
2013-12-17 09:37:13,cb.baidu.com
2013-12-17 09:37:14,nsclick.baidu.com
2013-12-17 09:37:14,passport.bdimg.com
2013-12-17 09:37:14,cbjslog.baidu.com
2013-12-17 09:37:15,ubmcmm.baidustatic.com
2013-12-17 09:37:15,gmvl.baidu.com
2013-12-17 09:37:15,click.hm.baidu.com
2013-12-17 09:37:16,www.ilovematlab.cn
2013-12-17 09:37:16,gmvl.baidu.com
2013-12-17 09:37:16,click.hm.baidu.com
2013-12-17 09:37:21,passport.baidu.com
2013-12-17 09:40:35,click.hm.baidu.com
2013-12-17 09:40:42,nsclick.baidu.com
2013-12-17 09:40:43,img.baidu.com
2013-12-17 09:47:34,hm.baidu.com
2013-12-17 09:50:26,nsclick.baidu.com
2013-12-17 09:50:26,hm.baidu.com
2013-12-17 09:50:46,s1.bdstatic.com
2013-12-17 09:50:46,www.baidu.com
2013-12-17 09:50:47,passport.baidu.com
2013-12-17 09:50:48,b1.bdstatic.com
2013-12-17 15:38:21,login.live.com
2013-12-17 15:38:24,login.live.com
2013-12-17 15:38:38,ssl.bing.com
2013-12-17 15:38:47,login.live.com
2013-12-17 15:38:49,login.live.com
2013-12-17 15:38:57,www.google.fr
2013-12-17 15:38:58,www.google.fr
2013-12-17 15:38:59,www.google.fr
2013-12-17 15:38:59,www.google.com
2013-12-17 15:39:00,apis.google.com
2013-12-17 15:39:03,ssl.bing.com
2013-12-17 15:39:11,www.google.com
2013-12-17 15:40:02,apis.google.com
2013-12-17 15:40:12,www.google.fr
2013-12-17 15:51:06,login.live.com
2013-12-17 15:51:31,login.live.com
2013-12-19 13:23:10,fpdownload2.macromedia.com
2013-12-19 13:23:35,www.bing.com
2013-12-19 13:23:37,www.bing.com
2013-12-19 13:23:39,www.bing.com
2013-12-19 13:23:47,login.live.com
2013-12-19 13:24:17,www.bing.com
2013-12-19 13:24:19,www.bing.com
2013-12-19 13:24:22,www.bing.com
2013-12-19 13:24:27,www.bing.com
2013-12-19 13:24:29,www.bing.com
2013-12-19 13:24:29,login.live.com
2013-12-19 13:24:31,login.live.com
2013-12-19 15:20:46,www.bing.com
2013-12-19 15:20:47,www.bing.com
2013-12-19 15:20:48,www.bing.com
2014-03-25 15:53:44,go.microsoft.com
2014-03-25 15:53:44,windows.microsoft.com
2014-03-25 15:53:44,res1.windows.microsoft.com
2014-03-25 15:53:44,res2.windows.microsoft.com
2014-03-25 15:53:44,js.microsoft.com
2014-03-25 15:53:44,ajax.microsoft.com
2014-03-25 15:54:01,www.bing.com
2014-03-25 15:54:27,www.bing.com
2014-03-25 15:54:28,www.bing.com
2014-03-25 15:54:29,www.bing.com
2014-03-25 15:54:29,cms.abmr.net
2014-03-25 15:54:38,www.bing.com
2014-03-25 15:54:39,login.live.com
2014-03-25 15:54:43,www.bing.com
2014-03-25 15:54:44,www.bing.com
2014-03-25 15:54:47,www.bing.com
2014-03-25 15:54:48,www.bing.com
2014-03-25 15:54:52,www.bing.com
2014-03-25 15:54:59,login.live.com
2014-03-25 15:55:01,www.bing.com
2014-03-25 15:55:03,www.bing.com
2014-03-25 15:56:03,www.bing.com
2014-03-25 15:56:03,ssl.bing.com
2014-03-25 15:56:13,www.bing.com
2014-03-25 15:56:14,www.bing.com
2014-03-25 15:56:14,login.live.com
2014-03-25 15:56:17,www.ingveh.ulg.ac.be
2014-03-25 15:56:17,ssl.bing.com
2014-03-25 15:56:20,www.ingveh.ulg.ac.be
2014-03-25 15:56:21,www.ingveh.ulg.ac.be
2014-03-25 15:56:26,www.ingveh.ulg.ac.be
2014-03-25 15:56:26,www.bing.com
2014-03-25 15:56:26,perso.univ-rennes1.fr
2014-03-25 15:56:46,ieonline.microsoft.com
2014-03-25 15:56:46,go.microsoft.com
2014-04-15 16:04:14,www.bing.com
2014-04-15 16:04:15,www.bing.com
2014-04-15 16:04:15,cms.abmr.net
2014-04-15 16:04:16,www.bing.com
2014-04-15 16:04:17,www.bing.com
2014-04-15 16:04:18,www.bing.com
2014-04-15 16:04:19,www.bing.com
2014-04-15 16:07:19,ieonline.microsoft.com
2014-04-15 16:26:57,www.bing.com
2014-04-15 16:27:02,www.bing.com
2014-04-15 16:27:08,www.bing.com
2014-04-15 16:27:12,www.bing.com
2014-04-15 16:27:13,www.bing.com
2014-04-15 16:27:14,www.kungfuparis.com
2014-04-15 16:27:14,www.bing.com
2014-04-15 16:27:15,www.bing.com
2014-04-15 16:27:22,meta.wikimedia.org
2014-04-15 16:27:22,www.bing.com
2014-04-15 16:27:22,bits.wikimedia.org
2014-04-15 16:27:22,fr.wikipedia.org
2014-04-15 16:27:22,login.wikimedia.org
2014-04-15 16:27:46,www.bing.com
2014-04-15 16:27:47,www.bing.com
2014-04-15 16:27:48,www.bing.com
2014-04-15 16:27:49,www.bing.com
2014-04-15 16:27:52,www.bing.com
2014-04-15 16:27:53,www.bing.com
2014-04-15 16:27:54,www.bing.com
2014-04-15 16:27:55,www.bing.com
2014-04-15 16:27:56,www.bing.com
2014-04-15 16:27:57,www.bing.com
2014-04-15 16:28:07,www.bing.com
2014-04-15 16:28:11,www.bing.com
2014-04-15 16:28:11,www.univ-st-etienne.fr
2014-04-15 16:28:12,www.univ-st-etienne.fr
2014-04-15 16:28:13,www.univ-st-etienne.fr
2014-04-15 16:32:39,www.bing.com
2014-04-15 16:32:41,static.pagesjaunes.fr
2014-04-15 16:32:41,www.bing.com
2014-04-15 16:32:41,www.pagesjaunes.fr
2014-04-15 16:32:41,dlive.pagesjaunes.fr
2014-04-15 16:32:42,static4.pagesjaunes.fr
2014-04-15 16:32:42,dlive.pagesjaunes.fr
2014-04-15 16:32:42,static2.pagesjaunes.fr
2014-04-15 16:32:42,www.pagesjaunes.fr
2014-04-15 16:32:42,logc257.at.pagesjaunes.fr
2014-04-15 16:32:42,static.pagesjaunes.fr
2014-04-15 16:32:44,static2.pagesjaunes.fr
2014-04-15 16:32:45,www.pagesjaunes.fr
2014-04-15 16:32:46,www.pagesjaunes.fr
2014-04-15 16:32:47,www.pagesjaunes.fr
2014-04-15 16:32:51,www.pagesjaunes.fr
2014-04-15 16:32:52,logc257.at.pagesjaunes.fr
2014-04-15 16:32:52,www.pagesjaunes.fr
2014-04-15 16:32:52,static.pagesjaunes.fr
2014-04-15 16:32:56,logc257.at.pagesjaunes.fr
2014-04-15 16:32:56,www.pagesjaunes.fr
2014-04-15 16:32:59,logc257.at.pagesjaunes.fr
2014-04-15 16:32:59,www.pagesjaunes.fr
2014-04-15 16:33:00,www.pagesjaunes.fr
2014-04-15 16:33:00,static.pagesjaunes.fr
2014-04-15 16:33:00,dlive.pagesjaunes.fr
2014-04-15 16:33:00,static4.pagesjaunes.fr
2014-04-15 16:33:01,logc257.at.pagesjaunes.fr
2014-04-15 16:33:01,dlive.pagesjaunes.fr
2014-04-15 16:33:01,static.pagesjaunes.fr
2014-04-15 16:33:02,dlive.pagesjaunes.fr
2014-04-15 16:33:02,www.pagesjaunes.fr
2014-04-15 16:33:04,pjo-env.elasticbeanstalk.com
2014-04-15 16:33:07,www.pagesjaunes.fr
2014-04-15 16:33:08,www.pagesjaunes.fr
2014-04-15 16:33:09,www.pagesjaunes.fr
2014-04-15 16:33:10,logc257.at.pagesjaunes.fr
2014-04-15 16:33:10,www.pagesjaunes.fr
2014-04-15 16:33:11,www.pagesjaunes.fr
2014-04-15 16:33:12,www.pagesjaunes.fr
2014-04-15 16:33:13,www.pagesjaunes.fr
2014-04-15 16:33:14,www.pagesjaunes.fr
2014-04-15 16:33:14,logc257.at.pagesjaunes.fr
2014-04-15 16:33:20,www.pagesjaunes.fr
2014-04-15 16:33:21,www.pagesjaunes.fr
2014-04-15 16:33:22,www.pagesjaunes.fr
2014-04-15 16:33:23,www.pagesjaunes.fr
2014-04-15 16:33:24,www.pagesjaunes.fr
2014-04-15 16:33:25,www.pagesjaunes.fr
2014-04-15 16:33:26,static.pagesjaunes.fr
2014-04-15 16:33:26,logc257.at.pagesjaunes.fr
2014-04-15 16:33:37,www.pagesjaunes.fr
2014-04-15 16:33:38,www.pagesjaunes.fr
2014-04-15 16:33:47,www.pagesjaunes.fr
2014-04-15 16:33:47,logc257.at.pagesjaunes.fr
2014-04-15 16:33:50,dlive.pagesjaunes.fr
2014-04-15 16:33:50,logc257.at.pagesjaunes.fr
2014-04-15 16:33:50,static4.pagesjaunes.fr
2014-04-15 16:33:50,www.pagesjaunes.fr
2014-04-15 16:33:51,dlive.pagesjaunes.fr
2014-04-15 16:33:51,logc257.at.pagesjaunes.fr
2014-04-15 16:33:51,static.pagesjaunes.fr
2014-04-15 16:33:52,www.pagesjaunes.fr
2014-04-15 16:33:53,www.pagesjaunes.fr
2014-04-15 16:33:56,www.pagesjaunes.fr
2014-04-15 16:33:56,static.pagesjaunes.fr
2014-04-15 16:33:57,static.pagesjaunes.fr
2014-04-15 16:33:57,www.pagesjaunes.fr
2014-04-15 16:33:57,static2.pagesjaunes.fr
2014-04-15 16:33:57,logc257.at.pagesjaunes.fr
2014-04-15 16:33:59,www.pagesjaunes.fr
2014-04-15 16:33:59,logc257.at.pagesjaunes.fr
2014-04-15 16:34:04,static2.pagesjaunes.fr
2014-04-15 16:34:04,www.pagesjaunes.fr
2014-04-15 16:34:04,logc257.at.pagesjaunes.fr
2014-04-15 16:34:07,pjo-env.elasticbeanstalk.com
2014-04-15 16:34:08,www.pagesjaunes.fr
2014-04-15 16:34:08,logc257.at.pagesjaunes.fr
2014-04-15 16:34:09,logc257.at.pagesjaunes.fr
2014-04-15 16:34:09,dlive.pagesjaunes.fr
2014-04-15 16:34:10,www.pagesjaunes.fr
2014-04-15 16:34:10,dlive.pagesjaunes.fr
2014-04-15 16:34:11,www.pagesjaunes.fr
2014-04-15 16:34:12,pjo-env.elasticbeanstalk.com
2014-04-15 16:34:15,www.pagesjaunes.fr
2014-04-15 16:34:16,www.pagesjaunes.fr
2014-04-15 16:34:17,logc257.at.pagesjaunes.fr
2014-04-15 16:34:17,www.pagesjaunes.fr
2014-04-15 16:34:18,www.pagesjaunes.fr
2014-04-15 16:34:21,logc257.at.pagesjaunes.fr
2014-04-15 16:34:22,static2.pagesjaunes.fr
2014-04-15 16:34:22,logc257.at.pagesjaunes.fr
2014-04-15 16:34:22,static4.pagesjaunes.fr
2014-04-15 16:34:22,www.pagesjaunes.fr
2014-04-15 16:34:22,dlive.pagesjaunes.fr
2014-04-15 16:34:22,static.pagesjaunes.fr
2014-04-15 16:34:28,www.pagesjaunes.fr
2014-04-15 16:34:28,static.pagesjaunes.fr
2014-04-15 16:34:28,logc257.at.pagesjaunes.fr
2014-04-15 16:34:29,static.pagesjaunes.fr
2014-04-15 16:34:29,static4.pagesjaunes.fr
2014-04-15 16:34:29,dlive.pagesjaunes.fr
2014-04-15 16:34:29,static2.pagesjaunes.fr
2014-04-15 16:34:29,wtpn.twenga.fr
2014-04-15 16:34:29,logc257.at.pagesjaunes.fr
2014-04-15 16:34:29,rbx-cdn-tpn.c4tw.net
2014-04-15 16:34:29,www.pagesjaunes.fr
2014-04-15 16:34:29,i11.twenga.com
2014-04-15 16:34:29,i10.twenga.com
2014-04-15 16:34:38,www.pagesjaunes.fr
2014-04-15 16:34:39,logc257.at.pagesjaunes.fr
2014-04-15 16:34:39,www.pagesjaunes.fr
2014-04-15 16:34:39,static4.pagesjaunes.fr
2014-04-15 16:34:39,dlive.pagesjaunes.fr
2014-04-15 16:34:39,wtpn.twenga.fr
2014-04-15 16:34:40,i11.twenga.com
2014-04-15 16:34:40,www.pagesjaunes.fr
2014-04-15 16:34:40,static.pagesjaunes.fr
2014-04-15 16:34:40,i10.twenga.com
2014-04-15 16:34:40,logc257.at.pagesjaunes.fr
2014-04-15 16:34:40,dlive.pagesjaunes.fr
2014-04-15 16:34:40,wtpn.twenga.fr
2014-04-15 16:34:46,logc257.at.pagesjaunes.fr
2014-04-15 16:34:46,www.pagesjaunes.fr
2014-04-15 16:34:46,static.pagesjaunes.fr
2014-04-15 16:34:46,dlive.pagesjaunes.fr
2014-04-15 16:34:46,static4.pagesjaunes.fr
2014-04-15 16:34:46,wtpn.twenga.fr
2014-04-15 16:34:47,wtpn.twenga.fr
2014-04-15 16:34:47,dlive.pagesjaunes.fr
2014-04-15 16:34:47,static.pagesjaunes.fr
2014-04-15 16:34:47,logc257.at.pagesjaunes.fr
2014-04-15 16:34:47,www.pagesjaunes.fr
2014-04-15 16:35:21,www.pagesjaunes.fr
2014-04-15 16:35:21,dlive.pagesjaunes.fr
2014-04-15 16:35:21,logc257.at.pagesjaunes.fr
2014-04-15 16:35:22,static4.pagesjaunes.fr
2014-04-15 16:35:22,logc257.at.pagesjaunes.fr
2014-04-15 16:35:22,dlive.pagesjaunes.fr
2014-04-15 16:35:23,www.pagesjaunes.fr
2014-04-15 16:35:23,logc257.at.pagesjaunes.fr
2014-04-15 16:35:23,dlive.pagesjaunes.fr
2014-04-15 16:35:23,static4.pagesjaunes.fr
2014-04-15 16:35:29,wtpn.twenga.fr
2014-04-15 16:35:29,dlive.pagesjaunes.fr
2014-04-15 16:35:29,www.pagesjaunes.fr
2014-04-15 16:35:29,logc257.at.pagesjaunes.fr
2014-04-15 16:35:29,static4.pagesjaunes.fr
2014-04-15 16:35:30,dlive.pagesjaunes.fr
2014-04-15 16:35:30,logc257.at.pagesjaunes.fr
2014-04-15 16:35:30,wtpn.twenga.fr
2014-04-15 16:35:30,www.pagesjaunes.fr
2014-04-15 16:35:30,i11.twenga.com
2014-04-15 16:35:30,i10.twenga.com
2014-04-15 16:35:32,logc257.at.pagesjaunes.fr
2014-04-15 16:35:33,www.pagesjaunes.fr
2014-04-15 16:35:33,static.pagesjaunes.fr
2014-04-15 16:35:33,logc257.at.pagesjaunes.fr
2014-04-15 16:35:34,logc257.at.pagesjaunes.fr
2014-04-15 16:35:34,www.pagesjaunes.fr
2014-04-15 16:35:35,www.pagesjaunes.fr
2014-04-15 16:37:08,www.bing.com
2014-04-15 16:37:17,www.bing.com
2014-04-15 16:37:18,www.bing.com
2014-04-15 16:37:19,www.bing.com
2014-04-15 16:37:20,www.bing.com
2014-04-15 16:37:21,www.bing.com
2014-04-15 16:37:22,www.bing.com
2014-04-15 16:37:32,www.bing.com
2014-04-15 16:37:39,www.bing.com
2014-04-15 16:37:40,dr-dordain-marion.chirurgiens-dentistes.fr
2014-04-15 16:38:38,dr-dordain-marion.chirurgiens-dentistes.fr
2014-04-15 16:55:53,www.bing.com
2014-04-15 16:56:03,www.bing.com
2014-04-15 16:56:04,www.bing.com
2014-04-15 16:56:07,www.bing.com
2014-04-15 16:56:09,www.bing.com
2014-04-15 16:56:11,www.bing.com
2014-04-15 16:56:12,dr-dordain-marion.chirurgiens-dentistes.fr
2014-04-15 16:56:21,dr-dordain-marion.chirurgiens-dentistes.fr
2014-04-15 16:57:10,dr-dordain-marion.chirurgiens-dentistes.fr
2014-04-15 16:58:37,dr-dordain-marion.chirurgiens-dentistes.fr
2014-04-15 16:58:40,dr-dordain-marion.chirurgiens-dentistes.fr
2014-04-15 16:59:04,dr-dordain-marion.chirurgiens-dentistes.fr
2014-04-15 16:59:36,dr-dordain-marion.chirurgiens-dentistes.fr
2014-04-15 17:00:41,dr-dordain-marion.chirurgiens-dentistes.fr
2014-04-15 17:06:21,dr-dordain-marion.chirurgiens-dentistes.fr
2014-04-15 17:06:37,dr-dordain-marion.chirurgiens-dentistes.fr
2014-04-15 17:07:22,dr-dordain-marion.chirurgiens-dentistes.fr
2014-04-15 17:07:42,dr-dordain-marion.chirurgiens-dentistes.fr
2014-04-15 17:07:44,dr-dordain-marion.chirurgiens-dentistes.fr
2014-04-15 17:08:11,dr-dordain-marion.chirurgiens-dentistes.fr
2014-04-18 15:56:47,www.bing.com
2014-04-18 15:56:48,www.bing.com
2014-04-18 15:56:48,cms.abmr.net
2014-04-18 15:56:49,www.bing.com
2014-04-18 15:56:49,login.live.com
2014-04-18 15:59:51,ieonline.microsoft.com
2014-04-18 16:04:37,www.bing.com
2014-04-18 16:04:39,www.bing.com
2014-04-18 16:04:40,www.bing.com
2014-04-18 16:04:41,api.bing.com
2014-04-18 16:04:41,www.bing.com
2014-04-18 16:04:41,ts2.mm.bing.net
2014-04-18 16:04:41,ts1.mm.bing.net
2014-04-18 16:04:41,ts3.mm.bing.net
2014-04-18 16:04:41,ts4.mm.bing.net
2014-04-18 16:04:42,ts2.mm.bing.net
2014-04-18 16:04:42,ts1.mm.bing.net
2014-04-18 16:04:42,ts3.mm.bing.net
2014-04-18 16:04:42,ts4.mm.bing.net
2014-04-18 16:04:42,www.bing.com
2014-04-18 16:04:43,www.bing.com
2014-04-18 16:04:45,ts1.mm.bing.net
2014-04-18 16:04:45,www.bing.com
2014-04-18 16:04:46,www.ubp-kktc.org
2014-04-18 16:04:46,www.loretlargent.info
2014-04-18 16:04:48,www.loretlargent.info
2014-04-18 16:04:48,idata.over-blog.com
2014-04-18 16:04:48,www.presseportal.de
2014-04-18 16:04:48,4.bp.blogspot.com
2014-04-18 16:04:48,a397.idata.over-blog.com
2014-04-18 16:04:48,login.live.com
2014-04-18 16:04:48,ts1.mm.bing.net
2014-04-18 16:04:49,www.riothouseprod.com
2014-04-18 16:04:49,www.bing.com
2014-04-18 16:04:50,www.bing.com
2014-04-18 16:04:50,login.live.com
2014-04-18 16:05:09,www.bing.com
2014-04-18 16:06:11,ssl.bing.com
2014-04-18 16:07:44,www.bing.com
2014-04-18 16:07:46,www.bing.com
2014-04-18 16:07:47,ts2.mm.bing.net
2014-04-18 16:07:47,www.bing.com
2014-04-18 16:07:47,ts1.mm.bing.net
2014-04-18 16:07:47,ts3.mm.bing.net
2014-04-18 16:07:47,ts4.mm.bing.net
2014-04-18 16:07:48,ts2.mm.bing.net
2014-04-18 16:07:48,ts3.mm.bing.net
2014-04-18 16:07:48,ts4.mm.bing.net
2014-04-18 16:07:48,www.bing.com
2014-04-18 16:07:48,api.bing.com
2014-04-18 16:07:48,ts1.mm.bing.net
2014-04-18 16:07:49,api.bing.com
2014-04-18 16:07:50,api.bing.com
2014-04-18 16:07:50,www.bing.com
2014-04-18 16:07:51,ts2.mm.bing.net
2014-04-18 16:07:51,ts1.mm.bing.net
2014-04-18 16:07:51,ts4.mm.bing.net
2014-04-18 16:07:51,www.bing.com
2014-04-18 16:07:51,ts3.mm.bing.net
2014-04-18 16:07:52,ts2.mm.bing.net
2014-04-18 16:07:52,ts4.mm.bing.net
2014-04-18 16:07:52,ts3.mm.bing.net
2014-04-18 16:07:52,www.bing.com
2014-04-18 16:07:52,api.bing.com
2014-04-18 16:07:52,ts1.mm.bing.net
2014-04-18 16:07:53,ts2.mm.bing.net
2014-04-18 16:07:53,ts3.mm.bing.net
2014-04-18 16:07:53,ts4.mm.bing.net
2014-04-18 16:07:53,www.bing.com
2014-04-18 16:07:53,ts1.mm.bing.net
2014-04-18 16:07:54,ts4.mm.bing.net
2014-04-18 16:07:54,ts2.mm.bing.net
2014-04-18 16:07:54,ts3.mm.bing.net
2014-04-18 16:07:54,www.bing.com
2014-04-18 16:07:54,ts1.mm.bing.net
2014-04-18 16:07:55,login.live.com
2014-04-18 16:07:56,login.live.com
2014-04-18 16:07:59,www.bing.com
2014-04-18 16:08:00,ts1.mm.bing.net
2014-04-18 16:08:00,ts2.mm.bing.net
2014-04-18 16:08:01,www.bing.com
2014-04-18 16:08:01,ts1.mm.bing.net
2014-04-18 16:08:01,ssl.bing.com
2014-04-18 16:08:01,ts2.mm.bing.net
2014-04-18 16:08:01,ts3.mm.bing.net
2014-04-18 16:08:01,ts4.mm.bing.net
2014-04-18 16:08:02,ts1.mm.bing.net
2014-04-18 16:08:02,ts2.mm.bing.net
2014-04-18 16:08:02,ts3.mm.bing.net
2014-04-18 16:08:02,ts4.mm.bing.net
2014-04-18 16:08:03,ts1.mm.bing.net
2014-04-18 16:08:03,www.bing.com
2014-04-18 16:08:03,ts2.mm.bing.net
2014-04-18 16:08:03,ts3.mm.bing.net
2014-04-18 16:08:03,ts4.mm.bing.net
2014-04-18 16:08:04,ts3.mm.bing.net
2014-04-18 16:08:04,ts2.mm.bing.net
2014-04-18 16:08:04,ts1.mm.bing.net
2014-04-18 16:08:04,ts4.mm.bing.net
2014-04-18 16:08:05,ts4.mm.bing.net
2014-04-18 16:08:05,www.bing.com
2014-04-18 16:08:05,ts3.mm.bing.net
2014-04-18 16:08:05,ts2.mm.bing.net
2014-04-18 16:08:05,ts1.mm.bing.net
2014-04-18 16:08:06,ts3.mm.bing.net
2014-04-18 16:08:06,ts2.mm.bing.net
2014-04-18 16:08:06,www.bing.com
2014-04-18 16:08:06,ts1.mm.bing.net
2014-04-18 16:08:06,ts4.mm.bing.net
2014-04-18 16:08:07,ts1.mm.bing.net
2014-04-18 16:08:07,ts2.mm.bing.net
2014-04-18 16:08:07,ts4.mm.bing.net
2014-04-18 16:08:07,www.bing.com
2014-04-18 16:08:07,ts3.mm.bing.net
2014-04-18 16:08:08,ts1.mm.bing.net
2014-04-18 16:08:08,ts2.mm.bing.net
2014-04-18 16:08:08,ts4.mm.bing.net
2014-04-18 16:08:08,ts3.mm.bing.net
2014-04-18 16:08:08,www.bing.com
2014-04-18 16:08:09,www.bing.com
2014-04-18 16:08:09,ts2.mm.bing.net
2014-04-18 16:08:09,ts1.mm.bing.net
2014-04-18 16:08:09,ts3.mm.bing.net
2014-04-18 16:08:09,ts4.mm.bing.net
2014-04-18 16:08:10,ts1.mm.bing.net
2014-04-18 16:08:10,ts2.mm.bing.net
2014-04-18 16:08:10,www.bing.com
2014-04-18 16:08:10,ts4.mm.bing.net
2014-04-18 16:08:10,ts3.mm.bing.net
2014-04-18 16:08:11,ts3.mm.bing.net
2014-04-18 16:08:11,ts4.mm.bing.net
2014-04-18 16:08:11,ts2.mm.bing.net
2014-04-18 16:08:11,ts1.mm.bing.net
2014-04-18 16:08:11,www.bing.com
2014-04-18 16:08:12,ts1.mm.bing.net
2014-04-18 16:08:12,ts3.mm.bing.net
2014-04-18 16:08:12,ts2.mm.bing.net
2014-04-18 16:08:12,ts4.mm.bing.net
2014-04-18 16:08:13,ts1.mm.bing.net
2014-04-18 16:08:13,ts2.mm.bing.net
2014-04-18 16:08:13,www.bing.com
2014-04-18 16:08:14,ts1.mm.bing.net
2014-04-18 16:08:14,www.jyaimeb.fr
2014-04-18 16:08:14,www.bing.com
2014-04-18 16:08:15,fdlj.pagesperso-orange.fr
2014-04-18 16:08:15,tva.canoe.ca
2014-04-18 16:08:18,fdlj.pagesperso-orange.fr
2014-04-18 16:08:18,www.trucsetdeco.com
2014-04-18 16:08:18,community.fortunecity.ws
2014-04-18 16:08:18,jacno.com
2014-04-18 16:08:19,www.bing.com
2014-04-18 16:08:19,ts1.mm.bing.net
2014-04-18 16:08:19,galerie.alittlemarket.com
2014-04-18 16:08:20,www.carolinedastous.com
2014-04-18 16:08:23,fr.academic.ru
2014-04-18 16:18:56,www.bing.com
2014-04-18 16:18:57,www.bing.com
2014-04-18 16:18:57,www.mcdonalds.fr
2014-04-18 16:18:57,login.live.com
2014-04-18 16:18:58,wwwimages.adobe.com
2014-04-18 16:18:58,s-static.ak.facebook.com
2014-04-18 16:18:58,mpp2.vindicosuite.com
2014-04-18 16:18:58,fpdownload2.macromedia.com
2014-04-18 16:18:58,static.ak.facebook.com
2014-04-18 16:18:58,www.adobe.com
2014-04-18 16:18:58,connect.facebook.net
2014-04-18 16:18:58,www.mcdonalds.fr
2014-04-18 16:18:58,www.facebook.com
2014-04-18 16:18:59,www.mcdonalds.fr
2014-04-18 16:19:04,www.mcdonalds.fr
2014-04-18 16:19:04,b12.myspace.com
2014-04-18 16:19:06,www.mcdonalds.fr
2014-04-18 16:19:06,b12.myspace.com
2014-04-18 16:19:07,www.mcdonalds.fr
2014-04-18 16:19:18,apis.google.com
2014-04-18 16:19:18,s-static.ak.facebook.com
2014-04-18 16:19:18,platform.twitter.com
2014-04-18 16:19:18,www.facebook.com
2014-04-18 16:19:19,apis.google.com
2014-04-18 16:19:19,platform.twitter.com
2014-04-18 16:19:19,www.mcdonalds.fr
2014-04-18 16:19:21,accounts.google.com
2014-04-18 16:19:23,www.mcdonalds.fr
2014-04-18 16:19:28,twitter.com
2014-04-18 16:19:31,platform.twitter.com
2014-04-18 16:19:31,www.facebook.com
2014-04-18 16:19:31,www.mcdonalds.fr
2014-04-18 16:19:31,accounts.google.com
2014-04-18 16:19:31,s-static.ak.facebook.com
2014-04-18 16:19:31,twitter.com
2014-04-18 16:19:32,ws.mcdonalds.fr
2014-04-18 16:19:32,www.mcdonalds.fr
2014-04-18 16:19:56,apis.google.com
2014-04-18 16:19:56,twitter.com
2014-04-18 16:20:15,www.bing.com
2014-04-18 16:20:16,www.bing.com
2014-04-18 16:20:17,www.hotmail.com
2014-04-18 16:20:17,www.bing.com
2014-04-18 16:20:22,www.hotmail.com
2014-04-18 16:20:22,login.live.com
2014-04-18 16:20:33,login.live.com
2014-04-18 16:21:03,login.live.com
2014-04-18 16:21:04,login.live.com
2014-04-18 16:21:09,mail.live.com
2014-04-18 16:21:09,dub125.mail.live.com
2014-04-18 16:21:15,cid-dc23cfdefeef61a1.users.storage.live.com
2014-04-18 16:21:15,people.directory.live.com
2014-04-18 16:21:15,dub125.mail.live.com
2014-04-18 16:21:17,dub125.mail.live.com
2014-04-18 16:21:17,byfiles.storage.msn.com
2014-04-18 16:21:17,go.trouter.io
2014-04-18 16:21:17,js.live.net
2014-04-18 16:21:19,secure.shared.live.com
2014-04-18 16:21:19,storage.live.com
2014-04-18 16:21:20,h.live.com
2014-04-18 16:21:20,h.bing.com
2014-04-18 16:21:21,dub125.mail.live.com
2014-04-18 16:21:21,h.live.com
2014-04-18 16:21:22,dub125.mail.live.com
2014-04-18 16:21:22,h.live.com
2014-04-18 16:21:22,h.bing.com
2014-04-18 16:21:23,h.bing.com
2014-04-18 16:21:23,dub125.mail.live.com
2014-04-18 16:21:23,h.live.com
2014-04-18 16:21:27,dub125.mail.live.com
2014-04-18 16:21:49,www.adobe.com
2014-04-18 16:21:50,www.adobe.com
2014-04-18 16:21:50,wwwimages.adobe.com
2014-04-18 16:22:21,h.live.com
2014-04-18 16:22:24,dub125.mail.live.com
2014-04-18 16:22:27,dub125.mail.live.com
2014-04-18 16:22:36,dub125.afx.ms
2014-04-18 16:23:10,dub125.mail.live.com
2014-04-18 16:23:13,ieonline.microsoft.com
2014-04-18 16:24:19,dub125.mail.live.com
2014-04-18 16:27:23,dub125.mail.live.com
2014-04-18 16:27:25,proxy-bay-people.directory.live.com
2014-04-18 16:29:01,www.bing.com
2014-04-18 16:29:02,www.bing.com
2014-04-18 16:29:55,cid-dc23cfdefeef61a1.users.storage.live.com
2014-04-18 16:32:13,h.live.com
2014-04-18 16:32:31,proxy-bay-people.directory.live.com
2014-04-18 16:32:32,dub125.mail.live.com
2014-04-18 16:36:29,h.live.com
2014-04-18 16:37:37,proxy-bay-people.directory.live.com
2014-04-18 16:38:23,dub125.mail.live.com
2014-04-18 16:38:24,dub125.afx.ms
2014-04-18 16:39:38,dub125.afx.ms
2014-04-18 16:39:40,dub125.mail.live.com
2014-04-18 16:42:34,proxy-bay-people.directory.live.com
2014-04-18 16:42:38,dub125.mail.live.com
2014-04-18 16:42:43,dub125.mail.live.com
2014-04-18 16:42:43,g.live.com
2014-04-18 16:42:43,login.live.com
2014-04-18 16:42:55,windowslive.tt.omtrdc.net
2014-04-18 16:42:58,go.trouter.io
2014-04-18 16:42:59,www.bing.com
2014-04-18 16:42:59,fr.msn.com
2014-04-18 16:42:59,windowslive.tt.omtrdc.net
2014-04-18 16:42:59,c.fr.msn.com
2014-04-18 16:43:00,cntr.adrcntr.com
2014-04-18 16:43:00,fr.msn.com
2014-04-18 16:43:00,api.bing.com
2014-04-18 16:43:00,h2.msn.com
2014-04-18 16:43:00,www.bing.com
2014-04-18 16:43:00,spot.static.meetic.com
2014-04-18 16:43:00,c.fr.msn.com
2014-04-18 16:43:01,fr.msn.com
2014-04-18 16:43:01,connect.facebook.net
2014-04-18 16:43:01,g.msn.com
2014-04-18 16:43:01,platform.twitter.com
2014-04-18 16:43:01,picda.ilius.net
2014-04-18 16:43:01,evt.adrcntr.com
2014-04-18 16:43:02,s-static.ak.facebook.com
2014-04-18 16:43:02,login.secure.emea.msn.com
2014-04-18 16:43:02,fr.msn.com
2014-04-18 16:43:02,windowslive.tt.omtrdc.net
2014-04-18 16:43:02,www.facebook.com
2014-04-18 16:43:02,static.ak.facebook.com
2014-04-18 16:43:02,platform.twitter.com
2014-04-18 16:43:02,login.live.com
2014-04-18 16:43:04,evt.adrcntr.com
