timestamp,site
2013-04-12 09:37:19,dl.javafx.com
2013-04-12 09:48:54,cnfg.toolbarservices.com
2013-04-12 09:48:55,www.google.com
2013-04-12 09:48:56,utils.delta-search.com
2013-04-12 09:48:56,ajax.googleapis.com
2013-04-12 09:48:59,fpdownload2.macromedia.com
2013-04-12 09:49:00,ajax.googleapis.com
2013-04-12 09:49:00,img.babylon.com
2013-04-12 09:49:04,www.google.com
2013-04-12 09:49:04,www.google.fr
2013-04-12 09:49:05,apis.google.com
2013-04-12 09:49:06,www.google.com
2013-04-12 09:49:11,www.google.com
2013-04-12 09:49:11,apis.google.com
2013-04-12 09:49:20,clients1.google.fr
2013-04-12 09:49:20,www.google.fr
2013-04-12 09:49:21,clients1.google.fr
2013-04-12 09:49:22,www.google.fr
2013-04-12 09:49:26,www.google.fr
2013-04-12 09:50:26,www.google.fr
2013-04-12 09:51:46,www.google.fr
2013-04-12 09:51:50,www.google.fr
2013-04-12 09:51:50,www.squid-cache.org
2013-04-12 09:51:54,ieonline.microsoft.com
2013-04-12 09:51:58,go.microsoft.com
2013-04-12 09:51:59,www.google.fr
2013-04-12 11:40:18,cnfg.toolbarservices.com
2013-04-12 11:40:18,ajax.googleapis.com
2013-04-12 11:40:18,www.google.com
2013-04-12 11:40:20,ajax.googleapis.com
2013-04-12 11:40:20,img.babylon.com
2013-04-12 11:40:28,www.google.fr
2013-04-12 11:40:29,www.google.fr
2013-04-12 11:40:30,apis.google.com
2013-04-12 11:40:31,www.google.com
2013-04-12 11:40:35,mail.google.com
2013-04-12 11:40:35,accounts.google.com
2013-04-12 11:40:35,apis.google.com
2013-04-12 11:40:35,www.google.fr
2013-04-12 11:40:36,mail.google.com
2013-04-12 11:40:36,www.google.com
2013-04-12 11:40:36,www.google.fr
2013-04-12 11:40:36,accounts.google.com
2013-04-12 11:40:37,www.google.com
2013-04-12 11:40:37,mail.google.com
2013-04-12 11:40:40,accounts.youtube.com
2013-04-12 11:40:40,apis.google.com
2013-04-12 11:40:55,apis.google.com
2013-04-12 11:40:55,accounts.google.fr
2013-04-12 11:40:58,accounts.google.com
2013-04-12 11:40:58,accounts.youtube.com
2013-04-12 11:40:58,accounts.google.fr
2013-04-12 11:40:58,apis.google.com
2013-04-12 11:40:58,mail.google.com
2013-04-12 11:40:59,clients2.google.com
2013-04-12 11:40:59,plus.google.com
2013-04-12 11:40:59,www.google.com
2013-04-12 11:41:00,mail.google.com
2013-04-12 11:41:04,chatenabled.mail.google.com
2013-04-12 11:41:04,apis.google.com
2013-04-12 11:41:04,plus.google.com
2013-04-12 11:41:04,mail.google.com
2013-04-12 11:41:04,clients2.google.com
2013-04-12 11:41:05,mail.google.com
2013-04-12 11:42:09,mail.google.com
2013-04-12 11:42:09,plus.google.com
2013-04-12 11:42:10,chatenabled.mail.google.com
2013-04-12 11:42:10,gm1.ggpht.com
2013-04-12 11:42:22,mail.google.com
2013-04-12 11:42:23,plus.google.com
2013-04-12 11:42:23,mail.google.com
2013-04-12 11:42:23,gm1.ggpht.com
2013-04-12 11:42:24,ieonline.microsoft.com
2013-04-12 14:17:49,ajax.googleapis.com
2013-04-12 14:17:49,www.google.com
2013-04-12 14:17:49,cnfg.toolbarservices.com
2013-04-12 14:17:51,img.babylon.com
2013-04-12 14:17:51,ajax.googleapis.com
2013-04-12 14:18:05,www.google.fr
2013-04-12 14:18:06,www.google.fr
2013-04-12 14:18:08,apis.google.com
2013-04-12 14:18:09,www.google.com
2013-04-12 14:18:15,apis.google.com
2013-04-12 14:18:18,deliv.leboncoin.fr
2013-04-12 14:18:18,static.leboncoin.fr
2013-04-12 14:18:18,www.leboncoin.fr
2013-04-12 14:18:18,www.google.fr
2013-04-12 14:18:18,www.google.com
2013-04-12 14:18:19,www.leboncoin.fr
2013-04-12 14:18:27,www.leboncoin.fr
2013-04-12 14:18:27,static.leboncoin.fr
2013-04-12 14:18:28,compteperso.leboncoin.fr
2013-04-12 14:18:28,193.164.196.50
2013-04-12 14:18:28,193.164.196.30
2013-04-12 14:18:28,193.164.197.30
2013-04-12 14:18:28,193.164.196.60
2013-04-12 14:18:28,mm.eulerian.net
2013-04-12 14:18:28,static.leboncoin.fr
2013-04-12 14:18:28,deliv.leboncoin.fr
2013-04-12 14:18:28,193.164.197.50
2013-04-12 14:18:28,193.164.196.40
2013-04-12 14:18:28,193.164.197.60
2013-04-12 14:18:28,193.164.197.40
2013-04-12 14:18:34,compteperso.leboncoin.fr
2013-04-12 14:18:38,www.leboncoin.fr
2013-04-12 14:20:39,ieonline.microsoft.com
2013-04-12 14:21:41,193.164.196.30
2013-04-12 14:21:41,193.164.196.40
2013-04-12 14:21:41,193.164.197.40
2013-04-12 14:21:41,193.164.197.60
2013-04-12 14:21:41,193.164.197.50
2013-04-12 14:21:41,193.164.197.30
2013-04-12 14:21:41,deliv.leboncoin.fr
2013-04-12 14:21:41,www.google.com
2013-04-12 14:21:41,193.164.196.50
2013-04-12 14:21:41,static.leboncoin.fr
2013-04-12 14:21:41,www.leboncoin.fr
2013-04-12 14:21:41,193.164.196.60
2013-04-12 14:21:50,static.leboncoin.fr
2013-04-12 14:21:50,193.164.196.40
2013-04-12 14:21:50,193.164.197.40
2013-04-12 14:21:50,www.leboncoin.fr
2013-04-12 14:21:50,193.164.197.60
2013-04-12 14:21:51,deliv.leboncoin.fr
2013-04-12 14:21:51,www.facebook.com
2013-04-12 14:21:58,193.164.197.40
2013-04-12 14:21:58,www.leboncoin.fr
2013-04-12 14:21:58,static.leboncoin.fr
2013-04-12 14:21:58,193.164.197.60
2013-04-12 14:21:58,193.164.197.30
2013-04-12 14:21:58,193.164.196.30
2013-04-12 14:21:58,193.164.197.50
2013-04-12 14:21:58,193.164.196.40
2013-04-12 14:21:58,deliv.leboncoin.fr
2013-04-12 14:21:59,193.164.197.60
2013-04-12 14:21:59,deliv.leboncoin.fr
2013-04-12 14:21:59,193.164.197.50
2013-04-12 14:21:59,193.164.196.30
2013-04-12 14:21:59,193.164.197.30
2013-04-12 14:21:59,193.164.196.50
2013-04-12 14:21:59,193.164.197.40
2013-04-12 14:22:05,deliv.leboncoin.fr
2013-04-12 14:22:05,193.164.196.50
2013-04-12 14:22:05,193.164.197.60
2013-04-12 14:22:05,www.leboncoin.fr
2013-04-12 14:22:05,193.164.196.30
2013-04-12 14:22:05,static.leboncoin.fr
2013-04-12 14:22:06,mm.eulerian.net
2013-04-12 14:22:06,deliv.leboncoin.fr
2013-04-12 14:22:06,193.164.196.50
2013-04-12 14:22:06,static.leboncoin.fr
2013-04-12 14:22:11,193.164.197.60
2013-04-12 14:22:13,193.164.196.30
2013-04-12 14:22:40,static.leboncoin.fr
2013-04-12 14:22:41,deliv.leboncoin.fr
2013-04-12 14:22:42,www.leboncoin.fr
2013-04-12 14:22:43,www.leboncoin.fr
2013-04-12 14:22:43,deliv.leboncoin.fr
2013-04-12 14:22:43,193.164.197.50
2013-04-12 14:22:43,static.leboncoin.fr
2013-04-12 14:29:11,deliv.leboncoin.fr
2013-04-12 14:29:12,deliv.leboncoin.fr
2013-04-12 14:29:44,www.leboncoin.fr
2013-04-12 14:29:44,static.leboncoin.fr
2013-04-12 14:29:44,193.164.197.30
2013-04-12 14:29:44,193.164.197.50
2013-04-12 14:29:44,193.164.196.50
2013-04-12 14:29:45,deliv.leboncoin.fr
2013-04-12 14:29:45,static.leboncoin.fr
2013-04-12 14:29:45,193.164.196.50
2013-04-12 14:29:46,deliv.leboncoin.fr
2013-04-12 14:29:52,193.164.197.30
2013-04-12 14:29:57,193.164.197.50
2013-04-12 14:30:38,deliv.leboncoin.fr
2013-04-12 14:30:48,www.leboncoin.fr
2013-04-12 14:30:48,static.leboncoin.fr
2013-04-12 14:30:48,193.164.197.30
2013-04-12 14:30:48,193.164.197.50
2013-04-12 14:30:49,deliv.leboncoin.fr
2013-04-12 14:30:49,static.leboncoin.fr
2013-04-12 14:30:49,193.164.197.30
2013-04-12 14:30:51,193.164.197.30
2013-04-12 14:30:54,193.164.197.50
2013-04-12 14:31:02,deliv.leboncoin.fr
2013-04-12 14:31:06,www.leboncoin.fr
2013-04-12 14:31:06,193.164.197.50
2013-04-12 14:31:06,193.164.197.60
2013-04-12 14:31:06,deliv.leboncoin.fr
2013-04-12 14:31:06,static.leboncoin.fr
2013-04-12 14:31:09,193.164.197.50
2013-04-12 14:31:34,deliv.leboncoin.fr
2013-04-12 14:31:41,193.164.196.60
2013-04-12 14:31:41,www.leboncoin.fr
2013-04-12 14:31:41,static.leboncoin.fr
2013-04-12 14:31:41,deliv.leboncoin.fr
2013-04-12 14:31:41,193.164.196.40
2013-04-12 14:31:45,193.164.196.60
2013-04-12 14:32:49,deliv.leboncoin.fr
2013-04-12 14:32:54,www.leboncoin.fr
2013-04-12 14:32:54,static.leboncoin.fr
2013-04-12 14:32:54,193.164.197.50
2013-04-12 14:32:54,193.164.196.60
2013-04-12 14:32:54,193.164.197.60
2013-04-12 14:32:54,deliv.leboncoin.fr
2013-04-12 14:32:54,adventori.com
2013-04-12 14:32:59,193.164.197.60
2013-04-12 14:33:00,193.164.196.60
2013-04-12 14:33:17,deliv.leboncoin.fr
2013-04-12 14:33:23,193.164.197.30
2013-04-12 14:33:23,www.leboncoin.fr
2013-04-12 14:33:23,static.leboncoin.fr
2013-04-12 14:33:23,193.164.196.50
2013-04-12 14:33:23,193.164.196.40
2013-04-12 14:33:23,deliv.leboncoin.fr
2013-04-12 14:33:35,193.164.197.30
2013-04-12 14:33:40,193.164.196.50
2013-04-12 14:33:45,deliv.leboncoin.fr
2013-04-12 14:33:46,deliv.leboncoin.fr
2013-04-12 14:33:50,193.164.197.60
2013-04-12 14:33:50,193.164.196.50
2013-04-12 14:33:50,static.leboncoin.fr
2013-04-12 14:33:50,www.leboncoin.fr
2013-04-12 14:33:51,deliv.leboncoin.fr
2013-04-12 14:33:51,static.leboncoin.fr
2013-04-12 14:33:51,193.164.196.50
2013-04-12 14:33:54,193.164.197.60
2013-04-12 14:33:56,193.164.196.50
2013-04-12 14:33:59,deliv.leboncoin.fr
2013-04-12 14:34:07,deliv.leboncoin.fr
2013-04-12 14:34:07,193.164.196.50
2013-04-12 14:34:07,193.164.197.50
2013-04-12 14:34:07,static.leboncoin.fr
2013-04-12 14:34:07,www.leboncoin.fr
2013-04-12 14:34:07,193.164.197.30
2013-04-12 14:34:16,193.164.197.30
2013-04-12 14:34:18,193.164.197.50
2013-04-12 14:34:28,deliv.leboncoin.fr
2013-04-12 14:34:29,deliv.leboncoin.fr
2013-04-12 14:34:31,193.164.197.30
2013-04-12 14:34:31,deliv.leboncoin.fr
2013-04-12 14:34:31,193.164.196.30
2013-04-12 14:34:31,193.164.197.60
2013-04-12 14:34:31,193.164.196.40
2013-04-12 14:34:31,static.leboncoin.fr
2013-04-12 14:34:31,www.leboncoin.fr
2013-04-12 14:34:32,static.leboncoin.fr
2013-04-12 14:34:32,193.164.196.40
2013-04-12 14:34:40,193.164.196.30
2013-04-12 14:34:48,193.164.196.40
2013-04-12 14:34:55,193.164.197.30
2013-04-12 14:35:08,193.164.197.60
2013-04-12 14:35:09,193.164.196.40
2013-04-12 14:35:14,193.164.196.40
2013-04-12 14:35:36,deliv.leboncoin.fr
2013-04-12 14:35:39,www.leboncoin.fr
2013-04-12 14:35:39,static.leboncoin.fr
2013-04-12 14:35:39,193.164.196.60
2013-04-12 14:35:39,193.164.197.30
2013-04-12 14:35:39,193.164.197.40
2013-04-12 14:35:39,deliv.leboncoin.fr
2013-04-12 14:35:42,193.164.197.30
2013-04-12 14:35:43,193.164.196.60
2013-04-12 14:35:47,deliv.leboncoin.fr
2013-04-12 14:35:52,193.164.197.50
2013-04-12 14:35:52,193.164.196.60
2013-04-12 14:35:52,deliv.leboncoin.fr
2013-04-12 14:35:52,static.leboncoin.fr
2013-04-12 14:35:52,www.leboncoin.fr
2013-04-12 14:35:52,193.164.196.40
2013-04-12 14:35:53,193.164.197.50
2013-04-12 14:35:55,193.164.196.40
2013-04-12 14:35:56,193.164.196.60
2013-04-12 14:35:58,deliv.leboncoin.fr
2013-04-12 14:36:01,www.leboncoin.fr
2013-04-12 14:36:01,static.leboncoin.fr
2013-04-12 14:36:01,193.164.196.40
2013-04-12 14:36:01,193.164.197.30
2013-04-12 14:36:01,deliv.leboncoin.fr
2013-04-12 14:36:03,193.164.196.40
2013-04-12 14:36:04,193.164.196.40
2013-04-12 14:36:07,deliv.leboncoin.fr
2013-04-12 14:45:59,193.164.197.50
2013-04-12 14:45:59,www.leboncoin.fr
2013-04-12 14:45:59,static.leboncoin.fr
2013-04-12 14:45:59,193.164.196.60
2013-04-12 14:45:59,193.164.196.50
2013-04-12 14:46:00,static.leboncoin.fr
2013-04-12 14:46:00,193.164.196.50
2013-04-12 14:46:00,deliv.leboncoin.fr
2013-04-12 14:46:02,193.164.197.50
2013-04-12 14:46:04,193.164.196.60
2013-04-12 14:46:07,deliv.leboncoin.fr
2013-04-12 14:46:10,193.164.196.60
2013-04-12 14:46:10,193.164.197.30
2013-04-12 14:46:10,193.164.196.30
2013-04-12 14:46:10,www.leboncoin.fr
2013-04-12 14:46:10,deliv.leboncoin.fr
2013-04-12 14:46:20,193.164.196.60
2013-04-12 14:46:22,193.164.197.30
2013-04-12 14:47:00,deliv.leboncoin.fr
2013-04-12 14:47:02,www.leboncoin.fr
2013-04-12 14:47:02,193.164.196.50
2013-04-12 14:47:02,deliv.leboncoin.fr
2013-04-12 14:47:04,eulerian.canal-plus.com
2013-04-12 14:47:24,193.164.196.50
2013-04-12 14:47:51,deliv.leboncoin.fr
2013-04-12 14:47:55,deliv.leboncoin.fr
2013-04-12 14:47:55,193.164.196.40
2013-04-12 14:47:55,193.164.196.50
2013-04-12 14:47:55,www.leboncoin.fr
2013-04-12 14:47:55,eulerian.canal-plus.com
2013-04-12 14:48:01,193.164.196.40
2013-04-12 14:48:07,deliv.leboncoin.fr
2013-04-12 14:48:11,www.leboncoin.fr
2013-04-12 14:48:11,193.164.196.50
2013-04-12 14:48:11,193.164.197.30
2013-04-12 14:48:11,193.164.196.30
2013-04-12 14:48:11,deliv.leboncoin.fr
2013-04-12 14:48:13,193.164.196.50
2013-04-12 14:48:13,193.164.197.30
2013-04-12 14:48:15,deliv.leboncoin.fr
2013-04-12 14:48:22,193.164.197.60
2013-04-12 14:48:22,www.leboncoin.fr
2013-04-12 14:48:22,193.164.196.30
2013-04-12 14:48:22,193.164.197.40
2013-04-12 14:48:22,deliv.leboncoin.fr
2013-04-12 14:48:24,193.164.197.40
2013-04-12 14:48:25,193.164.197.60
2013-04-12 14:48:27,deliv.leboncoin.fr
2013-04-12 14:48:31,www.leboncoin.fr
2013-04-12 14:48:31,193.164.196.50
2013-04-12 14:48:31,193.164.197.40
2013-04-12 14:48:31,deliv.leboncoin.fr
2013-04-12 14:48:36,193.164.196.50
2013-04-12 14:48:41,193.164.197.40
2013-04-12 14:48:50,deliv.leboncoin.fr
2013-04-12 14:48:54,193.164.197.30
2013-04-12 14:48:54,193.164.197.40
2013-04-12 14:48:54,deliv.leboncoin.fr
2013-04-12 14:48:54,193.164.197.50
2013-04-12 14:48:54,www.leboncoin.fr
2013-04-12 14:48:58,193.164.197.40
2013-04-12 14:49:03,193.164.197.30
2013-04-12 14:49:40,deliv.leboncoin.fr
2013-04-12 14:49:42,www.leboncoin.fr
2013-04-12 14:49:43,193.164.197.40
2013-04-12 14:49:43,193.164.196.50
2013-04-12 14:49:43,193.164.197.50
2013-04-12 14:49:43,deliv.leboncoin.fr
2013-04-12 14:49:47,193.164.197.40
2013-04-12 14:49:52,193.164.197.50
2013-04-12 14:50:10,deliv.leboncoin.fr
2013-04-12 14:50:14,www.leboncoin.fr
2013-04-12 14:50:15,193.164.197.50
2013-04-12 14:50:15,deliv.leboncoin.fr
2013-04-12 14:50:15,193.164.196.30
2013-04-12 14:50:15,193.164.197.60
2013-04-12 14:50:15,193.164.196.40
2013-04-12 14:50:15,193.164.197.30
2013-04-12 14:50:15,193.164.197.40
2013-04-12 14:50:15,193.164.196.60
2013-04-12 14:50:15,193.164.196.50
2013-04-12 14:50:22,193.164.197.50
2013-04-12 14:50:22,www.leboncoin.fr
2013-04-12 14:50:22,193.164.197.30
2013-04-12 14:50:22,193.164.196.60
2013-04-12 14:50:22,deliv.leboncoin.fr
2013-04-12 14:50:29,193.164.197.30
2013-04-12 14:50:32,193.164.196.60
2013-04-12 14:51:07,deliv.leboncoin.fr
2013-04-12 14:51:10,www.leboncoin.fr
2013-04-12 14:51:10,193.164.197.30
2013-04-12 14:51:10,deliv.leboncoin.fr
2013-04-12 14:51:11,deliv.leboncoin.fr
2013-04-12 14:51:37,deliv.leboncoin.fr
2013-04-12 14:51:37,www.eficiens-serving2.com
2013-04-12 14:51:38,www.eficiens-serving2.com
2013-04-12 14:51:42,www.leboncoin.fr
2013-04-12 14:51:42,193.164.196.50
2013-04-12 14:51:42,193.164.196.40
2013-04-12 14:51:42,193.164.196.30
2013-04-12 14:51:43,deliv.leboncoin.fr
2013-04-12 14:51:43,193.164.196.30
2013-04-12 14:51:44,deliv.leboncoin.fr
2013-04-12 14:51:44,adventori.com
2013-04-12 14:51:46,193.164.196.50
2013-04-12 14:51:47,193.164.196.40
2013-04-12 14:51:50,deliv.leboncoin.fr
2013-04-12 14:51:52,193.164.197.50
2013-04-12 14:51:52,193.164.196.40
2013-04-12 14:51:52,www.leboncoin.fr
2013-04-12 14:51:52,193.164.196.60
2013-04-12 14:51:53,eulerian.canal-plus.com
2013-04-12 14:51:53,193.164.196.60
2013-04-12 14:51:53,deliv.leboncoin.fr
2013-04-12 14:52:03,193.164.197.50
2013-04-12 14:52:08,193.164.196.40
2013-04-12 14:52:48,deliv.leboncoin.fr
2013-04-12 14:52:49,eulerian.canal-plus.com
2013-04-12 14:52:55,www.leboncoin.fr
2013-04-12 14:52:55,193.164.196.50
2013-04-12 14:52:55,193.164.197.40
2013-04-12 14:52:55,193.164.196.60
2013-04-12 14:52:55,deliv.leboncoin.fr
2013-04-12 14:52:55,eulerian.canal-plus.com
2013-04-12 14:53:02,193.164.197.40
2013-04-12 14:53:02,193.164.196.50
2013-04-12 14:53:04,deliv.leboncoin.fr
2013-04-12 14:53:09,www.leboncoin.fr
2013-04-12 14:53:09,193.164.197.50
2013-04-12 14:53:09,193.164.197.40
2013-04-12 14:53:09,193.164.197.30
2013-04-12 14:53:10,deliv.leboncoin.fr
2013-04-12 14:53:10,193.164.197.40
2013-04-12 14:53:13,193.164.197.50
2013-04-12 14:53:14,193.164.197.30
2013-04-12 14:53:16,deliv.leboncoin.fr
2013-04-12 14:53:23,www.leboncoin.fr
2013-04-12 14:53:23,193.164.196.50
2013-04-12 14:53:23,193.164.197.40
2013-04-12 14:53:23,193.164.196.40
2013-04-12 14:53:24,deliv.leboncoin.fr
2013-04-12 14:53:24,193.164.196.50
2013-04-12 14:53:26,193.164.196.40
2013-04-12 14:53:28,193.164.197.40
2013-04-12 14:53:31,deliv.leboncoin.fr
2013-04-12 14:53:35,deliv.leboncoin.fr
2013-04-12 14:53:35,www.leboncoin.fr
2013-04-12 14:53:35,193.164.197.40
2013-04-12 14:53:35,193.164.197.50
2013-04-12 14:53:35,193.164.197.30
2013-04-12 14:53:36,deliv.leboncoin.fr
2013-04-12 14:53:36,193.164.197.30
2013-04-12 14:53:41,193.164.197.40
2013-04-12 14:53:43,193.164.197.50
2013-04-12 15:03:54,deliv.leboncoin.fr
2013-04-12 15:03:58,deliv.leboncoin.fr
2013-04-12 15:03:58,www.leboncoin.fr
2013-04-12 15:03:58,193.164.197.60
2013-04-12 15:03:58,193.164.196.50
2013-04-12 15:03:58,193.164.197.30
2013-04-12 15:04:00,193.164.196.50
2013-04-12 15:04:06,193.164.197.60
2013-04-12 15:04:14,deliv.leboncoin.fr
2013-04-12 15:04:16,www.leboncoin.fr
2013-04-12 15:04:16,193.164.197.60
2013-04-12 15:04:16,193.164.197.30
2013-04-12 15:04:16,193.164.196.60
2013-04-12 15:04:17,deliv.leboncoin.fr
2013-04-12 15:04:17,193.164.196.60
2013-04-12 15:04:21,193.164.197.30
2013-04-12 15:04:26,193.164.197.60
2013-04-12 15:04:33,deliv.leboncoin.fr
2013-04-12 15:04:37,193.164.197.30
2013-04-12 15:04:37,www.leboncoin.fr
2013-04-12 15:04:37,193.164.196.40
2013-04-12 15:04:38,deliv.leboncoin.fr
2013-04-12 15:04:39,deliv.leboncoin.fr
2013-04-12 15:04:44,193.164.196.40
2013-04-12 15:04:47,193.164.197.30
2013-04-12 15:04:49,deliv.leboncoin.fr
2013-04-12 15:04:54,www.leboncoin.fr
2013-04-12 15:04:54,193.164.196.40
2013-04-12 15:04:54,193.164.196.50
2013-04-12 15:04:54,193.164.196.30
2013-04-12 15:04:54,deliv.leboncoin.fr
2013-04-12 15:04:57,193.164.196.40
2013-04-12 15:04:58,193.164.196.50
2013-04-12 15:05:00,deliv.leboncoin.fr
2013-04-12 15:05:08,www.leboncoin.fr
2013-04-12 15:05:08,193.164.197.60
2013-04-12 15:05:08,193.164.196.50
2013-04-12 15:05:09,193.164.197.60
2013-04-12 15:05:09,deliv.leboncoin.fr
2013-04-12 15:05:09,service.centraltag.com
2013-04-12 15:05:15,193.164.196.50
2013-04-12 15:05:16,193.164.197.60
2013-04-12 15:05:32,deliv.leboncoin.fr
2013-04-12 15:05:37,www.leboncoin.fr
2013-04-12 15:05:37,193.164.196.60
2013-04-12 15:05:37,deliv.leboncoin.fr
2013-04-12 15:05:38,service.centraltag.com
2013-04-12 15:07:01,deliv.leboncoin.fr
2013-04-12 15:07:08,deliv.leboncoin.fr
2013-04-12 15:07:08,www.leboncoin.fr
2013-04-12 15:07:08,193.164.196.50
2013-04-12 15:07:08,193.164.196.60
2013-04-12 15:07:08,193.164.197.50
2013-04-12 15:07:09,deliv.leboncoin.fr
2013-04-12 15:07:11,193.164.196.60
2013-04-12 15:07:14,193.164.196.50
2013-04-12 15:07:16,deliv.leboncoin.fr
2013-04-12 15:07:20,www.leboncoin.fr
2013-04-12 15:07:20,193.164.197.30
2013-04-12 15:07:20,193.164.197.40
2013-04-12 15:07:20,deliv.leboncoin.fr
2013-04-12 15:07:22,193.164.197.40
2013-04-12 15:07:23,193.164.197.30
2013-04-12 15:07:27,deliv.leboncoin.fr
2013-04-12 15:07:31,www.leboncoin.fr
2013-04-12 15:07:31,193.164.196.60
2013-04-12 15:07:31,193.164.197.50
2013-04-12 15:07:31,deliv.leboncoin.fr
2013-04-12 15:07:37,193.164.196.60
2013-04-12 15:07:43,193.164.197.50
2013-11-25 10:07:48,javadl-esd-secure.oracle.com
2013-11-25 11:05:51,javadl-esd-secure.oracle.com
2013-11-25 13:49:08,javadl-esd-secure.oracle.com
2013-11-25 15:49:23,javadl-esd-secure.oracle.com
2014-01-31 09:43:49,cnfg.toolbarservices.com
2014-01-31 09:43:49,www.google.com
2014-01-31 09:43:49,ajax.googleapis.com
2014-01-31 09:43:49,utils.delta-search.com
2014-01-31 09:43:50,img.babylon.com
2014-01-31 09:43:50,ajax.googleapis.com
2014-01-31 09:43:50,fpdownload2.macromedia.com
2014-01-31 09:43:51,ajax.googleapis.com
2014-01-31 09:43:55,www.google.com
2014-01-31 09:44:03,1-50.completr.appspot.com
2014-01-31 09:44:04,1-50.completr.appspot.com
2014-01-31 09:44:05,1-50.completr.appspot.com
2014-01-31 09:44:06,1-50.completr.appspot.com
2014-01-31 09:44:08,1-50.completr.appspot.com
2014-01-31 09:44:09,1-50.completr.appspot.com
2014-01-31 09:44:09,utils.babylon.com
2014-01-31 09:44:09,www.delta-search.com
2014-01-31 09:44:10,kyuale.com
2014-01-31 09:44:10,www.delta-search.com
2014-01-31 09:44:14,www.google.fr
2014-01-31 09:44:14,img.babylon.com
2014-01-31 09:44:16,www.google.com
2014-01-31 09:44:16,apis.google.com
2014-01-31 09:44:22,apis.google.com
2014-01-31 09:44:22,www.google.com
2014-01-31 09:44:22,www.google.fr
2014-01-31 09:44:28,www.eurocode1.com
2014-01-31 09:44:28,www.google.fr
2014-01-31 09:44:28,img.babylon.com
2014-01-31 09:44:29,www.eurocode1.com
2014-01-31 09:44:30,img.babylon.com
2014-01-31 09:44:30,www.google.fr
2014-01-31 09:45:01,www.cbc-formation.fr
2014-01-31 09:45:06,www.google.fr
2014-01-31 09:45:26,www.google.fr
2014-01-31 09:45:26,www.cbc-formation.fr
2014-01-31 09:45:45,ad.foxitsoftware.com
2014-01-31 09:45:45,www.cbc-formation.fr
2014-01-31 09:45:46,www.cbc-formation.fr
2014-01-31 09:46:39,ieonline.microsoft.com
2014-01-31 09:46:42,go.microsoft.com
2014-01-31 09:47:24,www.google.fr
2014-01-31 09:47:26,www.afnor.org
2014-01-31 09:47:26,www.google.fr
2014-01-31 09:47:27,www.afnor.org
2014-01-31 09:47:27,as00.estara.com
2014-01-31 09:47:27,ea.ciblo.net
2014-01-31 09:47:28,www.afnor.org
2014-01-31 09:47:31,www.afnor.org
2014-01-31 09:47:36,www.boutique.afnor.org
2014-01-31 09:47:36,img.babylon.com
2014-01-31 09:47:37,www.boutique.afnor.org
2014-01-31 09:47:38,www.boutique.afnor.org
2014-01-31 09:47:38,www.afnor.org
2014-01-31 09:47:38,ea.ciblo.net
2014-01-31 09:47:39,www.boutique.afnor.org
2014-01-31 09:48:19,www.afnor.org
2014-01-31 09:48:40,img.babylon.com
2014-01-31 09:48:41,www.afnor.org
2014-01-31 09:48:42,www.afnor.org
2014-01-31 09:48:57,www.afnor.org
2014-01-31 09:50:31,www.afnor.org
2014-01-31 09:50:32,www.afnor.org
2014-01-31 09:50:33,www.afnor.org
2014-01-31 09:50:36,www.afnor.org
2014-01-31 09:50:45,www.afnor.org
2014-01-31 09:53:23,img.babylon.com
2014-01-31 09:53:23,www.boutique.afnor.org
2014-01-31 09:53:24,www.boutique.afnor.org
2014-01-31 09:53:24,ea.ciblo.net
2014-01-31 09:53:25,www.boutique.afnor.org
2014-01-31 09:53:25,fpdownload.adobe.com
2014-01-31 09:53:59,img.babylon.com
2014-01-31 09:54:01,www.boutique.afnor.org
2014-01-31 09:54:02,www.boutique.afnor.org
2014-01-31 09:54:02,ea.ciblo.net
2014-01-31 09:54:04,www.boutique.afnor.org
2014-01-31 09:54:28,img.babylon.com
2014-01-31 09:54:28,www.boutique.afnor.org
2014-01-31 09:54:29,ea.ciblo.net
2014-01-31 09:54:29,www.boutique.afnor.org
2014-01-31 10:49:34,cnfg.toolbarservices.com
2014-01-31 10:49:35,www.google.com
2014-01-31 10:49:36,ajax.googleapis.com
2014-01-31 10:49:38,www.google.fr
2014-01-31 10:49:38,img.babylon.com
2014-01-31 10:49:39,ajax.googleapis.com
2014-01-31 10:49:39,img.babylon.com
2014-01-31 10:49:40,www.google.fr
2014-01-31 10:49:42,www.google.com
2014-01-31 10:49:42,apis.google.com
2014-01-31 10:49:46,apis.google.com
2014-01-31 10:50:13,www.google.fr
2014-01-31 10:50:14,www.google.com
2014-01-31 10:50:14,www.google.fr
2014-01-31 10:50:14,www.fondasol.fr
2014-01-31 10:50:14,ajax.googleapis.com
2014-01-31 10:50:15,www.fondasol.fr
2014-01-31 10:50:16,www.fondasol.fr
2014-01-31 10:50:27,img.babylon.com
2014-01-31 10:50:35,www.google.fr
2014-01-31 10:50:49,www.fondasol.fr
2014-01-31 10:50:50,www.fondasol.fr
2014-01-31 10:50:51,www.fondasol.fr
2014-01-31 10:51:09,www.fondasol.fr
2014-01-31 10:52:09,www.fondasol.fr
2014-01-31 10:52:10,www.fondasol.fr
2014-01-31 10:52:29,ieonline.microsoft.com
2014-01-31 10:52:42,www.google.fr
2014-01-31 10:53:04,www.fondasol.fr
2014-01-31 10:53:05,www.fondasol.fr
2014-01-31 10:53:36,www.fondasol.fr
2014-01-31 10:53:37,www.fondasol.fr
2014-01-31 10:54:45,www.fondasol.fr
2014-01-31 10:54:46,www.fondasol.fr
2014-01-31 10:55:38,www.fondasol.fr
2014-01-31 11:08:12,www.fondasol.fr
2014-01-31 11:08:20,www.fondasol.fr
2014-01-31 11:10:56,www.fondasol.fr
2014-01-31 11:10:57,www.fondasol.fr
2014-01-31 11:11:12,espacerec.humansourcing.com
2014-01-31 11:11:12,www.fondasol.fr
2014-01-31 11:11:13,www.fondasol.fr
2014-01-31 11:14:05,www.fondasol.fr
2014-01-31 14:40:56,cnfg.toolbarservices.com
2014-01-31 14:40:57,www.google.com
2014-01-31 14:40:58,ajax.googleapis.com
2014-01-31 14:40:59,img.babylon.com
2014-01-31 14:40:59,ajax.googleapis.com
2014-01-31 14:41:02,1-50.completr.appspot.com
2014-01-31 14:41:03,1-50.completr.appspot.com
2014-01-31 14:41:03,www.google.com
2014-01-31 14:41:04,1-50.completr.appspot.com
2014-01-31 14:41:10,1-50.completr.appspot.com
2014-01-31 14:41:12,1-50.completr.appspot.com
2014-01-31 14:41:15,www.delta-search.com
2014-01-31 14:41:15,utils.babylon.com
2014-01-31 14:41:16,kyuale.com
2014-01-31 14:41:16,www.delta-search.com
2014-01-31 14:41:36,img.babylon.com
2014-01-31 14:41:36,www.marchesonline.com
2014-01-31 14:41:37,www.google.com
2014-01-31 14:41:37,www.google.fr
2014-01-31 14:41:37,www.marchesonline.com
2014-01-31 14:41:38,www.marchesonline.com
2014-01-31 14:42:34,suggest.antisearch.net
2014-01-31 14:42:35,suggest.antisearch.net
2014-01-31 14:42:54,www.marchesonline.com
2014-01-31 14:42:54,ajax.googleapis.com
2014-01-31 14:42:55,www.marchesonline.com
2014-01-31 14:42:55,www.google.com
2014-01-31 14:42:55,www.google.fr
2014-01-31 14:43:01,www.marchesonline.com
2014-01-31 14:43:02,www.google.com
2014-01-31 14:43:02,www.google.fr
2014-01-31 14:43:02,www.marchesonline.com
2014-01-31 14:43:03,www.marchesonline.com
2014-01-31 14:43:40,www.marchesonline.com
2014-01-31 14:43:40,www.google.com
2014-01-31 14:43:40,www.google.fr
2014-01-31 14:43:50,ieonline.microsoft.com
2014-01-31 14:43:50,go.microsoft.com
2014-01-31 14:44:49,www.marchesonline.com
2014-01-31 14:44:50,www.google.com
2014-01-31 14:44:50,www.google.fr
2014-01-31 14:44:50,www.marchesonline.com
2014-01-31 14:44:51,www.marchesonline.com
2014-01-31 14:45:47,www.marchesonline.com
2014-01-31 14:45:48,www.google.com
2014-01-31 14:45:48,www.marchesonline.com
2014-01-31 14:45:48,www.google.fr
2014-01-31 14:45:49,www.marchesonline.com
2014-01-31 14:47:49,www.marchesonline.com
2014-01-31 14:47:49,img.babylon.com
2014-01-31 14:47:49,www.google.fr
2014-01-31 14:47:49,www.google.com
2014-01-31 14:47:50,www.marchesonline.com
2014-01-31 14:48:31,www.marchesonline.com
2014-01-31 14:48:32,www.marchesonline.com
2014-01-31 14:48:32,www.google.com
2014-01-31 14:48:32,www.google.fr
2014-01-31 14:48:36,i1-js-14-3-01-10077-104661915-i.init.cedexis-radar.net
2014-01-31 14:48:39,www.google.fr
2014-01-31 14:48:39,www.marchesonline.com
2014-01-31 14:48:39,www.google.com
2014-01-31 14:48:40,www.marchesonline.com
2014-01-31 14:48:52,www.marchesonline.com
2014-01-31 14:48:53,www.google.com
2014-01-31 14:48:53,ajax.googleapis.com
2014-01-31 14:48:53,www.google.fr
2014-01-31 14:48:53,www.marchesonline.com
2014-01-31 14:49:00,www.marchesonline.com
2014-01-31 14:49:01,www.google.com
2014-01-31 14:49:01,www.marchesonline.com
2014-01-31 14:49:01,www.google.fr
2014-01-31 14:49:08,suggest.antisearch.net
2014-01-31 14:49:09,suggest.antisearch.net
2014-01-31 14:49:11,suggest.antisearch.net
2014-01-31 14:49:12,suggest.antisearch.net
2014-01-31 14:49:14,suggest.antisearch.net
2014-01-31 14:49:17,suggest.antisearch.net
2014-01-31 14:49:18,suggest.antisearch.net
2014-01-31 14:49:33,www.marchesonline.com
2014-01-31 14:49:34,www.google.com
2014-01-31 14:49:34,www.google.fr
2014-01-31 14:49:34,www.marchesonline.com
2014-01-31 14:49:39,www.marchesonline.com
2014-01-31 14:49:40,www.google.com
2014-01-31 14:49:40,www.google.fr
2014-01-31 14:49:40,www.marchesonline.com
2014-01-31 14:49:41,www.marchesonline.com
2014-01-31 14:49:54,www.google.com
2014-01-31 14:49:54,www.marchesonline.com
2014-01-31 14:49:54,www.google.fr
2014-01-31 14:49:58,www.marchesonline.com
2014-01-31 14:50:01,www.marchesonline.com
2014-01-31 14:50:01,www.google.com
2014-01-31 14:50:02,www.google.fr
2014-01-31 14:50:02,www.marchesonline.com
2014-01-31 14:50:10,www.marchesonline.com
2014-01-31 14:50:11,www.google.fr
2014-01-31 14:50:11,www.google.com
2014-01-31 14:50:14,www.marchesonline.com
2014-01-31 14:50:17,www.marchesonline.com
2014-01-31 14:50:17,www.google.com
2014-01-31 14:50:17,www.google.fr
2014-01-31 14:50:18,www.marchesonline.com
2014-01-31 14:50:30,www.google.com
2014-01-31 14:50:30,www.google.fr
2014-01-31 14:50:30,www.marchesonline.com
2014-01-31 14:50:59,www.marchesonline.com
2014-01-31 14:51:00,www.google.com
2014-01-31 14:51:00,www.google.fr
2014-01-31 14:51:00,www.marchesonline.com
2014-01-31 14:51:01,www.marchesonline.com
2014-01-31 14:52:14,www.marchesonline.com
2014-01-31 14:52:21,www.google.fr
2014-01-31 14:52:21,www.google.com
2014-01-31 14:52:27,www.marchesonline.com
2014-01-31 14:52:28,www.marchesonline.com
2014-01-31 14:52:28,www.google.fr
2014-01-31 14:52:28,www.google.com
2014-01-31 14:53:13,www.marchesonline.com
2014-01-31 14:53:20,www.marchesonline.com
2014-01-31 14:53:21,www.google.fr
2014-01-31 14:53:21,www.google.com
2014-01-31 14:53:25,www.marchesonline.com
2014-01-31 14:53:25,www.google.fr
2014-01-31 14:53:25,www.google.com
2014-01-31 14:53:33,www.marchesonline.com
2014-01-31 14:53:33,www.google.com
2014-01-31 14:53:33,www.google.fr
2014-01-31 14:53:36,www.google.fr
2014-01-31 14:53:36,www.google.com
2014-01-31 14:53:37,www.marchesonline.com
2014-01-31 14:53:55,www.marchesonline.com
2014-01-31 14:53:56,www.google.com
2014-01-31 14:53:56,www.google.fr
2014-01-31 14:54:14,www.marchesonline.com
2014-01-31 14:54:14,www.google.com
2014-01-31 14:54:15,www.google.fr
2014-01-31 14:54:24,suggest.antisearch.net
2014-01-31 14:54:25,suggest.antisearch.net
2014-01-31 14:54:50,www.marchesonline.com
2014-01-31 14:54:51,www.google.com
2014-01-31 14:54:51,www.google.fr
2014-01-31 14:55:26,www.marchesonline.com
2014-01-31 14:55:27,www.google.fr
2014-01-31 14:55:27,www.google.com
2014-01-31 14:56:05,www.marchesonline.com
2014-01-31 14:56:23,www.marchesonline.com
2014-01-31 14:56:26,www.google.fr
2014-01-31 14:56:26,www.google.com
2014-01-31 14:56:26,www.marchesonline.com
2014-01-31 14:57:03,www.marchesonline.com
2014-01-31 14:57:07,www.marchesonline.com
2014-01-31 14:57:42,www.marchesonline.com
2014-01-31 14:57:43,www.google.fr
2014-01-31 14:57:43,www.google.com
2014-01-31 14:57:44,www.marchesonline.com
2014-01-31 14:57:51,suggest.antisearch.net
2014-01-31 14:57:52,suggest.antisearch.net
2014-01-31 14:58:01,www.google.fr
2014-01-31 14:58:01,www.marchesonline.com
2014-01-31 14:58:01,www.google.com
2014-01-31 14:58:07,www.marchesonline.com
2014-01-31 14:58:08,www.google.com
2014-01-31 14:58:08,www.google.fr
2014-01-31 14:58:08,www.marchesonline.com
2014-01-31 14:58:12,www.marchesonline.com
2014-01-31 14:58:12,www.google.com
2014-01-31 14:58:12,www.google.fr
2014-01-31 14:58:20,www.google.com
2014-01-31 14:58:20,www.google.fr
2014-01-31 14:58:54,www.marchesonline.com
2014-01-31 15:00:15,www.marchesonline.com
2014-01-31 15:02:17,www.marchesonline.com
2014-01-31 15:02:17,www.google.com
2014-01-31 15:02:17,www.google.fr
2014-01-31 15:02:26,www.marchesonline.com
2014-01-31 15:02:26,www.google.com
2014-01-31 15:02:26,www.google.fr
2014-01-31 15:02:34,www.marchesonline.com
2014-01-31 15:02:36,www.marchesonline.com
2014-01-31 15:02:36,www.google.com
2014-01-31 15:02:36,www.google.fr
2014-01-31 15:02:54,www.marchesonline.com
2014-01-31 15:02:55,www.google.com
2014-01-31 15:02:55,www.google.fr
2014-01-31 15:02:55,www.marchesonline.com
2014-01-31 15:03:13,www.marchesonline.com
2014-01-31 15:03:14,img.babylon.com
2014-01-31 15:03:49,www.marchesonline.com
2014-01-31 15:03:50,www.google.com
2014-01-31 15:03:50,www.google.fr
2014-01-31 15:03:57,suggest.antisearch.net
2014-01-31 15:03:58,suggest.antisearch.net
2014-01-31 15:03:59,suggest.antisearch.net
2014-01-31 15:04:08,www.google.com
2014-01-31 15:04:08,www.marchesonline.com
2014-01-31 15:04:08,www.google.fr
2014-01-31 15:04:13,www.google.com
2014-01-31 15:04:13,www.marchesonline.com
2014-01-31 15:04:14,www.google.fr
2014-01-31 15:05:25,www.marchesonline.com
2014-01-31 15:05:43,www.google.com
2014-01-31 15:05:43,www.google.fr
2014-01-31 15:05:43,www.marchesonline.com
2014-01-31 15:06:03,www.google.fr
2014-01-31 15:06:03,www.google.com
2014-01-31 15:06:03,www.marchesonline.com
2014-01-31 15:06:04,www.marchesonline.com
2014-01-31 15:06:34,www.google.fr
2014-01-31 15:06:34,www.google.com
2014-01-31 15:06:34,www.marchesonline.com
2014-01-31 15:06:49,www.marchesonline.com
2014-01-31 15:06:50,www.marchesonline.com
2014-01-31 15:06:50,www.google.fr
2014-01-31 15:06:50,www.google.com
2014-01-31 15:07:14,www.google.com
2014-01-31 15:07:14,www.marchesonline.com
2014-01-31 15:07:14,www.google.fr
2014-01-31 15:07:27,www.marchesonline.com
2014-01-31 15:07:27,www.google.com
2014-01-31 15:07:28,www.google.fr
2014-01-31 15:07:28,www.marchesonline.com
2014-01-31 15:07:51,www.marchesonline.com
2014-01-31 15:07:52,www.google.fr
2014-01-31 15:07:52,www.marchesonline.com
2014-01-31 15:07:52,www.google.com
2014-01-31 15:08:46,www.marchesonline.com
2014-01-31 15:08:46,www.google.com
2014-01-31 15:08:46,www.google.fr
2014-01-31 15:08:52,www.marches-publics.info
2014-01-31 15:08:52,www.marchesonline.com
2014-01-31 15:08:53,www.marches-publics.info
2014-01-31 15:08:53,img.babylon.com
2014-01-31 15:09:02,www.google.fr
2014-01-31 15:09:02,www.google.com
2014-01-31 15:09:09,www.google.fr
2014-01-31 15:09:09,www.google.com
2014-01-31 15:09:09,www.marchesonline.com
2014-01-31 15:09:14,www.marchesonline.com
2014-01-31 15:09:14,img.babylon.com
2014-01-31 15:09:15,www.achatpublic.com
2014-01-31 15:09:16,www.achatpublic.com
2014-01-31 15:09:30,www.google.com
2014-01-31 15:09:30,www.google.fr
2014-01-31 15:09:30,www.achatpublic.com
2014-01-31 15:09:31,www.achatpublic.com
2014-01-31 15:09:32,www.achatpublic.com
2014-01-31 15:09:40,www.marchesonline.com
2014-01-31 15:09:41,www.marchesonline.com
2014-01-31 15:09:41,www.google.com
2014-01-31 15:09:41,www.google.fr
2014-01-31 15:09:44,www.marchesonline.com
2014-01-31 15:09:49,www.google.fr
2014-01-31 15:09:49,www.google.com
2014-01-31 15:09:54,www.marchesonline.com
2014-01-31 15:09:54,www.google.com
2014-01-31 15:09:54,www.google.fr
2014-01-31 15:10:55,www.marchesonline.com
2014-01-31 15:10:56,www.google.fr
2014-01-31 15:10:56,www.google.com
2014-02-24 13:55:18,www.bing.com
2014-02-24 13:55:18,www.google.com
2014-02-24 13:55:23,www.google.fr
2014-02-24 13:55:48,www.google.fr
2014-02-24 13:57:07,ieonline.microsoft.com
2014-02-24 13:57:07,go.microsoft.com
2014-02-24 13:57:34,www.google.fr
2014-02-24 13:57:37,www.google.fr
2014-02-24 13:57:39,www.google.com
2014-02-24 13:57:40,apis.google.com
2014-02-24 13:57:54,www.google.fr
2014-02-24 13:57:54,www.google.com
2014-02-24 13:57:54,apis.google.com
2014-02-24 13:58:12,ieonline.microsoft.com
2014-02-24 13:58:20,player.vimeo.com
2014-02-24 13:58:22,livepassdl.conviva.com
2014-02-24 13:58:23,livepassdl.conviva.com
2014-02-24 13:58:24,pings.conviva.com
2014-02-24 14:26:23,ad.foxitsoftware.com
2014-02-24 14:27:12,www.google.fr
2014-02-24 14:27:15,www.google.com
2014-02-24 14:27:15,mail.google.com
2014-02-24 14:27:16,accounts.youtube.com
2014-02-24 14:27:16,accounts.google.com
2014-02-24 14:27:31,accounts.google.fr
2014-02-24 14:27:33,www.google.com
2014-02-24 14:27:33,www.google.fr
2014-02-24 14:27:34,accounts.google.com
2014-02-24 14:27:34,accounts.youtube.com
2014-02-24 14:27:34,accounts.google.fr
2014-02-24 14:27:34,apis.google.com
2014-02-24 14:27:34,clients2.google.com
2014-02-24 14:27:34,www.google.com
2014-02-24 14:27:34,mail.google.com
2014-02-24 14:27:35,plus.google.com
2014-02-24 14:27:36,clients6.google.com
2014-02-24 14:27:36,clients2.google.com
2014-02-24 14:27:37,mail.google.com
2014-02-24 14:27:37,chatenabled.mail.google.com
2014-02-24 14:27:37,plus.google.com
2014-02-24 14:27:37,www.google.com
2014-02-24 14:27:37,accounts.google.com
2014-02-24 14:27:38,mail.google.com
2014-02-24 14:27:39,apis.google.com
2014-02-24 14:27:49,chatenabled.mail.google.com
2014-02-24 14:30:11,mail.google.com
2014-02-24 14:30:12,mail.google.com
2014-02-24 14:30:12,clients6.google.com
2014-02-24 14:30:12,plus.google.com
