timestamp,site
2013-09-12 12:22:53,fpdownload2.macromedia.com
2013-09-12 12:23:03,www.google.fr
2013-09-12 12:23:14,www.google.fr
2013-09-12 12:23:15,apis.google.com
2013-09-12 12:23:17,www.google.com
2013-09-12 12:23:29,www.google.fr
2013-09-12 12:23:29,apis.google.com
2013-09-12 12:23:29,www.google.com
2013-09-12 12:28:55,dl.patchbeam.com
2013-09-12 12:28:55,www.powerarchiver.com
2013-10-12 08:34:43,baidu.com
2013-10-12 08:34:44,baidu.com
2013-10-12 08:34:45,www.baidu.com
2013-10-12 08:34:45,s1.bdstatic.com
2013-10-12 08:34:46,passport.baidu.com
2013-10-12 08:35:22,www.google.fr
2013-10-12 08:35:34,www.google.fr
2013-10-12 08:35:35,apis.google.com
2013-10-12 08:35:37,www.google.com
2013-10-12 08:35:51,www.google.fr
2013-10-12 08:35:51,www.google.com
2013-10-12 08:35:51,apis.google.com
2013-10-12 08:35:52,www.google.fr
2013-10-12 08:35:52,www.renren.com
2013-10-12 08:35:52,s.xnimg.cn
2013-10-12 08:35:53,s.xnimg.cn
2013-10-12 08:35:53,a.xnimg.cn
2013-10-12 08:35:54,login.renren.com
2013-10-12 08:35:54,s.xnimg.cn
2013-10-12 08:35:54,icode.renren.com
2013-10-12 08:35:55,a.xnimg.cn
2013-10-12 08:36:02,dj.renren.com
2013-10-12 08:36:20,www.baidu.com
2013-10-12 08:36:20,s1.bdstatic.com
2013-10-12 08:36:21,s1.bdstatic.com
2013-10-12 08:36:21,www.baidu.com
2013-10-12 08:36:21,i7.baidu.com
2013-10-12 08:36:21,passport.baidu.com
2013-10-12 08:36:22,t12.baidu.com
2013-10-12 08:36:22,api.share.baidu.com
2013-10-12 08:36:22,c.baidu.com
2013-10-12 08:36:22,sclick.baidu.com
2013-10-12 08:36:22,t10.baidu.com
2013-10-12 08:36:24,t12.baidu.com
2013-10-12 08:37:05,sclick.baidu.com
2013-10-12 08:37:06,www.baidu.com
2013-10-12 08:37:09,www.ilovematlab.cn
2013-10-12 08:37:10,www.ilovematlab.cn
2013-10-12 08:37:11,www.ilovematlab.cn
2013-10-12 08:37:12,www.ilovematlab.cn
2013-10-12 08:37:13,www.ilovematlab.cn
2013-10-12 08:37:14,www.ilovematlab.cn
2013-10-12 08:37:21,sclick.baidu.com
2013-10-12 08:37:21,cache.soso.com
2013-10-12 08:37:21,www.baidu.com
2013-10-12 08:37:22,www.ilovematlab.cn
2013-10-12 08:37:24,img.iknow.bdimg.com
2013-10-12 08:37:26,zhidao.baidu.com
2013-10-12 08:37:26,img.iknow.bdimg.com
2013-10-12 08:37:26,s1.bdstatic.com
2013-10-12 08:37:27,passport.bdimg.com
2013-10-12 08:37:27,hm.baidu.com
2013-10-12 08:37:28,zhidao.baidu.com
2013-10-12 08:37:28,passport.bdimg.com
2013-10-12 08:37:28,hm.baidu.com
2013-10-12 08:37:29,share.baidu.com
2013-10-12 08:37:29,nsclick.baidu.com
2013-10-12 08:37:29,passport.bdimg.com
2013-10-12 08:37:29,cp.zhidao.baidu.com
2013-10-12 08:37:30,bdimg.share.baidu.com
2013-10-12 08:37:30,img.baidu.com
2013-10-12 08:37:31,s1.bdstatic.com
2013-10-12 08:37:31,zhidao.baidu.com
2013-10-12 08:37:31,nsclick.baidu.com
2013-10-12 08:37:32,zhidao.baidu.com
2013-10-12 08:37:34,img.iknow.bdimg.com
2013-10-12 08:37:34,bdimg.share.baidu.com
2013-10-12 08:37:35,nsclick.baidu.com
2013-10-12 08:37:35,cbjs.baidu.com
2013-10-12 08:37:35,hm.baidu.com
2013-10-12 08:37:37,cb.baidu.com
2013-10-12 08:37:44,passport.baidu.com
2013-10-12 08:37:45,cbjs.baidu.com
2013-10-12 08:37:46,passport.baidu.com
2013-10-12 08:37:47,cbjslog.baidu.com
2013-10-12 08:37:47,dn.baidu.com
2013-10-12 08:37:48,ubmcmm.baidustatic.com
2013-10-12 08:37:48,click.hm.baidu.com
2013-10-12 08:37:49,click.hm.baidu.com
2013-10-12 08:37:49,ubmcmm.baidustatic.com
2013-10-12 08:37:49,cbjslog.baidu.com
2013-10-12 08:37:51,gmvl.baidu.com
2013-10-12 08:38:02,www.ilovematlab.cn
2013-10-12 08:38:02,cbjslog.baidu.com
2013-10-12 08:38:14,cbjslog.baidu.com
2013-10-12 08:38:26,cbjslog.baidu.com
2013-10-12 08:38:38,cbjslog.baidu.com
2013-10-12 09:14:16,www.google.fr
2013-10-12 09:14:28,www.google.fr
2013-10-12 09:57:41,www.ilovematlab.cn
2013-10-12 09:57:42,www.ilovematlab.cn
2013-10-12 09:57:55,cache.soso.com
2013-12-13 14:09:09,armmf.adobe.com
2013-12-13 14:09:11,armmf.adobe.com
2013-12-13 14:09:13,armdl.adobe.com
2013-12-13 14:10:09,www.bing.com
2013-12-13 14:10:09,www.google.com
2013-12-13 14:10:23,www.google.fr
2013-12-13 14:10:24,www.google.fr
2013-12-13 14:10:26,www.google.com
2013-12-13 14:10:26,apis.google.com
2013-12-13 14:11:02,www.google.com
2013-12-13 14:11:02,apis.google.com
2013-12-13 14:11:02,www.google.fr
2013-12-13 14:11:03,www.google.fr
2013-12-13 14:11:03,fr.mail.yahoo.com
2013-12-13 14:11:05,fr.mail.yahoo.com
2013-12-13 14:11:09,login.yahoo.com
2013-12-13 14:11:10,login.yahoo.com
2013-12-13 14:11:13,login.yahoo.com
2013-12-13 14:11:14,login.yahoo.com
2013-12-13 14:12:09,ieonline.microsoft.com
2013-12-13 14:12:09,go.microsoft.com
2013-12-13 14:12:25,login.yahoo.com
2013-12-13 14:12:26,edit.europe.yahoo.com
2013-12-13 14:12:28,edit.europe.yahoo.com
2013-12-13 14:12:30,edit.europe.yahoo.com
2013-12-13 14:12:39,edit.europe.yahoo.com
2013-12-13 14:12:39,mail.yahoo.com
2013-12-13 14:12:40,fr-mg42.mail.yahoo.com
2013-12-13 14:12:56,ucs.query.yahoo.com
2013-12-13 14:13:30,ucs.query.yahoo.com
2013-12-13 14:13:30,fr-mg42.mail.yahoo.com
2013-12-13 14:13:31,ir2-attach.mail.yahoo.com
2013-12-13 14:13:32,ir2-attach.mail.yahoo.com
2013-12-13 14:13:33,ir2-attach.mail.yahoo.com
2013-12-13 14:13:40,ir2-attach.mail.yahoo.com
2013-12-13 14:13:47,ir2-attach.mail.yahoo.com
2013-12-13 14:13:55,javadl-esd-secure.oracle.com
2013-12-13 14:13:55,ir2-attach.mail.yahoo.com
2013-12-13 14:14:32,ir2-attach.mail.yahoo.com
2013-12-13 14:15:36,fr-mg42.mail.yahoo.com
2013-12-13 14:17:03,fr-mg42.mail.yahoo.com
2013-12-13 14:17:05,javadl-esd-secure.oracle.com
2013-12-13 14:19:49,go.microsoft.com
2013-12-13 14:19:49,shell.windows.com
2013-12-13 14:19:50,shell.windows.com
2013-12-13 14:19:51,cx.msn.com
2013-12-13 14:19:51,shell.windows.com
2013-12-13 17:04:31,www.google.fr
2013-12-13 17:04:32,apis.google.com
2013-12-13 17:04:33,www.google.com
2013-12-13 17:04:55,www.google.fr
2013-12-13 17:04:55,apis.google.com
2013-12-13 17:04:55,www.google.com
2013-12-13 17:04:56,fr.yahoo.com
2013-12-13 17:04:56,www.google.fr
2013-12-13 17:04:58,fr.yahoo.com
2013-12-13 17:04:58,locdrop.query.yahoo.com
2013-12-13 17:04:59,fr.yahoo.com
2013-12-13 17:05:00,fr.yahoo.com
2013-12-13 17:05:01,login.yahoo.com
2013-12-13 17:05:02,login.yahoo.com
2013-12-13 17:05:04,login.yahoo.com
2013-12-13 17:05:05,login.yahoo.com
2013-12-13 17:05:58,login.yahoo.com
2013-12-13 17:07:03,login.yahoo.com
2013-12-13 17:07:05,fr.yahoo.com
2013-12-13 17:07:06,ieonline.microsoft.com
2013-12-13 17:07:06,locdrop.query.yahoo.com
2013-12-13 17:07:06,fr.yahoo.com
2013-12-13 17:07:10,fr.yahoo.com
2013-12-13 17:07:10,mail.yahoo.com
2013-12-13 17:07:11,fr-mg42.mail.yahoo.com
2013-12-13 17:07:20,ucs.query.yahoo.com
2013-12-13 17:07:21,www.dropbox.com
2013-12-13 17:07:22,fr-mg42.mail.yahoo.com
2013-12-13 17:07:23,ucs.query.yahoo.com
2013-12-13 17:07:47,www.dropbox.com
2013-12-13 17:07:47,ir2-attach.mail.yahoo.com
2013-12-13 17:07:48,ir2-attach.mail.yahoo.com
2013-12-13 17:07:49,ir2-attach.mail.yahoo.com
2013-12-13 17:07:55,ir2-attach.mail.yahoo.com
2013-12-13 17:08:00,ir2-attach.mail.yahoo.com
2013-12-13 17:08:05,ir2-attach.mail.yahoo.com
2013-12-13 17:08:11,ir2-attach.mail.yahoo.com
2013-12-13 17:08:13,javadl-esd-secure.oracle.com
2013-12-13 17:08:18,ir2-attach.mail.yahoo.com
2013-12-13 17:08:25,ir2-attach.mail.yahoo.com
2013-12-13 17:08:42,ir2-attach.mail.yahoo.com
2013-12-13 17:08:51,ir2-attach.mail.yahoo.com
2013-12-13 17:09:01,ir2-attach.mail.yahoo.com
2013-12-13 17:09:20,fr-mg42.mail.yahoo.com
2013-12-13 17:09:27,fr-mg42.mail.yahoo.com
2013-12-13 17:09:30,www.facebook.com
2013-12-13 17:09:30,fr-mg42.mail.yahoo.com
2013-12-13 17:09:37,ucs.query.yahoo.com
2013-12-13 17:09:41,javadl-esd-secure.oracle.com
2013-12-18 19:51:04,armmf.adobe.com
2013-12-18 19:51:06,armmf.adobe.com
2013-12-18 19:51:08,armdl.adobe.com
2013-12-18 21:19:02,fpdownload2.macromedia.com
2013-12-18 21:19:06,www.google.com
2013-12-18 21:21:46,go.microsoft.com
2013-12-18 21:21:46,ieonline.microsoft.com
2013-12-18 21:55:01,yahoo.fr
2013-12-18 21:55:02,fr.yahoo.com
2013-12-18 21:55:06,locdrop.query.yahoo.com
2013-12-18 21:55:07,fr.yahoo.com
2013-12-18 21:55:12,fr.yahoo.com
2013-12-18 21:55:14,login.yahoo.com
2013-12-18 21:55:15,login.yahoo.com
2013-12-18 21:55:16,login.yahoo.com
2013-12-18 21:55:17,login.yahoo.com
2013-12-18 21:55:18,login.yahoo.com
2013-12-18 21:55:52,login.yahoo.com
2013-12-18 21:55:53,fr.yahoo.com
2013-12-18 21:55:55,yui.yahooapis.com
2013-12-18 21:55:55,fr.yahoo.com
2013-12-18 21:55:55,locdrop.query.yahoo.com
2013-12-18 21:55:59,fr.yahoo.com
2013-12-18 21:56:00,mail.yahoo.com
2013-12-18 21:56:00,fr.yahoo.com
2013-12-18 21:56:01,fr-mg42.mail.yahoo.com
2013-12-18 21:56:07,fr-mg42.mail.yahoo.com
2013-12-18 21:56:10,ucs.query.yahoo.com
2013-12-18 21:56:11,fr-mg42.mail.yahoo.com
2013-12-18 21:56:12,fr-mg42.mail.yahoo.com
2013-12-18 21:56:13,fr-mg42.mail.yahoo.com
2013-12-18 21:56:27,fr-mg42.mail.yahoo.com
2013-12-18 21:56:28,fr-mg42.mail.yahoo.com
2013-12-18 21:56:30,ucs.query.yahoo.com
2013-12-18 21:56:36,fr-mg42.mail.yahoo.com
2013-12-18 21:56:37,fr-mg42.mail.yahoo.com
2013-12-18 21:57:32,ieonline.microsoft.com
2013-12-18 21:58:03,fr-mg42.mail.yahoo.com
2013-12-18 21:58:04,fr-mg42.mail.yahoo.com
2013-12-18 21:58:14,fr-mg42.mail.yahoo.com
2013-12-18 21:58:15,fr-mg42.mail.yahoo.com
2013-12-18 21:58:16,fr-mg42.mail.yahoo.com
2013-12-18 22:00:33,fr-mg42.mail.yahoo.com
2013-12-18 22:00:34,fr-mg42.mail.yahoo.com
2013-12-18 22:01:03,fr-mg42.mail.yahoo.com
2013-12-18 22:01:58,fr-mg42.mail.yahoo.com
2013-12-18 22:02:02,fr-mg42.mail.yahoo.com
2013-12-18 22:02:05,fr-mg42.mail.yahoo.com
2013-12-18 22:02:17,fr-mg42.mail.yahoo.com
2013-12-18 22:02:18,fr-mg42.mail.yahoo.com
2013-12-18 22:02:27,www.espaceclient.bouyguestelecom.fr
2013-12-18 22:02:28,www.espaceclient.bouyguestelecom.fr
2013-12-18 22:02:29,fr-mg42.mail.yahoo.com
2013-12-18 22:02:53,www.espaceclient.bouyguestelecom.fr
2013-12-18 22:02:53,www.bouyguestelecom.fr
2013-12-18 22:02:54,www.mon-compte.bouyguestelecom.fr
2013-12-18 22:02:54,www.stats.bouyguestelecom.fr
2013-12-18 22:02:55,api-mc.bouyguestelecom.fr
2013-12-18 22:02:55,www.mon-compte.bouyguestelecom.fr
2013-12-18 22:02:56,www.google.com
2013-12-18 22:02:56,www.mon-compte.bouyguestelecom.fr
2013-12-18 22:02:56,www.google.fr
2013-12-18 22:02:58,api-mc.bouyguestelecom.fr
2013-12-18 22:02:59,www.mon-compte.bouyguestelecom.fr
2013-12-18 22:03:01,www.mon-compte.bouyguestelecom.fr
2013-12-18 22:03:10,www.google.com
2013-12-18 22:03:10,www.bouyguestelecom.fr
2013-12-18 22:03:10,www.google.fr
2013-12-18 22:03:10,www.espaceclient.bouyguestelecom.fr
2013-12-18 22:03:10,www.stats.bouyguestelecom.fr
2013-12-18 22:03:15,www.mon-compte.bouyguestelecom.fr
2013-12-18 22:03:16,www.mon-compte.bouyguestelecom.fr
2013-12-18 22:03:23,fr-mg42.mail.yahoo.com
2013-12-18 22:03:24,fr-mg42.mail.yahoo.com
2013-12-18 22:03:25,www.facebook.com
2013-12-18 22:03:40,fr-mg42.mail.yahoo.com
2013-12-18 22:03:50,fr-mg42.mail.yahoo.com
2013-12-18 22:03:53,fr-mg42.mail.yahoo.com
2013-12-18 22:03:59,fr-mg42.mail.yahoo.com
2013-12-18 22:04:19,fr-mg42.mail.yahoo.com
2013-12-18 22:04:21,www.google.fr
2013-12-18 22:04:21,www.google.com
2013-12-18 22:05:07,dl.patchbeam.com
2013-12-18 22:05:07,www.powerarchiver.com
2013-12-18 22:06:40,fr-mg42.mail.yahoo.com
2013-12-18 22:08:45,dl.powerarchiver.com
2013-12-18 22:08:46,dl.powerarchiver.com
2013-12-18 22:08:46,www.powerarchiver.com
2013-12-18 22:08:47,dl.powerarchiver.com
2013-12-18 22:08:47,www.powerarchiver.com
2013-12-18 22:08:47,ajax.googleapis.com
2013-12-18 22:09:19,fr.yahoo.com
2013-12-18 22:09:20,fr.yahoo.com
2013-12-18 22:09:20,locdrop.query.yahoo.com
2013-12-18 22:09:22,fr.yahoo.com
2013-12-18 22:09:23,fr.yahoo.com
2013-12-18 22:09:24,login.yahoo.com
2013-12-18 22:09:25,login.yahoo.com
2013-12-18 22:09:26,login.yahoo.com
2013-12-18 22:09:51,login.yahoo.com
2013-12-18 22:09:52,fr.yahoo.com
2013-12-18 22:09:53,locdrop.query.yahoo.com
2013-12-18 22:09:54,fr.yahoo.com
2013-12-18 22:09:55,mail.yahoo.com
2013-12-18 22:09:55,fr.yahoo.com
2013-12-18 22:09:56,fr-mg42.mail.yahoo.com
2013-12-18 22:09:59,fr-mg42.mail.yahoo.com
2013-12-18 22:10:00,ucs.query.yahoo.com
2013-12-18 22:10:06,fr-mg42.mail.yahoo.com
2013-12-18 22:10:07,fr-mg42.mail.yahoo.com
2013-12-18 22:10:08,fr-mg42.mail.yahoo.com
2013-12-18 22:10:09,fr-mg42.mail.yahoo.com
2013-12-18 22:10:16,fr-mg42.mail.yahoo.com
2013-12-18 22:10:20,fr-mg42.mail.yahoo.com
2013-12-18 22:10:20,ucs.query.yahoo.com
2013-12-18 22:10:21,www.dropbox.com
2013-12-18 22:10:27,fr-mg42.mail.yahoo.com
2013-12-18 22:10:30,fr-mg42.mail.yahoo.com
2013-12-18 22:11:21,www.dropbox.com
2013-12-18 22:12:08,fr-mg42.mail.yahoo.com
2013-12-18 22:12:09,fr-mg42.mail.yahoo.com
2013-12-18 22:14:57,fr-mg42.mail.yahoo.com
2013-12-18 22:14:58,fr-mg42.mail.yahoo.com
2013-12-19 13:28:12,javadl-esd.sun.com
2013-12-19 13:28:13,javadl-esd.sun.com
2013-12-19 13:29:15,www.google.fr
2013-12-19 13:29:30,www.google.fr
2013-12-19 13:29:32,apis.google.com
2013-12-19 13:29:34,www.google.com
2013-12-19 13:29:43,www.google.fr
2013-12-19 13:29:43,apis.google.com
2013-12-19 13:29:43,www.google.com
2014-03-25 13:49:30,www.google.com
2014-03-25 13:52:25,go.microsoft.com
2014-03-25 13:52:25,ieonline.microsoft.com
2014-03-25 14:39:50,www.google.fr
2014-03-25 14:40:06,www.google.fr
2014-03-25 14:40:10,www.google.com
2014-03-25 14:40:49,www.google.fr
2014-03-25 14:40:50,forums.futura-sciences.com
2014-03-25 14:40:50,www.google.com
2014-03-25 14:40:50,www.google.fr
2014-03-25 14:40:50,yui.yahooapis.com
2014-03-25 14:40:50,legacy.futura-sciences.com
2014-03-25 14:40:50,fr.intext.adfever.com
2014-03-25 14:40:50,www.futura-sciences.com
2014-03-25 14:40:51,forums.futura-sciences.com
2014-03-25 14:40:51,legacy.futura-sciences.com
2014-03-25 14:40:51,www.google.fr
2014-03-25 14:40:52,legacy.futura-sciences.com
2014-03-25 14:40:52,www.google.com
2014-03-25 14:40:52,forums.futura-sciences.com
2014-03-25 14:40:52,www.futura-sciences.com
2014-03-25 14:40:53,forums.futura-sciences.com
2014-03-25 14:40:53,platform.twitter.com
2014-03-25 14:40:53,apis.google.com
2014-03-25 14:40:53,connect.facebook.net
2014-03-25 14:40:53,fpdownload2.macromedia.com
2014-03-25 14:40:54,static.ak.facebook.com
2014-03-25 14:40:54,s-static.ak.facebook.com
2014-03-25 14:40:54,www.facebook.com
2014-03-25 14:40:56,technet2.microsoft.com
2014-03-25 14:40:56,platform.twitter.com
2014-03-25 14:40:57,www.facebook.com
2014-03-25 14:40:58,technet2.microsoft.com
2014-03-25 14:41:03,twitter.com
2014-03-25 14:41:04,twitter.com
2014-03-25 14:41:04,platform.twitter.com
2014-03-25 14:41:05,apis.google.com
2014-03-25 14:41:08,accounts.google.com
2014-03-25 14:41:10,forums.futura-sciences.com
2014-03-25 14:41:10,apis.google.com
2014-03-25 14:42:36,www.google.fr
2014-03-25 14:42:36,www.google.com
2014-03-25 14:43:04,accounts.google.com
2014-03-25 14:43:04,apis.google.com
