timestamp,site
2014-02-18 10:26:08,armmf.adobe.com
2014-02-18 10:26:10,armmf.adobe.com
2014-02-18 10:26:11,armmf.adobe.com
2014-02-18 10:26:12,go.microsoft.com
2014-02-18 10:26:13,armmf.adobe.com
2014-02-18 10:26:13,www.iegallery.com
2014-02-18 10:26:26,www.google.fr
2014-02-18 10:26:27,www.google.fr
2014-02-18 10:26:28,www.google.fr
2014-02-18 10:26:28,www.google.com
2014-02-18 10:26:34,www.google.fr
2014-02-18 10:26:34,www.google.com
2014-02-18 10:26:35,www.google.fr
2014-02-18 10:27:31,www.google.fr
2014-02-18 11:36:18,onlinestores.metaservices.microsoft.com
2014-02-18 11:36:20,go.microsoft.com
2014-02-18 11:36:24,onlinestores.metaservices.microsoft.com
2014-02-18 11:36:26,go.microsoft.com
2014-02-18 12:14:15,www.google.fr
2014-02-18 12:14:16,www.google.com
2014-02-18 12:14:16,www.google.fr
2014-02-18 12:14:19,accounts.google.com
2014-02-18 12:14:19,www.google.fr
2014-02-18 12:14:19,www.google.com
2014-02-18 12:14:19,accounts.youtube.com
2014-02-18 12:14:20,accounts.google.com
2014-02-18 12:14:36,accounts.youtube.com
2014-02-18 12:14:36,accounts.google.com
2014-02-18 12:14:36,www.google.com
2014-02-18 12:14:47,accounts.google.fr
2014-02-18 12:14:48,accounts.google.com
2014-02-18 12:14:48,accounts.google.fr
2014-02-18 12:14:48,www.google.fr
2014-02-18 12:14:50,www.google.fr
2014-02-18 12:14:50,mail.google.com
2014-02-18 12:14:52,accounts.google.com
2014-02-18 12:14:52,www.google.com
2014-02-18 12:14:53,mail.google.com
2014-02-18 12:14:54,mail.google.com
2014-02-18 12:14:55,apis.google.com
2014-02-18 12:14:55,clients2.google.com
2014-02-18 12:14:55,www.google.com
2014-02-18 12:14:55,mail.google.com
2014-02-18 12:14:56,apis.google.com
2014-02-18 12:14:56,plus.google.com
2014-02-18 12:14:56,mail.google.com
2014-02-18 12:14:57,plus.google.com
2014-02-18 12:14:57,apis.google.com
2014-02-18 12:14:57,accounts.google.com
2014-02-18 12:14:58,mail.google.com
2014-02-18 12:14:58,chatenabled.mail.google.com
2014-02-18 12:14:58,b.mail.google.com
2014-02-18 12:15:00,chatenabled.mail.google.com
2014-02-18 12:15:10,plus.google.com
2014-02-18 12:15:20,accounts.google.com
2014-02-18 12:15:55,mail.google.com
2014-02-18 12:16:11,b.mail.google.com
2014-02-18 12:16:12,mail.google.com
2014-02-25 12:18:26,www.google.com
2014-02-25 12:18:29,www.google.fr
2014-02-25 12:18:32,www.google.fr
2014-02-25 12:18:34,www.google.com
2014-02-25 12:18:35,apis.google.com
2014-02-25 12:18:37,www.google.fr
2014-02-25 12:18:41,www.google.fr
2014-02-25 12:18:42,www.google.com
2014-02-25 12:18:42,apis.google.com
2014-02-25 12:18:42,www.google.fr
2014-02-25 12:18:52,player.vimeo.com
2014-02-25 12:18:53,livepassdl.conviva.com
2014-02-25 12:18:54,livepassdl.conviva.com
2014-02-25 12:18:55,pings.conviva.com
2014-02-25 12:18:56,pings.conviva.com
2014-02-25 12:20:11,go.microsoft.com
2014-02-25 12:20:11,ieonline.microsoft.com
2014-02-25 12:21:13,ieonline.microsoft.com
2014-02-25 12:21:47,www.google.fr
2014-02-25 12:21:49,www.google.fr
2014-02-25 12:21:52,plus.google.com
2014-02-25 12:21:52,www.google.com
2014-02-25 12:21:52,accounts.google.com
2014-02-25 12:21:54,accounts.youtube.com
2014-02-25 12:22:01,accounts.google.fr
2014-02-25 12:22:03,www.google.fr
2014-02-25 12:22:04,accounts.google.fr
2014-02-25 12:22:04,accounts.youtube.com
2014-02-25 12:22:04,accounts.google.com
2014-02-25 12:22:04,www.google.com
2014-02-25 12:22:04,plus.google.com
2014-02-25 12:22:04,www.google.fr
2014-02-25 12:22:05,plus.google.com
2014-02-25 12:22:19,www.google.com
2014-02-25 12:22:19,plus.google.com
2014-02-25 12:22:25,plus.google.com
2014-02-25 12:22:28,plus.google.com
2014-02-25 12:22:32,apis.google.com
2014-02-25 12:22:38,www.google.fr
2014-02-25 12:22:38,plus.google.com
2014-02-25 12:22:38,apis.google.com
2014-02-25 12:22:38,www.google.com
2014-02-25 12:22:39,www.google.fr
2014-02-25 12:22:39,plus.google.com
2014-02-25 12:22:40,www.google.com
2014-02-25 12:22:40,www.google.fr
2014-02-25 12:22:40,talkgadget.google.com
2014-02-25 12:22:40,plus.google.com
2014-02-25 12:22:41,plus.google.com
2014-02-25 12:22:41,www.google.fr
2014-02-25 12:22:48,mail.google.com
2014-02-25 12:22:50,mail.google.com
2014-02-25 12:22:54,accounts.google.com
2014-02-25 12:22:54,mail.google.com
2014-02-25 12:22:56,mail.google.com
2014-02-25 12:22:56,clients2.google.com
2014-02-25 12:22:56,apis.google.com
2014-02-25 12:22:57,mail.google.com
2014-02-25 12:22:57,www.google.com
2014-02-25 12:23:02,plus.google.com
2014-02-25 12:23:03,clients2.google.com
2014-02-25 12:23:03,plus.google.com
2014-02-25 12:23:03,mail.google.com
2014-02-25 12:23:03,apis.google.com
2014-02-25 12:23:04,plus.google.com
2014-02-25 12:23:04,chatenabled.mail.google.com
2014-02-25 12:23:05,mail.google.com
2014-02-25 12:23:19,mail.google.com
2014-02-25 12:23:26,mail.google.com
2014-02-25 12:23:28,accounts.google.com
2014-02-25 12:23:28,chatenabled.mail.google.com
2014-02-25 12:23:28,mail.google.com
2014-04-03 10:16:01,www.google.com
2014-04-03 10:16:04,www.google.fr
2014-04-03 10:16:07,www.google.fr
2014-04-03 10:16:10,www.google.com
2014-04-03 10:16:10,apis.google.com
2014-04-03 10:16:18,www.google.fr
2014-04-03 10:16:19,apis.google.com
2014-04-03 10:16:19,www.google.com
2014-04-03 10:16:19,www.google.fr
2014-04-03 10:16:46,www.google.fr
2014-04-03 10:16:48,www.google.fr
2014-04-03 10:16:51,mail.google.com
2014-04-03 10:16:51,www.google.com
2014-04-03 10:16:52,accounts.google.com
2014-04-03 10:16:53,accounts.youtube.com
2014-04-03 10:16:55,www.google.fr
2014-04-03 10:16:57,www.google.com
2014-04-03 10:16:57,accounts.google.fr
2014-04-03 10:17:02,accounts.youtube.com
2014-04-03 10:17:03,apis.google.com
2014-04-03 10:17:04,mail.google.com
2014-04-03 10:17:04,www.google.com
2014-04-03 10:17:04,accounts.google.com
2014-04-03 10:17:04,accounts.google.fr
2014-04-03 10:17:06,clients2.google.com
2014-04-03 10:17:06,plus.google.com
2014-04-03 10:17:07,plus.google.com
2014-04-03 10:17:12,plus.google.com
2014-04-03 10:17:12,drive.google.com
2014-04-03 10:17:12,clients2.google.com
2014-04-03 10:17:13,apis.google.com
2014-04-03 10:17:19,mail.google.com
2014-04-03 10:17:19,chatenabled.mail.google.com
2014-04-03 10:17:48,clients6.google.com
2014-04-03 10:17:48,accounts.google.com
2014-04-03 10:18:01,ieonline.microsoft.com
2014-04-03 10:18:01,go.microsoft.com
2014-04-03 10:19:18,mail.google.com
2014-04-03 10:21:17,drive.google.com
2014-04-03 10:21:19,chatenabled.mail.google.com
2014-04-03 10:21:49,apis.google.com
2014-04-03 10:21:49,clients6.google.com
2014-04-03 10:29:38,plus.google.com
2014-04-03 10:41:23,plus.google.com
2014-04-03 10:45:06,mail.google.com
2014-04-03 10:48:42,mail.google.com
2014-04-03 10:51:23,plus.google.com
2014-04-03 10:53:22,mail.google.com
2014-04-03 10:57:33,mail.google.com
2014-04-03 11:01:13,mail.google.com
2014-04-03 11:01:24,plus.google.com
2014-04-03 11:04:54,mail.google.com
2014-04-03 11:11:24,plus.google.com
2014-04-03 11:12:38,mail.google.com
2014-04-03 11:16:15,mail.google.com
2014-04-03 11:18:42,mail.google.com
2014-04-03 11:19:53,mail.google.com
2014-04-03 11:21:24,plus.google.com
2014-04-03 11:27:00,mail.google.com
2014-04-03 11:31:00,mail.google.com
2014-04-03 11:31:25,plus.google.com
2014-04-03 11:35:08,mail.google.com
2014-04-03 11:41:25,plus.google.com
2014-04-03 11:42:23,mail.google.com
2014-04-03 11:46:07,mail.google.com
2014-04-03 11:50:01,mail.google.com
2014-04-03 11:51:25,plus.google.com
2014-04-03 11:57:32,mail.google.com
2014-04-03 12:01:26,plus.google.com
2014-04-03 12:01:39,mail.google.com
2014-04-03 12:05:32,mail.google.com
2014-04-03 12:11:26,plus.google.com
2014-04-03 12:13:27,mail.google.com
2014-04-03 12:17:10,mail.google.com
2014-04-03 12:18:42,mail.google.com
2014-04-03 12:21:26,plus.google.com
2014-04-03 12:21:31,mail.google.com
2014-04-03 12:25:38,mail.google.com
2014-04-03 12:31:27,plus.google.com
2014-04-03 12:33:08,mail.google.com
2014-04-03 12:37:12,mail.google.com
2014-04-03 12:41:14,mail.google.com
2014-04-03 12:41:27,plus.google.com
2014-04-03 12:44:48,mail.google.com
2014-04-03 12:51:28,plus.google.com
2014-04-03 12:52:32,mail.google.com
2014-04-03 12:56:11,mail.google.com
2014-04-03 13:00:19,mail.google.com
2014-04-03 13:01:28,plus.google.com
2014-04-03 13:07:02,mail.google.com
2014-04-03 13:07:03,mail.google.com
2014-04-18 09:56:10,www.google.com
2014-04-18 09:56:32,www.google.fr
2014-04-18 09:56:34,www.google.fr
2014-04-18 09:56:36,www.google.com
2014-04-18 09:56:36,apis.google.com
2014-04-18 09:56:43,www.google.fr
2014-04-18 09:56:43,www.google.com
2014-04-18 09:56:43,apis.google.com
2014-04-18 09:58:06,go.microsoft.com
2014-04-18 09:58:06,ieonline.microsoft.com
