timestamp,site
2013-11-20 15:04:58,fpdownload2.macromedia.com
2013-11-20 15:04:58,go.microsoft.com
2013-11-20 15:04:59,windows.microsoft.com
2013-11-20 15:04:59,ajax.microsoft.com
2013-11-20 15:04:59,res1.windows.microsoft.com
2013-11-20 15:04:59,res2.windows.microsoft.com
2013-11-20 15:04:59,js.microsoft.com
2013-11-20 15:05:03,www.google.com
2013-11-20 15:05:08,www.google.fr
2013-11-20 15:05:20,www.google.fr
2013-11-20 15:05:20,apis.google.com
2013-11-20 15:05:23,www.google.com
2013-11-20 15:05:43,apis.google.com
2013-11-20 15:05:43,www.google.com
2013-11-20 15:05:43,www.google.fr
2013-11-20 15:05:50,www.google.fr
2013-11-20 15:05:52,clients1.google.fr
2013-11-20 15:06:04,clients1.google.fr
2013-11-20 15:06:04,www.google.fr
2013-11-20 15:06:12,www.google.fr
2013-11-20 15:06:20,go.microsoft.com
2013-11-20 15:06:20,ieonline.microsoft.com
2013-11-20 15:06:32,clients1.google.fr
2013-11-20 15:06:32,www.google.fr
2013-11-20 15:06:42,www.google.fr
2013-11-20 15:07:21,clients1.google.fr
2013-11-20 15:07:21,www.google.fr
2013-11-20 15:07:27,www.google.fr
2013-11-20 15:07:34,www.google.fr
2013-11-20 15:07:43,www.google.fr
2013-11-20 15:07:44,www.google.fr
2014-01-29 12:31:51,fpdownload2.macromedia.com
2014-01-29 12:31:57,www.google.com
2014-01-29 12:32:13,www.google.fr
2014-01-29 12:32:16,www.google.com
2014-01-29 12:32:21,fr-fr.facebook.com
2014-01-29 12:32:21,www.google.fr
2014-01-29 12:32:28,fr-fr.facebook.com
2014-01-29 12:32:40,www.google.fr
2014-01-29 12:32:40,www.google.com
2014-01-29 12:32:55,go.microsoft.com
2014-01-29 12:32:55,ieonline.microsoft.com
2014-01-29 12:33:51,www.google.fr
2014-01-29 12:33:51,apis.google.com
2014-01-29 12:34:01,apis.google.com
2014-01-29 12:34:01,www.google.fr
2014-01-29 12:44:03,www.google.fr
2014-01-29 12:44:38,www.google.fr
2014-01-29 12:45:00,www.google.fr
2014-01-29 12:45:00,sergecar.perso.neuf.fr
2014-01-29 12:46:36,www.google.fr
2014-01-29 12:48:49,www.google.fr
2014-01-29 12:48:59,www.google.fr
2014-01-29 12:50:13,www.google.fr
2014-01-29 12:50:22,bourse.latribune.fr
2014-01-29 12:50:22,static.latribune.fr
2014-01-29 12:50:22,www.latribune.fr
2014-01-29 12:50:22,www.google.fr
2014-01-29 12:50:23,static.latribune.fr
2014-01-29 12:50:23,franchise.latribune.fr
2014-01-29 12:50:23,immobilier-entreprise.latribune.fr
2014-01-29 12:50:23,www.latribune.fr
2014-01-29 12:50:24,franchise.latribune.fr
2014-01-29 12:50:24,graph.facebook.com
2014-01-29 12:50:24,www.linkedin.com
2014-01-29 12:50:24,www.latribune.fr
2014-01-29 12:50:39,www.google.fr
2014-01-29 12:50:40,erra.perso.neuf.fr
2014-01-29 12:51:33,www.google.fr
2014-01-29 12:51:50,www.google.fr
2014-01-29 12:52:54,www.google.fr
2014-01-29 12:56:15,office14client.microsoft.com
2014-01-29 12:56:15,office.microsoft.com
2014-01-29 12:58:14,office14client.microsoft.com
2014-01-29 12:58:16,office.microsoft.com
2014-01-29 12:58:17,office.microsoft.com
2014-01-29 12:58:18,office.microsoft.com
2014-01-29 12:59:50,www.google.fr
2014-01-29 12:59:51,www.cde4.com
2014-01-29 13:00:19,www.google.fr
2014-01-29 13:00:23,www.google.fr
2014-01-29 13:00:24,www.google.fr
2014-01-29 13:00:24,www.tomsguide.fr
2014-01-29 13:00:24,m.bestofmedia.com
2014-01-29 13:00:24,media.bestofmicro.com
2014-01-29 13:00:25,m.bestofmedia.com
2014-01-29 13:00:25,ajax.googleapis.com
2014-01-29 13:00:26,www.beead.fr
2014-01-29 13:00:26,m.bestofmedia.com
2014-01-29 13:00:26,media.bestofmicro.com
2014-01-29 13:00:27,ops.bestofmedia.com
2014-01-29 13:00:27,m.bestofmedia.com
2014-01-29 13:00:27,as.beead.net
2014-01-29 13:00:28,as.beead.net
2014-01-29 13:00:28,m.bestofmedia.com
2014-01-29 13:00:28,cdns.gigya.com
2014-01-29 13:00:30,m.bestofmedia.com
2014-01-29 13:00:30,www.beead.fr
2014-01-29 13:00:31,eulerian.canal-plus.com
2014-01-29 13:00:31,cdns.gigya.com
2014-01-29 13:00:32,m.bestofmedia.com
2014-01-29 13:00:34,eulerian.canal-plus.com
2014-01-29 13:00:34,cdns.gigya.com
2014-01-29 13:00:36,eulerian.canal-plus.com
2014-01-29 13:00:44,www.google.fr
2014-01-29 13:00:44,forum.hardware.fr
2014-01-29 13:00:44,forum-images.hardware.fr
2014-01-29 13:00:44,wtpn.twenga.fr
2014-01-29 13:00:45,www.google.com
2014-01-29 13:00:46,fr.primary.affinitad.com
2014-01-29 13:00:46,wtpn.twenga.fr
2014-01-29 13:00:55,www.google.fr
2014-01-29 13:00:56,fr.answers.yahoo.com
2014-01-29 13:00:56,www.google.fr
2014-01-29 13:01:12,mg.mail.yahoo.com
2014-01-29 13:01:23,www.google.fr
2014-01-29 13:01:24,ajax.googleapis.com
2014-01-29 13:01:24,i21.servimg.com
2014-01-29 13:01:24,www.google.fr
2014-01-29 13:01:25,illiweb.com
2014-01-29 13:01:25,morphee.forumpro.fr
2014-01-29 13:02:09,www.google.fr
2014-01-29 13:02:09,e-sante.futura-sciences.com
2014-01-29 13:02:10,code.jquery.com
2014-01-29 13:02:10,e-sante.futura-sciences.com
2014-01-29 13:02:10,www.futura-sciences.com
2014-01-29 13:02:10,legacy.futura-sciences.com
2014-01-29 13:02:10,codeorigin.jquery.com
2014-01-29 13:02:10,stats5.kryter.com
2014-01-29 13:02:11,e-sante.futura-sciences.com
2014-01-29 13:02:11,stats1.kryter.com
2014-01-29 13:02:11,www.google.com
2014-01-29 13:02:11,adventori.com
2014-01-29 13:02:18,www.google.com
2014-01-29 13:02:21,e-sante.futura-sciences.com
2014-01-29 13:02:22,stats1.kryter.com
2014-01-29 13:02:43,www.google.fr
2014-01-29 13:02:44,illiweb.com
2014-01-29 13:02:44,www.neoprofs.org
2014-01-29 13:02:44,tbn3.google.com
2014-01-29 13:02:44,r17.imgfast.net
2014-01-29 13:02:44,www.google.fr
2014-01-29 13:02:45,illiweb.com
2014-01-29 13:02:45,r17.imgfast.net
2014-01-29 13:03:22,www.google.fr
2014-01-29 13:03:23,www.labri.fr
2014-01-29 13:04:17,www.google.fr
2014-01-29 13:04:18,lyc-younoussa-bamana.ac-mayotte.fr
2014-01-29 13:04:28,www.google.fr
2014-01-29 13:04:29,www.math.ens.fr
2014-01-29 13:05:50,www.google.fr
2014-01-29 13:05:51,dcalin.fr
2014-01-29 13:05:51,www.google.fr
2014-01-29 13:06:34,www.google.fr
2014-01-29 13:06:35,www.lyc-alain-vesinet.ac-versailles.fr
2014-01-29 13:06:35,www.google.fr
2014-01-29 13:06:36,www.lyc-alain-vesinet.ac-versailles.fr
2014-01-29 13:06:41,www.lyc-alain-vesinet.ac-versailles.fr
2014-01-29 13:06:43,www.lyc-alain-vesinet.ac-versailles.fr
2014-01-29 13:06:44,www.lyc-alain-vesinet.ac-versailles.fr
2014-01-29 13:06:48,www.google.fr
2014-01-29 13:06:51,go.disqus.com
2014-01-29 13:06:51,www.google.fr
2014-01-29 13:06:51,tpe.madmagz.com
2014-01-29 13:06:51,1.gravatar.com
2014-01-29 13:06:51,platform.twitter.com
2014-01-29 13:06:51,madmagztpe.disqus.com
2014-01-29 13:06:51,www.youtube.com
2014-01-29 13:06:52,tpe.madmagz.com
2014-01-29 13:06:52,connect.facebook.net
2014-01-29 13:06:53,platform.twitter.com
2014-01-29 13:06:53,www.google.fr
2014-01-29 13:06:53,www.google.com
2014-01-29 13:06:53,disqus.com
2014-01-29 13:06:53,s-static.ak.facebook.com
2014-01-29 13:06:53,static.ak.facebook.com
2014-01-29 13:06:54,www.facebook.com
2014-01-29 13:06:54,s.ytimg.com
2014-01-29 13:06:54,platform.twitter.com
2014-01-29 13:06:55,disqus.com
2014-01-29 13:06:55,s.ytimg.com
2014-01-29 13:06:55,platform.twitter.com
2014-01-29 13:06:55,www.facebook.com
2014-01-29 13:06:56,s.ytimg.com
2014-01-29 13:06:56,i1.ytimg.com
2014-01-29 13:06:56,disqus.com
2014-01-29 13:06:57,disqus.com
2014-01-29 13:06:57,apis.google.com
2014-01-29 13:06:58,disqus.com
2014-01-29 13:06:58,tpe.madmagz.com
2014-01-29 13:07:01,pbs.twimg.com
2014-01-29 13:07:01,platform.twitter.com
2014-01-29 13:07:01,tpe.madmagz.com
2014-01-29 13:07:01,assets.pinterest.com
2014-01-29 13:07:03,cache.media.eduscol.education.fr
2014-01-29 13:07:03,pbs.twimg.com
2014-01-29 13:07:04,twitter.com
2014-01-29 13:07:15,abs.twimg.com
2014-01-29 13:07:30,abs.twimg.com
2014-01-29 13:07:34,twitter.com
2014-01-29 13:07:35,twitter.com
2014-01-29 13:07:39,syndication.twitter.com
2014-01-29 13:08:09,syndication.twitter.com
2014-01-29 13:08:25,platform.twitter.com
2014-01-29 13:08:26,cache.media.eduscol.education.fr
2014-01-29 13:12:11,www.youtube.com
2014-01-29 13:12:12,disqus.com
2014-01-29 13:12:12,www.google.com
2014-01-29 13:12:12,www.google.fr
2014-01-29 13:12:13,www.facebook.com
2014-01-29 13:12:13,static.ak.facebook.com
2014-01-29 13:12:13,s-static.ak.facebook.com
2014-01-29 13:12:14,disqus.com
2014-01-29 13:12:14,www.facebook.com
2014-01-29 13:12:15,tpe.madmagz.com
2014-01-29 13:12:15,disqus.com
2014-01-29 13:12:15,i1.ytimg.com
2014-01-29 13:12:24,cache.media.eduscol.education.fr
2014-01-29 13:12:43,twitter.com
2014-01-29 13:12:43,1.gravatar.com
2014-01-29 13:12:43,go.disqus.com
2014-01-29 13:12:43,www.youtube.com
2014-01-29 13:12:44,www.google.com
2014-01-29 13:12:44,www.google.fr
2014-01-29 13:12:45,platform.twitter.com
2014-01-29 13:12:45,s-static.ak.facebook.com
2014-01-29 13:12:45,pbs.twimg.com
2014-01-29 13:12:45,www.facebook.com
2014-01-29 13:12:45,static.ak.facebook.com
2014-01-29 13:12:46,www.facebook.com
2014-01-29 13:12:47,i1.ytimg.com
2014-01-29 13:12:48,go.disqus.com
2014-01-29 13:12:48,www.youtube.com
2014-01-29 13:12:50,connect.facebook.net
2014-01-29 13:12:50,twitter.com
2014-01-29 13:13:02,www.google.fr
2014-01-29 13:13:40,office14client.microsoft.com
2014-01-29 13:13:41,office.microsoft.com
2014-01-29 13:13:42,office.microsoft.com
2014-01-29 13:17:25,www.google.fr
2014-01-29 13:17:48,www.sante-vie-positive.org
2014-01-29 13:17:48,www.google.fr
2014-01-29 13:17:49,www.sante-vie-positive.org
2014-01-29 13:17:49,www.youtube.com
2014-01-29 13:17:49,www.dailymotion.com
2014-01-29 13:17:50,s.ytimg.com
2014-01-29 13:17:50,i1.ytimg.com
2014-01-29 13:17:50,www.sante-vie-positive.org
2014-01-29 13:17:51,i1.ytimg.com
2014-01-29 13:18:47,www.youtube.com
2014-01-29 13:18:47,www.sante-vie-positive.org
2014-01-29 13:18:47,www.dailymotion.com
2014-01-29 13:18:48,www.sante-vie-positive.org
2014-01-29 13:18:48,i1.ytimg.com
2014-01-29 13:18:49,i1.ytimg.com
2014-01-29 13:18:51,www.dailymotion.com
2014-01-29 13:18:51,www.youtube.com
2014-01-29 13:18:51,www.sante-vie-positive.org
2014-01-29 13:18:52,www.dailymotion.com
2014-01-29 13:18:52,www.youtube.com
2014-01-29 13:18:53,i1.ytimg.com
2014-01-29 13:19:05,www.google.fr
2014-01-29 13:19:07,www.medecinsdumonde.org
2014-01-29 13:19:07,maps.google.com
2014-01-29 13:19:08,s-static.ak.facebook.com
2014-01-29 13:19:08,its.tradelab.fr
2014-01-29 13:19:08,www.google.fr
2014-01-29 13:19:08,apis.google.com
2014-01-29 13:19:08,www.google.com
2014-01-29 13:19:08,www.medecinsdumonde.org
2014-01-29 13:19:08,connect.facebook.net
2014-01-29 13:19:08,static.ak.facebook.com
2014-01-29 13:19:08,www.facebook.com
2014-01-29 13:19:12,maps.googleapis.com
2014-01-29 13:19:19,apis.google.com
2014-01-29 13:19:22,accounts.google.com
2014-01-29 13:19:24,apis.google.com
2014-01-29 13:19:24,www.medecinsdumonde.org
2014-01-29 13:19:41,accounts.google.com
2014-01-29 13:19:41,apis.google.com
2014-01-29 13:19:41,www.google.fr
2014-01-29 13:19:41,www.doctissimo.fr
2014-01-29 13:19:42,mf.imdoc.fr
2014-01-29 13:19:42,www.doctissimo.fr
2014-01-29 13:19:42,medias.doctissimo.fr
2014-01-29 13:19:42,videos.doctissimo.fr
2014-01-29 13:19:42,static.doctissimo.fr
2014-01-29 13:19:53,videos.doctissimo.fr
2014-01-29 13:19:53,static.ak.facebook.com
2014-01-29 13:19:53,www.doctissimo.fr
2014-01-29 13:19:53,static.doctissimo.fr
2014-01-29 13:19:53,mf.imdoc.fr
2014-01-29 13:19:53,platform.linkedin.com
2014-01-29 13:19:53,medias.doctissimo.fr
2014-01-29 13:19:53,ajax.googleapis.com
2014-01-29 13:19:53,s-static.ak.facebook.com
2014-01-29 13:19:54,videos.doctissimo.fr
2014-01-29 13:19:54,medias.doctissimo.fr
2014-01-29 13:19:54,mf.imdoc.fr
2014-01-29 13:19:54,www.doctissimo.fr
2014-01-29 13:19:54,plugins.longtailvideo.com
2014-01-29 13:19:54,static.doctissimo.fr
2014-01-29 13:19:55,lp.longtailvideo.com
2014-01-29 13:19:55,rubicon-match.dotomi.com
2014-01-29 13:19:55,www.facebook.com
2014-01-29 13:19:55,accounts.google.com
2014-01-29 13:19:55,apis.google.com
2014-01-29 13:19:55,medias.doctissimo.fr
2014-01-29 13:19:55,mf.imdoc.fr
2014-01-29 13:19:56,rubicon-match.dotomi.com
2014-01-29 13:19:56,dtm.footlocker.com
2014-01-29 13:19:56,lp.longtailvideo.com
2014-01-29 13:19:57,apis.google.com
2014-01-29 13:19:57,mf.imdoc.fr
2014-01-29 13:19:58,mf.imdoc.fr
2014-01-29 13:19:58,videos.doctissimo.fr
2014-01-29 13:19:59,cntr.adrcntr.com
2014-01-29 13:19:59,www.doctissimo.fr
2014-01-29 13:20:01,www.linkedin.com
2014-01-29 13:20:05,twitter.com
2014-01-29 13:20:36,twitter.com
2014-01-29 13:20:38,videos.doctissimo.fr
2014-01-29 13:20:42,videos.doctissimo.fr
2014-01-29 13:20:43,videos.doctissimo.fr
2014-01-29 13:20:46,cntr.adrcntr.com
2014-01-29 13:20:47,video.doctissimo.fr
2014-01-29 13:20:49,sondages.doctissimo.fr
2014-01-29 13:20:49,medias.doctissimo.fr
2014-01-29 13:20:49,diaporamas.doctissimo.fr
2014-01-29 13:20:49,news.doctissimo.fr
2014-01-29 13:20:49,www.doctissimo.fr
2014-01-29 13:20:49,static.doctissimo.fr
2014-01-29 13:20:49,videos.doctissimo.fr
2014-01-29 13:20:50,www.doctissimo.fr
2014-01-29 13:20:50,video.doctissimo.fr
2014-01-29 13:20:50,medias.doctissimo.fr
2014-01-29 13:20:50,mf.imdoc.fr
2014-01-29 13:20:50,videos.doctissimo.fr
2014-01-29 13:20:50,sondages.doctissimo.fr
2014-01-29 13:20:51,www.doctissimo.fr
2014-01-29 13:20:51,mf.imdoc.fr
2014-01-29 13:20:51,gdata.youtube.com
2014-01-29 13:20:51,www.youtube.com
2014-01-29 13:20:51,medias.doctissimo.fr
2014-01-29 13:20:52,pr.ybp.yahoo.com
2014-01-29 13:20:52,s.ytimg.com
2014-01-29 13:20:52,i1.ytimg.com
2014-01-29 13:20:52,rbp.mxptint.net
2014-01-29 13:20:53,match.rtbidder.net
2014-01-29 13:21:01,www.doctissimo.fr
2014-01-29 13:21:02,sondages.doctissimo.fr
2014-01-29 13:21:02,www.doctissimo.fr
2014-01-29 13:21:02,diaporamas.doctissimo.fr
2014-01-29 13:21:02,news.doctissimo.fr
2014-01-29 13:21:02,www.facebook.com
2014-01-29 13:21:02,static.doctissimo.fr
2014-01-29 13:21:03,videos.doctissimo.fr
2014-01-29 13:21:03,static.doctissimo.fr
2014-01-29 13:21:03,mf.imdoc.fr
2014-01-29 13:21:03,www.doctissimo.fr
2014-01-29 13:21:03,c.imdoc.fr
2014-01-29 13:21:03,medias.doctissimo.fr
2014-01-29 13:21:04,c1.adform.net
2014-01-29 13:21:04,gdata.youtube.com
2014-01-29 13:21:04,club.doctissimo.fr
2014-01-29 13:21:04,www.youtube.com
2014-01-29 13:21:04,rp.gwallet.com
2014-01-29 13:21:04,um.simpli.fi
2014-01-29 13:21:06,i1.ytimg.com
2014-01-29 13:21:07,www.doctissimo.fr
2014-01-29 13:21:07,videos.doctissimo.fr
2014-01-29 13:21:07,static.doctissimo.fr
2014-01-29 13:21:08,s-static.ak.facebook.com
2014-01-29 13:21:08,static.doctissimo.fr
2014-01-29 13:21:08,videos.doctissimo.fr
2014-01-29 13:21:08,static.ak.facebook.com
2014-01-29 13:21:10,www.facebook.com
2014-01-29 13:21:10,hal9000.redintelligence.net
2014-01-29 13:21:11,ea.numericable.fr
2014-01-29 13:21:11,www.bonspneus.fr
2014-01-29 13:21:11,twitter.com
2014-01-29 13:21:11,ad.publicidees.com
2014-01-29 13:21:12,apis.google.com
2014-01-29 13:21:13,videos.doctissimo.fr
2014-01-29 13:21:22,media.reifen.com
2014-01-29 13:21:32,www.google.fr
2014-01-29 13:21:52,apis.google.com
2014-01-29 13:21:52,www.doctissimo.fr
2014-01-29 13:21:52,www.linkedin.com
2014-01-29 13:21:52,mf.imdoc.fr
2014-01-29 13:21:52,static.doctissimo.fr
2014-01-29 13:21:52,videos.doctissimo.fr
2014-01-29 13:21:53,static.ak.facebook.com
2014-01-29 13:21:53,medias.doctissimo.fr
2014-01-29 13:21:53,s-static.ak.facebook.com
2014-01-29 13:21:53,videos.doctissimo.fr
2014-01-29 13:21:53,mf.imdoc.fr
2014-01-29 13:21:53,platform.linkedin.com
2014-01-29 13:21:53,static.doctissimo.fr
2014-01-29 13:21:54,videos.doctissimo.fr
2014-01-29 13:21:54,www.facebook.com
2014-01-29 13:21:54,apis.google.com
2014-01-29 13:21:56,apis.google.com
2014-01-29 13:21:57,twitter.com
2014-01-29 13:21:58,videos.doctissimo.fr
2014-01-29 13:22:01,cntr.adrcntr.com
2014-01-29 13:22:02,www.linkedin.com
2014-01-29 13:22:03,static.doctissimo.fr
2014-01-29 13:22:03,twitter.com
2014-01-29 13:22:03,s-static.ak.facebook.com
2014-01-29 13:22:03,apis.google.com
2014-01-29 13:22:03,static.ak.facebook.com
2014-01-29 13:22:04,videos.doctissimo.fr
2014-01-29 13:22:04,static.doctissimo.fr
2014-01-29 13:22:05,www.facebook.com
2014-01-29 13:22:08,videos.doctissimo.fr
2014-01-29 13:22:35,twitter.com
2014-01-29 13:22:54,www.linkedin.com
2014-01-29 13:23:19,www.google.fr
2014-01-29 13:23:27,www.yoganet.fr
2014-01-29 13:23:27,www.creation-site-internet-nimes.fr
2014-01-29 13:23:27,www.medecine-douce-alternative.fr
2014-01-29 13:23:27,www.google.fr
2014-01-29 13:23:28,www.medecine-douce-alternative.fr
2014-01-29 13:23:36,www.medecine-douce-alternative.fr
2014-01-29 13:23:48,www.medecine-douce-alternative.fr
2014-01-29 13:23:52,www.medecine-douce-alternative.fr
2014-01-29 13:23:55,apis.google.com
2014-01-29 13:24:08,www.google.fr
2014-01-29 13:24:09,www.sciencepresse.qc.ca
2014-01-29 13:24:10,dcs.adgear.com
2014-01-29 13:24:10,www.sciencepresse.qc.ca
2014-01-29 13:24:11,www.sciencepresse.qc.ca
2014-01-29 13:25:52,www.google.fr
2014-01-29 13:28:08,www.google.fr
2014-01-29 13:28:09,c.imdoc.fr
2014-01-29 13:28:09,forum.doctissimo.fr
2014-01-29 13:28:09,b.imdoc.fr
2014-01-29 13:28:09,s-static.ak.facebook.com
2014-01-29 13:28:09,medias.doctissimo.fr
2014-01-29 13:28:09,imdoc.fr
2014-01-29 13:28:09,mf.imdoc.fr
2014-01-29 13:28:09,www.doctissimo.fr
2014-01-29 13:28:09,club.doctissimo.fr
2014-01-29 13:28:09,platform.twitter.com
2014-01-29 13:28:09,platform.linkedin.com
2014-01-29 13:28:09,static.doctissimo.fr
2014-01-29 13:28:09,images.doctissimo.fr
2014-01-29 13:28:09,static.ak.facebook.com
2014-01-29 13:28:17,static.madmagz.com
2014-01-29 13:28:17,madmagz.com
2014-01-29 13:28:18,static.madmagz.com
2014-01-29 13:28:21,cshoppingbox.partner.leguide.com
2014-01-29 13:28:21,static.doctissimo.fr
2014-01-29 13:28:22,www.beead.fr
2014-01-29 13:28:22,code.jquery.com
2014-01-29 13:28:22,cshoppingbox.partner.leguide.com
2014-01-29 13:28:22,medias.doctissimo.fr
2014-01-29 13:28:22,mf.imdoc.fr
2014-01-29 13:28:22,www.doctissimo.fr
2014-01-29 13:28:22,cimg.leguide.com
2014-01-29 13:28:23,cimg.leguide.com
2014-01-29 13:28:23,www.doctissimo.fr
2014-01-29 13:28:23,club.doctissimo.fr
2014-01-29 13:28:23,www.facebook.com
2014-01-29 13:28:23,csimg.leguide.com
2014-01-29 13:28:31,cimg.leguide.com
2014-01-29 13:28:35,cimg.leguide.com
2014-01-29 13:28:43,cimg.leguide.com
2014-01-29 13:28:44,cimg.leguide.com
2014-01-29 13:28:44,static.ak.facebook.com
2014-01-29 13:28:44,platform.linkedin.com
2014-01-29 13:28:44,club.doctissimo.fr
2014-01-29 13:28:44,www.linkedin.com
2014-01-29 13:28:44,s-static.ak.facebook.com
2014-01-29 13:28:44,static.doctissimo.fr
2014-01-29 13:28:45,static.doctissimo.fr
2014-01-29 13:28:45,ea.galerieslafayette.com
2014-01-29 13:28:46,ea.galerieslafayette.com
2014-01-29 13:28:46,www.facebook.com
2014-01-29 13:28:46,club.doctissimo.fr
2014-01-29 13:28:46,www.doctissimo.fr
2014-01-29 13:28:46,cimg.leguide.com
2014-01-29 13:28:47,cimg.leguide.com
2014-01-29 13:28:51,cimg.leguide.com
2014-01-29 13:28:53,www.linkedin.com
2014-01-29 13:29:26,www.google.fr
2014-01-29 13:30:08,www.google.fr
2014-01-29 13:30:09,d1jgusn9ibuye0.cloudfront.net
2014-01-29 13:30:09,www.etudier.com
2014-01-29 13:30:09,ajax.googleapis.com
2014-01-29 13:32:03,www.google.fr
2014-01-29 13:32:21,www.google.fr
2014-01-29 13:32:22,tpe-phytotherapie.e-monsite.com
2014-01-29 13:32:22,static.e-monsite.com
2014-01-29 13:32:22,shea.swelen.com
2014-01-29 13:32:23,www.cfeducation.ca
2014-01-29 13:33:25,cip.gagnoo.com
2014-01-29 13:33:25,www.e-monsite.com
2014-01-29 13:33:26,tpe-phytotherapie.e-monsite.com
2014-01-29 13:33:26,pictures.modz.fr
2014-01-29 13:33:26,nb-commons.storage.googleapis.com
2014-01-29 13:33:26,ad.publicidees.com
2014-01-29 13:33:26,cip.gagnoo.com
2014-01-29 13:33:39,code.jquery.com
2014-01-29 13:33:39,js.socialike-me.com
2014-01-29 13:33:40,retargeting.veoxa.com
2014-01-29 13:33:41,lightinthebox.com
2014-01-29 13:33:42,litbimg.rightinthebox.com
2014-01-29 13:33:42,www.lightinthebox.com
2014-01-29 13:33:42,litbjscss.rightinthebox.com
2014-01-29 13:33:43,www.facebook.com
2014-01-29 13:33:43,litbimg.rightinthebox.com
2014-01-29 13:33:43,www.lightinthebox.com
2014-01-29 13:33:43,www.google.fr
2014-01-29 13:33:43,litbjscss.rightinthebox.com
2014-01-29 13:33:43,d3cxv97fi8q177.cloudfront.net
2014-01-29 13:33:43,miniimg.rightinthebox.com
2014-01-29 13:33:43,litbimg5.rightinthebox.com
2014-01-29 13:33:43,litbimg2.rightinthebox.com
2014-01-29 13:33:43,www.google.com
2014-01-29 13:33:43,litbimg4.rightinthebox.com
2014-01-29 13:33:43,litbimg6.rightinthebox.com
2014-01-29 13:33:43,litbimg3.rightinthebox.com
2014-01-29 13:33:43,litbimg8.rightinthebox.com
2014-01-29 13:33:43,litbimg1.rightinthebox.com
2014-01-29 13:33:43,litbimg7.rightinthebox.com
2014-01-29 13:33:53,calotag.com
2014-01-29 13:34:07,www.google.fr
2014-01-29 13:34:48,www.google.fr
2014-01-29 13:34:53,www.google.fr
2014-01-29 13:35:00,www.google.fr
2014-01-29 13:35:01,www.sciencepresse.qc.ca
2014-01-29 13:35:02,www.sciencepresse.qc.ca
2014-01-29 13:35:05,www.google.fr
2014-01-29 13:35:06,www.mscenter.be
2014-01-29 13:35:07,www.google.fr
2014-01-29 13:36:53,www.google.fr
2014-01-29 13:38:44,www.google.fr
2014-01-29 13:38:48,commons.studyrama.com
2014-01-29 13:38:48,www.studyrama.com
2014-01-29 13:38:48,www.google.fr
2014-01-29 13:38:49,www.studyrama.com
2014-01-29 13:38:49,653.studyrama.com
2014-01-29 13:38:50,www.studyrama.com
2014-02-04 10:10:50,www.google.com
2014-02-04 10:10:51,clients1.google.com
2014-02-04 10:10:51,www.google.com
2014-02-04 10:10:51,gtglobal-ocsp.geotrust.com
2014-02-04 10:10:53,clients1.google.com
2014-02-04 10:10:55,www.google.fr
2014-02-04 10:10:55,clients1.google.com
2014-02-04 10:10:55,ocsp.tcs.terena.org
2014-02-04 10:10:56,clients1.google.com
2014-02-04 10:10:56,ocsp.usertrust.com
2014-02-04 10:11:47,gtssl-ocsp.geotrust.com
2014-02-04 10:13:08,clients1.google.com
2014-02-04 10:13:26,safebrowsing.clients.google.com
2014-02-04 10:13:26,safebrowsing-cache.google.com
2014-02-04 10:13:53,clients1.google.com
2014-02-04 10:14:03,clients1.google.com
2014-02-04 10:16:21,sb-ssl.google.com
2014-02-04 10:16:37,accounts.youtube.com
2014-02-04 10:16:39,accounts.google.fr
2014-02-04 10:16:40,www.google.fr
2014-02-04 10:16:42,accounts.google.com
2014-02-04 10:16:45,ocsp.thawte.com
2014-02-04 10:17:02,clients2.google.com
2014-02-04 10:17:03,docs.google.com
2014-02-04 10:17:07,drive.google.com
2014-02-04 10:17:07,apis.google.com
2014-02-04 10:17:08,plus.google.com
2014-02-04 10:17:46,gg.google.com
2014-02-04 10:18:10,www.google.com
2014-02-04 10:18:45,ocsp.verisign.com
2014-02-04 10:18:48,0.talkgadget.google.com
2014-02-04 10:18:48,0.drive.google.com
2014-02-04 10:18:48,0.docs.google.com
2014-02-04 10:20:25,gtssl-ocsp.geotrust.com
2014-02-04 10:21:07,clients1.google.com
2014-02-04 10:21:07,gtglobal-ocsp.geotrust.com
2014-02-04 10:21:10,clients1.google.com
2014-02-04 10:21:11,clients1.google.com
2014-02-04 10:22:41,clients1.google.com
2014-02-04 10:23:15,safebrowsing.clients.google.com
2014-02-04 10:23:54,www.google.fr
2014-02-04 10:23:55,static.ak.facebook.com
2014-02-04 10:23:55,connect.facebook.net
2014-02-04 10:23:55,www.greenfield.fr
2014-02-04 10:23:55,dev.greenfield.kairios.fr
2014-02-04 10:23:56,www.greenfield.fr
2014-02-04 10:23:56,platform.twitter.com
2014-02-04 10:23:56,www.flickr.com
2014-02-04 10:23:56,farm9.staticflickr.com
2014-02-04 10:23:57,platform.twitter.com
2014-02-04 10:23:57,farm9.staticflickr.com
2014-02-04 10:23:57,www.facebook.com
2014-02-04 10:23:57,www.greenfield.fr
2014-02-04 10:23:57,www.flickr.com
2014-02-04 10:23:58,www.greenfield.fr
2014-02-04 10:23:58,evsecure-ocsp.verisign.com
2014-02-04 10:23:59,www.greenfield.fr
2014-02-04 10:24:13,safebrowsing.clients.google.com
2014-02-04 10:24:13,safebrowsing-cache.google.com
2014-02-04 10:24:28,twitter.com
2014-02-04 10:24:43,www.google.fr
2014-02-04 10:24:45,www.idealangues.com
2014-02-04 10:24:46,www.idealangues.com
2014-02-04 10:24:48,www.idealangues.com
2014-02-04 10:25:23,bits.wikimedia.org
2014-02-04 10:25:23,ocsp.thawte.com
2014-02-04 10:25:23,www.google.fr
2014-02-04 10:25:23,fr.wikipedia.org
2014-02-04 10:25:24,fr.wikipedia.org
2014-02-04 10:25:24,meta.wikimedia.org
2014-02-04 10:25:24,bits.wikimedia.org
2014-02-04 10:25:24,login.wikimedia.org
2014-02-04 10:25:27,accounts.youtube.com
2014-02-04 10:25:31,accounts.google.fr
2014-02-04 10:25:49,clients2.google.com
2014-02-04 10:25:51,apis.google.com
2014-02-04 10:25:51,s-static.ak.facebook.com
2014-02-04 10:25:53,accounts.google.com
2014-02-04 10:26:09,docs.google.com
2014-02-04 10:26:10,clients6.google.com
2014-02-04 10:26:36,gg.google.com
2014-02-04 10:26:43,plus.google.com
2014-02-04 10:26:45,www.google.fr
2014-02-04 10:26:45,www.otago-rugby.com
2014-02-04 10:26:46,www.otago-rugby.com
2014-02-04 10:26:46,www.facebook.com
2014-02-04 10:26:51,maps.google.fr
2014-02-04 10:26:53,khms1.google.com
2014-02-04 10:26:53,mts1.google.com
2014-02-04 10:26:53,mts0.google.com
2014-02-04 10:26:55,www.google.com
2014-02-04 10:26:57,www.google.fr
2014-02-04 10:26:59,www.otago.ac.nz
2014-02-04 10:27:00,www.otago.ac.nz
2014-02-04 10:27:00,maps.googleapis.com
2014-02-04 10:27:01,www.otago.ac.nz
2014-02-04 10:27:02,www.otago.ac.nz
2014-02-04 10:27:03,www.otago.ac.nz
2014-02-04 10:27:04,www.otago.ac.nz
2014-02-04 10:27:05,www.otago.ac.nz
2014-02-04 10:27:08,sb-ssl.google.com
2014-02-04 10:27:16,www.otago.ac.nz
2014-02-04 10:27:23,ocsp.verisign.com
2014-02-04 10:27:28,www.otago.ac.nz
2014-02-04 10:27:36,drive.google.com
2014-02-04 10:27:41,www.otago.ac.nz
2014-02-04 10:27:45,www.otago.ac.nz
2014-02-04 10:27:46,www.otago.ac.nz
2014-02-04 10:27:48,www.otago.ac.nz
2014-02-04 10:27:49,www.otago.ac.nz
2014-02-04 10:27:50,ocsp.verisign.com
2014-02-04 10:27:50,www.otago.ac.nz
2014-02-04 10:27:51,www.otago.ac.nz
2014-02-04 10:27:52,www.otago.ac.nz
2014-02-04 10:27:53,svrsecure-oracle-ocsp.verisign.com
2014-02-04 10:27:53,www.rnengage.com
2014-02-04 10:29:23,ocsp.digicert.com
2014-02-04 10:29:48,www.rnengage.com
2014-02-04 10:29:48,otago.widget.custhelp.com
2014-02-04 10:29:52,www.google.fr
2014-02-04 10:33:38,drive.google.com
2014-02-04 10:36:06,docs.google.com
2014-02-04 10:36:36,plus.google.com
2014-02-04 10:39:38,drive.google.com
2014-02-04 10:44:55,www.google.com
2014-02-04 10:45:00,ocsp.verisign.com
2014-02-04 10:45:23,ocsp.verisign.com
2014-02-04 10:46:18,fbcdn-creative-a.akamaihd.net
2014-02-04 10:46:19,fbcdn-creative-a.akamaihd.net
2014-02-04 10:46:28,fbcdn-creative-a.akamaihd.net
2014-02-04 10:46:38,fbstatic-a.akamaihd.net
2014-02-04 10:46:52,fbcdn-photos-d-a.akamaihd.net
2014-02-04 10:46:53,fbcdn-photos-b-a.akamaihd.net
2014-02-04 10:46:54,fbcdn-photos-b-a.akamaihd.net
2014-02-04 10:46:54,fbcdn-photos-d-a.akamaihd.net
2014-02-04 10:46:55,fbstatic-a.akamaihd.net
2014-02-04 10:46:55,fbcdn-photos-h-a.akamaihd.net
2014-02-04 10:47:05,fbstatic-a.akamaihd.net
2014-02-04 10:47:06,fbcdn-photos-d-a.akamaihd.net
2014-02-04 10:47:10,fbstatic-a.akamaihd.net
2014-02-04 10:47:13,fbcdn-photos-b-a.akamaihd.net
2014-02-04 10:47:14,fbcdn-photos-h-a.akamaihd.net
2014-02-04 10:47:14,fbcdn-photos-e-a.akamaihd.net
2014-02-04 10:47:15,fbcdn-photos-b-a.akamaihd.net
2014-02-04 10:47:15,fbcdn-photos-h-a.akamaihd.net
2014-02-04 10:47:15,fbcdn-photos-e-a.akamaihd.net
2014-02-04 10:47:15,fbcdn-photos-g-a.akamaihd.net
2014-02-04 10:47:15,fbcdn-photos-d-a.akamaihd.net
2014-02-04 10:47:26,fbcdn-photos-e-a.akamaihd.net
2014-02-04 10:47:26,fbcdn-photos-g-a.akamaihd.net
2014-02-04 10:47:26,fbcdn-photos-c-a.akamaihd.net
2014-02-04 10:47:33,fbstatic-a.akamaihd.net
2014-02-04 10:47:37,drive.google.com
2014-02-04 10:47:41,fbexternal-a.akamaihd.net
2014-02-04 10:47:52,www.google.com
2014-02-04 10:47:52,fbstatic-a.akamaihd.net
2014-02-04 10:47:53,plus.google.com
2014-02-04 10:47:55,www.google.fr
2014-02-04 10:47:57,fbstatic-a.akamaihd.net
2014-02-04 10:48:00,fbcdn-photos-d-a.akamaihd.net
2014-02-04 10:48:02,fbcdn-sphotos-d-a.akamaihd.net
2014-02-04 10:48:07,fbstatic-a.akamaihd.net
2014-02-04 10:48:09,fr-fr.facebook.com
2014-02-04 10:48:11,fbcdn-photos-f-a.akamaihd.net
2014-02-04 10:48:12,fbcdn-photos-b-a.akamaihd.net
2014-02-04 10:48:13,fbcdn-photos-h-a.akamaihd.net
2014-02-04 10:48:16,fbcdn-sphotos-d-a.akamaihd.net
2014-02-04 10:48:17,fbcdn-sphotos-f-a.akamaihd.net
2014-02-04 10:48:23,fbcdn-sphotos-c-a.akamaihd.net
2014-02-04 10:48:24,fbcdn-photos-a-a.akamaihd.net
2014-02-04 10:48:25,fbcdn-sphotos-c-a.akamaihd.net
2014-02-04 10:48:36,fbcdn-creative-a.akamaihd.net
2014-02-04 10:48:37,fbstatic-a.akamaihd.net
2014-02-04 10:48:37,fbcdn-sphotos-a-a.akamaihd.net
2014-02-04 10:48:37,fbcdn-photos-d-a.akamaihd.net
2014-02-04 10:48:40,fbcdn-sphotos-e-a.akamaihd.net
2014-02-04 10:48:41,fbcdn-sphotos-g-a.akamaihd.net
2014-02-04 10:48:45,fbcdn-sphotos-c-a.akamaihd.net
2014-02-04 10:48:45,fbcdn-sphotos-d-a.akamaihd.net
2014-02-04 10:48:45,fbcdn-sphotos-e-a.akamaihd.net
2014-02-04 10:48:45,fbcdn-sphotos-a-a.akamaihd.net
2014-02-04 10:48:45,fbcdn-sphotos-h-a.akamaihd.net
2014-02-04 10:48:45,fbcdn-sphotos-b-a.akamaihd.net
2014-02-04 10:48:45,fbcdn-sphotos-g-a.akamaihd.net
2014-02-04 10:48:46,fbcdn-sphotos-g-a.akamaihd.net
2014-02-04 10:49:22,fbexternal-a.akamaihd.net
2014-02-04 10:49:45,fbcdn-creative-a.akamaihd.net
2014-02-04 10:50:05,kwptg.kantarworldpanel.fr
2014-02-04 10:50:05,rapidssl-ocsp.geotrust.com
2014-02-04 10:50:44,fbstatic-a.akamaihd.net
2014-02-04 10:50:50,fbstatic-a.akamaihd.net
2014-02-04 10:51:00,fbstatic-a.akamaihd.net
2014-02-04 10:51:02,fbstatic-a.akamaihd.net
2014-02-04 10:51:31,fbcdn-sphotos-g-a.akamaihd.net
2014-02-04 10:51:53,kwptg.kantarworldpanel.fr
2014-02-04 10:51:59,fbcdn-photos-e-a.akamaihd.net
2014-02-04 10:52:19,fbcdn-sphotos-a-a.akamaihd.net
2014-02-04 10:52:34,fbcdn-sphotos-h-a.akamaihd.net
2014-02-04 10:52:46,fbcdn-creative-a.akamaihd.net
2014-02-04 10:53:04,kwptg.kantarworldpanel.fr
2014-02-04 10:53:22,fbcdn-sphotos-c-a.akamaihd.net
2014-02-04 10:53:29,fbcdn-photos-a-a.akamaihd.net
2014-02-04 10:53:42,fbexternal-a.akamaihd.net
2014-02-04 10:53:42,fbcdn-photos-g-a.akamaihd.net
2014-02-04 10:53:43,fbcdn-sphotos-b-a.akamaihd.net
2014-02-04 10:54:00,fbcdn-sphotos-c-a.akamaihd.net
2014-02-04 10:54:04,safebrowsing.clients.google.com
2014-02-04 10:54:04,safebrowsing-cache.google.com
2014-02-04 10:54:20,fbcdn-sphotos-a-a.akamaihd.net
2014-02-04 10:54:21,fbcdn-sphotos-f-a.akamaihd.net
2014-02-04 10:54:25,fbcdn-photos-e-a.akamaihd.net
2014-02-04 10:54:53,fbcdn-sphotos-h-a.akamaihd.net
2014-02-04 10:54:56,fbcdn-sphotos-b-a.akamaihd.net
2014-02-04 10:55:21,fbstatic-a.akamaihd.net
2014-02-04 10:55:36,drive.google.com
2014-02-04 10:55:40,fbstatic-a.akamaihd.net
2014-02-04 10:55:44,fbexternal-a.akamaihd.net
2014-02-04 10:55:48,fbexternal-a.akamaihd.net
2014-02-04 10:55:48,plus.google.com
2014-02-04 10:55:51,fbexternal-a.akamaihd.net
2014-02-04 10:55:56,fbcdn-photos-h-a.akamaihd.net
2014-02-04 10:55:58,fbcdn-photos-g-a.akamaihd.net
2014-02-04 10:56:01,fbcdn-sphotos-e-a.akamaihd.net
2014-02-04 10:56:03,fbexternal-a.akamaihd.net
2014-02-04 10:56:04,fbcdn-creative-a.akamaihd.net
2014-02-04 10:56:06,fbstatic-a.akamaihd.net
2014-02-04 10:56:09,fbcdn-photos-f-a.akamaihd.net
2014-02-04 10:56:12,fbcdn-sphotos-d-a.akamaihd.net
2014-02-04 10:56:13,fbcdn-creative-a.akamaihd.net
2014-02-04 10:56:15,fbcdn-photos-e-a.akamaihd.net
2014-02-04 10:56:15,fbcdn-photos-c-a.akamaihd.net
2014-02-04 10:56:15,fbcdn-creative-a.akamaihd.net
2014-02-04 10:56:15,fbcdn-sphotos-c-a.akamaihd.net
2014-02-04 10:56:18,fbcdn-sphotos-g-a.akamaihd.net
2014-02-04 10:56:32,fbcdn-sphotos-f-a.akamaihd.net
2014-02-04 10:57:11,www.otago.ac.nz
2014-02-04 10:58:46,fbstatic-a.akamaihd.net
2014-02-04 10:58:49,fbexternal-a.akamaihd.net
2014-02-04 10:58:52,fbexternal-a.akamaihd.net
2014-02-04 10:58:57,fbexternal-a.akamaihd.net
2014-02-04 10:58:59,fbexternal-a.akamaihd.net
2014-02-04 10:59:02,fbcdn-sphotos-f-a.akamaihd.net
2014-02-04 10:59:03,fbcdn-sphotos-g-a.akamaihd.net
2014-02-04 10:59:07,fbcdn-sphotos-d-a.akamaihd.net
2014-02-04 10:59:15,fbcdn-photos-h-a.akamaihd.net
2014-02-04 10:59:29,fbcdn-photos-f-a.akamaihd.net
2014-02-04 10:59:32,fbexternal-a.akamaihd.net
2014-02-04 10:59:33,fbcdn-photos-g-a.akamaihd.net
2014-02-04 10:59:33,fbcdn-photos-d-a.akamaihd.net
2014-02-04 11:00:15,fbcdn-creative-a.akamaihd.net
2014-02-04 11:00:20,fbcdn-creative-a.akamaihd.net
2014-02-04 11:00:21,www.google.fr
2014-02-04 11:00:22,sports-ak.espn.go.com
2014-02-04 11:00:22,espn.go.com
2014-02-04 11:00:22,assets.espn.go.com
2014-02-04 11:00:23,broadband.espn.go.com
2014-02-04 11:00:23,player.ooyala.com
2014-02-04 11:00:23,hal9000.redintelligence.net
2014-02-04 11:00:23,tredir.go.com
2014-02-04 11:00:24,hal9000.redintelligence.net
2014-02-04 11:00:24,w88.go.com
2014-02-04 11:00:24,banniere.reussissonsensemble.fr
2014-02-04 11:00:24,log.go.com
2014-02-04 11:00:25,banniere.reussissonsensemble.fr
2014-02-04 11:00:25,w88.go.com
2014-02-04 11:00:25,ocsp.comodoca.com
2014-02-04 11:00:25,ocsp.usertrust.com
2014-02-04 11:00:26,banniere.reussissonsensemble.fr
2014-02-04 11:00:26,sports-ak.espn.go.com
2014-02-04 11:00:27,streak.espn.go.com
2014-02-04 11:00:34,fbcdn-sphotos-a-a.akamaihd.net
2014-02-04 11:00:39,espn.go.com
2014-02-04 11:00:44,assets.espn.go.com
2014-02-04 11:00:54,espn.go.com
2014-02-04 11:01:04,assets.espn.go.com
2014-02-04 11:01:09,scores.espn.go.com
2014-02-04 11:01:10,player.ooyala.com
2014-02-04 11:01:10,games-ak.espn.go.com
2014-02-04 11:01:10,scores.espn.go.com
2014-02-04 11:01:10,tredir.go.com
2014-02-04 11:01:10,log.go.com
2014-02-04 11:01:10,sync.uuidcshmg.com
2014-02-04 11:01:10,sports-ak.espn.go.com
2014-02-04 11:01:10,assets.espn.go.com
2014-02-04 11:01:11,w88.go.com
2014-02-04 11:01:14,dps.bing.com
2014-02-04 11:01:22,log.go.com
2014-02-04 11:01:23,streak.espn.go.com
2014-02-04 11:01:23,w88.go.com
2014-02-04 11:01:32,i.turner.ncaa.com
2014-02-04 11:01:32,i2.turner.ncaa.com
2014-02-04 11:01:32,www.ncaa.com
2014-02-04 11:01:32,ncaa.com
2014-02-04 11:01:33,i2.turner.ncaa.com
2014-02-04 11:01:34,www.ncaa.com
2014-02-04 11:01:34,i2.turner.ncaa.com
2014-02-04 11:01:35,data.ncaa.com
2014-02-04 11:01:35,www.ncaa.com
2014-02-04 11:01:35,i2.turner.ncaa.com
2014-02-04 11:01:36,ocsp.digicert.com
2014-02-04 11:01:36,ocsp.thawte.com
2014-02-04 11:01:36,i.turner.ncaa.com
2014-02-04 11:01:36,www.ncaa.com
2014-02-04 11:01:36,i2.turner.ncaa.com
2014-02-04 11:01:37,i2.turner.ncaa.com
2014-02-04 11:01:38,i2.turner.ncaa.com
2014-02-04 11:01:38,data.ncaa.com
2014-02-04 11:01:38,ocsp.digicert.com
2014-02-04 11:01:38,i.turner.ncaa.com
2014-02-04 11:01:39,i2.turner.ncaa.com
2014-02-04 11:01:40,i2.turner.ncaa.com
2014-02-04 11:01:42,i2.turner.ncaa.com
2014-02-04 11:01:47,www.ncaa.com
2014-02-04 11:01:47,i.turner.ncaa.com
2014-02-04 11:01:48,i.turner.ncaa.com
2014-02-04 11:01:54,data.ncaa.com
2014-02-04 11:02:13,data.ncaa.com
2014-02-04 11:02:33,data.ncaa.com
2014-02-04 11:02:53,data.ncaa.com
2014-02-04 11:03:01,plus.google.com
2014-02-04 11:03:02,www.google.com
2014-02-04 11:03:03,www.google.fr
2014-02-04 11:03:13,data.ncaa.com
2014-02-04 11:03:31,cdns.gigya.com
2014-02-04 11:03:33,data.ncaa.com
2014-02-04 11:03:53,data.ncaa.com
2014-02-04 11:04:13,data.ncaa.com
2014-02-04 11:04:29,apis.google.com
2014-02-04 11:04:33,data.ncaa.com
2014-02-04 11:04:53,data.ncaa.com
2014-02-04 11:05:13,data.ncaa.com
2014-02-04 11:05:33,data.ncaa.com
2014-02-04 11:05:53,data.ncaa.com
2014-02-04 11:07:19,www.facebook.com
2014-02-04 11:07:43,docs.google.com
2014-02-04 11:09:37,drive.google.com
2014-02-04 11:11:21,fbstatic-a.akamaihd.net
2014-02-04 11:12:33,fbstatic-a.akamaihd.net
2014-02-04 11:12:38,fbcdn-photos-f-a.akamaihd.net
2014-02-04 11:12:40,fbstatic-a.akamaihd.net
2014-02-04 11:12:42,fbcdn-photos-b-a.akamaihd.net
2014-02-04 11:12:59,fbcdn-photos-b-a.akamaihd.net
2014-02-04 11:13:02,fbcdn-photos-b-a.akamaihd.net
2014-02-04 11:13:03,fbcdn-photos-d-a.akamaihd.net
2014-02-04 11:13:07,fbexternal-a.akamaihd.net
2014-02-04 11:13:23,fbcdn-photos-g-a.akamaihd.net
2014-02-04 11:13:31,fbexternal-a.akamaihd.net
2014-02-04 11:13:52,fbcdn-creative-a.akamaihd.net
2014-02-04 11:14:00,fbexternal-a.akamaihd.net
2014-02-04 11:14:01,fbcdn-sphotos-d-a.akamaihd.net
2014-02-04 11:14:20,fbcdn-sphotos-a-a.akamaihd.net
2014-02-04 11:14:28,fbstatic-a.akamaihd.net
2014-02-04 11:14:44,fbcdn-photos-d-a.akamaihd.net
2014-02-04 11:14:51,fbexternal-a.akamaihd.net
2014-02-04 11:15:12,fbcdn-photos-h-a.akamaihd.net
2014-02-04 11:15:18,fbcdn-photos-b-a.akamaihd.net
2014-02-04 11:15:21,fbcdn-photos-f-a.akamaihd.net
2014-02-04 11:15:24,fbcdn-photos-e-a.akamaihd.net
2014-02-04 11:15:30,fbexternal-a.akamaihd.net
2014-02-04 11:15:49,plus.google.com
2014-02-04 11:15:54,fbcdn-sphotos-f-a.akamaihd.net
2014-02-04 11:16:43,fbexternal-a.akamaihd.net
2014-02-04 11:16:44,fbexternal-a.akamaihd.net
2014-02-04 11:17:23,fbcdn-creative-a.akamaihd.net
2014-02-04 11:17:55,fbexternal-a.akamaihd.net
2014-02-04 11:18:03,fbexternal-a.akamaihd.net
2014-02-04 11:18:12,fbcdn-sphotos-d-a.akamaihd.net
2014-02-04 11:18:25,fbcdn-sphotos-e-a.akamaihd.net
2014-02-04 11:18:41,fbcdn-sphotos-e-a.akamaihd.net
2014-02-04 11:18:46,fbcdn-sphotos-f-a.akamaihd.net
2014-02-04 11:18:48,fbcdn-vthumb-a.akamaihd.net
2014-02-04 11:18:48,fbcdn-sphotos-d-a.akamaihd.net
2014-02-04 11:18:48,fbcdn-sphotos-b-a.akamaihd.net
2014-02-04 11:18:48,fbcdn-sphotos-h-a.akamaihd.net
2014-02-04 11:18:49,fbcdn-sphotos-h-a.akamaihd.net
2014-02-04 11:18:49,fbcdn-sphotos-e-a.akamaihd.net
2014-02-04 11:18:49,fbcdn-vthumb-a.akamaihd.net
2014-02-04 11:18:49,fbcdn-sphotos-g-a.akamaihd.net
2014-02-04 11:18:49,fbcdn-sphotos-b-a.akamaihd.net
2014-02-04 11:18:53,fbcdn-sphotos-f-a.akamaihd.net
2014-02-04 11:18:59,fbcdn-creative-a.akamaihd.net
2014-02-04 11:19:01,fbcdn-sphotos-e-a.akamaihd.net
2014-02-04 11:19:02,fbcdn-sphotos-c-a.akamaihd.net
2014-02-04 11:19:03,fbcdn-sphotos-e-a.akamaihd.net
2014-02-04 11:19:05,fbstatic-a.akamaihd.net
2014-02-04 11:19:09,fbcdn-sphotos-b-a.akamaihd.net
2014-02-04 11:19:20,fbcdn-sphotos-d-a.akamaihd.net
2014-02-04 11:19:29,fbcdn-sphotos-d-a.akamaihd.net
2014-02-04 11:19:29,fbcdn-sphotos-c-a.akamaihd.net
2014-02-04 11:19:29,fbcdn-sphotos-h-a.akamaihd.net
2014-02-04 11:19:29,fbcdn-sphotos-a-a.akamaihd.net
2014-02-04 11:19:34,fbcdn-sphotos-g-a.akamaihd.net
2014-02-04 11:21:03,fbstatic-a.akamaihd.net
2014-02-04 11:21:04,fbcdn-sphotos-h-a.akamaihd.net
2014-02-04 11:21:04,fbcdn-sphotos-g-a.akamaihd.net
2014-02-04 11:21:04,0.docs.google.com
2014-02-04 11:21:04,0.drive.google.com
2014-02-04 11:21:04,www.facebook.com
2014-02-04 11:21:04,fbcdn-photos-d-a.akamaihd.net
2014-02-04 11:21:04,docs.google.com
2014-02-04 11:21:04,fbcdn-creative-a.akamaihd.net
2014-02-04 11:21:04,fbexternal-a.akamaihd.net
2014-02-04 11:21:04,fbstatic-a.akamaihd.net
2014-02-04 11:21:04,fbcdn-photos-b-a.akamaihd.net
2014-02-04 11:21:04,fbcdn-sphotos-a-a.akamaihd.net
2014-02-04 11:21:04,fbcdn-sphotos-d-a.akamaihd.net
2014-02-04 11:21:04,fbcdn-sphotos-c-a.akamaihd.net
2014-02-04 11:21:04,fbcdn-sphotos-e-a.akamaihd.net
2014-02-04 11:21:04,fbcdn-sphotos-f-a.akamaihd.net
2014-02-04 12:08:06,armmf.adobe.com
2014-02-04 12:08:08,armmf.adobe.com
2014-02-04 12:08:09,armmf.adobe.com
2014-02-04 12:08:11,armmf.adobe.com
2014-02-04 12:09:21,www.google.fr
2014-02-04 12:09:22,www.google.fr
2014-02-04 12:09:22,clients1.google.fr
2014-02-04 12:09:28,clients1.google.fr
2014-02-04 12:09:29,clients1.google.fr
2014-02-04 12:09:31,clients1.google.fr
2014-02-04 12:09:32,clients1.google.fr
2014-02-04 12:09:33,www.google.fr
2014-02-04 12:09:34,clients1.google.fr
2014-02-04 12:09:36,www.google.fr
2014-02-04 12:39:35,podcast.grenet.fr
2014-02-04 12:39:36,podcast.grenet.fr
2014-02-04 12:39:37,podcast.grenet.fr
2014-02-04 12:39:37,0.gravatar.com
2014-02-04 12:39:38,0.gravatar.com
2014-02-04 12:39:38,podcast.grenet.fr
2014-02-04 12:44:29,office14client.microsoft.com
2014-02-04 12:44:30,office.microsoft.com
2014-02-04 13:21:24,office14client.microsoft.com
2014-02-04 13:21:24,office.microsoft.com
2014-02-04 13:21:25,office.microsoft.com
2014-02-04 13:32:23,api.bing.com
2014-02-04 13:32:23,rr.office.microsoft.com
2014-02-04 13:32:24,integrate.factiva.com
2014-02-04 13:32:24,services.highbeam.com
2014-02-04 13:32:25,www.worldlingo.com
2014-02-04 13:32:25,www.microsofttranslator.com
2014-02-04 13:38:19,www.google.fr
2014-02-04 13:38:20,clients1.google.fr
2014-02-04 13:38:21,clients1.google.fr
2014-02-04 13:38:22,clients1.google.fr
2014-02-04 13:38:24,clients1.google.fr
2014-02-04 13:38:26,clients1.google.fr
2014-02-04 13:38:26,www.google.fr
2014-02-04 13:38:28,www.google.fr
2014-02-26 12:04:12,www.google.fr
2014-02-26 12:04:25,www.google.fr
2014-02-26 12:04:26,apis.google.com
2014-02-26 12:04:28,www.google.com
2014-02-26 12:04:59,www.google.com
2014-02-26 12:04:59,apis.google.com
2014-02-26 12:04:59,www.google.fr
2014-02-26 12:05:00,www.google.fr
2014-02-26 12:05:00,www.formation-mentaliste.com
2014-02-26 12:05:02,www.formation-mentaliste.com
2014-02-26 12:05:05,www.google.fr
2014-02-26 12:05:12,www.google.fr
2014-02-26 12:07:07,ieonline.microsoft.com
2014-02-26 12:36:54,office.microsoft.com
2014-02-26 12:36:54,office14client.microsoft.com
2014-02-26 12:36:55,office.microsoft.com
2014-02-26 12:36:56,office.microsoft.com
2014-02-26 13:29:28,ajax.googleapis.com
2014-03-19 10:00:02,ocsp.usertrust.com
2014-03-19 10:00:02,ocsp.tcs.terena.org
2014-03-19 10:00:20,clients1.google.com
2014-03-19 10:00:20,gtglobal-ocsp.geotrust.com
2014-03-19 10:00:35,clients1.google.com
2014-03-19 10:00:38,www.google.fr
2014-03-19 10:00:38,clients1.google.com
2014-03-19 10:00:38,ocsp.tcs.terena.org
2014-03-19 10:00:39,clients1.google.com
2014-03-19 10:00:46,gtssl-ocsp.geotrust.com
2014-03-19 10:01:44,ocsp.verisign.com
2014-03-19 10:02:42,safebrowsing.clients.google.com
2014-03-19 10:02:43,safebrowsing-cache.google.com
2014-03-19 10:03:32,id.google.fr
2014-03-19 10:03:32,www.google.com
2014-03-19 10:03:32,apis.google.com
2014-03-19 10:03:33,www.google.fr
2014-03-19 10:03:34,www.google.com
2014-03-19 10:03:41,clients1.google.com
2014-03-19 10:03:45,ocsp.digicert.com
2014-03-19 10:04:12,www.google.com
2014-03-19 10:04:12,clients1.google.com
2014-03-19 10:04:18,www.google.com
2014-03-19 10:04:37,www.google.com
2014-03-19 10:05:00,clients1.google.com
2014-03-19 10:06:52,safebrowsing.clients.google.com
2014-03-19 10:07:46,accounts.youtube.com
2014-03-19 10:07:48,accounts.google.fr
2014-03-19 10:07:48,www.google.fr
2014-03-19 10:09:45,ocsp.thawte.com
2014-03-19 10:09:47,clients2.google.com
2014-03-19 10:09:48,clients6.google.com
2014-03-19 10:09:48,apis.google.com
2014-03-19 10:09:59,drive.google.com
2014-03-19 10:10:38,gg.google.com
2014-03-19 10:11:05,www.google.fr
2014-03-19 10:11:07,accounts.google.com
2014-03-19 10:11:12,plus.google.com
2014-03-19 10:11:14,www.google.com
2014-03-19 10:13:24,translate.google.fr
2014-03-19 10:17:40,drive.google.com
2014-03-19 10:20:26,translate.google.fr
2014-03-19 10:20:47,docs.google.com
2014-03-19 10:21:55,drive.google.com
2014-03-19 10:21:59,www.google.com
2014-03-19 10:22:00,www.hotcoursesabroad.com
2014-03-19 10:22:01,s-static.ak.facebook.com
2014-03-19 10:22:01,platform.twitter.com
2014-03-19 10:22:01,www.hotcoursesabroad.com
2014-03-19 10:22:01,static.ak.facebook.com
2014-03-19 10:22:01,connect.facebook.net
2014-03-19 10:22:02,platform.twitter.com
2014-03-19 10:22:03,www.hotcoursesabroad.com
2014-03-19 10:22:04,www.hotcoursesabroad.com
2014-03-19 10:22:06,www.hotcoursesabroad.com
2014-03-19 10:22:12,plus.google.com
2014-03-19 10:22:12,www.hotcoursesabroad.com
2014-03-19 10:22:13,www.hotcoursesabroad.com
2014-03-19 10:22:21,www.hotcoursesabroad.com
2014-03-19 10:23:57,platform.twitter.com
2014-03-19 10:25:28,www.hotcoursesabroad.com
2014-03-19 10:25:30,www.hotcoursesabroad.com
2014-03-19 10:25:31,www.hotcoursesabroad.com
2014-03-19 10:25:43,www.hotcoursesabroad.com
2014-03-19 10:25:47,www.hotcoursesabroad.com
2014-03-19 10:29:32,translate.google.fr
2014-03-19 10:30:45,docs.google.com
2014-03-19 10:31:16,www.hotcoursesabroad.com
2014-03-19 10:31:25,www.hotcoursesabroad.com
2014-03-19 10:31:26,www.hotcoursesabroad.com
2014-03-19 10:31:32,www.hotcoursesabroad.com
2014-03-19 10:31:34,www.hotcoursesabroad.com
2014-03-19 10:31:35,www.hotcoursesabroad.com
2014-03-19 10:31:36,chart.apis.google.com
2014-03-19 10:31:36,www.hotcoursesabroad.com
2014-03-19 10:31:37,s-static.ak.facebook.com
2014-03-19 10:31:37,static.ak.facebook.com
2014-03-19 10:31:37,www.hotcoursesabroad.com
2014-03-19 10:31:37,platform.twitter.com
2014-03-19 10:32:34,www.hotcoursesabroad.com
2014-03-19 10:32:34,www.hotcoursesinternational.com
2014-03-19 10:32:35,registrar.nsula.edu
2014-03-19 10:32:36,registrar.nsula.edu
2014-03-19 10:32:37,registrar.nsula.edu
2014-03-19 10:32:38,registrar.nsula.edu
2014-03-19 10:32:39,registrar.nsula.edu
2014-03-19 10:32:40,registrar.nsula.edu
2014-03-19 10:32:41,registrar.nsula.edu
2014-03-19 10:32:42,registrar.nsula.edu
2014-03-19 10:32:43,registrar.nsula.edu
2014-03-19 10:32:44,registrar.nsula.edu
2014-03-19 10:32:45,registrar.nsula.edu
2014-03-19 10:32:46,registrar.nsula.edu
2014-03-19 10:32:47,registrar.nsula.edu
2014-03-19 10:32:48,registrar.nsula.edu
2014-03-19 10:32:49,registrar.nsula.edu
2014-03-19 10:33:38,drive.google.com
2014-03-19 10:33:41,safebrowsing-cache.google.com
2014-03-19 10:33:41,safebrowsing.clients.google.com
2014-03-19 10:33:42,safebrowsing-cache.google.com
2014-03-19 10:34:01,docs.google.com
2014-03-19 10:35:09,hotcourses.vo.llnwd.net
2014-03-19 10:38:45,docs.google.com
2014-03-19 10:40:42,www.google.com
2014-03-19 10:41:11,www.google.fr
2014-03-19 10:42:25,docs.google.com
2014-03-19 10:43:27,0.drive.google.com
2014-03-19 10:43:49,www.google.com
2014-03-19 10:43:49,mw2.google.com
2014-03-19 10:43:49,plus.google.com
2014-03-19 10:44:04,www.google.fr
2014-03-19 10:45:38,drive.google.com
2014-03-19 10:48:51,inputtools.google.com
2014-03-19 10:54:47,docs.google.com
2014-03-19 10:59:48,inputtools.google.com
2014-03-19 11:00:30,docs.google.com
2014-03-19 11:01:24,plus.google.com
2014-03-19 11:01:39,drive.google.com
2014-03-19 11:03:26,safebrowsing.clients.google.com
2014-03-19 11:03:26,safebrowsing-cache.google.com
2014-03-19 11:05:38,0.talkgadget.google.com
2014-03-19 11:05:39,drive.google.com
2014-03-19 11:06:47,translate.google.fr
2014-03-19 11:07:01,1.drive.google.com
2014-03-19 11:07:30,clients1.google.com
2014-03-19 11:07:31,gtglobal-ocsp.geotrust.com
2014-03-19 11:07:35,bracketchallenge.ncaa.com
2014-03-19 11:07:35,www.google.fr
2014-03-19 11:07:37,bracketchallenge.ncaa.com
2014-03-19 11:07:38,bracketchallenge.ncaa.com
2014-03-19 11:07:40,jslog.krxd.net
2014-03-19 11:07:41,bracketchallenge.ncaa.com
2014-03-19 11:07:42,bracketchallenge.ncaa.com
2014-03-19 11:07:47,docs.google.com
2014-03-19 11:07:56,bracketchallenge.ncaa.com
2014-03-19 11:08:18,www.google.fr
2014-03-19 11:08:19,www.google.fr
2014-03-19 11:08:21,sports.cbsimg.net
2014-03-19 11:08:21,www.cbssports.com
2014-03-19 11:08:21,cn.cbsimg.net
2014-03-19 11:08:22,p.typekit.net
2014-03-19 11:08:22,dws.cbsimg.net
2014-03-19 11:08:22,www.cbssports.com
2014-03-19 11:08:22,sports.cbsimg.net
2014-03-19 11:08:23,api.cbssports.com
2014-03-19 11:08:23,static.ak.facebook.com
2014-03-19 11:08:23,www.cbssports.com
2014-03-19 11:08:23,connect.facebook.net
2014-03-19 11:08:23,platform.stumbleupon.com
2014-03-19 11:08:23,platform.twitter.com
2014-03-19 11:08:23,sports.cbsimg.net
2014-03-19 11:08:23,dw.cbsi.com
2014-03-19 11:08:24,cn.cbsimg.net
2014-03-19 11:08:24,s-static.ak.facebook.com
2014-03-19 11:08:24,choices.truste.com
2014-03-19 11:08:24,dw.cbsi.com
2014-03-19 11:08:24,sports.cbsimg.net
2014-03-19 11:08:24,platform.twitter.com
2014-03-19 11:08:25,i.i.cbsi.com
2014-03-19 11:08:25,dw.cbssports.com
2014-03-19 11:08:26,evsecure-ocsp.verisign.com
2014-03-19 11:08:26,www.google.com
2014-03-19 11:08:27,www.facebook.com
2014-03-19 11:08:27,clients1.google.com
2014-03-19 11:08:28,badge.stumbleupon.com
2014-03-19 11:08:31,sports.cbsimg.net
2014-03-19 11:08:32,sports.cbsimg.net
2014-03-19 11:08:33,www.cbssports.com
2014-03-19 11:08:36,sports.cbsimg.net
2014-03-19 11:08:37,www.cbssports.com
2014-03-19 11:08:38,www.cbssports.com
2014-03-19 11:08:40,www.cbssports.com
2014-03-19 11:08:57,twitter.com
2014-03-19 11:09:21,www.google.fr
2014-03-19 11:09:21,www.ncaa.com
2014-03-19 11:09:21,i.turner.ncaa.com
2014-03-19 11:09:22,i.turner.ncaa.com
2014-03-19 11:09:34,cdns.gigya.com
2014-03-19 11:10:20,platform.twitter.com
2014-03-19 11:10:25,www.google.com
2014-03-19 11:10:27,plus.google.com
2014-03-19 11:11:19,apis.google.com
2014-03-19 11:11:21,accounts.google.com
2014-03-19 11:12:12,www.google.fr
2014-03-19 11:13:38,drive.google.com
2014-03-19 11:16:00,www.google.fr
2014-03-19 11:16:01,assets.espn.go.com
2014-03-19 11:16:01,espn.go.com
2014-03-19 11:16:01,sports-ak.espn.go.com
2014-03-19 11:16:02,broadband.espn.go.com
2014-03-19 11:16:03,graph.facebook.com
2014-03-19 11:16:04,sports-ak.espn.go.com
2014-03-19 11:16:04,tredir.go.com
2014-03-19 11:16:04,log.go.com
2014-03-19 11:16:04,w88.go.com
2014-03-19 11:16:05,sports-ak.espn.go.com
2014-03-19 11:16:18,www.google.fr
2014-03-19 11:16:19,cdn2.sbnation.com
2014-03-19 11:16:19,www.sbnation.com
2014-03-19 11:16:19,cdn0.sbnation.com
2014-03-19 11:16:19,cdn1.sbnation.com
2014-03-19 11:16:19,cdn3.sbnation.com
2014-03-19 11:16:20,www.sbnation.com
2014-03-19 11:16:20,ajax.googleapis.com
2014-03-19 11:16:20,cdnjs.cloudflare.com
2014-03-19 11:16:20,cdn2.sbnation.com
2014-03-19 11:16:20,cdn3.sbnation.com
2014-03-19 11:16:20,cdn1.sbnation.com
2014-03-19 11:16:20,cdn0.sbnation.com
2014-03-19 11:16:21,cloud.typography.com
2014-03-19 11:16:22,rapidssl-ocsp.geotrust.com
2014-03-19 11:16:23,cdn0.sbnation.com
2014-03-19 11:16:23,cdn3.sbnation.com
2014-03-19 11:16:24,www.sbnation.com
2014-03-19 11:16:24,providence.voxmedia.com
2014-03-19 11:16:24,cdn1.sbnation.com
2014-03-19 11:16:24,cdn3.sbnation.com
2014-03-19 11:16:24,cdn2.sbnation.com
2014-03-19 11:16:24,cdn0.sbnation.com
2014-03-19 11:16:25,ad.publicidees.com
2014-03-19 11:16:25,cdn1.sbnation.com
2014-03-19 11:16:25,cdn0.sbnation.com
2014-03-19 11:16:26,cdn3.sbnation.com
2014-03-19 11:16:26,cdn0.sbnation.com
2014-03-19 11:16:27,ocsp.comodoca.com
2014-03-19 11:16:27,cdn1.sbnation.com
2014-03-19 11:16:27,mpp2.vindicosuite.com
2014-03-19 11:16:27,cdn0.sbnation.com
2014-03-19 11:16:27,deliv.leboncoin.fr
2014-03-19 11:16:27,www.facebook.com
2014-03-19 11:16:27,ocsp.usertrust.com
2014-03-19 11:16:27,cdn2.sbnation.com
2014-03-19 11:16:28,www.facebook.com
2014-03-19 11:16:28,cdn0.sbnation.com
2014-03-19 11:16:29,connect.facebook.net
2014-03-19 11:16:29,cdn1.sbnation.com
2014-03-19 11:16:29,platform.twitter.com
2014-03-19 11:16:30,s-static.ak.facebook.com
2014-03-19 11:16:30,static.ak.facebook.com
2014-03-19 11:16:30,www.facebook.com
2014-03-19 11:16:30,cdn1.sbnation.com
2014-03-19 11:16:35,cdn0.sbnation.com
2014-03-19 11:16:35,cloud.typography.com
2014-03-19 11:16:35,cdn1.sbnation.com
2014-03-19 11:16:35,www.sbnation.com
2014-03-19 11:16:35,cdn3.sbnation.com
2014-03-19 11:16:35,cdn2.sbnation.com
2014-03-19 11:16:38,cdn2.sbnation.com
2014-03-19 11:16:38,ocsp.thawte.com
2014-03-19 11:16:39,cdn1.sbnation.com
2014-03-19 11:16:39,www.sbnation.com
2014-03-19 11:16:39,providence.voxmedia.com
2014-03-19 11:16:40,static.ak.facebook.com
2014-03-19 11:16:40,player.ooyala.com
2014-03-19 11:16:40,www.facebook.com
2014-03-19 11:16:41,apnx-match.dotomi.com
2014-03-19 11:16:41,s-static.ak.facebook.com
2014-03-19 11:16:41,www.facebook.com
2014-03-19 11:16:41,api-read.facebook.com
2014-03-19 11:16:41,player.ooyala.com
2014-03-19 11:16:42,ocsp.comodoca.com
2014-03-19 11:16:43,cdn1.sbnation.com
2014-03-19 11:16:58,pixel2368.everesttech.net
2014-03-19 11:17:11,twitter.com
2014-03-19 11:18:24,b12.myspace.com
2014-03-19 11:19:34,apis.google.com
2014-03-19 11:19:35,accounts.google.com
2014-03-19 11:19:39,drive.google.com
2014-03-19 11:19:42,docs.google.com
2014-03-19 11:20:18,a.ctnsnet.com
2014-03-19 11:20:19,a.ctnsnet.com
2014-03-19 11:20:20,ocsp.entrust.net
2014-03-19 11:20:20,player.ooyala.com
2014-03-19 11:20:21,www.facebook.com
2014-03-19 11:20:21,static.ak.facebook.com
2014-03-19 11:20:21,player.ooyala.com
2014-03-19 11:20:22,api-read.facebook.com
2014-03-19 11:20:22,www.facebook.com
2014-03-19 11:20:22,s-static.ak.facebook.com
2014-03-19 11:20:29,cdn1.sbnation.com
2014-03-19 11:20:52,twitter.com
2014-03-19 11:21:24,plus.google.com
2014-03-19 11:23:15,apis.google.com
2014-03-19 11:23:15,accounts.google.com
2014-03-19 11:25:38,drive.google.com
2014-03-19 11:32:20,openx2-match.dotomi.com
2014-03-19 11:32:22,cdn0.sbnation.com
2014-03-19 11:32:22,cdn1.sbnation.com
2014-03-19 11:32:24,www.facebook.com
2014-03-19 11:32:24,static.ak.facebook.com
2014-03-19 11:32:24,platform.twitter.com
2014-03-19 11:32:24,s-static.ak.facebook.com
2014-03-19 11:32:24,connect.facebook.net
2014-03-19 11:32:26,cdn1.sbnation.com
2014-03-19 11:32:26,cdn2.sbnation.com
2014-03-19 11:32:26,www.sbnation.com
2014-03-19 11:32:26,cdn3.sbnation.com
2014-03-19 11:32:27,cdn1.sbnation.com
2014-03-19 11:32:27,www.sbnation.com
2014-03-19 11:32:27,cdn2.sbnation.com
2014-03-19 11:32:27,cdn0.sbnation.com
2014-03-19 11:32:27,cdn3.sbnation.com
2014-03-19 11:32:29,www.sbnation.com
2014-03-19 11:32:30,cloud.typography.com
2014-03-19 11:32:32,customer.misterbell.com
2014-03-19 11:32:32,cdn2.sbnation.com
2014-03-19 11:32:32,rp.gwallet.com
2014-03-19 11:32:32,cdn1.sbnation.com
2014-03-19 11:32:32,cdn3.sbnation.com
2014-03-19 11:32:33,static.misterbell.com
2014-03-19 11:32:33,player.ooyala.com
2014-03-19 11:32:33,cdn1.sbnation.com
2014-03-19 11:32:33,cdn0.sbnation.com
2014-03-19 11:32:33,www.facebook.com
2014-03-19 11:32:33,providence.voxmedia.com
2014-03-19 11:32:34,www.sbnation.com
2014-03-19 11:32:34,providence.voxmedia.com
2014-03-19 11:32:34,player.ooyala.com
2014-03-19 11:32:35,s-static.ak.facebook.com
2014-03-19 11:32:35,api-read.facebook.com
2014-03-19 11:32:35,static.ak.facebook.com
2014-03-19 11:32:35,www.facebook.com
2014-03-19 11:32:35,player.ooyala.com
2014-03-19 11:32:37,api-read.facebook.com
2014-03-19 11:32:37,s-static.ak.facebook.com
2014-03-19 11:32:37,static.ak.facebook.com
2014-03-19 11:32:37,www.facebook.com
2014-03-19 11:32:37,player.ooyala.com
2014-03-19 11:33:07,twitter.com
2014-03-19 11:34:56,safebrowsing.clients.google.com
2014-03-19 11:34:56,safebrowsing-cache.google.com
2014-03-19 11:35:31,apis.google.com
2014-03-19 11:35:31,accounts.google.com
2014-03-19 11:35:38,0.docs.google.com
2014-03-19 11:35:39,drive.google.com
2014-03-19 11:35:41,docs.google.com
2014-03-19 11:35:41,0.talkgadget.google.com
2014-03-19 11:35:41,1.drive.google.com
2014-03-19 11:35:57,clients1.google.com
2014-03-19 11:35:57,gtglobal-ocsp.geotrust.com
2014-03-19 11:36:02,apis.google.com
2014-03-19 11:36:02,www.google.fr
2014-03-19 11:36:02,www.google.com
2014-03-19 12:15:53,clients1.google.com
2014-03-19 12:15:53,gtglobal-ocsp.geotrust.com
2014-03-19 12:15:59,clients1.google.com
2014-03-19 12:16:08,office14client.microsoft.com
2014-03-19 12:16:09,office.microsoft.com
2014-03-19 12:16:11,office.microsoft.com
2014-03-19 12:16:52,gtssl-ocsp.geotrust.com
2014-03-19 12:17:49,ocsp.verisign.com
2014-03-19 12:17:50,safebrowsing-cache.google.com
2014-03-19 12:17:50,safebrowsing.clients.google.com
2014-03-19 12:18:55,apis.google.com
2014-03-19 12:18:56,www.google.com
2014-03-19 12:18:56,www.google.fr
2014-03-19 12:19:49,ocsp.digicert.com
2014-03-19 12:25:49,ocsp.thawte.com
2014-03-19 12:41:20,www.doctissimo.fr
2014-03-19 12:41:20,medias.doctissimo.fr
2014-03-19 12:41:20,mf.imdoc.fr
2014-03-19 12:41:20,videos.doctissimo.fr
2014-03-19 12:41:20,static.doctissimo.fr
2014-03-19 12:41:20,www.google.fr
2014-03-19 12:41:21,s-static.ak.facebook.com
2014-03-19 12:41:21,www.google.com
2014-03-19 12:41:21,s.ytimg.com
2014-03-19 12:41:21,dc1w54.wysistat.com
2014-03-19 12:41:21,static.ak.facebook.com
2014-03-19 12:41:21,www.youtube.com
2014-03-19 12:41:21,emailretargeting.com
2014-03-19 12:41:21,mf.imdoc.fr
2014-03-19 12:41:21,platform.twitter.com
2014-03-19 12:41:21,connect.facebook.net
2014-03-19 12:41:21,medias.doctissimo.fr
2014-03-19 12:41:21,platform.linkedin.com
2014-03-19 12:41:21,clients1.google.com
2014-03-19 12:41:21,www.doctissimo.fr
2014-03-19 12:41:21,static.doctissimo.fr
2014-03-19 12:41:22,code.jquery.com
2014-03-19 12:41:22,medias.doctissimo.fr
2014-03-19 12:41:22,s.ytimg.com
2014-03-19 12:41:22,www.youtube.com
2014-03-19 12:41:22,mf.imdoc.fr
2014-03-19 12:41:22,clients1.google.com
2014-03-19 12:41:22,i1.ytimg.com
2014-03-19 12:41:23,medias.doctissimo.fr
2014-03-19 12:41:23,platform.twitter.com
2014-03-19 12:41:23,www.facebook.com
2014-03-19 12:41:23,www.doctissimo.fr
2014-03-19 12:41:23,mf.imdoc.fr
2014-03-19 12:41:23,evsecure-ocsp.verisign.com
2014-03-19 12:41:23,col001.ip-label.net
2014-03-19 12:41:30,login.wikimedia.org
2014-03-19 12:41:30,www.google.fr
2014-03-19 12:41:30,bits.wikimedia.org
2014-03-19 12:41:30,meta.wikimedia.org
2014-03-19 12:41:30,fr.wikipedia.org
2014-03-19 12:41:41,www.memoireonline.com
2014-03-19 12:41:41,perso0.free.fr
2014-03-19 12:41:41,ajax.cloudflare.com
2014-03-19 12:41:41,www.google.fr
2014-03-19 12:41:41,memoireonline.com
2014-03-19 12:41:42,www.google.com
2014-03-19 12:41:51,www.google.fr
2014-03-19 12:41:51,archives-ouvertes.univ-lorraine.fr
2014-03-19 12:41:52,archives-ouvertes.univ-lorraine.fr
2014-03-19 12:41:52,petale.univ-lorraine.fr
2014-03-19 12:41:53,twitter.com
2014-03-19 12:41:57,www.crdp-montpellier.fr
2014-03-19 12:41:57,www.google.fr
2014-03-19 12:41:58,www.crdp-montpellier.fr
2014-03-19 12:42:06,www.crdp-montpellier.fr
2014-03-19 12:42:32,www.google.fr
2014-03-19 12:42:32,ajax.googleapis.com
2014-03-19 12:42:32,accounts.google.com
2014-03-19 12:42:32,apis.google.com
2014-03-19 12:42:32,platform.twitter.com
2014-03-19 12:46:31,clients1.google.com
2014-03-19 12:46:31,gtglobal-ocsp.geotrust.com
2014-03-19 12:46:36,clients1.google.com
2014-03-19 12:46:42,www.google.fr
2014-03-19 12:46:42,ww2.ac-poitiers.fr
2014-03-19 12:46:43,ww2.ac-poitiers.fr
2014-03-19 12:46:43,sgbd.ac-poitiers.fr
2014-03-19 12:46:43,www.google.fr
2014-03-19 12:46:43,safebrowsing.clients.google.com
2014-03-19 12:46:44,safebrowsing-cache.google.com
2014-03-19 12:46:56,www.google.fr
2014-03-19 12:46:57,www.softenpoche.com
2014-03-19 12:47:30,gtssl-ocsp.geotrust.com
2014-03-19 12:47:33,www.google.fr
2014-03-19 12:47:35,www.atlantiswordprocessor.com
2014-03-19 12:47:36,www.atlantiswordprocessor.com
2014-03-19 12:47:37,www.atlantiswordprocessor.com
2014-03-19 12:47:38,www.atlantiswordprocessor.com
2014-03-19 12:47:39,www.atlantiswordprocessor.com
2014-03-19 12:47:39,www.google.fr
2014-03-19 12:47:40,www.atlantiswordprocessor.com
2014-03-19 12:47:41,www.atlantiswordprocessor.com
2014-03-19 12:48:24,ocsp.verisign.com
2014-03-19 12:48:29,www.google.fr
2014-03-19 12:48:29,bits.wikimedia.org
2014-03-19 12:48:29,fr.wikipedia.org
2014-03-19 12:48:30,fr.wikipedia.org
2014-03-19 12:48:30,meta.wikimedia.org
2014-03-19 12:48:30,login.wikimedia.org
2014-03-19 12:48:30,bits.wikimedia.org
2014-03-19 12:48:31,meta.wikimedia.org
2014-03-19 12:49:34,apis.google.com
2014-03-19 12:49:34,www.google.com
2014-03-19 12:50:00,clients1.google.fr
2014-03-19 12:50:24,ocsp.digicert.com
2014-03-19 12:51:19,www.google.fr
2014-03-19 12:56:24,ocsp.thawte.com
2014-03-19 13:04:32,fr.wikipedia.org
2014-03-19 13:04:32,bits.wikimedia.org
2014-03-19 13:04:33,bits.wikimedia.org
2014-03-19 13:04:33,fr.wikipedia.org
2014-03-19 13:04:33,meta.wikimedia.org
2014-03-19 13:08:27,office.microsoft.com
2014-03-19 13:10:11,office.microsoft.com
