timestamp,site
2013-05-12 10:18:11,www.google.fr
2013-05-12 10:18:22,www.google.fr
2013-05-12 10:18:23,www.google.fr
2013-05-12 10:18:24,www.google.fr
2013-05-12 10:18:25,apis.google.com
2013-05-12 10:18:27,www.google.com
2013-05-12 10:18:47,www.google.fr
2013-05-12 10:18:57,www.google.fr
2013-05-12 10:18:59,www.normalesup.org
2013-05-12 10:20:04,www.cmi.univ-mrs.fr
2013-05-12 10:20:04,www.google.fr
2013-05-12 10:20:06,www.google.fr
2013-05-12 10:20:06,www.google.com
2013-05-12 10:20:06,apis.google.com
2013-05-12 10:20:07,perso.univ-lemans.fr
2013-05-12 10:22:49,www.google.fr
2013-05-12 10:22:50,www.mathworks.com
2013-05-12 10:22:50,www.mathworks.fr
2013-05-12 10:22:57,www.mathworks.fr
2013-05-12 10:22:57,brightcove01-secure.brightcove.com
2013-05-12 10:22:58,metrics.mathworks.com
2013-05-12 10:22:58,p.typekit.net
2013-05-12 10:22:58,www.mathworks.fr
2013-05-12 10:23:02,www.mathworks.fr
2013-05-12 10:23:14,static.ccm2.net
2013-05-12 10:23:14,ba.commentcamarche.net
2013-05-12 10:23:14,www.commentcamarche.net
2013-05-12 10:23:14,www.google.fr
2013-05-12 10:23:15,static.ccm2.net
2013-05-12 10:23:15,ba.commentcamarche.net
2013-05-12 10:23:15,kh6qrx0f8h.s.ad6media.fr
2013-05-12 10:23:15,style2.ad6.fr
2013-05-12 10:23:16,r.ccm2.net
2013-05-12 10:23:16,static.ccmbg.com
2013-05-12 10:23:16,platform.twitter.com
2013-05-12 10:23:16,www.facebook.com
2013-05-12 10:23:16,connect.facebook.net
2013-05-12 10:23:16,fr.pickture.com
2013-05-12 10:23:16,static.ak.facebook.com
2013-05-12 10:23:16,s-static.ak.facebook.com
2013-05-12 10:23:16,static.ccm2.net
2013-05-12 10:23:20,kh6qrx0f8h.s.ad6media.fr
2013-05-12 10:23:26,twitter.com
2013-05-12 10:23:28,www.facebook.com
2013-05-12 10:23:28,www.commentcamarche.net
2013-05-12 10:23:28,ba.commentcamarche.net
2013-05-12 10:23:28,twitter.com
2013-05-12 10:23:28,static.ccm2.net
2013-05-12 10:23:28,ajax.googleapis.com
2013-05-12 10:23:49,static.ccm2.net
2013-05-12 10:24:37,ajax.googleapis.com
2013-05-12 10:24:49,www.google.fr
2013-05-12 10:24:51,www.repad.org
2013-05-12 10:24:52,www.repad.org
2013-05-12 10:24:53,www.repad.org
2013-05-12 10:24:54,www.repad.org
2013-05-12 10:24:55,www.repad.org
2013-05-12 10:25:49,www.google.fr
2013-05-12 10:25:50,www.repad.org
2013-05-12 10:25:51,www.repad.org
2013-05-12 10:25:51,www.google.fr
2013-05-12 10:25:52,www.repad.org
2013-05-12 10:25:53,www.repad.org
2013-05-12 10:25:54,www.repad.org
2013-05-12 10:46:27,www.google.fr
2013-05-12 10:46:27,fr.wikipedia.org
2013-05-12 10:46:27,bits.wikimedia.org
2013-05-12 10:46:28,fr.wikipedia.org
2013-05-12 10:46:28,meta.wikimedia.org
2013-05-12 10:46:28,login.wikimedia.org
2013-05-12 10:46:28,bits.wikimedia.org
2013-05-12 10:46:42,login.wikimedia.org
2013-05-12 10:46:42,bits.wikimedia.org
2013-05-12 10:46:42,fr.wikipedia.org
2013-05-12 10:47:42,login.wikimedia.org
2013-05-12 10:47:42,bits.wikimedia.org
2013-05-12 10:47:42,fr.wikipedia.org
2013-05-12 10:48:12,www.google.fr
2013-05-12 10:48:12,www.proba.jussieu.fr
2013-05-12 10:49:18,www.google.fr
2013-05-12 10:49:21,www.google.fr
2013-05-12 10:49:22,www.latp.univ-mrs.fr
2013-05-12 10:50:05,therese.eveilleau.pagesperso-orange.fr
2013-05-12 10:50:05,www.google.fr
2013-05-12 11:53:09,www.google.fr
2013-05-12 11:53:10,www.shotgun2013.fr
2013-05-12 11:54:05,www.google.fr
2013-11-12 13:18:06,fpdownload2.macromedia.com
2013-11-12 15:37:15,www.google.fr
2013-11-12 15:37:27,www.google.fr
2013-11-12 15:43:48,ajax.googleapis.com
2013-11-18 10:16:37,www.google.fr
2013-11-18 10:16:37,apis.google.com
2013-11-18 10:16:40,www.google.com
2013-11-18 10:16:47,www.google.com
2013-11-18 10:16:47,apis.google.com
2013-11-18 10:16:47,www.google.fr
2013-11-18 10:16:51,www.google.fr
2013-11-18 10:16:52,www.google.fr
2013-11-18 10:17:00,www.google.fr
2013-11-28 11:12:55,www.google.fr
2013-11-28 11:12:55,apis.google.com
2013-11-28 11:12:58,www.google.com
2013-11-28 11:16:56,apis.google.com
2013-11-28 11:16:58,www.google.com
2013-11-28 11:17:12,www.google.fr
2013-11-28 11:17:13,www.google.fr
2013-11-28 11:20:41,s-static.ak.facebook.com
2013-11-28 11:20:51,twitter.com
2013-11-28 11:20:52,ajax.googleapis.com
2013-11-28 11:20:53,ajax.googleapis.com
2013-11-28 11:20:54,twitter.com
2013-11-28 11:20:54,www.facebook.com
2013-11-28 11:20:54,ajax.googleapis.com
2013-11-28 11:20:54,s-static.ak.facebook.com
2013-11-28 11:20:58,twitter.com
2013-11-28 11:21:01,www.facebook.com
2013-11-28 11:21:16,www.youtube.com
2013-11-28 11:21:16,s.ytimg.com
2013-11-28 11:21:17,www.youtube.com
2013-11-28 11:21:17,s.ytimg.com
2013-11-28 11:21:52,www.facebook.com
2013-11-28 11:21:52,s-static.ak.facebook.com
2013-11-28 11:21:53,twitter.com
2013-11-28 11:21:54,apis.google.com
2013-11-28 11:21:55,apis.google.com
2013-11-28 11:21:57,accounts.google.com
2013-11-28 11:22:01,s-static.ak.facebook.com
2013-11-28 11:22:01,accounts.google.com
2013-11-28 11:22:01,www.facebook.com
2013-11-28 11:22:05,platform.twitter.com
2013-11-28 11:22:10,twitter.com
2013-11-28 11:22:12,apis.google.com
2013-11-28 11:22:15,accounts.google.com
2013-11-28 11:22:17,twitter.com
2013-11-28 11:22:17,apis.google.com
2013-11-28 11:22:21,accounts.google.com
2013-11-28 11:22:49,platform.twitter.com
2013-11-28 11:22:54,s-static.ak.facebook.com
2013-11-28 11:22:57,ajax.googleapis.com
2013-11-28 11:22:57,www.facebook.com
2013-11-28 11:23:20,pixel2368.everesttech.net
2013-11-28 11:23:21,twitter.com
2013-11-28 11:23:59,ajax.googleapis.com
2013-11-28 11:24:02,pixel2368.everesttech.net
2013-11-28 11:26:46,www.google.fr
2013-11-28 11:43:44,www.google.fr
2013-11-28 11:45:17,www.google.fr
2013-11-28 11:45:58,www.google.fr
2013-11-28 11:48:47,www.google.fr
2013-11-28 11:48:48,apis.google.com
2013-11-28 11:48:50,www.google.com
2013-11-28 11:49:08,s-static.ak.facebook.com
2013-11-28 11:49:18,twitter.com
2013-11-28 11:49:18,ajax.googleapis.com
2013-11-28 11:49:18,www.facebook.com
2013-11-28 11:49:30,ajax.googleapis.com
2013-11-28 11:49:30,twitter.com
2013-11-28 11:49:31,s-static.ak.facebook.com
2013-11-28 11:49:31,twitter.com
2013-11-28 11:49:31,www.facebook.com
2013-11-28 11:50:57,www.google.com
2013-11-28 11:50:57,apis.google.com
2013-11-28 11:50:57,www.google.fr
2013-12-12 10:35:18,www.google.fr
2013-12-12 10:35:30,www.google.fr
2013-12-12 10:35:45,www.google.fr
2013-12-12 10:35:57,www.google.fr
2013-12-12 10:35:58,apis.google.com
2013-12-12 10:36:00,www.google.com
2013-12-12 10:36:15,www.google.com
2013-12-12 10:36:15,apis.google.com
2013-12-12 10:36:15,www.google.fr
2013-12-12 10:36:15,fr.wikipedia.org
2013-12-12 10:36:15,bits.wikimedia.org
2013-12-12 10:36:16,bits.wikimedia.org
2013-12-12 10:36:16,login.wikimedia.org
2013-12-12 10:36:16,meta.wikimedia.org
2013-12-12 10:36:16,fr.wikipedia.org
2013-12-12 10:36:31,bits.wikimedia.org
2013-12-12 10:36:38,www.google.fr
2013-12-12 10:36:38,spiral.univ-lyon1.fr
2013-12-12 10:38:29,www.google.fr
2013-12-12 10:38:39,www.ecofog.gf
2013-12-12 10:39:24,www.google.fr
2013-12-12 11:00:24,www.google.fr
2013-12-12 11:00:35,www.google.fr
2013-12-12 11:00:36,apis.google.com
2013-12-12 11:00:39,www.google.com
2013-12-12 11:01:03,apis.google.com
2013-12-12 11:01:03,www.google.fr
2013-12-12 11:01:04,fr.wikipedia.org
2013-12-12 11:01:04,bits.wikimedia.org
2013-12-12 11:01:04,www.google.fr
2013-12-12 11:01:04,www.google.com
2013-12-12 11:01:05,bits.wikimedia.org
2013-12-12 11:01:06,meta.wikimedia.org
2013-12-12 11:01:06,bits.wikimedia.org
2013-12-12 11:01:08,meta.wikimedia.org
2013-12-12 11:01:08,bits.wikimedia.org
2013-12-12 11:01:08,fr.wikipedia.org
2013-12-12 11:01:22,bits.wikimedia.org
2013-12-12 11:02:22,bits.wikimedia.org
2013-12-12 11:03:39,www.google.fr
2013-12-12 11:03:40,www.google.com
2013-12-12 11:03:40,ajax.googleapis.com
2013-12-12 11:03:40,www.developpez.net
2013-12-12 11:03:41,premium.hi-mediaserver.com
2013-12-12 11:03:41,www.google.com
2013-12-12 11:03:41,www.developpez.net
2013-12-12 11:03:42,www.developpez.net
2013-12-12 11:03:49,www.developpez.com
2013-12-12 11:03:49,blog.developpez.com
2013-12-12 11:03:50,www.facebook.com
2013-12-12 11:03:50,blog.developpez.com
2013-12-12 11:04:02,www.google.fr
2013-12-12 11:04:04,www.iro.umontreal.ca
2013-12-12 11:04:05,www.iro.umontreal.ca
2013-12-12 11:04:06,www.iro.umontreal.ca
2013-12-12 11:04:07,www.iro.umontreal.ca
2013-12-12 11:04:08,www.iro.umontreal.ca
2013-12-12 11:04:09,www.iro.umontreal.ca
2013-12-12 11:04:10,www.iro.umontreal.ca
2013-12-12 11:04:11,www.iro.umontreal.ca
2013-12-12 11:04:12,www.iro.umontreal.ca
2013-12-12 11:04:13,www.iro.umontreal.ca
2013-12-12 11:04:14,www.iro.umontreal.ca
2013-12-12 11:04:15,www.iro.umontreal.ca
2013-12-12 11:04:16,www.iro.umontreal.ca
2013-12-12 11:04:17,www.iro.umontreal.ca
2013-12-12 11:04:18,www.iro.umontreal.ca
2013-12-12 11:04:19,www.iro.umontreal.ca
2013-12-12 11:04:20,www.iro.umontreal.ca
2013-12-12 11:04:21,www.iro.umontreal.ca
2013-12-12 11:04:22,www.iro.umontreal.ca
2013-12-12 11:04:23,www.iro.umontreal.ca
2013-12-12 11:04:24,www.iro.umontreal.ca
2013-12-12 11:04:25,www.iro.umontreal.ca
2013-12-12 11:04:26,www.iro.umontreal.ca
2013-12-12 11:04:27,www.iro.umontreal.ca
2013-12-12 11:04:37,www.google.fr
2013-12-12 11:06:18,forums.futura-sciences.com
2013-12-12 11:06:18,www.google.fr
2013-12-12 11:06:19,forums.futura-sciences.com
2013-12-12 11:06:19,yui.yahooapis.com
2013-12-12 11:06:19,www.futura-sciences.com
2013-12-12 11:06:19,legacy.futura-sciences.com
2013-12-12 11:06:20,www.futura-sciences.com
2013-12-12 11:06:20,www.google.com
2013-12-12 11:06:20,www.google.fr
2013-12-12 11:06:20,legacy.futura-sciences.com
2013-12-12 11:06:20,forums.futura-sciences.com
2013-12-12 11:06:21,www.futura-sciences.com
2013-12-12 11:06:21,legacy.futura-sciences.com
2013-12-12 11:06:21,forums.futura-sciences.com
2013-12-12 11:06:21,fr.intext.adfever.com
2013-12-12 11:06:22,platform.twitter.com
2013-12-12 11:06:22,fr.intext.adfever.com
2013-12-12 11:06:22,images.orangepublicite.fr
2013-12-12 11:06:22,connect.facebook.net
2013-12-12 11:06:22,apis.google.com
2013-12-12 11:06:22,forums.futura-sciences.com
2013-12-12 11:06:23,static.ak.facebook.com
2013-12-12 11:06:23,www.facebook.com
2013-12-12 11:06:23,apis.google.com
2013-12-12 11:06:23,s-static.ak.facebook.com
2013-12-12 11:06:24,apis.google.com
2013-12-12 11:06:24,adventori.com
2013-12-12 11:06:24,fr.intext.adfever.com
2013-12-12 11:06:24,www.google.com
2013-12-12 11:06:25,platform.twitter.com
2013-12-12 11:06:33,twitter.com
2013-12-12 11:06:35,accounts.google.com
2013-12-12 11:07:03,twitter.com
2013-12-12 11:07:10,accounts.google.com
2013-12-12 11:07:10,www.google.com
2013-12-12 11:07:10,platform.twitter.com
2013-12-12 11:07:12,forums.futura-sciences.com
2013-12-12 11:07:13,www.google.com
2013-12-12 11:07:18,www.google.com
2013-12-12 11:07:19,www.google.com
2013-12-12 11:07:28,www.google.fr
2013-12-12 11:07:29,www.mmas.univ-metz.fr
2013-12-12 11:08:10,www.google.fr
2013-12-12 11:08:13,www.u-picardie.fr
2013-12-12 11:09:13,www.google.fr
2013-12-12 11:10:15,www.google.fr
2013-12-12 11:10:16,www.google.fr
2013-12-12 11:10:16,books.google.fr
2013-12-12 11:10:16,www.google.com
2013-12-12 11:10:16,bks6.books.google.fr
2013-12-12 11:10:17,books.google.fr
2013-12-12 11:10:27,books.google.fr
2013-12-12 11:10:28,books.google.fr
2013-12-12 11:10:34,books.google.fr
2013-12-12 11:10:47,piwik.infra.ubuntu-fr.org
2013-12-12 11:10:47,apis.google.com
2013-12-12 11:10:47,www.google.fr
2013-12-12 11:10:47,forum.ubuntu-fr.org
2013-12-12 11:10:47,www-static.ubuntu-fr.org
2013-12-12 11:10:48,www-static.ubuntu-fr.org
2013-12-12 11:10:58,forum.ubuntu-fr.org
2013-12-12 11:10:58,piwik.infra.ubuntu-fr.org
2013-12-12 11:10:58,www-static.ubuntu-fr.org
2013-12-12 11:10:59,www-static.ubuntu-fr.org
2013-12-12 11:11:04,www.google.fr
2013-12-12 11:11:05,www.scribd.com
2013-12-12 11:11:06,s5.scribdassets.com
2013-12-12 11:11:06,s6.scribdassets.com
2013-12-12 11:11:06,s7.scribdassets.com
2013-12-12 11:11:06,fr.scribd.com
2013-12-12 11:11:06,www.google.fr
2013-12-12 11:11:07,www.scribd.com
2013-12-12 11:11:07,s6.scribdassets.com
2013-12-12 11:11:07,rs7.scribd.com
2013-12-12 11:11:07,imgv2-4.scribdassets.com
2013-12-12 11:11:07,imgv2-2.scribdassets.com
2013-12-12 11:11:07,imgv2-1.scribdassets.com
2013-12-12 11:11:07,imgv2-3.scribdassets.com
2013-12-12 11:11:07,fr.scribd.com
2013-12-12 11:11:08,s-static.ak.facebook.com
2013-12-12 11:11:08,connect.facebook.net
2013-12-12 11:11:08,imgv2-4.scribdassets.com
2013-12-12 11:11:08,fr.scribd.com
2013-12-12 11:11:08,static.ak.facebook.com
2013-12-12 11:11:08,www.facebook.com
2013-12-12 11:11:09,www.facebook.com
2013-12-12 11:11:09,um.simpli.fi
2013-12-12 11:11:09,imgv2-4.scribdassets.com
2013-12-12 11:11:09,imgv2-2.scribdassets.com
2013-12-12 11:11:09,imgv2-3.scribdassets.com
2013-12-12 11:11:09,fr.scribd.com
2013-12-12 11:11:09,s6.scribdassets.com
2013-12-12 11:11:10,rp.gwallet.com
2013-12-12 11:11:10,ds.reson8.com
2013-12-12 11:11:10,ce.lijit.com
2013-12-12 11:11:10,www.facebook.com
2013-12-12 11:11:10,www.google.fr
2013-12-12 11:11:10,lrpush.apxlv.com
2013-12-12 11:11:10,www.google.com
2013-12-12 11:11:10,developer.android.com
2013-12-12 11:11:10,um.simpli.fi
2013-12-12 11:11:11,cs.specificclick.net
2013-12-12 11:11:11,um.simpli.fi
2013-12-12 11:11:22,fr.scribd.com
2013-12-12 11:11:24,bits.wikimedia.org
2013-12-12 11:11:24,www.google.fr
2013-12-12 11:11:24,fr.wikipedia.org
2013-12-12 11:11:25,meta.wikimedia.org
2013-12-12 11:11:25,bits.wikimedia.org
2013-12-12 11:11:25,fr.wikipedia.org
2013-12-12 11:12:23,www.google.fr
2013-12-12 11:12:23,www.matheureka.net
2013-12-12 11:12:23,banniere.reussissonsensemble.fr
2013-12-12 11:12:24,banniere.reussissonsensemble.fr
2013-12-12 11:12:24,comclick.hi-mediaserver.com
2013-12-12 11:12:24,www.toutapprendre.com
2013-12-12 11:12:24,premium.hi-mediaserver.com
2013-12-12 11:12:24,www.techno-science.net
2013-12-12 11:12:24,www.matheureka.net
2013-12-12 11:12:32,www.matheureka.net
2013-12-12 11:12:43,www.google.fr
2013-12-12 11:12:47,www.lgtbellevue.com
2013-12-12 11:13:14,www.google.fr
2013-12-12 11:13:15,serge.mehl.free.fr
2013-12-12 11:13:15,www.google.fr
2013-12-12 11:13:16,serge.mehl.free.fr
2013-12-12 11:13:50,www.google.fr
2013-12-12 11:13:53,www.developpez.net
2013-12-12 11:13:54,www.developpez.net
2013-12-12 11:13:54,www.google.fr
2013-12-12 11:14:17,www.google.fr
2013-12-12 11:14:18,www.gel.ulaval.ca
2013-12-12 11:14:20,w3.gel.ulaval.ca
2013-12-12 11:14:35,www.google.fr
2013-12-12 11:14:36,www.com.univ-mrs.fr
2013-12-12 11:15:31,www.google.fr
2013-12-12 11:15:36,www.google.fr
2013-12-12 11:15:36,ufrsciencestech.u-bourgogne.fr
2013-12-12 11:15:49,www.google.fr
2013-12-12 11:15:51,www.usthb.dz
2013-12-12 11:16:17,www.google.fr
2013-12-12 11:16:17,gil.69.free.fr
2013-12-12 11:16:18,gil.69.free.fr
2013-12-12 11:16:37,www.google.fr
2013-12-12 11:16:37,books.google.fr
2013-12-12 11:16:38,bks6.books.google.fr
2013-12-12 11:16:38,www.google.fr
2013-12-12 11:16:38,books.google.fr
2013-12-12 11:16:40,books.google.fr
2013-12-12 11:16:50,books.google.fr
2013-12-12 11:16:54,apis.google.com
2013-12-12 11:22:55,www.google.fr
2013-12-12 11:23:07,www.google.fr
2013-12-12 11:23:08,apis.google.com
2013-12-12 11:23:10,www.google.com
2013-12-12 11:23:31,www.google.com
2013-12-12 11:23:31,www.google.fr
2013-12-12 11:23:31,apis.google.com
2013-12-12 11:23:32,meta.wikimedia.org
2013-12-12 11:23:32,bits.wikimedia.org
2013-12-12 11:23:32,fr.wikipedia.org
2013-12-12 11:23:32,www.google.fr
2013-12-12 11:23:46,bits.wikimedia.org
2013-12-12 11:24:46,bits.wikimedia.org
2014-02-13 10:15:00,www.google.fr
2014-02-13 10:15:14,www.google.fr
2014-02-13 10:15:16,apis.google.com
2014-02-13 10:15:16,www.google.fr
2014-02-13 10:15:19,www.google.com
2014-02-13 10:15:19,mail.google.com
2014-02-13 10:15:21,accounts.google.com
2014-02-13 10:15:33,www.google.fr
2014-02-13 10:15:35,accounts.youtube.com
2014-02-13 10:15:36,www.google.fr
2014-02-13 10:16:11,accounts.google.fr
2014-02-13 10:16:12,www.google.com
2014-02-13 10:16:13,www.google.com
2014-02-13 10:16:13,plus.google.com
2014-02-13 10:16:13,clients2.google.com
2014-02-13 10:16:13,apis.google.com
2014-02-13 10:16:13,accounts.google.fr
2014-02-13 10:16:13,accounts.youtube.com
2014-02-13 10:16:13,accounts.google.com
2014-02-13 10:16:13,mail.google.com
2014-02-13 10:16:14,mail.google.com
2014-02-13 10:16:14,clients2.google.com
2014-02-13 10:16:14,plus.google.com
2014-02-13 10:16:17,chatenabled.mail.google.com
2014-02-13 10:16:18,mail.google.com
2014-02-13 10:16:26,accounts.google.com
2014-02-13 10:16:28,drive.google.com
2014-02-13 10:16:28,plus.google.com
2014-02-13 10:16:28,chatenabled.mail.google.com
2014-02-13 10:16:28,mail.google.com
2014-02-13 10:16:28,apis.google.com
2014-02-13 10:16:39,drive.google.com
2014-02-13 10:16:40,plus.google.com
2014-02-13 10:16:41,drive.google.com
2014-02-13 10:16:46,plus.google.com
2014-02-13 10:16:48,plus.google.com
2014-02-13 10:16:48,drive.google.com
2014-02-13 10:16:58,clients6.google.com
2014-02-13 10:16:58,apis.google.com
2014-02-13 10:17:16,drive.google.com
2014-02-13 10:17:16,mail.google.com
2014-02-13 10:17:29,drive.google.com
2014-02-13 10:17:30,mail.google.com
2014-02-13 10:18:05,ieonline.microsoft.com
2014-02-13 10:18:08,mail.google.com
2014-02-13 10:18:10,mail.google.com
2014-02-13 10:19:01,apis.google.com
2014-02-13 10:19:02,clients6.google.com
2014-02-13 10:19:02,plus.google.com
2014-02-13 10:19:25,docs.google.com
2014-02-13 10:19:27,docs.google.com
2014-02-13 10:19:28,docs.google.com
2014-02-13 10:19:29,docs.google.com
2014-02-13 10:19:29,apis.google.com
2014-02-13 10:19:30,www.google.com
2014-02-13 10:19:30,apis.google.com
2014-02-13 10:19:31,0.docs.google.com
2014-02-13 10:19:32,0.docs.google.com
2014-02-13 10:19:32,www.google.com
2014-02-13 10:19:32,apis.google.com
2014-02-13 10:19:33,accounts.google.com
2014-02-13 10:19:33,docs.google.com
2014-02-13 10:19:44,clients6.google.com
2014-02-13 10:20:01,docs.google.com
2014-02-13 10:20:05,mail.google.com
2014-02-13 10:20:06,mail.google.com
2014-02-13 10:20:06,accounts.google.com
2014-02-13 10:20:06,clients6.google.com
2014-02-13 10:20:06,apis.google.com
2014-02-13 10:20:06,plus.google.com
2014-02-13 10:20:06,accounts.youtube.com
2014-02-13 10:20:06,www.google.com
2014-02-13 10:20:06,0.docs.google.com
2014-02-13 10:48:36,www.google.fr
2014-02-13 10:48:49,www.google.fr
2014-02-13 10:48:50,apis.google.com
2014-02-13 10:48:52,www.google.com
2014-02-13 10:48:54,www.google.com
2014-02-13 10:48:54,mail.google.com
2014-02-13 10:48:56,www.google.fr
2014-02-13 10:48:56,accounts.google.com
2014-02-13 10:49:08,accounts.youtube.com
2014-02-13 10:49:08,apis.google.com
2014-02-13 10:49:16,www.google.fr
2014-02-13 10:49:26,www.google.fr
2014-02-13 10:49:28,accounts.google.fr
2014-02-13 10:49:29,www.google.fr
2014-02-13 10:49:29,accounts.google.fr
2014-02-13 10:49:29,www.google.com
2014-02-13 10:49:30,accounts.google.fr
2014-02-13 10:49:30,apis.google.com
2014-02-13 10:49:30,accounts.google.com
2014-02-13 10:49:30,accounts.youtube.com
2014-02-13 10:49:30,mail.google.com
2014-02-13 10:49:31,clients2.google.com
2014-02-13 10:49:31,mail.google.com
2014-02-13 10:49:31,www.google.com
2014-02-13 10:49:31,plus.google.com
2014-02-13 10:49:32,plus.google.com
2014-02-13 10:49:32,apis.google.com
2014-02-13 10:49:34,accounts.google.com
2014-02-13 10:49:34,mail.google.com
2014-02-13 10:49:35,mail.google.com
2014-02-13 10:49:35,drive.google.com
2014-02-13 10:49:35,apis.google.com
2014-02-13 10:49:35,chatenabled.mail.google.com
2014-02-13 10:49:36,plus.google.com
2014-02-13 10:49:36,mail.google.com
2014-02-13 10:49:40,plus.google.com
2014-02-13 10:49:44,mail.google.com
2014-02-13 10:50:06,clients6.google.com
2014-02-13 10:50:06,drive.google.com
2014-02-13 10:50:06,plus.google.com
2014-02-13 10:53:36,mail.google.com
2014-02-13 10:53:36,drive.google.com
2014-02-13 10:53:37,drive.google.com
2014-02-13 10:54:06,clients6.google.com
2014-02-13 10:54:06,apis.google.com
2014-02-13 10:54:11,mail.google.com
2014-02-13 10:54:21,mail.google.com
2014-02-13 10:54:27,plus.google.com
2014-02-13 10:54:27,www.google.com
2014-02-13 10:54:27,accounts.google.com
2014-02-13 10:54:27,accounts.youtube.com
2014-02-13 10:54:27,mail.google.com
2014-02-17 16:57:53,www.google.fr
2014-02-17 16:58:06,www.google.fr
2014-02-17 16:58:07,apis.google.com
2014-02-17 16:58:09,www.google.com
2014-02-17 17:00:09,www.google.com
2014-02-17 17:00:09,www.google.fr
2014-02-17 17:00:09,apis.google.com
2014-02-17 17:01:01,ieonline.microsoft.com
2014-02-24 15:48:01,www.google.fr
2014-02-24 15:48:14,www.google.fr
2014-02-24 15:48:15,apis.google.com
2014-02-24 15:48:17,www.google.com
2014-02-24 15:48:18,mail.google.com
2014-02-24 15:48:18,www.google.com
2014-02-24 15:48:21,accounts.google.com
2014-02-24 15:48:21,www.google.fr
2014-02-24 15:48:33,www.google.fr
2014-02-24 15:48:38,accounts.youtube.com
2014-02-24 15:48:38,www.google.fr
2014-02-24 15:49:12,apis.google.com
2014-02-24 15:49:24,www.google.com
2014-02-24 15:49:24,accounts.google.fr
2014-02-24 15:49:25,accounts.google.com
2014-02-24 15:49:25,accounts.google.fr
2014-02-24 15:49:25,mail.google.com
2014-02-24 15:49:25,apis.google.com
2014-02-24 15:49:25,accounts.youtube.com
2014-02-24 15:49:26,clients2.google.com
2014-02-24 15:49:26,plus.google.com
2014-02-24 15:49:26,www.google.com
2014-02-24 15:49:26,mail.google.com
2014-02-24 15:49:26,apis.google.com
2014-02-24 15:49:27,accounts.google.com
2014-02-24 15:49:27,plus.google.com
2014-02-24 15:49:27,apis.google.com
2014-02-24 15:49:28,mail.google.com
2014-02-24 15:49:28,apis.google.com
2014-02-24 15:49:28,drive.google.com
2014-02-24 15:49:28,plus.google.com
2014-02-24 15:49:29,chatenabled.mail.google.com
2014-02-24 15:49:30,mail.google.com
2014-02-24 15:49:31,plus.google.com
2014-02-24 15:49:31,drive.google.com
2014-02-24 15:49:58,clients6.google.com
2014-02-24 15:49:58,drive.google.com
2014-02-24 15:50:25,chatenabled.mail.google.com
2014-02-24 15:50:25,drive.google.com
2014-02-24 15:50:28,mail.google.com
2014-02-24 15:50:31,clients6.google.com
2014-02-24 15:50:31,www.google.fr
2014-02-24 15:50:31,apis.google.com
2014-02-24 15:50:31,www.google.com
2014-02-24 15:50:31,plus.google.com
2014-02-24 15:50:34,accounts.youtube.com
2014-02-24 15:50:34,ieonline.microsoft.com
2014-02-24 15:50:34,accounts.google.fr
2014-02-24 15:50:34,www.google.com
2014-02-24 15:50:34,mail.google.com
2014-02-24 15:50:34,accounts.google.com
2014-03-02 15:53:02,hotmail.com
2014-03-02 15:53:12,login.live.com
2014-03-02 15:53:30,login.live.com
2014-03-02 15:53:53,login.live.com
2014-03-02 15:54:08,login.live.com
2014-03-02 15:54:09,login.live.com
2014-03-02 15:54:16,mail.live.com
2014-03-02 15:54:21,people.directory.live.com
2014-03-02 15:54:21,blu177.mail.live.com
2014-03-02 15:54:21,cid-50ad427121cc0354.users.storage.live.com
2014-03-02 15:54:22,blu177.mail.live.com
2014-03-02 15:54:23,byfiles.storage.msn.com
2014-03-02 15:54:23,h.live.com
2014-03-02 15:54:23,people.directory.live.com
2014-03-02 15:54:23,blu177.mail.live.com
2014-03-02 15:54:23,js.live.net
2014-03-02 15:54:24,h2.msn.com
2014-03-02 15:54:24,blu177.mail.live.com
2014-03-02 15:54:24,secure.shared.live.com
2014-03-02 15:54:25,g.msn.com
2014-03-02 15:54:25,h.live.com
2014-03-02 15:54:26,h.live.com
2014-03-02 15:54:26,storage.live.com
2014-03-02 15:54:26,blu177.mail.live.com
2014-03-02 15:54:27,h.live.com
2014-03-02 15:54:28,secure.shared.live.com
2014-03-02 15:54:28,windowslive.tt.omtrdc.net
2014-03-02 15:54:28,h.live.com
2014-03-02 15:54:32,blu177.mail.live.com
2014-03-02 15:54:33,blu177.afx.ms
2014-03-02 15:54:33,h.live.com
2014-03-02 15:54:39,h.live.com
2014-03-02 15:54:40,blu177.mail.live.com
2014-03-02 15:54:49,blu177.mail.live.com
2014-03-02 15:55:02,g.msn.com
2014-03-02 15:55:04,g.msn.com
2014-03-02 15:55:40,storage.live.com
2014-03-02 15:55:47,cid-50ad427121cc0354.users.storage.live.com
2014-03-02 15:56:00,ieonline.microsoft.com
2014-03-02 15:56:33,blu177.mail.live.com
2014-03-02 15:57:50,blu177.mail.live.com
2014-03-02 16:04:52,blu177.afx.ms
2014-03-02 16:05:10,g.msn.com
2014-03-02 16:05:12,g.msn.com
2014-03-02 16:05:39,h.live.com
2014-03-02 16:05:50,blu177.mail.live.com
2014-03-02 16:05:51,blu177.mail.live.com
2014-03-02 16:05:54,blu177.afx.ms
2014-03-02 16:06:07,h2.msn.com
2014-03-02 16:08:57,h2.msn.com
2014-03-02 16:21:21,g.msn.com
2014-03-02 16:21:50,blu177.mail.live.com
2014-03-02 16:24:53,g.msn.com
2014-03-02 16:24:57,g.msn.com
2014-03-02 16:25:27,blu177.mail.live.com
2014-03-02 16:30:56,g.msn.com
2014-03-02 16:30:56,h.live.com
2014-03-02 16:30:56,blu177.mail.live.com
2014-03-02 16:30:57,blu177.mail.live.com
2014-03-02 16:30:58,blu177.mail.live.com
2014-03-02 16:30:59,blu177.mail.live.com
2014-03-02 16:31:07,blu177.mail.live.com
2014-03-02 16:31:10,blu177.mail.live.com
2014-03-02 16:31:18,blu177.mail.live.com
2014-03-02 16:31:41,g.msn.com
2014-03-02 16:31:43,g.msn.com
2014-03-02 16:32:00,blu177.mail.live.com
2014-03-02 16:32:02,blu177.mail.live.com
2014-03-02 16:32:03,blu177.mail.live.com
2014-03-02 16:32:04,blu177.mail.live.com
2014-03-02 16:32:10,h.live.com
2014-03-02 16:32:24,blu177.mail.live.com
2014-03-02 16:32:26,blu177.afx.ms
2014-03-02 17:10:12,g.msn.com
2014-03-02 17:10:16,g.msn.com
2014-03-02 17:10:46,blu177.mail.live.com
2014-03-31 12:44:57,www.google.fr
2014-03-31 12:45:12,www.google.fr
2014-03-31 12:45:13,apis.google.com
2014-03-31 12:45:15,www.google.com
2014-03-31 12:46:21,www.google.fr
2014-03-31 12:46:35,www.google.fr
2014-03-31 12:46:37,www2.univ-paris8.fr
2014-03-31 12:46:57,www.google.fr
2014-03-31 12:46:59,www.google.com
2014-03-31 12:46:59,www.developpez.net
2014-03-31 12:47:00,ajax.googleapis.com
2014-03-31 12:47:00,www.google.com
2014-03-31 12:47:00,www.developpez.net
2014-03-31 12:47:01,www.developpez.net
2014-03-31 12:47:01,sync.uuidcshmg.com
2014-03-31 12:47:02,www.developpez.net
2014-03-31 12:47:03,www.google.fr
2014-03-31 12:47:03,www.developpez.net
2014-03-31 12:47:04,www.developpez.net
2014-03-31 12:47:05,www.developpez.net
2014-03-31 12:47:06,www.developpez.net
2014-03-31 12:47:06,www.google.fr
2014-03-31 12:47:07,fr.intext.adfever.com
2014-03-31 12:47:07,www.6ma.fr
2014-03-31 12:47:07,static.6ma.fr
2014-03-31 12:47:08,www.developpez.net
2014-03-31 12:47:08,platform.twitter.com
2014-03-31 12:47:08,connect.facebook.net
2014-03-31 12:47:08,static.ak.facebook.com
2014-03-31 12:47:08,q0e1ki3zxz.s.ad6media.fr
2014-03-31 12:47:08,www.google.com
2014-03-31 12:47:11,platform.twitter.com
2014-03-31 12:47:12,www.facebook.com
2014-03-31 12:47:15,s-static.ak.facebook.com
2014-03-31 12:47:18,twitter.com
2014-03-31 12:47:20,www.facebook.com
2014-03-31 12:47:21,dps.bing.com
2014-03-31 12:47:22,www.6ma.fr
2014-03-31 12:47:22,twitter.com
2014-03-31 12:47:22,s-static.ak.facebook.com
2014-03-31 12:47:22,www.facebook.com
2014-03-31 12:47:22,platform.twitter.com
2014-03-31 12:47:24,fpdownload2.macromedia.com
2014-03-31 12:48:02,ieonline.microsoft.com
2014-03-31 12:49:04,www.google.fr
2014-03-31 12:49:04,www.google.com
2014-03-31 12:49:04,apis.google.com
2014-03-31 12:49:20,www.facebook.com
2014-03-31 12:49:22,www.facebook.com
2014-03-31 12:52:11,www.google.fr
2014-03-31 12:52:12,eric.univ-lyon2.fr
2014-03-31 12:54:06,www.google.fr
2014-03-31 12:55:15,www.iutbayonne.univ-pau.fr
2014-03-31 12:55:15,www.google.fr
2014-03-31 12:56:06,www.google.fr
2014-03-31 12:56:47,www.google.fr
2014-03-31 12:56:47,perso.fundp.ac.be
2014-03-31 12:57:31,www.google.fr
2014-03-31 12:57:32,www.top-assistante.com
2014-03-31 12:57:33,www.google.fr
2014-03-31 12:57:35,www.developpez.net
2014-03-31 12:57:35,sync.uuidcshmg.com
2014-03-31 12:57:36,www.developpez.net
2014-03-31 12:57:37,www.developpez.net
2014-03-31 12:57:37,krxd.nexac.com
2014-03-31 12:57:37,jslog.krxd.net
2014-03-31 12:58:26,www.google.fr
2014-03-31 12:58:26,www.info-3000.com
2014-03-31 12:58:27,www.info-3000.com
2014-03-31 12:59:12,www.google.fr
2014-03-31 12:59:13,msdn.microsoft.com
2014-03-31 12:59:13,i3.msdn.microsoft.com
2014-03-31 12:59:13,i.msdn.microsoft.com
2014-03-31 12:59:13,i2.msdn.microsoft.com
2014-03-31 12:59:13,i2.services.social.microsoft.com
2014-03-31 12:59:14,msdn.microsoft.com
2014-03-31 12:59:14,i2.msdn.microsoft.com
2014-03-31 12:59:14,dc.services.visualstudio.com
2014-03-31 12:59:14,c1.microsoft.com
2014-03-31 12:59:14,i1.social.s-msft.com
2014-03-31 12:59:14,js.microsoft.com
2014-03-31 12:59:15,js.microsoft.com
2014-03-31 12:59:23,www.google.fr
2014-03-31 12:59:23,excel.developpez.com
2014-03-31 12:59:23,www.developpez.com
2014-03-31 12:59:24,www.developpez.com
2014-03-31 12:59:24,excel.developpez.com
2014-03-31 12:59:25,sync.uuidcshmg.com
2014-03-31 12:59:25,excel.developpez.com
2014-03-31 12:59:25,www.developpez.com
2014-03-31 12:59:26,www.developpez.com
2014-03-31 12:59:27,www.facebook.com
2014-03-31 12:59:36,excel.developpez.com
2014-03-31 12:59:38,excel.developpez.com
2014-03-31 12:59:40,um.simpli.fi
2014-03-31 12:59:41,apnx-match.dotomi.com
2014-03-31 12:59:41,adventori.com
2014-03-31 12:59:41,dtm.footlocker.com
2014-03-31 12:59:42,c1.adform.net
2014-03-31 13:00:01,pixel2368.everesttech.net
2014-03-31 13:00:02,cm.adgrx.com
2014-03-31 13:00:11,www.commentcamarche.net
2014-03-31 13:00:11,www.google.fr
2014-03-31 13:00:12,static.ccm2.net
2014-03-31 13:00:12,ba.commentcamarche.net
2014-03-31 13:00:13,r.ccmbg.com
2014-03-31 13:00:13,static.ccm2.net
2014-03-31 13:00:14,kh6qrx0f8h.s.ad6media.fr
2014-03-31 13:00:14,www.facebook.com
2014-03-31 13:00:14,platform.twitter.com
2014-03-31 13:00:14,static.ccm2.net
2014-03-31 13:00:23,ajax.googleapis.com
2014-03-31 13:00:24,twitter.com
2014-03-31 13:00:32,www.commentcamarche.net
2014-03-31 13:00:32,twitter.com
2014-03-31 13:00:32,ajax.googleapis.com
2014-03-31 13:00:32,www.google.fr
2014-03-31 13:00:32,pixel2368.everesttech.net
2014-03-31 13:00:32,www.facebook.com
2014-03-31 13:00:32,ce.lijit.com
2014-03-31 13:00:32,static.ccm2.net
2014-03-31 13:00:32,ba.commentcamarche.net
2014-03-31 13:00:33,ba.commentcamarche.net
2014-03-31 13:00:34,www.facebook.com
2014-03-31 13:00:34,connect.facebook.net
2014-03-31 13:00:34,static.ccm2.net
2014-03-31 13:00:35,www.facebook.com
2014-03-31 13:00:35,platform.twitter.com
2014-03-31 13:00:35,static.ccmbg.com
2014-03-31 13:00:35,static.ccm2.net
2014-03-31 13:00:35,ba.commentcamarche.net
2014-03-31 13:00:38,static.ccm2.net
2014-03-31 13:00:42,twitter.com
2014-03-31 13:00:44,ba.commentcamarche.net
2014-03-31 13:00:45,ba.commentcamarche.net
2014-03-31 13:00:45,www.facebook.com
2014-03-31 13:00:49,www.facebook.com
2014-03-31 13:00:50,www.commentcamarche.net
2014-03-31 13:00:50,twitter.com
2014-03-31 13:00:59,static.ebz.io
2014-03-31 13:00:59,www.facebook.com
2014-03-31 13:01:15,twitter.com
2014-03-31 13:02:01,www.facebook.com
2014-03-31 13:02:02,www.google.fr
2014-03-31 13:02:02,www.facebook.com
2014-03-31 13:02:04,www.excelabo.net
2014-03-31 13:02:04,www.google.fr
2014-03-31 13:02:05,www.excelabo.net
2014-03-31 13:02:06,www.misfu.com
2014-03-31 13:02:06,www.google.fr
2014-03-31 13:02:07,www.misfu.com
2014-03-31 13:02:07,www.facebook.com
2014-03-31 13:02:08,www.misfu.com
2014-04-14 11:27:00,hotmail.com
2014-04-14 11:27:07,ieonline.microsoft.com
2014-04-14 11:27:14,login.live.com
2014-04-14 11:27:33,login.live.com
2014-04-14 11:27:58,windowslive.tt.omtrdc.net
2014-04-14 11:28:11,windowslive.tt.omtrdc.net
2014-04-14 11:28:32,login.live.com
2014-04-14 11:28:43,mail.live.com
2014-04-14 11:28:43,blu177.mail.live.com
2014-04-14 11:28:47,cid-50ad427121cc0354.users.storage.live.com
2014-04-14 11:28:47,blu177.mail.live.com
2014-04-14 11:28:47,h2.msn.com
2014-04-14 11:28:47,g.msn.com
2014-04-14 11:28:49,go.trouter.io
2014-04-14 11:28:49,storage.live.com
2014-04-14 11:28:49,secure.shared.live.com
2014-04-14 11:28:51,people.directory.live.com
2014-04-14 11:28:51,blu177.mail.live.com
2014-04-14 11:28:51,secure.shared.live.com
2014-04-14 11:28:52,blu177.mail.live.com
2014-04-14 11:28:53,h.live.com
2014-04-14 11:28:54,h.bing.com
2014-04-14 11:29:21,byfiles.storage.msn.com
2014-04-14 11:29:21,h.bing.com
2014-04-14 11:29:21,h.live.com
2014-04-14 11:29:21,js.live.net
2014-04-14 11:29:22,blu177.mail.live.com
2014-04-14 11:29:23,blu177.mail.live.com
2014-04-14 11:29:24,g.msn.com
2014-04-14 11:29:24,h.live.com
2014-04-14 11:29:25,blu177.mail.live.com
2014-04-14 11:29:26,blu177.mail.live.com
2014-04-14 11:29:26,h.live.com
2014-04-14 11:29:32,h.live.com
2014-04-14 11:29:38,blu177.mail.live.com
2014-04-14 11:29:38,g.msn.com
2014-04-14 11:29:43,blu177.mail.live.com
2014-04-14 11:30:09,g.msn.com
2014-04-14 11:30:34,blu177.mail.live.com
2014-04-14 11:30:35,blu177.mail.live.com
2014-04-14 11:30:40,h.live.com
2014-04-14 11:30:41,blu177.afx.ms
2014-04-14 11:30:43,blu177.mail.live.com
2014-04-14 11:31:08,h2.msn.com
2014-04-14 11:31:21,h2.msn.com
2014-04-14 11:31:21,h.live.com
2014-04-14 11:31:21,blu177.mail.live.com
2014-04-14 11:31:22,blu177.mail.live.com
2014-04-14 11:31:26,blu177.mail.live.com
2014-04-14 11:31:28,blu177.mail.live.com
2014-04-14 11:31:32,h.live.com
2014-04-14 11:31:33,www.colisprive.com
2014-04-14 11:31:33,api.bankin.com
2014-04-14 11:31:44,www.colisprive.com
2014-04-14 11:31:55,go.trouter.io
2014-04-14 11:31:56,www.colisprive.com
2014-04-14 11:31:56,g.msn.com
2014-04-14 11:31:56,h.live.com
2014-04-14 11:31:56,g.live.com
2014-04-14 11:31:56,blu177.mail.live.com
2014-04-14 15:48:22,www.google.fr
2014-04-14 15:48:35,www.google.fr
2014-04-14 15:48:36,apis.google.com
2014-04-14 15:48:38,www.google.com
2014-04-14 15:48:40,mail.google.com
2014-04-14 15:48:40,www.google.com
2014-04-14 15:48:43,accounts.google.com
2014-04-14 15:48:43,www.google.fr
2014-04-14 15:48:43,apis.google.com
2014-04-14 15:48:55,accounts.youtube.com
2014-04-14 15:48:58,www.google.fr
2014-04-14 15:49:02,accounts.google.fr
2014-04-14 15:49:03,www.google.com
2014-04-14 15:49:04,mail.google.com
2014-04-14 15:49:04,clients2.google.com
2014-04-14 15:49:04,www.google.com
2014-04-14 15:49:04,accounts.youtube.com
2014-04-14 15:49:04,accounts.google.fr
2014-04-14 15:49:04,accounts.google.com
2014-04-14 15:49:05,plus.google.com
2014-04-14 15:49:06,clients2.google.com
2014-04-14 15:49:06,mail.google.com
2014-04-14 15:49:09,chatenabled.mail.google.com
2014-04-14 15:49:10,mail.google.com
2014-04-14 15:49:19,clients1.google.com
2014-04-14 15:49:19,gtglobal-ocsp.geotrust.com
2014-04-14 15:49:20,safebrowsing.clients.google.com
2014-04-14 15:49:20,safebrowsing-cache.google.com
2014-04-14 15:49:21,safebrowsing-cache.google.com
2014-04-14 15:49:23,gtssl-ocsp.geotrust.com
2014-04-14 15:49:30,accounts.google.com
2014-04-14 15:49:31,mail.google.com
2014-04-14 15:49:53,chatenabled.mail.google.com
2014-04-14 15:49:53,mail.google.com
2014-04-14 15:49:53,plus.google.com
2014-04-14 15:49:53,apis.google.com
2014-04-14 15:49:53,clients6.google.com
2014-04-14 15:49:53,drive.google.com
2014-04-14 15:49:54,apis.google.com
2014-04-14 15:49:54,mail.google.com
2014-04-14 15:49:54,drive.google.com
2014-04-14 15:50:06,sb-ssl.google.com
2014-04-14 15:50:11,drive.google.com
2014-04-14 15:50:35,mail.google.com
2014-04-14 15:51:35,ieonline.microsoft.com
2014-04-14 15:53:54,mail.google.com
2014-04-14 15:53:54,clients6.google.com
2014-04-14 15:53:54,plus.google.com
2014-04-14 15:54:06,plus.google.com
2014-04-14 15:54:23,clients6.google.com
2014-04-14 15:54:35,apis.google.com
2014-04-14 16:03:11,plus.google.com
2014-04-14 16:04:07,plus.google.com
2014-04-14 16:09:37,mail.google.com
2014-04-14 16:13:21,plus.google.com
2014-04-14 16:14:37,mail.google.com
2014-04-14 16:19:37,mail.google.com
2014-04-14 16:23:22,plus.google.com
2014-04-14 16:24:37,mail.google.com
2014-04-14 16:29:37,mail.google.com
2014-04-14 16:33:22,plus.google.com
2014-04-14 16:35:05,mail.google.com
2014-04-14 16:39:37,mail.google.com
2014-04-14 16:43:22,plus.google.com
2014-04-14 16:44:37,mail.google.com
2014-04-14 16:49:37,mail.google.com
2014-04-14 16:53:23,plus.google.com
2014-04-14 16:54:16,mail.google.com
2014-04-14 16:59:37,mail.google.com
2014-04-14 17:03:23,plus.google.com
2014-04-14 17:04:37,mail.google.com
2014-04-14 17:09:37,mail.google.com
2014-04-14 17:13:23,plus.google.com
2014-04-14 17:14:37,mail.google.com
2014-04-14 17:19:37,mail.google.com
2014-04-14 17:23:24,plus.google.com
2014-04-14 17:24:37,mail.google.com
2014-04-14 17:29:37,mail.google.com
2014-04-14 17:31:54,mail.google.com
2014-04-14 17:31:55,mail.google.com
2014-04-14 17:31:55,plus.google.com
2014-04-24 11:54:22,sci.sciences.univ-bpclermont.fr
2014-04-24 11:54:28,hotmail.com
2014-04-24 11:54:39,login.live.com
2014-04-24 11:54:58,login.live.com
2014-04-24 11:55:19,login.live.com
2014-04-24 11:55:36,login.live.com
2014-04-24 11:55:42,blu177.mail.live.com
2014-04-24 11:55:42,mail.live.com
2014-04-24 11:55:48,h2.msn.com
2014-04-24 11:55:48,blu177.mail.live.com
2014-04-24 11:55:48,people.directory.live.com
2014-04-24 11:55:48,cid-50ad427121cc0354.users.storage.live.com
2014-04-24 11:55:49,g.msn.com
2014-04-24 11:55:49,h2.msn.com
2014-04-24 11:55:49,blu177.mail.live.com
2014-04-24 11:55:49,go.trouter.io
2014-04-24 11:55:50,blu177.mail.live.com
2014-04-24 11:55:50,secure.shared.live.com
2014-04-24 11:55:51,byfiles.storage.msn.com
2014-04-24 11:55:51,secure.shared.live.com
2014-04-24 11:55:51,storage.live.com
2014-04-24 11:55:51,js.live.net
2014-04-24 11:55:51,blu177.mail.live.com
2014-04-24 11:55:52,blu177.mail.live.com
2014-04-24 11:55:52,h2.msn.com
2014-04-24 11:55:52,h.live.com
2014-04-24 11:55:53,g.msn.com
2014-04-24 11:55:53,h.bing.com
2014-04-24 11:55:54,h.live.com
2014-04-24 11:56:55,blu177.mail.live.com
2014-04-24 11:56:57,h.bing.com
2014-04-24 11:57:21,g.msn.com
2014-04-24 11:57:21,blu177.afx.ms
2014-04-24 11:57:21,h.live.com
2014-04-24 11:57:22,blu177.mail.live.com
2014-04-24 11:57:23,h.live.com
2014-04-24 11:57:26,g.msn.com
2014-04-24 11:57:34,ieonline.microsoft.com
2014-04-24 11:57:40,blu177.mail.live.com
2014-04-24 11:57:48,blu177.mail.live.com
2014-04-24 11:58:07,q.bstatic.com
2014-04-24 11:58:07,r.bstatic.com
2014-04-24 11:58:08,r.bstatic.com
2014-04-24 11:58:08,g.live.com
2014-04-24 11:58:08,q.bstatic.com
2014-04-24 11:58:12,go.microsoft.com
2014-04-24 11:58:13,shell.windows.com
2014-04-24 11:58:14,shell.windows.com
2014-04-24 11:58:18,maps.googleapis.com
2014-04-24 11:58:21,secure.rentalcars.com
2014-04-24 11:58:27,blu177.mail.live.com
2014-04-24 11:58:28,blu177.mail.live.com
2014-04-24 11:58:31,blu177.mail.live.com
2014-04-24 11:58:32,maps.googleapis.com
2014-04-24 11:58:32,r.bstatic.com
2014-04-24 11:58:32,secure.rentalcars.com
2014-04-24 11:58:32,blu177.mail.live.com
2014-04-24 11:58:33,q.bstatic.com
2014-04-24 11:58:33,secure.rentalcars.com
2014-04-24 11:58:33,r.bstatic.com
2014-04-24 11:58:52,r.bstatic.com
2014-04-24 11:58:53,blu177.mail.live.com
2014-04-24 11:59:06,secure.rentalcars.com
2014-04-24 11:59:06,r.bstatic.com
2014-04-24 11:59:06,q.bstatic.com
2014-04-24 11:59:06,maps.googleapis.com
2014-04-24 11:59:06,connect.facebook.net
2014-04-24 11:59:06,www.facebook.com
2014-04-24 11:59:07,connect.facebook.net
2014-04-24 11:59:07,r.bstatic.com
2014-04-24 11:59:07,maps.googleapis.com
2014-04-24 11:59:07,q.bstatic.com
2014-04-24 11:59:20,r.bstatic.com
2014-04-24 11:59:20,www.facebook.com
2014-04-24 11:59:20,secure.rentalcars.com
2014-04-24 11:59:29,secure.rentalcars.com
2014-04-24 11:59:34,secure.rentalcars.com
2014-04-24 11:59:43,secure.traveljigsaw.com
2014-04-24 11:59:48,secure.traveljigsaw.com
2014-04-24 11:59:49,secure.traveljigsaw.com
2014-04-24 11:59:54,secure.traveljigsaw.com
2014-04-24 12:00:06,www.google.com
2014-04-24 12:00:08,www.google.fr
2014-04-24 12:00:39,secure.rentalcars.com
2014-04-24 12:00:45,secure.traveljigsaw.com
2014-04-24 12:01:50,h.live.com
2014-04-24 12:01:54,proxy-blu-people.directory.live.com
2014-04-24 12:01:55,blu177.mail.live.com
2014-04-24 12:01:57,blu177.mail.live.com
2014-04-24 12:01:58,blu177.mail.live.com
2014-04-24 12:04:02,r.bstatic.com
2014-04-24 12:04:45,www.google.com
2014-04-24 12:04:45,www.google.fr
2014-04-24 12:06:02,r.bstatic.com
2014-04-24 12:06:02,q.bstatic.com
2014-04-24 12:06:59,proxy-blu-people.directory.live.com
2014-04-24 12:07:00,blu177.mail.live.com
2014-04-24 12:10:13,blu177.mail.live.com
2014-04-24 12:12:22,h.live.com
2014-04-24 12:12:27,blu177.mail.live.com
2014-04-24 12:12:28,proxy-blu-people.directory.live.com
2014-04-24 12:12:29,blu177.mail.live.com
2014-04-24 12:12:47,www.govoyages.com
2014-04-24 12:12:47,govoyages.fr
2014-04-24 12:12:48,www.govoyages.com
2014-04-24 12:12:48,www.tripadvisor.com
2014-04-24 12:12:49,fpdownload2.macromedia.com
2014-04-24 12:12:49,www.govoyages.com
2014-04-24 12:12:50,sejour.govoyages.com
2014-04-24 12:12:50,www.govoyages.com
2014-04-24 12:12:50,hal9000.redintelligence.net
2014-04-24 12:12:50,www.carhire3000.com
2014-04-24 12:12:50,www.facebook.com
2014-04-24 12:12:50,voiture.govoyages.com
2014-04-24 12:12:50,dcs.adgear.com
2014-04-24 12:12:50,ajax.googleapis.com
2014-04-24 12:12:51,www.booking.com
2014-04-24 12:12:51,q-ec.bstatic.com
2014-04-24 12:12:51,r-ec.bstatic.com
2014-04-24 12:12:51,banniere.reussissonsensemble.fr
2014-04-24 12:12:51,r.bstatic.com
2014-04-24 12:12:51,q.bstatic.com
2014-04-24 12:12:51,www.govoyages.com
2014-04-24 12:12:51,ea.numericable.fr
2014-04-24 12:12:59,www.govoyages.com
2014-04-24 12:13:00,www.govoyages.com
2014-04-24 12:13:00,banniere.reussissonsensemble.fr
2014-04-24 12:13:00,www.prizee.com
2014-04-24 12:13:08,www.govoyages.com
2014-04-24 12:13:13,www.govoyages.com
2014-04-24 12:13:14,www.govoyages.com
2014-04-24 12:13:25,moteur.govoyages.com
2014-04-24 12:13:25,www.govoyages.com
2014-04-24 12:13:26,static.liligo.com
2014-04-24 12:13:26,govoyages4.travelagency.travel
2014-04-24 12:13:26,moteur.govoyages.com
2014-04-24 12:13:27,www.google.com
2014-04-24 12:13:27,govoyages4.travelagency.travel
2014-04-24 12:13:27,www.google.fr
2014-04-24 12:13:27,pixel2038.everesttech.net
2014-04-24 12:13:28,www.google.fr
2014-04-24 12:13:28,www.google.com
2014-04-24 12:13:34,govoyages4.travelagency.travel
2014-04-24 12:13:35,govoyages4.travelagency.travel
2014-04-24 12:13:35,www.google.com
2014-04-24 12:13:36,govoyages4.travelagency.travel
2014-04-24 12:13:36,www.google.com
2014-04-24 12:13:36,www.google.fr
2014-04-24 12:13:36,pixel2038.everesttech.net
2014-04-24 12:13:39,www.google.fr
2014-04-24 12:13:39,www.google.com
2014-04-24 12:13:39,govoyages4.travelagency.travel
2014-04-24 12:13:40,govoyages4.travelagency.travel
2014-04-24 12:13:56,www.google.fr
2014-04-24 12:13:56,govoyages4.travelagency.travel
2014-04-24 12:13:56,pixel2038.everesttech.net
2014-04-24 12:13:56,www.google.com
2014-04-24 12:13:58,www.google.com
2014-04-24 12:13:58,www.google.fr
2014-04-24 12:13:59,govoyages4.travelagency.travel
2014-04-24 12:13:59,pixel2368.everesttech.net
2014-04-24 12:14:00,dcs.adgear.com
2014-04-24 12:14:00,pixel2368.everesttech.net
2014-04-24 12:14:01,www.booking.com
2014-04-24 12:14:01,www.govoyages.com
2014-04-24 12:14:01,voiture.govoyages.com
2014-04-24 12:14:02,www.facebook.com
2014-04-24 12:14:04,dps.bing.com
2014-04-24 12:14:08,www.govoyages.com
2014-04-24 12:14:32,moteur.govoyages.com
2014-04-24 12:14:32,blu177.mail.live.com
2014-04-24 12:14:33,www.govoyages.com
2014-04-24 12:14:33,govoyages4.travelagency.travel
2014-04-24 12:14:33,pixel2038.everesttech.net
2014-04-24 12:14:34,pixel2038.everesttech.net
2014-04-24 12:14:34,www.google.com
2014-04-24 12:14:34,www.google.fr
2014-04-24 12:14:43,govoyages4.travelagency.travel
2014-04-24 12:14:44,govoyages4.travelagency.travel
2014-04-24 12:14:44,www.google.com
2014-04-24 12:14:44,pixel2038.everesttech.net
2014-04-24 12:14:44,www.google.fr
2014-04-24 12:14:46,www.google.fr
2014-04-24 12:14:46,www.google.com
2014-04-24 12:14:53,pixel2368.everesttech.net
2014-04-24 12:14:55,pixel2368.everesttech.net
2014-04-24 12:15:23,pixel2368.everesttech.net
2014-04-24 12:15:23,govoyages4.travelagency.travel
2014-04-24 12:15:24,govoyages4.travelagency.travel
2014-04-24 12:15:28,govoyages4.travelagency.travel
2014-04-24 12:15:29,www.google.fr
2014-04-24 12:15:29,www.google.com
2014-04-24 12:15:29,pixel2038.everesttech.net
2014-04-24 12:15:39,govoyages4.travelagency.travel
2014-04-24 12:15:40,www.google.fr
2014-04-24 12:15:40,govoyages4.travelagency.travel
2014-04-24 12:15:40,pixel2038.everesttech.net
2014-04-24 12:15:40,www.google.com
2014-04-24 12:15:41,www.google.com
2014-04-24 12:15:41,www.google.fr
2014-04-24 12:17:09,go.trouter.io
2014-04-24 12:17:16,proxy-blu-people.directory.live.com
2014-04-24 12:17:16,h.live.com
2014-04-24 12:17:16,blu177.mail.live.com
