timestamp,site
2014-01-25 10:13:01,ieonline.microsoft.com
2014-01-25 10:13:05,www.google.com
2014-01-25 10:13:05,www.bing.com
2014-01-25 10:13:09,www.bing.com
2014-01-25 10:13:10,www.bing.com
2014-01-25 10:13:11,www.bing.com
2014-01-25 10:13:11,cms.abmr.net
2014-01-25 10:13:12,login.live.com
2014-01-25 10:13:13,ssl.bing.com
2014-01-25 10:13:13,www.bing.com
2014-01-25 10:13:49,www.bing.com
2014-01-25 10:15:00,go.microsoft.com
2014-01-25 10:15:00,ieonline.microsoft.com
2014-01-25 10:15:20,www.bing.com
2014-01-25 10:15:20,ssl.bing.com
2014-01-25 10:15:21,www.bing.com
2014-01-25 10:16:06,www.google.fr
2014-01-25 10:16:07,www.google.fr
2014-01-25 10:16:08,www.google.com
2014-01-25 10:16:08,apis.google.com
2014-01-25 10:16:14,apis.google.com
2014-01-25 10:16:14,www.google.com
2014-01-25 10:16:14,www.google.fr
2014-01-25 10:16:14,entauvergne.fr
2014-01-25 10:16:14,code.jquery.com
2014-01-25 10:16:15,entauvergne.fr
2014-01-25 10:16:25,www.google.fr
2014-01-25 10:16:25,statics.itslearning.com
2014-01-25 10:19:21,www.bing.com
2014-01-25 10:19:23,www.bing.com
2014-01-25 10:19:23,login.live.com
2014-01-25 10:19:31,www.bing.com
2014-01-25 10:20:41,ssl.bing.com
2014-01-25 10:20:44,www.bing.com
2014-01-25 10:20:45,www.bing.com
2014-01-25 10:20:46,cms.abmr.net
2014-01-25 10:20:47,login.live.com
2014-01-25 10:20:47,www.bing.com
2014-01-25 10:20:55,www.bing.com
2014-01-25 10:20:55,ssl.bing.com
2014-01-25 10:21:02,yt3.ggpht.com
2014-01-25 10:21:02,s.youtube.com
2014-01-25 10:21:02,www.youtube.com
2014-01-25 10:21:02,r1---sn-gxo5uxg-jqbe.googlevideo.com
2014-01-25 10:21:02,s.ytimg.com
2014-01-25 10:21:02,www.bing.com
2014-01-25 10:21:03,apis.google.com
2014-01-25 10:21:03,www.google.com
2014-01-25 10:21:03,s.ytimg.com
2014-01-25 10:21:03,i1.ytimg.com
2014-01-25 10:21:03,yt3.ggpht.com
2014-01-25 10:21:03,www.youtube.com
2014-01-25 10:21:04,apis.google.com
2014-01-25 10:21:04,www.youtube.com
2014-01-25 10:21:04,r1---sn-gxo5uxg-jqbe.googlevideo.com
2014-01-25 10:21:05,s.youtube.com
2014-01-25 10:21:05,www.google.com
2014-01-25 10:21:05,r1---sn-gxo5uxg-jqbe.googlevideo.com
2014-01-25 10:21:06,i1.ytimg.com
2014-01-25 10:21:06,www.youtube.com
2014-01-25 10:21:06,yt4.ggpht.com
2014-01-25 10:21:09,r1---sn-gxo5uxg-jqbe.googlevideo.com
2014-01-25 10:21:09,yt3.ggpht.com
2014-01-25 10:21:10,s.youtube.com
2014-01-25 10:21:14,s.youtube.com
2014-01-25 10:21:15,yt3.ggpht.com
2014-01-25 10:21:15,www.youtube.com
2014-01-25 10:21:17,www.youtube.com
2014-01-25 10:21:20,s.youtube.com
2014-01-25 10:21:23,r1---sn-gxo5uxg-jqbe.googlevideo.com
2014-01-25 10:21:24,r1---sn-gxo5uxg-jqbe.googlevideo.com
2014-01-25 10:21:30,s.youtube.com
2014-01-25 10:21:38,r1---sn-gxo5uxg-jqbe.googlevideo.com
2014-01-25 10:21:40,r1---sn-gxo5uxg-jqbe.googlevideo.com
2014-01-25 10:21:44,s.youtube.com
2014-01-25 10:21:53,r1---sn-gxo5uxg-jqbe.googlevideo.com
2014-01-25 10:21:54,r1---sn-gxo5uxg-jqbe.googlevideo.com
2014-01-25 10:22:08,yt4.ggpht.com
2014-01-25 10:22:08,r1---sn-gxo5uxg-jqbe.googlevideo.com
2014-01-25 10:22:09,s.youtube.com
2014-01-25 10:22:11,r1---sn-gxo5uxg-jqbe.googlevideo.com
2014-01-25 10:22:14,s.youtube.com
2014-01-25 10:22:23,r1---sn-gxo5uxg-jqbe.googlevideo.com
2014-01-25 10:22:25,r1---sn-gxo5uxg-jqbe.googlevideo.com
2014-01-25 10:22:38,r1---sn-gxo5uxg-jqbe.googlevideo.com
2014-01-25 10:22:40,r1---sn-gxo5uxg-jqbe.googlevideo.com
2014-01-25 10:22:44,s.youtube.com
2014-01-25 10:22:49,s.youtube.com
2014-01-25 10:22:53,r1---sn-gxo5uxg-jqbe.googlevideo.com
2014-01-25 10:22:55,r1---sn-gxo5uxg-jqbe.googlevideo.com
2014-01-25 10:23:15,s.youtube.com
2014-01-25 10:23:20,www.youtube.com
2014-01-25 10:23:24,i1.ytimg.com
2014-01-25 10:23:24,s.ytimg.com
2014-01-25 10:23:29,s.youtube.com
2014-01-25 10:23:45,s.youtube.com
2014-01-25 10:23:53,clients1.google.com
2014-01-25 10:23:53,s.ytimg.com
2014-01-25 10:23:54,s.ytimg.com
2014-01-25 10:23:54,www.youtube.com
2014-01-25 10:23:54,s.youtube.com
2014-01-25 10:23:55,www.bing.com
2014-01-25 10:23:55,apis.google.com
2014-01-25 10:24:39,www.bing.com
2014-01-25 10:24:40,www.bing.com
2014-01-25 10:24:47,www.bing.com
2014-01-25 10:24:48,www.bing.com
2014-01-25 10:24:55,ajax.googleapis.com
2014-01-25 10:24:55,home.edt02.net
2014-01-25 10:24:55,www.bing.com
2014-01-25 10:24:55,sante-medecine.commentcamarche.net
2014-01-25 10:24:55,static.commentcamarche.net
2014-01-25 10:24:55,static.ccm2.net
2014-01-25 10:24:55,ba.commentcamarche.net
2014-01-25 10:24:55,platform.twitter.com
2014-01-25 10:24:55,www.facebook.com
2014-01-25 10:24:55,r.ccm2.net
2014-01-25 10:24:56,www.facebook.com
2014-01-25 10:24:56,static.ccm2.net
2014-01-25 10:24:56,apis.google.com
2014-01-25 10:24:56,ajax.googleapis.com
2014-01-25 10:24:56,accounts.google.com
2014-01-25 10:24:57,twitter.com
2014-01-25 10:24:57,accounts.google.com
2014-01-25 10:24:57,s-static.ak.facebook.com
2014-01-25 10:24:57,connect.facebook.net
2014-01-25 10:24:57,pixel.alephd.com
2014-01-25 10:24:57,platform.twitter.com
2014-01-25 10:24:57,static.ccm2.net
2014-01-25 10:24:57,www.commentcamarche.net
2014-01-25 10:24:57,static.ccmbg.com
2014-01-25 10:24:57,static.ak.facebook.com
2014-01-25 10:24:57,ba.commentcamarche.net
2014-01-25 10:24:57,www.linternaute.com
2014-01-25 10:24:57,www.facebook.com
2014-01-25 10:24:58,sante-medecine.commentcamarche.net
2014-01-25 10:24:58,www.facebook.com
2014-01-25 10:25:27,twitter.com
2014-01-25 10:26:10,www.facebook.com
2014-01-25 10:26:18,www.facebook.com
2014-01-25 10:26:19,www.facebook.com
2014-01-25 10:26:20,www.facebook.com
2014-01-25 10:26:21,www.facebook.com
2014-01-25 10:26:22,www.facebook.com
2014-01-25 10:26:23,www.facebook.com
2014-01-25 10:26:25,www.facebook.com
2014-01-25 10:26:26,www.facebook.com
2014-01-25 10:26:27,www.facebook.com
2014-01-25 10:26:37,www.google.fr
2014-01-25 10:26:54,www.google.fr
2014-01-25 10:26:54,www.msport.net
2014-01-25 10:26:55,www.msport.net
2014-01-25 10:27:00,www.google.fr
2014-01-25 10:27:00,www.msport.net
2014-01-25 10:27:09,www.google.fr
2014-01-25 10:27:10,www.msport.net
2014-01-25 10:27:10,www.skipassur.fr
2014-01-25 10:27:10,ajax.googleapis.com
2014-01-25 10:27:11,www.skipassur.fr
2014-01-25 10:27:12,ajax.googleapis.com
2014-01-25 10:27:12,www.skipassur.fr
2014-01-25 10:27:13,www.skipassur.fr
2014-01-25 10:29:36,www.bing.com
2014-01-25 10:29:39,ssl.bing.com
2014-01-25 10:29:39,login.live.com
2014-01-25 10:29:39,www.bing.com
2014-01-25 10:29:51,www.google.fr
2014-01-25 10:30:50,ssl.bing.com
2014-01-25 10:33:34,www.google.fr
2014-01-25 10:33:34,www.ffsa.fr
2014-01-25 10:33:35,www.ffsa.fr
2014-01-25 10:34:01,www.ffsa.fr
2014-01-25 10:34:02,www.ffsa.fr
2014-01-25 10:35:17,yt3.ggpht.com
2014-01-25 10:35:17,www.google.fr
2014-01-25 10:35:17,www.youtube.com
2014-01-25 10:35:18,www.google.fr
2014-01-25 10:35:18,yt3.ggpht.com
2014-01-25 10:35:18,i1.ytimg.com
2014-01-25 10:35:21,yt4.ggpht.com
2014-01-25 10:35:21,www.youtube.com
2014-01-25 10:35:24,yt4.ggpht.com
2014-01-25 10:35:24,i4.ytimg.com
2014-01-25 10:35:24,s.youtube.com
2014-01-25 10:35:24,www.youtube-nocookie.com
2014-01-25 10:35:24,i1.ytimg.com
2014-01-25 10:35:24,r2---sn-gxo5uxg-jqbe.googlevideo.com
2014-01-25 10:35:24,www.youtube.com
2014-01-25 10:35:25,s.youtube.com
2014-01-25 10:35:25,i1.ytimg.com
2014-01-25 10:35:25,gdata.youtube.com
2014-01-25 10:35:25,www.youtube.com
2014-01-25 10:35:25,r2---sn-gxo5uxg-jqbe.googlevideo.com
2014-01-25 10:35:26,r2---sn-gxo5uxg-jqbe.googlevideo.com
2014-01-25 10:35:26,www.youtube.com
2014-01-25 10:35:26,s.youtube.com
2014-01-25 10:35:32,s.youtube.com
2014-01-25 10:35:33,s.youtube.com
2014-01-25 10:35:33,r2---sn-gxo5uxg-jqbe.googlevideo.com
2014-01-25 10:35:33,www.youtube.com
2014-01-25 10:35:35,s.youtube.com
2014-01-25 10:35:35,i1.ytimg.com
2014-01-25 10:35:36,s.youtube.com
2014-01-25 10:35:36,r2---sn-gxo5uxg-jqbe.googlevideo.com
2014-01-25 10:35:38,r2---sn-gxo5uxg-jqbe.googlevideo.com
2014-01-25 10:35:39,r2---sn-gxo5uxg-jqbe.googlevideo.com
2014-01-25 10:35:40,r2---sn-gxo5uxg-jqbe.googlevideo.com
2014-01-25 10:35:42,s.youtube.com
2014-01-25 10:35:43,s.youtube.com
2014-01-25 10:35:46,s.youtube.com
2014-01-25 10:35:52,s.youtube.com
2014-01-25 10:35:56,s.youtube.com
2014-01-25 10:35:58,r2---sn-gxo5uxg-jqbe.googlevideo.com
2014-01-25 10:36:00,r2---sn-gxo5uxg-jqbe.googlevideo.com
2014-01-25 10:36:13,s.youtube.com
2014-01-25 10:36:13,r2---sn-gxo5uxg-jqbe.googlevideo.com
2014-01-25 10:36:16,r2---sn-gxo5uxg-jqbe.googlevideo.com
2014-01-25 10:36:26,s.youtube.com
2014-01-25 10:36:28,r2---sn-gxo5uxg-jqbe.googlevideo.com
2014-01-25 10:36:38,r2---sn-gxo5uxg-jqbe.googlevideo.com
2014-01-25 10:36:43,r2---sn-gxo5uxg-jqbe.googlevideo.com
2014-01-25 10:36:43,s.youtube.com
2014-01-25 10:36:49,s.youtube.com
2014-01-25 10:36:58,r2---sn-gxo5uxg-jqbe.googlevideo.com
2014-01-25 10:37:06,s.youtube.com
2014-01-25 10:37:12,r2---sn-gxo5uxg-jqbe.googlevideo.com
2014-01-25 10:37:19,s.youtube.com
2014-01-25 10:37:46,s.youtube.com
2014-01-25 10:37:46,www.youtube.com
2014-01-25 10:37:48,i1.ytimg.com
2014-01-25 10:37:50,s.youtube.com
2014-01-25 10:37:54,s.ytimg.com
2014-01-25 10:37:54,clients1.google.com
2014-01-25 10:38:00,www.youtube.com
2014-01-25 10:38:01,s.ytimg.com
2014-01-25 10:38:04,i1.ytimg.com
2014-01-25 10:38:04,s.ytimg.com
2014-01-25 10:38:04,www.youtube.com
2014-01-25 10:38:05,s.ytimg.com
2014-01-25 10:38:05,apis.google.com
2014-01-25 10:38:06,i1.ytimg.com
2014-01-25 10:38:19,s.youtube.com
2014-01-25 10:38:19,www.youtube.com
2014-01-25 10:38:26,s.youtube.com
2014-01-25 10:38:29,www.youtube.com
2014-01-25 10:38:29,r1---sn-gxo5uxg-jqbe.googlevideo.com
2014-01-25 10:38:29,i1.ytimg.com
2014-01-25 10:38:30,i1.ytimg.com
2014-01-25 10:38:30,www.youtube.com
2014-01-25 10:38:30,r1---sn-gxo5uxg-jqbe.googlevideo.com
2014-01-25 10:38:30,s.youtube.com
2014-01-25 10:38:35,r1---sn-gxo5uxg-jqbe.googlevideo.com
2014-01-25 10:38:39,s.youtube.com
2014-01-25 10:38:40,s.youtube.com
2014-01-25 10:38:40,www.youtube.com
2014-01-25 10:38:49,r1---sn-gxo5uxg-jqbe.googlevideo.com
2014-01-25 10:38:50,s.youtube.com
2014-01-25 10:39:00,s.youtube.com
2014-01-25 10:39:03,r1---sn-gxo5uxg-jqbe.googlevideo.com
2014-01-25 10:39:04,s.youtube.com
2014-01-25 10:39:09,s.youtube.com
2014-01-25 10:39:11,r1---sn-gxo5uxg-jqbe.googlevideo.com
2014-01-25 10:39:18,r1---sn-gxo5uxg-jqbe.googlevideo.com
2014-01-25 10:39:33,r1---sn-gxo5uxg-jqbe.googlevideo.com
2014-01-25 10:39:40,s.youtube.com
2014-01-25 10:39:44,s.youtube.com
2014-01-25 10:39:48,r1---sn-gxo5uxg-jqbe.googlevideo.com
2014-01-25 10:40:03,r1---sn-gxo5uxg-jqbe.googlevideo.com
2014-01-25 10:40:10,s.youtube.com
2014-01-25 10:40:18,r1---sn-gxo5uxg-jqbe.googlevideo.com
2014-01-25 10:40:22,r1---sn-gxo5uxg-jqbe.googlevideo.com
2014-01-25 10:40:25,s.youtube.com
2014-01-25 10:40:33,r1---sn-gxo5uxg-jqbe.googlevideo.com
2014-01-25 10:40:40,s.youtube.com
2014-01-25 10:40:48,r1---sn-gxo5uxg-jqbe.googlevideo.com
2014-01-25 10:40:58,r1---sn-gxo5uxg-jqbe.googlevideo.com
2014-01-25 10:41:03,r1---sn-gxo5uxg-jqbe.googlevideo.com
2014-01-25 10:41:05,s.youtube.com
2014-01-25 10:41:08,apis.google.com
2014-01-25 10:41:08,i1.ytimg.com
2014-01-25 10:41:10,s.youtube.com
2014-01-25 10:41:18,r1---sn-gxo5uxg-jqbe.googlevideo.com
2014-01-25 10:41:30,www.youtube.com
2014-01-25 10:41:33,r1---sn-gxo5uxg-jqbe.googlevideo.com
2014-01-25 10:41:34,r1---sn-gxo5uxg-jqbe.googlevideo.com
2014-01-25 10:41:40,s.youtube.com
2014-01-25 10:41:45,s.youtube.com
2014-01-25 10:41:48,r1---sn-gxo5uxg-jqbe.googlevideo.com
2014-01-25 10:42:03,r1---sn-gxo5uxg-jqbe.googlevideo.com
2014-01-25 10:42:10,i1.ytimg.com
2014-01-25 10:42:10,r1---sn-gxo5uxg-jqbe.googlevideo.com
2014-01-25 10:42:10,s.youtube.com
2014-01-25 10:42:18,r1---sn-gxo5uxg-jqbe.googlevideo.com
2014-01-25 10:42:25,s.youtube.com
2014-01-25 10:42:33,r1---sn-gxo5uxg-jqbe.googlevideo.com
2014-01-25 10:42:40,s.youtube.com
2014-01-25 10:42:42,r1---sn-gxo5uxg-jqbe.googlevideo.com
2014-01-25 10:42:48,r1---sn-gxo5uxg-jqbe.googlevideo.com
2014-01-25 10:43:03,r1---sn-gxo5uxg-jqbe.googlevideo.com
2014-01-25 10:43:04,clients1.google.com
2014-01-25 10:43:05,clients1.google.com
2014-01-25 10:43:05,s.youtube.com
2014-01-25 10:43:06,clients1.google.com
2014-01-25 10:43:07,clients1.google.com
2014-01-25 10:43:09,clients1.google.com
2014-01-25 10:43:10,s.youtube.com
2014-01-25 10:43:10,clients1.google.com
2014-01-25 10:43:11,clients1.google.com
2014-01-25 10:43:12,clients1.google.com
2014-01-25 10:43:13,clients1.google.com
2014-01-25 10:43:14,clients1.google.com
2014-01-25 10:43:15,www.google.com
2014-01-25 10:43:15,s.ytimg.com
2014-01-25 10:43:15,www.youtube.com
2014-01-25 10:43:15,i1.ytimg.com
2014-01-25 10:43:15,yt4.ggpht.com
2014-01-25 10:43:16,s.ytimg.com
2014-01-25 10:43:16,yt4.ggpht.com
2014-01-25 10:43:17,www.youtube.com
2014-01-25 10:43:21,s.ytimg.com
2014-01-25 10:43:22,www.youtube.com
2014-01-25 10:43:22,s.ytimg.com
2014-01-25 10:43:22,r3---sn-gxo5uxg-jqbe.googlevideo.com
2014-01-25 10:43:23,yt3.ggpht.com
2014-01-25 10:43:23,yt4.ggpht.com
2014-01-25 10:43:23,www.youtube-nocookie.com
2014-01-25 10:43:23,i1.ytimg.com
2014-01-25 10:43:23,s.youtube.com
2014-01-25 10:43:23,www.youtube.com
2014-01-25 10:43:23,s.ytimg.com
2014-01-25 10:43:24,i1.ytimg.com
2014-01-25 10:43:24,yt3.ggpht.com
2014-01-25 10:43:24,www.youtube.com
2014-01-25 10:43:24,r3---sn-gxo5uxg-jqbe.googlevideo.com
2014-01-25 10:43:24,s.youtube.com
2014-01-25 10:43:26,www.youtube.com
2014-01-25 10:43:29,yt4.ggpht.com
2014-01-25 10:43:29,r3---sn-gxo5uxg-jqbe.googlevideo.com
2014-01-25 10:43:30,s.youtube.com
2014-01-25 10:43:32,r3---sn-gxo5uxg-jqbe.googlevideo.com
2014-01-25 10:43:34,s.youtube.com
2014-01-25 10:43:40,s.youtube.com
2014-01-25 10:43:43,r3---sn-gxo5uxg-jqbe.googlevideo.com
2014-01-25 10:43:51,s.youtube.com
2014-01-25 10:43:52,r3---sn-gxo5uxg-jqbe.googlevideo.com
2014-01-25 10:43:57,r3---sn-gxo5uxg-jqbe.googlevideo.com
2014-01-25 10:44:04,s.youtube.com
2014-01-25 10:44:06,i1.ytimg.com
2014-01-25 10:44:12,r3---sn-gxo5uxg-jqbe.googlevideo.com
2014-01-25 10:44:14,s.youtube.com
2014-01-25 10:44:18,r3---sn-gxo5uxg-jqbe.googlevideo.com
2014-01-25 10:44:23,s.youtube.com
2014-01-25 10:44:23,r3---sn-gxo5uxg-jqbe.googlevideo.com
2014-01-25 10:44:38,yt3.ggpht.com
2014-01-25 10:44:38,r3---sn-gxo5uxg-jqbe.googlevideo.com
2014-01-25 10:44:38,yt4.ggpht.com
2014-01-25 10:44:44,s.youtube.com
2014-01-25 10:44:50,www.youtube.com
2014-01-25 10:44:53,r3---sn-gxo5uxg-jqbe.googlevideo.com
2014-01-25 10:44:55,r3---sn-gxo5uxg-jqbe.googlevideo.com
2014-01-25 10:45:03,s.youtube.com
2014-01-25 10:45:08,r3---sn-gxo5uxg-jqbe.googlevideo.com
2014-01-25 10:45:10,r3---sn-gxo5uxg-jqbe.googlevideo.com
2014-01-25 10:45:14,s.youtube.com
2014-01-25 10:45:23,r3---sn-gxo5uxg-jqbe.googlevideo.com
2014-01-25 10:45:32,r3---sn-gxo5uxg-jqbe.googlevideo.com
2014-01-25 10:45:38,r3---sn-gxo5uxg-jqbe.googlevideo.com
2014-01-25 10:45:43,s.youtube.com
2014-01-25 10:45:44,s.youtube.com
2014-01-25 10:45:53,r3---sn-gxo5uxg-jqbe.googlevideo.com
2014-01-25 10:46:00,i1.ytimg.com
2014-01-25 10:46:00,plus.googleapis.com
2014-01-25 10:46:01,plus.googleapis.com
2014-01-25 10:46:07,r3---sn-gxo5uxg-jqbe.googlevideo.com
2014-01-25 10:46:15,i1.ytimg.com
2014-01-25 10:46:17,plus.googleapis.com
2014-01-25 10:46:17,apis.google.com
2014-01-25 10:46:17,r1---sn-gxo5uxg-jqbe.googlevideo.com
2014-01-25 10:46:17,www.youtube.com
2014-01-25 10:46:17,i1.ytimg.com
2014-01-25 10:46:17,s.youtube.com
2014-01-25 10:46:17,lh6.ggpht.com
2014-01-25 10:46:18,lh6.ggpht.com
2014-01-25 10:46:18,r1---sn-gxo5uxg-jqbe.googlevideo.com
2014-01-25 10:46:18,www.youtube.com
2014-01-25 10:46:19,i1.ytimg.com
2014-01-25 10:46:19,s.youtube.com
2014-01-25 10:46:19,r1---sn-gxo5uxg-jqbe.googlevideo.com
2014-01-25 10:46:19,r1---sn-cg07luee.googlevideo.com
2014-01-25 10:46:20,r1---sn-cg07luee.googlevideo.com
2014-01-25 10:46:21,www.youtube.com
2014-01-25 10:46:21,s.youtube.com
2014-01-25 10:46:22,r1---sn-gxo5uxg-jqbe.googlevideo.com
2014-01-25 10:46:24,r1---sn-gxo5uxg-jqbe.googlevideo.com
2014-01-25 10:46:24,r1---sn-cg07luee.googlevideo.com
2014-01-25 10:46:25,r1---sn-cg07luee.googlevideo.com
2014-01-25 10:46:25,r1---sn-gxo5uxg-jqbe.googlevideo.com
2014-01-25 10:46:26,r1---sn-cg07luee.googlevideo.com
2014-01-25 10:46:28,s.youtube.com
2014-01-25 10:46:31,s.youtube.com
2014-01-25 10:46:33,r1---sn-gxo5uxg-jqbe.googlevideo.com
2014-01-25 10:46:33,r1---sn-cg07luee.googlevideo.com
2014-01-25 10:46:35,s.youtube.com
2014-01-25 10:46:38,r1---sn-gxo5uxg-jqbe.googlevideo.com
2014-01-25 10:46:41,s.youtube.com
2014-01-25 10:46:48,r1---sn-gxo5uxg-jqbe.googlevideo.com
2014-01-25 10:46:49,r1---sn-cg07luee.googlevideo.com
2014-01-25 10:46:52,r1---sn-gxo5uxg-jqbe.googlevideo.com
2014-01-25 10:46:59,s.youtube.com
2014-01-25 10:47:05,s.youtube.com
2014-01-25 10:47:05,r1---sn-gxo5uxg-jqbe.googlevideo.com
2014-01-25 10:47:05,r1---sn-cg07luee.googlevideo.com
2014-01-25 10:47:07,r1---sn-gxo5uxg-jqbe.googlevideo.com
2014-01-25 10:47:22,r1---sn-gxo5uxg-jqbe.googlevideo.com
2014-01-25 10:47:22,lh6.ggpht.com
2014-01-25 10:47:23,r1---sn-cg07luee.googlevideo.com
2014-01-25 10:47:23,r1---sn-gxo5uxg-jqbe.googlevideo.com
2014-01-25 10:47:35,s.youtube.com
2014-01-25 10:47:37,r1---sn-gxo5uxg-jqbe.googlevideo.com
2014-01-25 10:47:38,r1---sn-gxo5uxg-jqbe.googlevideo.com
2014-01-25 10:47:38,r1---sn-cg07luee.googlevideo.com
2014-01-25 10:47:39,s.youtube.com
2014-01-25 10:47:48,i1.ytimg.com
2014-01-25 10:47:49,i1.ytimg.com
2014-01-25 10:47:49,r1---sn-gxo5uxg-jqbe.googlevideo.com
2014-01-25 10:47:49,r1---sn-cg07luee.googlevideo.com
2014-01-25 10:47:52,r1---sn-gxo5uxg-jqbe.googlevideo.com
2014-01-25 10:48:01,s.ytimg.com
2014-01-25 10:48:02,clients1.google.com
2014-01-25 10:48:04,r1---sn-cg07luee.googlevideo.com
2014-01-25 10:48:04,r1---sn-gxo5uxg-jqbe.googlevideo.com
2014-01-25 10:48:05,s.youtube.com
2014-01-25 10:48:07,r1---sn-gxo5uxg-jqbe.googlevideo.com
2014-01-25 10:48:07,www.google.com
2014-01-25 10:48:08,www.youtube.com
2014-01-25 10:48:10,www.youtube.com
2014-01-25 10:48:16,r2---sn-gxo5uxg-jqbe.googlevideo.com
2014-01-25 10:48:16,www.youtube.com
2014-01-25 10:48:17,lh4.ggpht.com
2014-01-25 10:48:17,yt3.ggpht.com
2014-01-25 10:48:17,i1.ytimg.com
2014-01-25 10:48:17,s.youtube.com
2014-01-25 10:48:17,www.youtube.com
2014-01-25 10:48:17,i3.ytimg.com
2014-01-25 10:48:18,r2---sn-gxo5uxg-jqbe.googlevideo.com
2014-01-25 10:48:18,www.youtube.com
2014-01-25 10:48:18,s.youtube.com
2014-01-25 10:48:19,i1.ytimg.com
2014-01-25 10:48:20,i1.ytimg.com
2014-01-25 10:48:20,www.youtube.com
2014-01-25 10:48:25,s.youtube.com
2014-01-25 10:48:28,s.youtube.com
2014-01-25 10:48:35,s.youtube.com
2014-01-25 10:48:44,r2---sn-gxo5uxg-jqbe.googlevideo.com
2014-01-25 10:48:45,s.youtube.com
2014-01-25 10:48:58,s.youtube.com
2014-01-25 10:49:16,r2---sn-gxo5uxg-jqbe.googlevideo.com
2014-01-25 10:49:27,s.youtube.com
2014-01-25 10:49:27,lh4.ggpht.com
2014-01-25 10:49:28,s.youtube.com
2014-01-25 10:49:58,s.youtube.com
2014-01-25 10:50:01,i1.ytimg.com
2014-01-25 10:50:04,www.youtube.com
2014-01-25 10:50:07,s.youtube.com
2014-01-25 10:50:28,s.youtube.com
2014-01-25 10:50:30,s.youtube.com
2014-01-25 10:50:30,www.youtube.com
2014-01-25 10:50:34,www.youtube.com
2014-01-25 10:50:34,r1---sn-gxo5uxg-jqbe.googlevideo.com
2014-01-25 10:50:34,i1.ytimg.com
2014-01-25 10:50:35,s.youtube.com
2014-01-25 10:50:35,i1.ytimg.com
2014-01-25 10:50:35,www.youtube.com
2014-01-25 10:50:35,lh6.ggpht.com
2014-01-25 10:50:36,r1---sn-gxo5uxg-jqbe.googlevideo.com
2014-01-25 10:50:36,www.youtube.com
2014-01-25 10:50:36,s.youtube.com
2014-01-25 10:50:37,www.youtube.com
2014-01-25 10:50:41,s.youtube.com
2014-01-25 10:50:43,r1---sn-gxo5uxg-jqbe.googlevideo.com
2014-01-25 10:50:46,s.youtube.com
2014-01-25 10:50:46,www.youtube.com
2014-01-25 10:50:47,i1.ytimg.com
2014-01-25 10:50:51,s.youtube.com
2014-01-25 10:50:55,r1---sn-gxo5uxg-jqbe.googlevideo.com
2014-01-25 10:51:01,s.youtube.com
2014-01-25 10:51:03,www.youtube.com
2014-01-25 10:51:05,r1---sn-gxo5uxg-jqbe.googlevideo.com
2014-01-25 10:51:10,r1---sn-gxo5uxg-jqbe.googlevideo.com
2014-01-25 10:51:16,s.youtube.com
2014-01-25 10:51:25,r1---sn-gxo5uxg-jqbe.googlevideo.com
2014-01-25 10:51:25,s.youtube.com
2014-01-25 10:51:27,r1---sn-gxo5uxg-jqbe.googlevideo.com
2014-01-25 10:51:39,r1---sn-gxo5uxg-jqbe.googlevideo.com
2014-01-25 10:51:46,s.youtube.com
2014-01-25 10:51:48,r1---sn-gxo5uxg-jqbe.googlevideo.com
2014-01-25 10:51:54,r1---sn-gxo5uxg-jqbe.googlevideo.com
2014-01-25 10:52:05,s.youtube.com
2014-01-25 10:52:16,s.youtube.com
2014-01-25 10:52:34,www.youtube.com
2014-01-25 10:52:45,s.youtube.com
2014-01-25 10:52:46,s.youtube.com
2014-01-25 10:53:02,s.ytimg.com
2014-01-25 10:53:03,clients1.google.com
2014-01-25 10:53:03,s.youtube.com
2014-01-25 10:53:03,www.youtube.com
2014-01-25 10:53:12,clients1.google.com
2014-01-25 10:53:13,clients1.google.com
2014-01-25 10:53:15,i1.ytimg.com
2014-01-25 10:53:15,www.google.com
2014-01-25 10:53:15,www.youtube.com
2014-01-25 10:53:16,www.youtube.com
2014-01-25 10:53:17,www.youtube.com
2014-01-25 10:53:18,i1.ytimg.com
2014-01-25 10:53:20,i1.ytimg.com
2014-01-25 10:53:29,s.ytimg.com
2014-01-25 10:53:29,clients1.google.com
2014-01-25 10:53:32,www.youtube.com
2014-01-25 10:53:32,r1---sn-gxo5uxg-jqbe.googlevideo.com
2014-01-25 10:53:32,apis.google.com
2014-01-25 10:53:33,yt4.ggpht.com
2014-01-25 10:53:33,yt3.ggpht.com
2014-01-25 10:53:33,i1.ytimg.com
2014-01-25 10:53:33,r1---sn-gxo5uxg-jqbe.googlevideo.com
2014-01-25 10:53:33,www.youtube.com
2014-01-25 10:53:33,s.youtube.com
2014-01-25 10:53:36,i1.ytimg.com
2014-01-25 10:53:36,www.youtube.com
2014-01-25 10:53:36,s.youtube.com
2014-01-25 10:53:39,r1---sn-gxo5uxg-jqbe.googlevideo.com
2014-01-25 10:53:43,s.youtube.com
2014-01-25 10:53:46,s.youtube.com
2014-01-25 10:53:51,r1---sn-gxo5uxg-jqbe.googlevideo.com
2014-01-25 10:53:52,r1---sn-gxo5uxg-jqbe.googlevideo.com
2014-01-25 10:53:56,s.youtube.com
2014-01-25 10:54:06,s.youtube.com
2014-01-25 10:54:06,r1---sn-gxo5uxg-jqbe.googlevideo.com
2014-01-25 10:54:07,r1---sn-gxo5uxg-jqbe.googlevideo.com
2014-01-25 10:54:13,s.youtube.com
2014-01-25 10:54:21,r1---sn-gxo5uxg-jqbe.googlevideo.com
2014-01-25 10:54:22,r1---sn-gxo5uxg-jqbe.googlevideo.com
2014-01-25 10:54:36,r1---sn-gxo5uxg-jqbe.googlevideo.com
2014-01-25 10:54:38,r1---sn-gxo5uxg-jqbe.googlevideo.com
2014-01-25 10:54:43,s.youtube.com
2014-01-25 10:54:46,s.youtube.com
2014-01-25 10:54:51,r1---sn-gxo5uxg-jqbe.googlevideo.com
2014-01-25 10:54:52,r1---sn-gxo5uxg-jqbe.googlevideo.com
2014-01-25 10:55:06,r1---sn-gxo5uxg-jqbe.googlevideo.com
2014-01-25 10:55:08,r1---sn-gxo5uxg-jqbe.googlevideo.com
2014-01-25 10:55:13,s.youtube.com
2014-01-25 10:55:21,r1---sn-gxo5uxg-jqbe.googlevideo.com
2014-01-25 10:55:22,r1---sn-gxo5uxg-jqbe.googlevideo.com
2014-01-25 10:55:26,s.youtube.com
2014-01-25 10:55:35,r1---sn-gxo5uxg-jqbe.googlevideo.com
2014-01-25 10:55:38,r1---sn-gxo5uxg-jqbe.googlevideo.com
2014-01-25 10:55:43,i1.ytimg.com
2014-01-25 10:55:43,s.youtube.com
2014-01-25 10:55:45,r1---sn-gxo5uxg-jqbe.googlevideo.com
2014-01-25 10:55:46,r1---sn-gxo5uxg-jqbe.googlevideo.com
2014-01-25 10:55:46,i1.ytimg.com
2014-01-25 10:55:53,s.youtube.com
2014-01-25 10:55:58,r1---sn-gxo5uxg-jqbe.googlevideo.com
2014-01-25 10:56:01,r1---sn-gxo5uxg-jqbe.googlevideo.com
2014-01-25 10:56:06,s.youtube.com
2014-01-25 10:56:13,s.youtube.com
2014-01-25 10:56:46,s.youtube.com
2014-01-25 10:57:27,s.youtube.com
2014-01-25 11:15:14,s.youtube.com
2014-01-25 11:15:14,r1---sn-gxo5uxg-jqbe.googlevideo.com
2014-01-25 11:15:18,s.youtube.com
2014-01-25 11:15:18,r1---sn-gxo5uxg-jqbe.googlevideo.com
2014-01-25 11:15:19,r1---sn-gxo5uxg-jqbe.googlevideo.com
2014-01-25 11:15:24,r1---sn-gxo5uxg-jqbe.googlevideo.com
2014-01-25 11:15:27,www.youtube.com
2014-01-25 11:15:28,i2.ytimg.com
2014-01-25 11:15:28,www.youtube.com
2014-01-25 11:15:28,s.youtube.com
2014-01-25 11:15:28,apis.google.com
2014-01-25 11:15:28,r4---sn-gxo5uxg-jqbe.googlevideo.com
2014-01-25 11:15:28,i1.ytimg.com
2014-01-25 11:15:28,yt3.ggpht.com
2014-01-25 11:15:28,lh5.ggpht.com
2014-01-25 11:15:29,s.youtube.com
2014-01-25 11:15:29,www.youtube.com
2014-01-25 11:15:29,r4---sn-gxo5uxg-jqbe.googlevideo.com
2014-01-25 11:15:30,s.youtube.com
2014-01-25 11:15:33,r4---sn-gxo5uxg-jqbe.googlevideo.com
2014-01-25 11:15:34,r4---sn-gxo5uxg-jqbe.googlevideo.com
2014-01-25 11:15:35,r4---sn-gxo5uxg-jqbe.googlevideo.com
2014-01-25 11:15:39,s.youtube.com
2014-01-25 11:15:39,www.youtube.com
2014-01-25 11:15:40,s.youtube.com
2014-01-25 11:15:48,r4---sn-gxo5uxg-jqbe.googlevideo.com
2014-01-25 11:15:50,s.youtube.com
2014-01-25 11:15:54,r4---sn-gxo5uxg-jqbe.googlevideo.com
2014-01-25 11:16:02,s.youtube.com
2014-01-25 11:16:03,r4---sn-gxo5uxg-jqbe.googlevideo.com
2014-01-25 11:16:09,s.youtube.com
2014-01-25 11:16:17,r4---sn-gxo5uxg-jqbe.googlevideo.com
2014-01-25 11:16:18,r4---sn-gxo5uxg-jqbe.googlevideo.com
2014-01-25 11:16:33,lh5.ggpht.com
2014-01-25 11:16:33,r4---sn-gxo5uxg-jqbe.googlevideo.com
2014-01-25 11:16:39,s.youtube.com
2014-01-25 11:16:40,r4---sn-gxo5uxg-jqbe.googlevideo.com
2014-01-25 11:16:42,s.youtube.com
2014-01-25 11:16:48,r4---sn-gxo5uxg-jqbe.googlevideo.com
2014-01-25 11:17:02,r4---sn-gxo5uxg-jqbe.googlevideo.com
2014-01-25 11:17:09,r4---sn-gxo5uxg-jqbe.googlevideo.com
2014-01-25 11:17:09,s.youtube.com
2014-01-25 11:17:17,r4---sn-gxo5uxg-jqbe.googlevideo.com
2014-01-25 11:17:22,s.youtube.com
2014-01-25 11:17:32,r4---sn-gxo5uxg-jqbe.googlevideo.com
2014-01-25 11:17:37,r4---sn-gxo5uxg-jqbe.googlevideo.com
2014-01-25 11:17:39,s.youtube.com
2014-01-25 11:17:48,r4---sn-gxo5uxg-jqbe.googlevideo.com
2014-01-25 11:18:02,r4---sn-gxo5uxg-jqbe.googlevideo.com
2014-01-25 11:18:02,s.youtube.com
2014-01-25 11:18:09,s.youtube.com
2014-01-25 11:18:17,r4---sn-gxo5uxg-jqbe.googlevideo.com
2014-01-25 11:18:28,r4---sn-gxo5uxg-jqbe.googlevideo.com
2014-01-25 11:18:29,www.youtube.com
2014-01-25 11:18:32,r4---sn-gxo5uxg-jqbe.googlevideo.com
2014-01-25 11:18:39,s.youtube.com
2014-01-25 11:18:43,s.youtube.com
2014-01-25 11:18:47,r4---sn-gxo5uxg-jqbe.googlevideo.com
2014-01-25 11:19:00,r4---sn-gxo5uxg-jqbe.googlevideo.com
2014-01-25 11:19:02,r4---sn-gxo5uxg-jqbe.googlevideo.com
2014-01-25 11:19:10,s.youtube.com
2014-01-25 11:19:17,r4---sn-gxo5uxg-jqbe.googlevideo.com
2014-01-25 11:19:23,s.youtube.com
2014-01-25 11:19:28,www.youtube.com
2014-01-25 11:19:40,s.youtube.com
2014-01-25 11:19:48,i1.ytimg.com
2014-01-25 11:20:03,s.youtube.com
2014-01-25 11:20:10,s.youtube.com
2014-01-25 11:20:18,www.youtube.com
2014-01-25 11:20:18,s.youtube.com
2014-01-25 11:20:43,s.youtube.com
2014-01-25 11:21:15,i1.ytimg.com
2014-01-25 11:21:19,apis.google.com
2014-01-25 11:21:19,i1.ytimg.com
2014-01-25 11:21:20,i1.ytimg.com
2014-01-25 11:21:21,i1.ytimg.com
2014-01-25 11:21:23,s.youtube.com
2014-01-25 11:21:24,www.youtube.com
2014-01-25 11:21:25,lh6.ggpht.com
2014-01-25 11:21:25,s.youtube.com
2014-01-25 11:21:25,www.youtube.com
2014-01-25 11:21:25,s.ytimg.com
2014-01-25 11:21:25,r1---sn-gxo5uxg-jqbe.googlevideo.com
2014-01-25 11:21:25,i1.ytimg.com
2014-01-25 11:21:26,i1.ytimg.com
2014-01-25 11:21:26,www.youtube.com
2014-01-25 11:21:26,r1---sn-gxo5uxg-jqbe.googlevideo.com
2014-01-25 11:21:26,s.youtube.com
2014-01-25 11:21:34,s.youtube.com
2014-01-25 11:21:36,s.youtube.com
2014-01-25 11:21:36,www.youtube.com
2014-01-25 11:21:42,r1---sn-gxo5uxg-jqbe.googlevideo.com
2014-01-25 11:21:44,r1---sn-gxo5uxg-jqbe.googlevideo.com
2014-01-25 11:21:44,s.youtube.com
2014-01-25 11:21:54,s.youtube.com
2014-01-25 11:21:59,r1---sn-gxo5uxg-jqbe.googlevideo.com
2014-01-25 11:22:02,s.youtube.com
2014-01-25 11:22:06,s.youtube.com
2014-01-25 11:22:08,r1---sn-gxo5uxg-jqbe.googlevideo.com
2014-01-25 11:22:14,r1---sn-gxo5uxg-jqbe.googlevideo.com
2014-01-25 11:22:30,r1---sn-gxo5uxg-jqbe.googlevideo.com
2014-01-25 11:22:33,www.youtube.com
2014-01-25 11:22:35,r1---sn-gxo5uxg-jqbe.googlevideo.com
2014-01-25 11:22:36,s.youtube.com
2014-01-25 11:22:42,s.youtube.com
2014-01-25 11:22:45,r1---sn-gxo5uxg-jqbe.googlevideo.com
2014-01-25 11:22:52,r1---sn-gxo5uxg-jqbe.googlevideo.com
2014-01-25 11:22:59,r1---sn-gxo5uxg-jqbe.googlevideo.com
2014-01-25 11:23:06,s.youtube.com
2014-01-25 11:23:14,r1---sn-gxo5uxg-jqbe.googlevideo.com
2014-01-25 11:23:15,r1---sn-gxo5uxg-jqbe.googlevideo.com
2014-01-25 11:23:22,s.youtube.com
2014-01-25 11:23:29,r1---sn-gxo5uxg-jqbe.googlevideo.com
2014-01-25 11:23:36,r1---sn-gxo5uxg-jqbe.googlevideo.com
2014-01-25 11:23:36,s.youtube.com
2014-01-25 11:23:44,r1---sn-gxo5uxg-jqbe.googlevideo.com
2014-01-25 11:23:54,r1---sn-gxo5uxg-jqbe.googlevideo.com
2014-01-25 11:23:59,r1---sn-gxo5uxg-jqbe.googlevideo.com
2014-01-25 11:24:02,s.youtube.com
2014-01-25 11:24:06,s.youtube.com
2014-01-25 11:24:14,r1---sn-gxo5uxg-jqbe.googlevideo.com
2014-01-25 11:24:19,r1---sn-gxo5uxg-jqbe.googlevideo.com
2014-01-25 11:24:26,www.youtube.com
2014-01-25 11:24:29,r1---sn-gxo5uxg-jqbe.googlevideo.com
2014-01-25 11:24:36,s.youtube.com
2014-01-25 11:24:38,r1---sn-gxo5uxg-jqbe.googlevideo.com
2014-01-25 11:24:42,s.youtube.com
2014-01-25 11:24:44,r1---sn-gxo5uxg-jqbe.googlevideo.com
2014-01-25 11:24:59,r1---sn-gxo5uxg-jqbe.googlevideo.com
2014-01-25 11:25:02,i1.ytimg.com
2014-01-25 11:25:06,s.youtube.com
2014-01-25 11:25:14,r1---sn-gxo5uxg-jqbe.googlevideo.com
2014-01-25 11:25:19,r1---sn-gxo5uxg-jqbe.googlevideo.com
2014-01-25 11:25:22,s.youtube.com
2014-01-25 11:25:28,r1---sn-gxo5uxg-jqbe.googlevideo.com
2014-01-25 11:25:36,s.youtube.com
2014-01-25 11:25:38,i1.ytimg.com
2014-01-25 11:25:39,r1---sn-gxo5uxg-jqbe.googlevideo.com
2014-01-25 11:25:43,r1---sn-gxo5uxg-jqbe.googlevideo.com
2014-01-25 11:25:58,r1---sn-gxo5uxg-jqbe.googlevideo.com
2014-01-25 11:26:02,s.youtube.com
2014-01-25 11:26:02,r1---sn-gxo5uxg-jqbe.googlevideo.com
2014-01-25 11:26:06,s.youtube.com
2014-01-25 11:26:13,r1---sn-gxo5uxg-jqbe.googlevideo.com
2014-01-25 11:26:28,r1---sn-gxo5uxg-jqbe.googlevideo.com
2014-01-25 11:26:33,r1---sn-gxo5uxg-jqbe.googlevideo.com
2014-01-25 11:26:36,s.youtube.com
2014-01-25 11:26:42,s.youtube.com
2014-01-25 11:26:42,apis.google.com
2014-01-25 11:26:43,r1---sn-gxo5uxg-jqbe.googlevideo.com
2014-01-25 11:26:54,r1---sn-gxo5uxg-jqbe.googlevideo.com
2014-01-25 11:26:58,r1---sn-gxo5uxg-jqbe.googlevideo.com
2014-01-25 11:27:06,s.youtube.com
2014-01-25 11:27:13,r1---sn-gxo5uxg-jqbe.googlevideo.com
2014-01-25 11:27:16,r1---sn-gxo5uxg-jqbe.googlevideo.com
2014-01-25 11:27:22,s.youtube.com
2014-01-25 11:27:28,r1---sn-gxo5uxg-jqbe.googlevideo.com
2014-01-25 11:27:36,s.youtube.com
2014-01-25 11:27:42,r1---sn-gxo5uxg-jqbe.googlevideo.com
2014-01-25 11:27:43,r1---sn-gxo5uxg-jqbe.googlevideo.com
2014-01-25 11:27:52,s.ytimg.com
2014-01-25 11:27:52,clients1.google.com
2014-01-25 11:27:58,r1---sn-gxo5uxg-jqbe.googlevideo.com
2014-01-25 11:28:03,s.youtube.com
2014-01-25 11:28:05,r1---sn-gxo5uxg-jqbe.googlevideo.com
2014-01-25 11:28:06,s.youtube.com
2014-01-25 11:28:13,r1---sn-gxo5uxg-jqbe.googlevideo.com
2014-01-25 11:28:22,www.youtube.com
2014-01-25 11:28:23,yt3.ggpht.com
2014-01-25 11:28:23,r1---sn-gxo5uxg-jqbe.googlevideo.com
2014-01-25 11:28:23,i1.ytimg.com
2014-01-25 11:28:23,s.youtube.com
2014-01-25 11:28:23,www.youtube.com
2014-01-25 11:28:25,s.youtube.com
2014-01-25 11:28:33,s.youtube.com
2014-01-25 11:28:35,s.youtube.com
2014-01-25 11:28:38,r1---sn-gxo5uxg-jqbe.googlevideo.com
2014-01-25 11:28:42,r1---sn-gxo5uxg-jqbe.googlevideo.com
2014-01-25 11:28:45,s.youtube.com
2014-01-25 11:28:52,r1---sn-gxo5uxg-jqbe.googlevideo.com
2014-01-25 11:28:52,i1.ytimg.com
2014-01-25 11:28:53,r1---sn-gxo5uxg-jqbe.googlevideo.com
2014-01-25 11:28:55,s.youtube.com
2014-01-25 11:28:57,r1---sn-gxo5uxg-jqbe.googlevideo.com
2014-01-25 11:29:01,s.youtube.com
2014-01-25 11:29:07,r1---sn-gxo5uxg-jqbe.googlevideo.com
2014-01-25 11:29:12,r1---sn-gxo5uxg-jqbe.googlevideo.com
2014-01-25 11:29:27,yt3.ggpht.com
2014-01-25 11:29:27,r1---sn-gxo5uxg-jqbe.googlevideo.com
2014-01-25 11:29:31,s.youtube.com
2014-01-25 11:29:32,r1---sn-gxo5uxg-jqbe.googlevideo.com
2014-01-25 11:29:35,s.youtube.com
2014-01-25 11:29:41,www.youtube.com
2014-01-25 11:29:41,r4---sn-gxo5uxg-jqbe.googlevideo.com
2014-01-25 11:29:41,i1.ytimg.com
2014-01-25 11:29:42,www.youtube.com
2014-01-25 11:29:42,s.youtube.com
2014-01-25 11:29:42,i1.ytimg.com
2014-01-25 11:29:42,lh6.ggpht.com
2014-01-25 11:29:42,n.dyntrk.com
2014-01-25 11:29:43,www.youtube.com
2014-01-25 11:29:43,n.dyntrk.com
2014-01-25 11:29:45,n.dyntrk.com
2014-01-25 11:29:49,n.dyntrk.com
2014-01-25 11:29:53,n.dyntrk.com
2014-01-25 11:29:58,n.dyntrk.com
2014-01-25 11:30:03,n.dyntrk.com
2014-01-25 11:30:04,i1.ytimg.com
2014-01-25 11:30:04,www.youtube.com
2014-01-25 11:30:04,s.youtube.com
2014-01-25 11:30:04,r4---sn-gxo5uxg-jqbe.googlevideo.com
2014-01-25 11:30:05,r4---sn-gxo5uxg-jqbe.googlevideo.com
2014-01-25 11:30:06,r4---sn-gxo5uxg-jqbe.googlevideo.com
2014-01-25 11:30:07,i1.ytimg.com
2014-01-25 11:30:10,s.youtube.com
2014-01-25 11:30:11,r4---sn-gxo5uxg-jqbe.googlevideo.com
2014-01-25 11:30:14,s.youtube.com
2014-01-25 11:30:21,s.youtube.com
2014-01-25 11:30:22,r4---sn-gxo5uxg-jqbe.googlevideo.com
2014-01-25 11:30:26,r4---sn-gxo5uxg-jqbe.googlevideo.com
2014-01-25 11:30:31,s.youtube.com
2014-01-25 11:30:37,r4---sn-gxo5uxg-jqbe.googlevideo.com
2014-01-25 11:30:44,s.youtube.com
2014-01-25 11:30:52,r4---sn-gxo5uxg-jqbe.googlevideo.com
2014-01-25 11:31:07,r4---sn-gxo5uxg-jqbe.googlevideo.com
2014-01-25 11:31:14,s.youtube.com
2014-01-25 11:31:22,r4---sn-gxo5uxg-jqbe.googlevideo.com
2014-01-25 11:31:23,r4---sn-gxo5uxg-jqbe.googlevideo.com
2014-01-25 11:31:37,r4---sn-gxo5uxg-jqbe.googlevideo.com
2014-01-25 11:31:40,r4---sn-gxo5uxg-jqbe.googlevideo.com
2014-01-25 11:31:44,s.youtube.com
2014-01-25 11:31:52,r4---sn-gxo5uxg-jqbe.googlevideo.com
2014-01-25 11:31:54,s.youtube.com
2014-01-25 11:32:00,r4---sn-gxo5uxg-jqbe.googlevideo.com
2014-01-25 11:32:07,r4---sn-gxo5uxg-jqbe.googlevideo.com
2014-01-25 11:32:14,s.youtube.com
2014-01-25 11:32:18,r4---sn-gxo5uxg-jqbe.googlevideo.com
2014-01-25 11:32:22,r4---sn-gxo5uxg-jqbe.googlevideo.com
2014-01-25 11:32:34,s.youtube.com
2014-01-25 11:32:37,r4---sn-gxo5uxg-jqbe.googlevideo.com
2014-01-25 11:32:43,r4---sn-gxo5uxg-jqbe.googlevideo.com
2014-01-25 11:32:44,s.youtube.com
2014-01-25 11:32:52,r4---sn-gxo5uxg-jqbe.googlevideo.com
2014-01-25 11:33:05,www.youtube.com
2014-01-25 11:33:06,r4---sn-gxo5uxg-jqbe.googlevideo.com
2014-01-25 11:33:07,r4---sn-gxo5uxg-jqbe.googlevideo.com
2014-01-25 11:33:14,s.youtube.com
2014-01-25 11:33:21,r4---sn-gxo5uxg-jqbe.googlevideo.com
2014-01-25 11:33:31,r4---sn-gxo5uxg-jqbe.googlevideo.com
2014-01-25 11:33:36,r4---sn-gxo5uxg-jqbe.googlevideo.com
2014-01-25 11:33:44,s.youtube.com
2014-01-25 11:33:51,r4---sn-gxo5uxg-jqbe.googlevideo.com
2014-01-25 11:33:54,s.youtube.com
2014-01-25 11:33:58,r4---sn-gxo5uxg-jqbe.googlevideo.com
2014-01-25 11:34:06,r4---sn-gxo5uxg-jqbe.googlevideo.com
2014-01-25 11:34:14,s.youtube.com
2014-01-25 11:34:21,r4---sn-gxo5uxg-jqbe.googlevideo.com
2014-01-25 11:34:22,r4---sn-gxo5uxg-jqbe.googlevideo.com
2014-01-25 11:34:34,s.youtube.com
2014-01-25 11:34:36,r4---sn-gxo5uxg-jqbe.googlevideo.com
2014-01-25 11:34:39,r4---sn-gxo5uxg-jqbe.googlevideo.com
2014-01-25 11:34:44,s.youtube.com
2014-01-25 11:34:51,r4---sn-gxo5uxg-jqbe.googlevideo.com
2014-01-25 11:35:05,r4---sn-gxo5uxg-jqbe.googlevideo.com
2014-01-25 11:35:06,r4---sn-gxo5uxg-jqbe.googlevideo.com
2014-01-25 11:35:14,s.youtube.com
2014-01-25 11:35:15,s.youtube.com
2014-01-25 11:35:21,r4---sn-gxo5uxg-jqbe.googlevideo.com
2014-01-25 11:35:32,r4---sn-gxo5uxg-jqbe.googlevideo.com
2014-01-25 11:35:36,r4---sn-gxo5uxg-jqbe.googlevideo.com
2014-01-25 11:35:45,s.youtube.com
2014-01-25 11:35:51,r4---sn-gxo5uxg-jqbe.googlevideo.com
2014-01-25 11:35:54,s.youtube.com
2014-01-25 11:36:00,r4---sn-gxo5uxg-jqbe.googlevideo.com
2014-01-25 11:36:06,r4---sn-gxo5uxg-jqbe.googlevideo.com
2014-01-25 11:36:16,s.youtube.com
2014-03-29 10:04:27,gtglobal-ocsp.geotrust.com
2014-03-29 10:04:27,www.google.com
2014-03-29 10:04:27,clients1.google.com
2014-03-29 10:04:30,clients1.google.com
2014-03-29 10:04:32,www.google.fr
2014-03-29 10:04:32,ent.u-clermont1.fr
2014-03-29 10:04:33,ent.u-clermont1.fr
2014-03-29 10:04:33,www.u-clermont1.fr
2014-03-29 10:04:38,www.google.fr
2014-03-29 10:04:42,clients1.google.com
2014-03-29 10:04:42,ocsp.tcs.terena.org
2014-03-29 10:04:42,ocsp.usertrust.com
2014-03-29 10:05:17,gtssl-ocsp.geotrust.com
2014-03-29 10:05:17,safebrowsing.clients.google.com
2014-03-29 10:05:17,safebrowsing-cache.google.com
2014-03-29 10:07:26,www.google.com
2014-03-29 10:07:26,www.google.fr
2014-03-29 10:07:26,apis.google.com
2014-03-29 10:08:13,sb-ssl.google.com
2014-03-29 10:10:14,ocsp.thawte.com
2014-03-29 10:12:14,ocsp.verisign.com
2014-03-29 10:14:14,ocsp.digicert.com
2014-03-29 10:36:00,safebrowsing-cache.google.com
2014-03-29 10:36:00,safebrowsing.clients.google.com
2014-03-29 11:07:19,safebrowsing.clients.google.com
2014-03-29 11:07:19,safebrowsing-cache.google.com
2014-03-29 11:11:51,gtglobal-ocsp.geotrust.com
2014-03-29 11:11:51,clients1.google.com
2014-03-29 11:11:56,s.ytimg.com
2014-03-29 11:11:56,www.youtube.com
2014-03-29 11:11:56,i1.ytimg.com
2014-03-29 11:11:56,www.google.fr
2014-03-29 11:11:57,ocsp.godaddy.com
2014-03-29 11:11:57,rapidssl-ocsp.geotrust.com
2014-03-29 11:11:57,s.ytimg.com
2014-03-29 11:11:57,i1.ytimg.com
2014-03-29 11:11:58,www.youtube.com
2014-03-29 11:11:58,s.youtube.com
2014-03-29 11:11:58,s.ytimg.com
2014-03-29 11:11:58,clients1.google.com
2014-03-29 11:11:59,clients1.google.com
2014-03-29 11:12:00,clients1.google.com
2014-03-29 11:12:01,clients1.google.com
2014-03-29 11:12:02,s.ytimg.com
2014-03-29 11:12:02,www.youtube.com
2014-03-29 11:12:02,i1.ytimg.com
2014-03-29 11:12:03,www.shaushka.com
2014-03-29 11:12:03,ad.publicidees.com
2014-03-29 11:12:04,s.youtube.com
2014-03-29 11:12:04,i1.ytimg.com
2014-03-29 11:12:04,s.ytimg.com
2014-03-29 11:12:04,www.youtube.com
2014-03-29 11:12:09,s.ytimg.com
2014-03-29 11:12:09,i1.ytimg.com
2014-03-29 11:12:09,r2---sn-gxo5uxg-jqbe.googlevideo.com
2014-03-29 11:12:09,www.youtube.com
2014-03-29 11:12:10,www.youtube.com
2014-03-29 11:12:10,s.youtube.com
2014-03-29 11:12:10,clients1.google.com
2014-03-29 11:12:11,r2---sn-gxo5uxg-jqbe.googlevideo.com
2014-03-29 11:12:11,s.youtube.com
2014-03-29 11:12:11,www.youtube.com
2014-03-29 11:12:12,i1.ytimg.com
2014-03-29 11:12:12,www.google.com
2014-03-29 11:12:12,www.youtube.com
2014-03-29 11:12:13,s.youtube.com
2014-03-29 11:12:13,i1.ytimg.com
2014-03-29 11:12:16,www.youtube.com
2014-03-29 11:12:21,i1.ytimg.com
2014-03-29 11:12:22,i1.ytimg.com
2014-03-29 11:12:22,s.youtube.com
2014-03-29 11:12:24,s.youtube.com
2014-03-29 11:12:29,s.youtube.com
2014-03-29 11:12:33,s.youtube.com
2014-03-29 11:12:39,s.youtube.com
2014-03-29 11:13:03,s.youtube.com
2014-03-29 11:13:04,s.youtube.com
2014-03-29 11:13:33,s.youtube.com
2014-03-29 11:13:44,s.youtube.com
2014-03-29 11:14:03,s.youtube.com
2014-03-29 11:14:24,s.youtube.com
2014-03-29 11:14:33,s.youtube.com
2014-03-29 11:14:48,www.google.com
2014-03-29 11:14:49,www.google.fr
2014-03-29 11:14:55,accounts.google.com
2014-03-29 11:15:03,s.youtube.com
2014-03-29 11:15:04,s.youtube.com
2014-03-29 11:15:09,yt3.ggpht.com
2014-03-29 11:15:10,apis.google.com
2014-03-29 11:15:14,www.youtube.com
2014-03-29 11:15:33,s.youtube.com
2014-03-29 11:15:44,s.youtube.com
2014-03-29 11:16:03,s.youtube.com
2014-03-29 11:16:24,s.youtube.com
2014-03-29 11:16:24,plus.googleapis.com
2014-03-29 11:16:33,s.youtube.com
2014-03-29 11:16:48,i1.ytimg.com
2014-03-29 11:16:49,i1.ytimg.com
2014-03-29 11:16:58,www.youtube.com
2014-03-29 11:16:58,i1.ytimg.com
2014-03-29 11:16:58,s.youtube.com
2014-03-29 11:16:58,s.ytimg.com
2014-03-29 11:17:03,clients1.google.com
2014-03-29 11:17:04,s.youtube.com
2014-03-29 11:17:04,clients1.google.com
2014-03-29 11:17:05,clients1.google.com
2014-03-29 11:17:08,clients1.google.com
2014-03-29 11:17:09,clients1.google.com
2014-03-29 11:17:10,s.ytimg.com
2014-03-29 11:17:10,i1.ytimg.com
2014-03-29 11:17:10,www.youtube.com
2014-03-29 11:17:12,i2.ytimg.com
2014-03-29 11:17:12,i1.ytimg.com
2014-03-29 11:17:12,i3.ytimg.com
2014-03-29 11:17:12,s.ytimg.com
2014-03-29 11:17:12,www.youtube.com
2014-03-29 11:17:13,s.youtube.com
2014-03-29 11:17:13,www.youtube.com
2014-03-29 11:17:18,r1---sn-gxo5uxg-jqbe.googlevideo.com
2014-03-29 11:17:18,www.youtube.com
2014-03-29 11:17:19,www.youtube.com
2014-03-29 11:17:19,i1.ytimg.com
2014-03-29 11:17:19,r1---sn-gxo5uxg-jqbe.googlevideo.com
2014-03-29 11:17:19,s.ytimg.com
2014-03-29 11:17:20,www.youtube.com
2014-03-29 11:17:20,i1.ytimg.com
2014-03-29 11:17:20,yt3.ggpht.com
2014-03-29 11:17:20,r1---sn-gxo5uxg-jqbe.googlevideo.com
2014-03-29 11:17:20,s.youtube.com
2014-03-29 11:17:21,www.youtube.com
2014-03-29 11:17:21,s.youtube.com
2014-03-29 11:17:22,www.youtube.com
2014-03-29 11:17:22,i1.ytimg.com
2014-03-29 11:17:25,www.youtube.com
2014-03-29 11:17:27,s.youtube.com
2014-03-29 11:17:29,s.youtube.com
2014-03-29 11:17:36,s.youtube.com
2014-03-29 11:17:45,www.youtube.com
2014-03-29 11:17:46,s.youtube.com
2014-03-29 11:17:52,s.youtube.com
2014-03-29 11:18:00,s.youtube.com
2014-03-29 11:18:30,s.youtube.com
2014-03-29 11:18:33,s.youtube.com
2014-03-29 11:19:00,s.youtube.com
2014-03-29 11:19:12,s.youtube.com
2014-03-29 11:19:30,s.youtube.com
2014-03-29 11:19:52,s.youtube.com
2014-03-29 11:20:00,s.youtube.com
2014-03-29 11:20:15,yt3.ggpht.com
2014-03-29 11:20:21,www.youtube.com
2014-03-29 11:20:30,s.youtube.com
2014-03-29 11:20:32,s.youtube.com
2014-03-29 11:20:40,i1.ytimg.com
2014-03-29 11:20:49,s.youtube.com
2014-03-29 11:21:09,s.youtube.com
2014-03-29 11:21:10,www.youtube-nocookie.com
2014-03-29 11:21:10,s.ytimg.com
2014-03-29 11:21:10,www.youtube.com
2014-03-29 11:21:10,r3---sn-gxo5uxg-jqbe.googlevideo.com
2014-03-29 11:21:11,s.ytimg.com
2014-03-29 11:21:11,www.google.com
2014-03-29 11:21:11,i1.ytimg.com
2014-03-29 11:21:11,www.youtube.com
2014-03-29 11:21:11,s.youtube.com
2014-03-29 11:21:14,www.youtube.com
2014-03-29 11:21:14,i1.ytimg.com
2014-03-29 11:21:14,clients1.google.com
2014-03-29 11:21:21,clients1.google.com
2014-03-29 11:21:24,clients1.google.com
2014-03-29 11:21:26,www.youtube.com
2014-03-29 11:21:26,i1.ytimg.com
2014-03-29 11:21:26,s.ytimg.com
2014-03-29 11:21:27,i1.ytimg.com
2014-03-29 11:21:28,www.youtube.com
2014-03-29 11:21:28,s.youtube.com
2014-03-29 11:21:28,www.groupon.fr
2014-03-29 11:21:32,s.ytimg.com
2014-03-29 11:21:33,r2---sn-gxo5uxg-jqbe.googlevideo.com
2014-03-29 11:21:33,www.youtube.com
2014-03-29 11:21:34,s.ytimg.com
2014-03-29 11:21:34,www.youtube-nocookie.com
2014-03-29 11:21:34,i1.ytimg.com
2014-03-29 11:21:34,www.youtube.com
2014-03-29 11:21:34,s.youtube.com
2014-03-29 11:21:35,s.youtube.com
2014-03-29 11:21:36,www.youtube.com
2014-03-29 11:21:36,r2---sn-gxo5uxg-jqbe.googlevideo.com
2014-03-29 11:21:36,s.youtube.com
2014-03-29 11:21:37,i1.ytimg.com
2014-03-29 11:21:37,www.youtube.com
2014-03-29 11:21:38,s.youtube.com
2014-03-29 11:21:38,i1.ytimg.com
2014-03-29 11:21:39,s.youtube.com
2014-03-29 11:21:41,www.youtube.com
2014-03-29 11:21:41,s.youtube.com
2014-03-29 11:21:41,clients1.google.com
2014-03-29 11:21:47,s.youtube.com
2014-03-29 11:21:57,s.youtube.com
2014-03-29 11:22:11,s.youtube.com
2014-03-29 11:22:21,www.youtube.com
2014-03-29 11:22:23,www.youtube.com
2014-03-29 11:22:24,s.youtube.com
2014-03-29 11:22:29,s.youtube.com
2014-03-29 11:22:34,s.youtube.com
2014-03-29 11:23:04,s.youtube.com
2014-03-29 11:23:09,s.youtube.com
2014-03-29 11:23:32,www.youtube.com
2014-03-29 11:23:32,i1.ytimg.com
2014-03-29 11:23:34,s.youtube.com
2014-03-29 11:23:49,s.youtube.com
2014-03-29 11:24:04,s.youtube.com
2014-03-29 11:24:12,www.youtube.com
2014-03-29 11:24:29,s.youtube.com
2014-03-29 11:24:30,yt3.ggpht.com
2014-03-29 11:24:34,s.youtube.com
2014-03-29 11:25:04,s.youtube.com
2014-03-29 11:25:09,s.youtube.com
2014-03-29 11:25:24,s.youtube.com
2014-03-29 11:25:35,plus.googleapis.com
2014-03-29 11:25:36,clients1.google.com
2014-03-29 11:25:37,clients1.google.com
2014-03-29 11:25:38,clients1.google.com
2014-03-29 11:25:40,www.youtube.com
2014-03-29 11:25:40,i1.ytimg.com
2014-03-29 11:25:40,s.ytimg.com
2014-03-29 11:25:41,www.youtube.com
2014-03-29 11:25:41,i1.ytimg.com
2014-03-29 11:25:41,s.youtube.com
2014-03-29 11:25:51,i1.ytimg.com
2014-03-29 11:25:54,www.youtube.com
2014-03-29 11:25:54,r3---sn-gxo5uxg-jqbe.googlevideo.com
2014-03-29 11:25:54,s.ytimg.com
2014-03-29 11:25:54,www.youtube-nocookie.com
2014-03-29 11:25:54,i1.ytimg.com
2014-03-29 11:25:54,s.youtube.com
2014-03-29 11:25:55,s.youtube.com
2014-03-29 11:25:55,r3---sn-gxo5uxg-jqbe.googlevideo.com
2014-03-29 11:25:56,i1.ytimg.com
2014-03-29 11:25:56,s.youtube.com
2014-03-29 11:25:56,www.youtube.com
2014-03-29 11:25:57,www.youtube.com
2014-03-29 11:25:57,i1.ytimg.com
2014-03-29 11:26:00,www.youtube.com
2014-03-29 11:26:02,s.youtube.com
2014-03-29 11:26:04,s.youtube.com
2014-03-29 11:26:12,s.youtube.com
2014-03-29 11:26:22,s.youtube.com
2014-03-29 11:26:34,s.youtube.com
2014-03-29 11:27:01,s.youtube.com
2014-03-29 11:27:04,s.youtube.com
2014-03-29 11:27:34,s.youtube.com
2014-03-29 11:27:41,s.youtube.com
2014-03-29 11:28:04,s.youtube.com
2014-03-29 11:28:19,www.youtube.com
2014-03-29 11:28:21,s.youtube.com
2014-03-29 11:28:34,s.youtube.com
2014-03-29 11:28:44,s.youtube.com
2014-03-29 11:28:49,www.youtube.com
2014-03-29 11:28:49,s.youtube.com
2014-03-29 11:28:51,i1.ytimg.com
2014-03-29 11:28:51,r2---sn-gxo5uxg-jqbe.googlevideo.com
2014-03-29 11:28:51,www.youtube.com
2014-03-29 11:28:51,s.ytimg.com
2014-03-29 11:28:51,s.youtube.com
2014-03-29 11:28:54,www.youtube.com
2014-03-29 11:28:54,i1.ytimg.com
2014-03-29 11:28:54,clients1.google.com
2014-03-29 11:28:57,s.ytimg.com
2014-03-29 11:28:57,r2---sn-gxo5uxg-jqbe.googlevideo.com
2014-03-29 11:28:57,www.youtube.com
2014-03-29 11:28:58,i1.ytimg.com
2014-03-29 11:28:58,s.youtube.com
2014-03-29 11:28:58,s.ytimg.com
2014-03-29 11:28:58,www.youtube.com
2014-03-29 11:29:00,s.youtube.com
2014-03-29 11:29:00,www.youtube.com
2014-03-29 11:29:01,i1.ytimg.com
2014-03-29 11:29:05,r2---sn-gxo5uxg-jqbe.googlevideo.com
2014-03-29 11:29:06,s.youtube.com
2014-03-29 11:29:06,www.youtube-nocookie.com
2014-03-29 11:29:06,s.ytimg.com
2014-03-29 11:29:06,www.youtube.com
2014-03-29 11:29:06,i1.ytimg.com
2014-03-29 11:29:07,i2.ytimg.com
2014-03-29 11:29:07,www.youtube.com
2014-03-29 11:29:09,www.youtube.com
2014-03-29 11:29:09,i1.ytimg.com
2014-03-29 11:29:15,i1.ytimg.com
2014-03-29 11:29:15,www.youtube-nocookie.com
2014-03-29 11:29:15,s.ytimg.com
2014-03-29 11:29:15,www.youtube.com
2014-03-29 11:29:15,r4---sn-gxo5uxg-jqbe.googlevideo.com
2014-03-29 11:29:16,s.youtube.com
2014-03-29 11:29:16,www.youtube.com
2014-03-29 11:29:18,www.youtube.com
2014-03-29 11:29:19,i1.ytimg.com
2014-03-29 11:29:22,clients1.google.com
2014-03-29 11:29:23,r2---sn-gxo5uxg-jqbe.googlevideo.com
2014-03-29 11:29:23,s.ytimg.com
2014-03-29 11:29:24,s.youtube.com
2014-03-29 11:29:24,www.youtube.com
2014-03-29 11:29:25,www.google.com
2014-03-29 11:29:26,www.youtube.com
2014-03-29 11:29:26,clients1.google.com
2014-03-29 11:29:26,s.youtube.com
2014-03-29 11:29:28,www.youtube-nocookie.com
2014-03-29 11:29:28,r2---sn-gxo5uxg-jqbe.googlevideo.com
2014-03-29 11:29:28,www.youtube.com
2014-03-29 11:29:28,s.ytimg.com
2014-03-29 11:29:29,i1.ytimg.com
2014-03-29 11:29:29,s.youtube.com
2014-03-29 11:29:29,www.youtube.com
2014-03-29 11:29:32,clients1.google.com
2014-03-29 11:29:32,www.youtube.com
2014-03-29 11:29:32,i1.ytimg.com
2014-03-29 11:29:33,clients1.google.com
2014-03-29 11:29:34,clients1.google.com
2014-03-29 11:29:35,clients1.google.com
2014-03-29 11:29:36,clients1.google.com
2014-03-29 11:29:37,s.ytimg.com
2014-03-29 11:29:37,i1.ytimg.com
2014-03-29 11:29:37,www.youtube.com
2014-03-29 11:29:37,clients1.google.com
2014-03-29 11:29:38,s.youtube.com
2014-03-29 11:29:38,www.youtube.com
2014-03-29 11:29:38,i1.ytimg.com
2014-03-29 11:29:39,s.ytimg.com
2014-03-29 11:29:39,i1.ytimg.com
2014-03-29 11:29:39,www.youtube.com
2014-03-29 11:29:40,i1.ytimg.com
2014-03-29 11:29:40,www.youtube.com
2014-03-29 11:29:41,i1.ytimg.com
2014-03-29 11:29:41,s.youtube.com
2014-03-29 11:29:48,i1.ytimg.com
2014-03-29 11:29:52,r4---sn-gxo5uxg-jqbe.googlevideo.com
2014-03-29 11:29:52,i1.ytimg.com
2014-03-29 11:29:52,s.ytimg.com
2014-03-29 11:29:52,www.youtube.com
2014-03-29 11:29:53,s.youtube.com
2014-03-29 11:29:55,www.youtube.com
2014-03-29 11:29:56,s.youtube.com
2014-03-29 11:29:56,www.youtube.com
2014-03-29 11:29:57,i1.ytimg.com
2014-03-29 11:29:57,s.ytimg.com
2014-03-29 11:29:57,www.youtube.com
2014-03-29 11:29:57,r4---sn-gxo5uxg-jqbe.googlevideo.com
2014-03-29 11:29:57,www.youtube-nocookie.com
2014-03-29 11:29:58,s.youtube.com
2014-03-29 11:30:00,www.youtube.com
2014-03-29 11:30:00,i1.ytimg.com
2014-03-29 11:30:01,wwwimages.adobe.com
2014-03-29 11:30:01,get.adobe.com
2014-03-29 11:30:02,stats.adobe.com
2014-03-29 11:30:02,get.adobe.com
2014-03-29 11:30:02,www.adobe.com
2014-03-29 11:30:02,p.typekit.net
2014-03-29 11:30:02,wwwimages.adobe.com
2014-03-29 11:30:04,p.typekit.net
2014-03-29 11:30:04,wwwimages.adobe.com
2014-03-29 11:30:04,get.adobe.com
2014-03-29 11:30:04,stats.adobe.com
2014-03-29 11:30:10,www.google.fr
2014-03-29 11:30:10,www.youtube.com
2014-03-29 11:30:11,i1.ytimg.com
2014-03-29 11:30:12,i1.ytimg.com
2014-03-29 11:30:12,www.youtube.com
2014-03-29 11:30:12,s.youtube.com
2014-03-29 11:30:13,clients1.google.com
2014-03-29 11:30:15,clients1.google.com
2014-03-29 11:30:18,clients1.google.com
2014-03-29 11:30:20,www.youtube.com
2014-03-29 11:30:20,s.ytimg.com
2014-03-29 11:30:20,i1.ytimg.com
2014-03-29 11:30:21,s.youtube.com
2014-03-29 11:30:21,www.youtube.com
2014-03-29 11:30:21,clients1.google.com
2014-03-29 11:30:22,s.ytimg.com
2014-03-29 11:30:22,www.youtube.com
2014-03-29 11:30:23,www.youtube.com
2014-03-29 11:30:23,s.youtube.com
2014-03-29 11:30:23,i1.ytimg.com
2014-03-29 11:30:25,www.youtube.com
2014-03-29 11:30:25,r4---sn-gxo5uxg-jqbe.googlevideo.com
2014-03-29 11:30:25,s.ytimg.com
2014-03-29 11:30:26,s.youtube.com
2014-03-29 11:30:26,www.youtube.com
2014-03-29 11:30:26,www.youtube-nocookie.com
2014-03-29 11:30:29,i1.ytimg.com
2014-03-29 11:30:29,www.youtube.com
2014-03-29 11:30:29,clients1.google.com
2014-03-29 11:30:30,s.youtube.com
2014-03-29 11:30:30,www.youtube.com
2014-03-29 11:30:31,i1.ytimg.com
2014-03-29 11:30:33,r1---sn-gxo5uxg-jqbe.googlevideo.com
2014-03-29 11:30:33,www.youtube.com
2014-03-29 11:30:33,www.youtube-nocookie.com
2014-03-29 11:30:33,s.ytimg.com
2014-03-29 11:30:33,i1.ytimg.com
2014-03-29 11:30:34,s.youtube.com
2014-03-29 11:30:35,www.youtube.com
2014-03-29 11:30:36,www.youtube.com
2014-03-29 11:30:36,s.youtube.com
2014-03-29 11:30:39,r3---sn-gxo5uxg-jqbe.googlevideo.com
2014-03-29 11:30:39,www.youtube.com
2014-03-29 11:30:39,s.ytimg.com
2014-03-29 11:30:39,i1.ytimg.com
2014-03-29 11:30:40,s.youtube.com
2014-03-29 11:30:40,www.youtube.com
2014-03-29 11:30:42,i1.ytimg.com
2014-03-29 11:30:42,www.youtube.com
2014-03-29 11:30:48,clients1.google.com
2014-03-29 11:30:49,clients1.google.com
2014-03-29 11:30:50,clients1.google.com
2014-03-29 11:31:00,www.google.fr
2014-03-29 11:31:01,i1.ytimg.com
2014-03-29 11:31:01,www.youtube.com
2014-03-29 11:31:02,s.youtube.com
2014-03-29 11:31:02,www.youtube.com
2014-03-29 11:31:03,clients1.google.com
2014-03-29 11:31:04,clients1.google.com
2014-03-29 11:31:05,clients1.google.com
2014-03-29 11:31:06,www.youtube.com
2014-03-29 11:31:06,s.ytimg.com
2014-03-29 11:31:07,www.youtube.com
2014-03-29 11:31:07,i1.ytimg.com
2014-03-29 11:31:07,s.youtube.com
2014-03-29 11:31:07,r3---sn-gxo5uxg-jqbe.googlevideo.com
2014-03-29 11:31:08,s.ytimg.com
2014-03-29 11:31:08,i1.ytimg.com
2014-03-29 11:31:08,www.youtube.com
2014-03-29 11:31:08,s.youtube.com
2014-03-29 11:31:08,r3---sn-gxo5uxg-jqbe.googlevideo.com
2014-03-29 11:31:09,s.youtube.com
2014-03-29 11:31:10,s.youtube.com
2014-03-29 11:31:10,www.youtube.com
2014-03-29 11:31:11,www.youtube.com
2014-03-29 11:31:11,i1.ytimg.com
2014-03-29 11:31:12,www.youtube.com
2014-03-29 11:31:13,s.ytimg.com
2014-03-29 11:31:13,r3---sn-gxo5uxg-jqbe.googlevideo.com
2014-03-29 11:31:13,s.youtube.com
2014-03-29 11:31:13,www.youtube.com
2014-03-29 11:31:14,s.youtube.com
2014-03-29 11:31:14,www.youtube.com
2014-03-29 11:31:15,s.youtube.com
2014-03-29 11:31:15,i1.ytimg.com
2014-03-29 11:31:16,www.youtube.com
2014-03-29 11:31:16,s.youtube.com
2014-03-29 11:31:16,r3---sn-gxo5uxg-jqbe.googlevideo.com
2014-03-29 11:31:17,www.youtube.com
2014-03-29 11:31:17,i1.ytimg.com
2014-03-29 11:31:20,www.youtube.com
2014-03-29 11:31:23,s.youtube.com
2014-03-29 11:31:23,i1.ytimg.com
2014-03-29 11:31:24,s.youtube.com
2014-03-29 11:31:33,s.youtube.com
2014-03-29 11:31:34,s.youtube.com
2014-03-29 11:31:43,s.youtube.com
2014-03-29 11:31:44,s.youtube.com
2014-03-29 11:31:56,clients1.google.com
2014-03-29 11:31:58,get3.adobe.com
2014-03-29 11:32:04,s.youtube.com
2014-03-29 11:32:14,s.youtube.com
2014-03-29 11:32:34,s.youtube.com
2014-03-29 11:32:54,s.youtube.com
2014-03-29 11:33:04,s.youtube.com
2014-03-29 11:33:34,s.youtube.com
2014-03-29 11:33:50,i1.ytimg.com
2014-03-29 11:33:52,www.google.com
2014-03-29 11:33:53,www.google.fr
2014-03-29 11:33:54,s.youtube.com
2014-03-29 11:34:04,yt3.ggpht.com
2014-03-29 11:34:04,s.youtube.com
2014-03-29 11:34:14,s.youtube.com
2014-03-29 11:34:17,i1.ytimg.com
2014-03-29 11:34:18,i1.ytimg.com
2014-03-29 11:34:21,www.youtube.com
2014-03-29 11:34:22,www.youtube.com
2014-03-29 11:34:22,s.youtube.com
2014-03-29 11:34:25,i1.ytimg.com
2014-03-29 11:34:28,i1.ytimg.com
2014-03-29 11:34:31,www.youtube.com
2014-03-29 11:34:32,s.ytimg.com
2014-03-29 11:34:32,i1.ytimg.com
2014-03-29 11:34:32,www.youtube.com
2014-03-29 11:34:33,s.youtube.com
2014-03-29 11:34:38,r4---sn-gxo5uxg-jqbe.googlevideo.com
2014-03-29 11:34:38,www.youtube.com
2014-03-29 11:34:38,s.ytimg.com
2014-03-29 11:34:38,i1.ytimg.com
2014-03-29 11:34:38,s.youtube.com
2014-03-29 11:34:40,www.youtube.com
2014-03-29 11:34:40,s.youtube.com
2014-03-29 11:34:41,www.youtube.com
2014-03-29 11:34:41,i1.ytimg.com
2014-03-29 11:34:44,www.youtube.com
2014-03-29 11:34:46,r4---sn-cg07luel.googlevideo.com
2014-03-29 11:34:47,s.youtube.com
2014-03-29 11:34:57,s.youtube.com
2014-03-29 11:35:07,s.youtube.com
2014-03-29 11:35:10,s.youtube.com
2014-03-29 11:35:28,s.youtube.com
2014-03-29 11:35:40,s.youtube.com
2014-03-29 11:36:00,safebrowsing.clients.google.com
2014-03-29 11:36:00,safebrowsing-cache.google.com
2014-03-29 11:36:08,s.youtube.com
2014-03-29 11:36:10,s.youtube.com
2014-03-29 11:36:40,s.youtube.com
2014-03-29 11:36:48,s.youtube.com
2014-03-29 11:37:10,s.youtube.com
2014-03-29 11:37:15,plus.googleapis.com
2014-03-29 11:37:15,i1.ytimg.com
2014-03-29 11:37:28,s.youtube.com
2014-03-29 11:37:34,yt3.ggpht.com
2014-03-29 11:37:40,s.youtube.com
2014-03-29 11:37:40,www.youtube.com
2014-03-29 11:37:47,i1.ytimg.com
2014-03-29 11:37:49,i1.ytimg.com
2014-03-29 11:38:00,www.youtube.com
2014-03-29 11:38:01,i1.ytimg.com
2014-03-29 11:38:01,www.youtube.com
2014-03-29 11:38:01,s.youtube.com
2014-03-29 11:38:02,i1.ytimg.com
2014-03-29 11:38:05,i1.ytimg.com
2014-03-29 11:38:07,i1.ytimg.com
2014-03-29 11:38:13,www.youtube.com
2014-03-29 11:38:13,i1.ytimg.com
2014-03-29 11:38:13,s.ytimg.com
2014-03-29 11:38:13,s.youtube.com
2014-03-29 11:38:14,i1.ytimg.com
2014-03-29 11:38:17,i1.ytimg.com
2014-03-29 11:38:17,s.ytimg.com
2014-03-29 11:38:17,www.youtube.com
2014-03-29 11:38:17,r1---sn-gxo5uxg-jqbe.googlevideo.com
2014-03-29 11:38:18,s.youtube.com
2014-03-29 11:38:18,i1.ytimg.com
2014-03-29 11:38:18,r1---sn-gxo5uxg-jqbe.googlevideo.com
2014-03-29 11:38:19,r1---sn-cg07luer.googlevideo.com
2014-03-29 11:38:19,s.youtube.com
2014-03-29 11:38:19,www.youtube.com
2014-03-29 11:38:19,i1.ytimg.com
2014-03-29 11:38:20,www.youtube.com
2014-03-29 11:38:20,i1.ytimg.com
2014-03-29 11:38:21,i1.ytimg.com
2014-03-29 11:38:24,www.youtube.com
2014-03-29 11:38:27,s.youtube.com
2014-03-29 11:38:29,s.youtube.com
2014-03-29 11:38:35,i1.ytimg.com
2014-03-29 11:38:37,s.youtube.com
2014-03-29 11:38:39,s.youtube.com
2014-03-29 11:38:48,s.youtube.com
2014-03-29 11:38:49,s.youtube.com
2014-03-29 11:38:50,s.youtube.com
2014-03-29 11:38:50,i1.ytimg.com
2014-03-29 11:38:57,s.youtube.com
2014-03-29 11:39:27,s.youtube.com
2014-03-29 11:39:31,s.youtube.com
2014-03-29 11:39:58,s.youtube.com
2014-03-29 11:40:10,s.youtube.com
2014-03-29 11:40:26,i1.ytimg.com
2014-03-29 11:40:28,s.youtube.com
2014-03-29 11:40:35,www.youtube.com
2014-03-29 11:40:35,i1.ytimg.com
2014-03-29 11:40:35,s.youtube.com
2014-03-29 11:40:44,i1.ytimg.com
2014-03-29 11:40:44,plus.googleapis.com
2014-03-29 11:40:51,yt3.ggpht.com
