timestamp,site
2013-01-12 17:37:31,armmf.adobe.com
2013-01-12 17:37:33,armmf.adobe.com
2013-01-12 17:37:34,armdl.adobe.com
2013-01-12 17:41:27,armmf.adobe.com
2013-01-12 17:41:29,armmf.adobe.com
2013-01-12 17:41:31,armdl.adobe.com
2013-01-12 18:15:15,gtssl-ocsp.geotrust.com
2013-01-12 18:15:16,clients1.google.com
2013-01-12 18:15:17,gtglobal-ocsp.geotrust.com
2013-01-12 18:15:50,safebrowsing-cache.google.com
2013-01-12 18:15:50,safebrowsing.clients.google.com
2013-01-12 18:16:11,javadl-esd-secure.oracle.com
2013-01-12 18:16:13,javadl-esd-secure.oracle.com
2013-01-12 18:16:16,gtssl-ocsp.geotrust.com
2013-01-12 18:16:24,sb-ssl.google.com
2013-01-12 18:17:16,www.oracle.com
2013-01-12 18:17:17,www.oracle.com
2013-01-12 18:17:17,apex.oracle.com
2013-01-12 18:19:20,www.oracle.com
2013-01-12 18:19:21,apex.oracle.com
2013-01-12 18:19:21,www.oracle.com
2013-01-12 18:24:17,clients1.google.com
2013-01-12 18:24:18,gtglobal-ocsp.geotrust.com
2013-01-12 18:24:23,clients1.google.com
2013-01-12 18:24:26,clients1.google.com
2013-01-12 18:24:28,clients1.google.com
2013-01-12 18:24:29,ocsp.thawte.com
2013-01-12 18:24:30,ocsp.digicert.com
2013-01-12 18:24:31,clients1.google.com
2013-01-12 18:24:33,clients1.google.com
2013-01-12 18:27:09,safebrowsing-cache.google.com
2013-01-12 18:27:09,safebrowsing.clients.google.com
2013-01-12 18:27:17,clients2.google.com
2013-01-12 18:27:19,www.google.com
2013-01-12 18:27:20,apis.google.com
2013-01-12 18:27:21,accounts.google.com
2013-01-12 18:27:22,chatenabled.mail.google.com
2013-01-12 18:27:25,ajax.googleapis.com
2013-01-12 18:27:33,www.dropbox.com
2013-01-12 18:27:36,plus.google.com
2013-01-12 18:27:56,ocsp.thawte.com
2013-01-12 18:31:42,ocsp.digicert.com
2013-01-12 18:31:56,ocsp.verisign.com
2013-01-12 18:32:33,dl.patchbeam.com
2013-01-12 18:32:54,dl.patchbeam.com
2013-01-12 18:32:54,www.powerarchiver.com
2013-01-12 18:33:55,ocsp.digicert.com
2013-01-12 18:33:56,ocsp.digicert.com
2013-01-12 18:37:32,plus.google.com
2013-01-12 18:47:32,plus.google.com
2013-01-12 18:49:12,www.oracle.com
2013-01-12 18:49:13,apex.oracle.com
2013-01-12 18:49:13,www.oracle.com
2013-01-12 18:54:08,mail.google.com
2013-01-12 18:54:08,www.google.com
2013-01-12 19:13:42,javadl-esd-secure.oracle.com
2013-01-12 19:21:01,javadl-esd-secure.oracle.com
2013-01-12 21:06:18,www.oracle.com
2013-01-12 21:06:19,www.oracle.com
2013-01-12 21:06:19,apex.oracle.com
2013-01-12 21:07:41,ocsp.usertrust.com
2013-01-12 21:07:41,clients1.google.com
2013-01-12 21:07:41,ocsp.tcs.terena.org
2013-01-12 21:07:41,gtglobal-ocsp.geotrust.com
2013-01-12 21:07:52,clients1.google.com
2013-01-12 21:37:40,javadl-esd-secure.oracle.com
2013-01-12 21:37:42,javadl-esd-secure.oracle.com
2013-01-12 21:59:08,javadl-esd-secure.oracle.com
2013-01-12 21:59:14,javadl-esd-secure.oracle.com
2013-01-12 22:14:44,javadl-esd-secure.oracle.com
2013-01-12 22:16:09,javadl-esd-secure.oracle.com
2013-02-12 18:22:09,javadl-esd-secure.oracle.com
2013-02-12 18:23:26,javadl-esd-secure.oracle.com
2013-02-12 18:33:27,gtssl-ocsp.geotrust.com
2013-02-12 18:33:40,gtglobal-ocsp.geotrust.com
2013-02-12 18:33:40,clients1.google.com
2013-02-12 18:33:40,ocsp.tcs.terena.org
2013-02-12 18:33:40,ocsp.usertrust.com
2013-02-12 18:33:51,clients1.google.com
2013-02-12 18:34:09,safebrowsing.clients.google.com
2013-02-12 18:34:09,safebrowsing-cache.google.com
2013-02-12 18:34:10,safebrowsing-cache.google.com
2013-02-12 18:34:28,gtssl-ocsp.geotrust.com
2013-02-12 18:36:44,player.vimeo.com
2013-02-12 18:36:45,livepassdl.conviva.com
2013-02-12 18:36:45,ocsp.digicert.com
2013-02-12 18:36:46,ocsp.godaddy.com
2013-02-12 18:36:46,player.vimeo.com
2013-02-12 18:36:51,pings.conviva.com
2013-02-12 18:39:29,ocsp.thawte.com
2013-02-12 18:50:08,clients1.google.com
2013-02-12 18:50:09,gtglobal-ocsp.geotrust.com
2013-02-12 18:50:13,safebrowsing-cache.google.com
2013-02-12 18:50:13,clients1.google.com
2013-02-12 18:50:13,safebrowsing.clients.google.com
2013-02-12 18:50:14,clients1.google.com
2013-02-12 18:50:14,safebrowsing-cache.google.com
2013-02-12 18:50:15,clients1.google.com
2013-02-12 18:50:15,safebrowsing-cache.google.com
2013-02-12 18:50:24,clients1.google.com
2013-02-12 18:51:20,www.google.fr
2013-02-12 18:51:21,asktom.oracle.com
2013-02-12 18:51:22,asktom.oracle.com
2013-02-12 18:51:23,www.google.fr
2013-02-12 18:51:24,docs.oracle.com
2013-02-12 18:51:25,docs.oracle.com
2013-02-12 18:51:32,docs.oracle.com
2013-02-12 18:51:32,www.google.fr
2013-02-12 18:51:33,docs.oracle.com
2013-02-12 18:51:34,docs.oracle.com
2013-02-12 18:51:55,ocsp.verisign.com
2013-02-12 18:53:08,clients2.google.com
2013-02-12 18:53:09,chatenabled.mail.google.com
2013-02-12 18:53:10,accounts.google.com
2013-02-12 18:53:33,apis.google.com
2013-02-12 18:53:54,ocsp.digicert.com
2013-02-12 18:54:13,www.google.fr
2013-02-12 18:54:13,www.google.com
2013-02-12 18:54:41,plus.google.com
2013-02-12 19:04:24,plus.google.com
2013-02-12 19:14:24,plus.google.com
2013-02-12 19:18:19,safebrowsing-cache.google.com
2013-02-12 19:18:19,safebrowsing.clients.google.com
2013-02-12 19:24:23,plus.google.com
2013-02-12 19:32:44,docs.oracle.com
2013-02-12 19:32:44,www.google.fr
2013-02-12 19:32:46,docs.oracle.com
2013-02-12 19:32:46,www.google.fr
2013-02-12 19:32:47,docs.oracle.com
2013-02-12 19:34:23,plus.google.com
2013-02-12 19:35:36,www.google.fr
2013-02-12 19:44:24,plus.google.com
2013-02-12 19:47:31,safebrowsing-cache.google.com
2013-02-12 19:47:31,safebrowsing.clients.google.com
2013-02-12 19:47:32,safebrowsing-cache.google.com
2013-02-12 19:54:25,plus.google.com
2013-02-12 19:57:05,dl.javafx.com
2013-02-12 19:58:42,apis.google.com
2013-02-12 20:03:59,www.oracle.com
2013-02-12 20:04:00,apex.oracle.com
2013-02-12 20:04:00,www.oracle.com
2013-02-12 20:04:05,www.oracle.com
2013-02-12 20:04:05,apex.oracle.com
2013-02-12 20:04:24,plus.google.com
2013-02-12 20:14:24,plus.google.com
2013-02-12 20:19:02,safebrowsing-cache.google.com
2013-02-12 20:19:02,safebrowsing.clients.google.com
2013-02-12 20:19:03,safebrowsing-cache.google.com
2013-02-12 20:25:23,www.google.com
2013-02-12 20:25:25,www.google.fr
2013-02-12 20:25:44,plus.google.com
2013-02-12 20:33:24,clients1.google.com
2013-02-12 20:33:25,gtglobal-ocsp.geotrust.com
2013-02-12 20:33:54,clients1.google.com
2013-02-12 20:36:21,gm2.ggpht.com
2013-02-12 20:36:21,gm1.ggpht.com
2013-02-12 20:36:44,plus.google.com
2013-02-12 20:36:50,apis.google.com
2013-02-12 20:36:50,clients6.google.com
2013-02-12 20:45:35,plus.google.com
2013-02-12 20:50:23,safebrowsing-cache.google.com
2013-02-12 20:50:23,safebrowsing.clients.google.com
2013-02-12 20:58:34,plus.google.com
2013-02-12 21:05:37,plus.google.com
2013-02-12 21:15:37,plus.google.com
2013-02-12 21:22:00,safebrowsing.clients.google.com
2013-02-12 21:22:00,safebrowsing-cache.google.com
2013-02-12 21:22:01,safebrowsing-cache.google.com
2013-02-12 21:25:36,plus.google.com
2013-02-12 21:35:35,plus.google.com
2013-02-12 21:45:37,plus.google.com
2013-02-12 21:51:25,safebrowsing.clients.google.com
2013-02-12 21:51:25,safebrowsing-cache.google.com
2013-02-12 21:55:37,plus.google.com
2013-02-12 21:57:12,www.oracle.com
2013-02-12 21:57:13,apex.oracle.com
2013-02-12 21:57:13,www.oracle.com
2013-02-12 22:05:37,plus.google.com
2013-02-12 22:15:36,plus.google.com
2013-02-12 22:21:23,safebrowsing-cache.google.com
2013-02-12 22:21:23,safebrowsing.clients.google.com
2013-02-12 22:25:35,plus.google.com
2013-02-12 22:35:38,plus.google.com
2013-02-12 22:45:38,plus.google.com
2013-02-12 22:51:39,safebrowsing-cache.google.com
2013-02-12 22:51:39,safebrowsing.clients.google.com
2013-02-12 22:55:37,plus.google.com
2013-02-12 23:05:39,plus.google.com
2013-02-12 23:15:39,plus.google.com
2013-02-12 23:21:52,safebrowsing.clients.google.com
2013-02-12 23:21:52,safebrowsing-cache.google.com
2013-02-12 23:25:38,plus.google.com
2013-02-12 23:33:53,plus.google.com
2013-02-12 23:33:53,mail.google.com
2013-04-12 10:22:41,gtssl-ocsp.geotrust.com
2013-04-12 10:22:52,snippets-stats.mozilla.org
2013-04-12 10:22:58,gtglobal-ocsp.geotrust.com
2013-04-12 10:22:58,clients1.google.com
2013-04-12 10:23:04,clients1.google.com
2013-04-12 10:23:07,clients1.google.com
2013-04-12 10:23:08,clients1.google.com
2013-04-12 10:23:15,clients1.google.com
2013-04-12 10:23:44,gtssl-ocsp.geotrust.com
2013-04-12 10:25:59,clients2.google.com
2013-04-12 10:26:02,chatenabled.mail.google.com
2013-04-12 10:26:03,accounts.google.com
2013-04-12 10:26:31,www.google.com
2013-04-12 10:26:46,javadl-esd-secure.oracle.com
2013-04-12 10:26:49,safebrowsing.clients.google.com
2013-04-12 10:26:49,safebrowsing-cache.google.com
2013-04-12 10:28:29,www.squid-cache.org
2013-04-12 10:28:32,www.google.fr
2013-04-12 10:28:32,google.fr
2013-04-12 10:28:39,ocsp.thawte.com
2013-04-12 10:28:40,www.google.fr
2013-04-12 10:28:41,www.cs.waikato.ac.nz
2013-04-12 10:28:45,www.cs.waikato.ac.nz
2013-04-12 10:28:56,images.sourceforge.net
2013-04-12 10:28:56,a.fsdn.com
2013-04-12 10:28:56,sourceforge.net
2013-04-12 10:28:57,d.delivery49.com
2013-04-12 10:28:57,sourceforge.net
2013-04-12 10:28:57,a.fsdn.com
2013-04-12 10:29:58,sourceforge.net
2013-04-12 10:30:02,javadl-esd-secure.oracle.com
2013-04-12 10:30:02,sourceforge.net
2013-04-12 10:30:02,images.sourceforge.net
2013-04-12 10:30:03,sourceforge.net
2013-04-12 10:30:03,d.delivery49.com
2013-04-12 10:30:10,ocsp.tcs.terena.org
2013-04-12 10:30:10,ocsp.usertrust.com
2013-04-12 10:30:10,clients1.google.com
2013-04-12 10:30:32,heanet.dl.sourceforge.net
2013-04-12 10:30:39,ocsp.verisign.com
2013-04-12 10:31:03,sourceforge.net
2013-04-12 10:31:03,a.fsdn.com
2013-04-12 10:31:04,a.fsdn.com
2013-04-12 10:31:05,sourceforge.net
2013-04-12 10:31:05,d.delivery49.com
2013-04-12 10:31:14,apis.google.com
2013-04-12 10:31:28,plus.google.com
2013-04-12 10:31:29,www.google.com
2013-04-12 10:31:32,www.google.fr
2013-04-12 10:32:39,ocsp.digicert.com
2013-04-12 10:32:40,ocsp.digicert.com
2013-04-12 10:32:44,mail.google.com
2013-04-12 10:34:23,javadl-esd.sun.com
2013-04-12 10:34:23,javadl.sun.com
2013-04-12 10:34:24,javadl.sun.com
2013-04-12 10:34:24,sdlc-esd.sun.com
2013-04-12 10:35:05,java.com
2013-04-12 10:45:09,clients2.google.com
2013-04-12 10:45:11,www.google.com
2013-04-12 10:45:11,chatenabled.mail.google.com
2013-04-12 10:46:01,apis.google.com
2013-04-12 10:46:10,plus.google.com
2013-04-12 10:46:31,clients6.google.com
2013-04-12 10:52:20,www.cs.waikato.ac.nz
2013-04-12 10:52:21,www.cs.waikato.ac.nz
2013-04-12 10:52:22,www.cs.waikato.ac.nz
2013-04-12 10:56:29,apis.google.com
2013-04-12 10:56:44,safebrowsing-cache.google.com
2013-04-12 10:56:44,safebrowsing.clients.google.com
2013-04-12 10:56:45,safebrowsing-cache.google.com
2013-04-12 10:57:16,plus.google.com
2013-04-12 11:05:23,plus.google.com
2013-04-12 11:15:22,plus.google.com
2013-04-12 11:25:24,plus.google.com
2013-04-12 11:27:20,safebrowsing-cache.google.com
2013-04-12 11:27:20,safebrowsing.clients.google.com
2013-04-12 11:35:22,plus.google.com
2013-04-12 11:45:22,plus.google.com
2013-04-12 11:55:24,plus.google.com
2013-04-12 11:56:30,safebrowsing-cache.google.com
2013-04-12 11:56:30,safebrowsing.clients.google.com
2013-04-12 11:56:31,safebrowsing-cache.google.com
2013-04-12 11:59:53,apis.google.com
2013-04-12 11:59:53,mail.google.com
2013-11-17 23:14:24,armmf.adobe.com
2013-11-17 23:14:26,armmf.adobe.com
2013-11-17 23:14:28,armdl.adobe.com
2013-11-17 23:19:10,javadl-esd-secure.oracle.com
2013-11-17 23:19:12,gtssl-ocsp.geotrust.com
2013-11-17 23:19:13,gtssl-ocsp.geotrust.com
2013-11-17 23:19:18,geo.mozilla.org
2013-11-17 23:19:20,clients1.google.com
2013-11-17 23:19:21,gtglobal-ocsp.geotrust.com
2013-11-17 23:19:25,clients1.google.com
2013-11-17 23:19:26,clients1.google.com
2013-11-17 23:19:35,clients1.google.com
2013-11-17 23:20:14,gtssl-ocsp.geotrust.com
2013-11-17 23:20:28,safebrowsing.clients.google.com
2013-11-17 23:20:28,safebrowsing-cache.google.com
2013-11-17 23:22:20,clients2.google.com
2013-11-17 23:22:21,www.google.com
2013-11-17 23:22:21,plus.google.com
2013-11-17 23:22:21,apis.google.com
2013-11-17 23:22:22,chatenabled.mail.google.com
2013-11-17 23:22:22,accounts.google.com
2013-11-17 23:23:15,mail.google.com
2013-11-19 08:21:14,gtssl-ocsp.geotrust.com
2013-11-19 08:21:49,www.oracle.com
2013-11-19 08:21:50,www.oracle.com
2013-11-19 08:21:50,apex.oracle.com
2013-11-19 08:22:12,ocsp.thawte.com
2013-11-19 08:22:13,ocsp.digicert.com
2013-11-19 08:22:15,gtssl-ocsp.geotrust.com
2013-11-19 08:22:15,gtglobal-ocsp.geotrust.com
2013-11-19 08:22:15,clients1.google.com
2013-11-19 08:22:23,safebrowsing-cache.google.com
2013-11-19 08:22:23,safebrowsing.clients.google.com
2013-11-19 08:22:53,ocsp.digicert.com
2013-11-19 08:23:11,ocsp.thawte.com
2013-11-19 08:24:30,javadl-esd-secure.oracle.com
2013-11-19 08:25:10,ocsp.verisign.com
2013-11-19 08:25:11,ajax.googleapis.com
2013-11-19 08:25:15,javadl-esd-secure.oracle.com
2013-11-19 08:25:26,dl.javafx.com
2013-11-19 08:25:48,www.dropbox.com
2013-11-19 08:27:17,ocsp.digicert.com
2013-11-19 08:53:29,safebrowsing-cache.google.com
2013-11-19 08:53:29,safebrowsing.clients.google.com
2013-11-19 09:06:35,www.oracle.com
2013-11-19 09:06:36,apex.oracle.com
2013-11-19 09:06:36,www.oracle.com
2013-11-19 09:20:58,clients1.google.com
2013-11-19 09:20:58,www.google.com
2013-11-19 09:21:06,clients1.google.com
2013-11-19 09:21:09,clients1.google.com
2013-11-19 09:21:15,www.google.fr
2013-11-19 09:21:16,docs.oracle.com
2013-11-19 09:21:28,www.google.fr
2013-11-19 09:21:29,www.oracleimg.com
2013-11-19 09:21:29,www.oracle.com
2013-11-19 09:21:30,www.oracle.com
2013-11-19 09:21:31,www.oracle.com
2013-11-19 09:21:31,www.oracleimg.com
2013-11-19 09:21:32,www.oracle.com
2013-11-19 09:21:32,img03.en25.com
2013-11-19 09:21:33,www.oracle.com
2013-11-19 09:21:33,ajax.googleapis.com
2013-11-19 09:21:33,www.oracleimg.com
2013-11-19 09:21:33,s1973398186.t.eloqua.com
2013-11-19 09:21:34,s1973398186.t.eloqua.com
2013-11-19 09:21:34,www.oracle.com
2013-11-19 09:22:14,gtssl-ocsp.geotrust.com
2013-11-19 09:22:16,ocsp.verisign.com
2013-11-19 09:22:17,www.google.fr
2013-11-19 09:22:18,www.google.fr
2013-11-19 09:22:19,ocsp.digicert.com
2013-11-19 09:22:19,dbaforums.org
2013-11-19 09:22:20,dbaforums.org
2013-11-19 09:22:20,www.dba-oracle.com
2013-11-19 09:22:21,dbaforums.org
2013-11-19 09:22:21,www.dbaforums.org
2013-11-19 09:22:22,dbaforums.org
2013-11-19 09:23:08,safebrowsing.clients.google.com
2013-11-19 09:23:08,safebrowsing-cache.google.com
2013-11-19 09:23:09,safebrowsing-cache.google.com
2013-11-19 09:23:10,safebrowsing-cache.google.com
2013-11-19 09:24:03,www.google.com
2013-11-19 09:24:05,plus.google.com
2013-11-19 09:24:05,apis.google.com
2013-11-19 09:24:13,forums.oracle.com
2013-11-19 09:24:14,forums.oracle.com
2013-11-19 09:25:08,www.google.fr
2013-11-19 09:25:21,forums.oracle.com
2013-11-19 09:27:21,forums.oracle.com
2013-11-19 09:31:22,forums.oracle.com
2013-11-19 09:31:54,www.google.fr
2013-11-19 09:31:54,docs.oracle.com
2013-11-19 09:31:55,docs.oracle.com
2013-11-19 09:31:56,docs.oracle.com
2013-11-19 09:31:56,www.google.fr
2013-11-19 09:31:57,asktom.oracle.com
2013-11-19 09:31:58,asktom.oracle.com
2013-11-19 09:31:59,www.google.fr
2013-11-19 09:31:59,asktom.oracle.com
2013-11-19 09:32:00,docs.oracle.com
2013-11-19 09:32:01,docs.oracle.com
2013-11-19 09:32:02,www.google.fr
2013-11-19 09:32:02,docs.oracle.com
2013-11-19 09:32:03,translate.google.com
2013-11-19 09:32:03,www.oracle-base.com
2013-11-19 09:32:03,www.google.co.uk
2013-11-19 09:32:04,platform.twitter.com
2013-11-19 09:32:04,connect.facebook.net
2013-11-19 09:32:05,clients1.google.com
2013-11-19 09:32:05,platform.twitter.com
2013-11-19 09:32:05,static.ak.facebook.com
2013-11-19 09:32:05,www.facebook.com
2013-11-19 09:32:06,s-static.ak.facebook.com
2013-11-19 09:32:06,gtglobal-ocsp.geotrust.com
2013-11-19 09:32:07,evsecure-ocsp.verisign.com
2013-11-19 09:32:07,www.google.com
2013-11-19 09:32:07,clients1.google.com
2013-11-19 09:32:08,evsecure-ocsp.verisign.com
2013-11-19 09:32:08,platform.twitter.com
2013-11-19 09:32:09,platform.twitter.com
2013-11-19 09:32:09,www.google.com
2013-11-19 09:32:10,www.facebook.com
2013-11-19 09:32:10,ocsp.verisign.com
2013-11-19 09:32:10,translate.google.com
2013-11-19 09:32:10,clients1.google.com
2013-11-19 09:32:14,translate.google.com
2013-11-19 09:32:39,twitter.com
2013-11-19 09:34:05,platform.twitter.com
2013-11-19 09:34:46,www.google.fr
2013-11-19 09:35:02,apis.google.com
2013-11-19 09:35:04,accounts.google.com
2013-11-19 09:35:05,www.google.com
2013-11-19 09:35:05,translate.googleapis.com
2013-11-19 09:35:33,plus.google.com
2013-11-19 09:39:22,forums.oracle.com
2013-11-19 09:42:23,www.google.com
2013-11-19 09:42:26,www.google.fr
2013-11-19 09:45:51,plus.google.com
2013-11-19 09:52:17,safebrowsing.clients.google.com
2013-11-19 09:52:17,safebrowsing-cache.google.com
2013-11-19 09:52:18,safebrowsing-cache.google.com
2013-11-19 09:54:01,plus.google.com
2013-11-24 16:20:36,armmf.adobe.com
2013-11-24 16:20:38,armmf.adobe.com
2013-11-24 16:20:40,armdl.adobe.com
2013-11-24 16:25:23,javadl-esd-secure.oracle.com
2013-11-24 16:25:55,javadl-esd-secure.oracle.com
2013-11-24 16:25:59,dl.javafx.com
2013-11-24 17:46:42,gtssl-ocsp.geotrust.com
2013-11-24 17:46:46,www.google.com
2013-11-24 17:46:46,clients1.google.com
2013-11-24 17:46:47,clients1.google.com
2013-11-24 17:46:47,gtglobal-ocsp.geotrust.com
2013-11-24 17:46:48,www.google.co.ma
2013-11-24 17:46:48,www.google.fr
2013-11-24 17:46:48,clients1.google.com
2013-11-24 17:46:48,www.google.com
2013-11-24 17:46:49,www.google.co.ma
2013-11-24 17:46:49,clients1.google.com
2013-11-24 17:46:50,clients1.google.com
2013-11-24 17:47:04,mail.google.com
2013-11-24 17:47:04,clients1.google.com
2013-11-24 17:47:04,www.google.fr
2013-11-24 17:47:04,www.gmail.com
2013-11-24 17:47:43,clients1.google.com
2013-11-24 17:47:45,gtssl-ocsp.geotrust.com
2013-11-24 17:47:51,clients1.google.com
2013-11-24 17:48:41,ocsp.thawte.com
2013-11-24 17:49:46,id.google.fr
2013-11-24 17:49:46,www.google.fr
2013-11-24 17:50:33,accounts.youtube.com
2013-11-24 17:50:33,accounts.google.fr
2013-11-24 17:50:33,accounts.google.co.ma
2013-11-24 17:50:38,clients2.google.com
2013-11-24 17:50:38,chatenabled.mail.google.com
2013-11-24 17:50:38,accounts.google.com
2013-11-24 17:50:38,www.google.com
2013-11-24 17:50:41,ocsp.verisign.com
2013-11-24 17:51:05,safebrowsing-cache.google.com
2013-11-24 17:51:05,safebrowsing.clients.google.com
2013-11-24 17:51:12,plus.google.com
2013-11-24 17:51:17,apis.google.com
2013-11-24 17:52:40,ocsp.digicert.com
2013-11-24 18:01:35,plus.google.com
2013-11-24 18:10:50,plus.google.com
2013-11-24 18:22:41,safebrowsing.clients.google.com
2013-11-24 18:22:41,safebrowsing-cache.google.com
2013-11-24 18:22:42,safebrowsing-cache.google.com
2013-11-24 18:24:26,plus.google.com
2013-11-24 18:30:52,plus.google.com
2013-11-24 18:40:52,plus.google.com
2013-11-24 18:50:52,plus.google.com
2013-11-24 18:52:10,safebrowsing-cache.google.com
2013-11-24 18:52:10,safebrowsing.clients.google.com
2013-11-24 18:52:11,safebrowsing-cache.google.com
2013-11-24 19:00:52,plus.google.com
2013-11-24 19:04:55,mail.google.com
2013-11-27 15:49:05,gtssl-ocsp.geotrust.com
2013-11-27 15:49:31,clients1.google.com
2013-11-27 15:49:31,www.google.fr
2013-11-27 15:49:32,gtglobal-ocsp.geotrust.com
2013-11-27 15:49:32,clients1.google.com
2013-11-27 15:49:33,clients1.google.com
2013-11-27 15:49:43,clients1.google.com
2013-11-27 15:49:44,ocsp.tcs.terena.org
2013-11-27 15:49:44,ocsp.usertrust.com
2013-11-27 15:50:05,gtssl-ocsp.geotrust.com
2013-11-27 15:50:12,ajax.googleapis.com
2013-11-27 15:52:27,safebrowsing.clients.google.com
2013-11-27 15:52:27,safebrowsing-cache.google.com
2013-11-27 15:52:28,plus.google.com
2013-11-27 15:52:28,apis.google.com
2013-11-27 15:52:29,www.google.com
2013-11-27 15:52:29,www.google.fr
2013-11-27 15:52:30,javadl-esd-secure.oracle.com
2013-11-27 15:53:15,javadl-esd-secure.oracle.com
2013-11-27 15:55:03,ocsp.thawte.com
2013-11-27 15:56:17,www.google.fr
2013-11-27 15:56:33,www.optilabs.eu
2013-11-27 15:56:34,www.optilabs.eu
2013-11-27 15:56:34,connect.facebook.net
2013-11-27 15:56:34,www.facebook.com
2013-11-27 15:56:34,s-static.ak.facebook.com
2013-11-27 15:56:34,static.ak.facebook.com
2013-11-27 15:57:03,ocsp.verisign.com
2013-11-27 15:59:02,ocsp.digicert.com
2013-11-27 15:59:10,plus.google.com
2013-11-27 15:59:10,www.google.com
2013-11-27 15:59:11,www.google.fr
2013-11-27 16:00:19,www.google.fr
2013-11-27 16:00:19,docs.oracle.com
2013-11-27 16:00:20,docs.oracle.com
2013-11-27 16:00:20,www.google.fr
2013-11-27 16:00:22,www.orafaq.com
2013-11-27 16:00:23,www.orafaq.com
2013-11-27 16:00:24,www.google.com
2013-11-27 16:00:24,clients1.google.com
2013-11-27 16:01:23,www.google.fr
2013-11-27 16:01:24,www.dbasupport.com
2013-11-27 16:01:25,www.dbasupport.com
2013-11-27 16:01:26,www.dbasupport.com
2013-11-27 16:01:26,www.google.fr
2013-11-27 16:01:27,www.dbasupport.com
2013-11-27 16:01:28,www.dbasupport.com
2013-11-27 16:01:28,b2badcenter.quinstreet.com
2013-11-27 16:01:29,b2badcenter.quinstreet.com
2013-11-27 16:01:29,code.jquery.com
2013-11-27 16:01:29,www.dbasupport.com
2013-11-27 16:01:30,um.simpli.fi
2013-11-27 16:01:30,www.dbasupport.com
2013-11-27 16:01:31,www.dbasupport.com
2013-11-27 16:03:08,www.google.com
2013-11-27 16:03:08,plus.google.com
2013-11-27 16:03:19,accounts.google.com
2013-11-27 16:10:16,plus.google.com
2013-11-27 16:18:16,www.google.com
2013-11-27 16:18:45,www.google.fr
2013-11-27 16:18:46,dbaforums.org
2013-11-27 16:18:47,dbaforums.org
2013-11-27 16:18:47,www.dbaforums.org
2013-11-27 16:18:48,www.dba-oracle.com
2013-11-27 16:18:48,dbaforums.org
2013-11-27 16:18:48,www.google.fr
2013-11-27 16:18:50,www.dbasupport.com
2013-11-27 16:18:51,www.dbasupport.com
2013-11-27 16:18:52,www.dbasupport.com
2013-11-27 16:18:53,www.dbasupport.com
2013-11-27 16:18:54,www.dbasupport.com
2013-11-27 16:21:38,www.google.com
2013-11-27 16:21:39,www.google.fr
2013-11-27 16:21:40,plus.google.com
2013-11-27 16:23:05,safebrowsing.clients.google.com
2013-11-27 16:23:05,safebrowsing-cache.google.com
2013-11-27 16:23:06,safebrowsing-cache.google.com
2013-11-27 16:30:46,www.google.fr
2013-11-27 16:30:46,ajax.googleapis.com
2013-11-27 16:30:46,stackoverflow.com
2013-11-27 16:30:46,ocsp.godaddy.com
2013-11-27 16:30:47,cdn-careers.sstatic.net
2013-11-27 16:30:47,stackoverflow.com
2013-11-27 16:30:47,careers.stackoverflow.com
2013-11-27 16:30:48,ocsp.digicert.com
2013-11-27 16:31:03,stackauth.com
2013-11-27 16:32:42,www.gravatar.com
2013-11-27 16:32:43,www.gravatar.com
2013-11-27 16:33:39,www.google.com
2013-11-27 16:33:40,id.google.fr
2013-11-27 16:33:40,www.google.fr
2013-11-27 16:33:40,plus.google.com
2013-11-27 16:35:09,clients1.google.com
2013-11-27 16:35:15,clients1.google.com
2013-11-27 16:35:22,clients1.google.com
2013-11-27 16:38:08,plus.google.com
2013-11-27 16:38:08,apis.google.com
2013-11-27 16:38:09,clients2.google.com
2013-11-27 16:38:09,www.google.com
2013-11-27 16:38:10,chatenabled.mail.google.com
2013-11-27 16:38:10,accounts.google.com
2013-11-27 16:38:25,ocsp.digicert.com
2013-11-27 16:38:26,adzerk-www.s3.amazonaws.com
2013-11-27 16:38:40,stackoverflow.com
2013-11-27 16:38:40,www.google.fr
2013-11-27 16:38:40,i.stack.imgur.com
2013-11-27 16:38:41,careers.stackoverflow.com
2013-11-27 16:38:41,stackoverflow.com
2013-11-27 16:40:36,www.gravatar.com
2013-11-27 16:41:34,www.google.fr
2013-11-27 16:44:45,plus.google.com
2013-11-27 16:48:59,www.oradba.ch
2013-11-27 16:48:59,www.google.fr
2013-11-27 16:49:00,s0.wp.com
2013-11-27 16:49:00,i2.wp.com
2013-11-27 16:49:00,www.oradba.ch
2013-11-27 16:49:00,i0.wp.com
2013-11-27 16:49:00,widgets.wp.com
2013-11-27 16:49:00,s.gravatar.com
2013-11-27 16:49:01,www.oradba.ch
2013-11-27 16:49:01,s0.wp.com
2013-11-27 16:49:01,s.gravatar.com
2013-11-27 16:49:02,s0.wp.com
2013-11-27 16:49:02,ocsp.godaddy.com
2013-11-27 16:49:03,s0.wp.com
2013-11-27 16:49:03,ocsp.godaddy.com
2013-11-27 16:49:03,widgets.wp.com
2013-11-27 16:49:07,gtssl-ocsp.geotrust.com
2013-11-27 16:49:09,ocsp.verisign.com
2013-11-27 16:49:10,ocsp.digicert.com
2013-11-27 16:50:09,public-api.wordpress.com
2013-11-27 16:50:58,s1.wp.com
2013-11-27 16:51:04,forums.oracle.com
2013-11-27 16:51:05,forums.oracle.com
2013-11-27 16:51:51,www.google.com
2013-11-27 16:52:03,www.google.fr
2013-11-27 16:52:11,forums.oracle.com
2013-11-27 16:53:44,safebrowsing.clients.google.com
2013-11-27 16:53:44,safebrowsing-cache.google.com
2013-11-27 16:53:45,safebrowsing-cache.google.com
2013-11-27 16:53:49,plus.google.com
2013-11-27 16:54:09,forums.oracle.com
2013-11-27 16:57:59,clients1.google.com
2013-11-27 16:58:00,gtglobal-ocsp.geotrust.com
2013-11-27 16:58:05,www.google.fr
2013-11-27 16:58:06,www.ibm.com
2013-11-27 16:58:06,publib.boulder.ibm.com
2013-11-27 16:58:07,pt200204.unica.com
2013-11-27 16:58:07,publib.boulder.ibm.com
2013-11-27 16:58:08,pt200204.unica.com
2013-11-27 16:58:08,www.ibm.com
2013-11-27 16:58:08,publib.boulder.ibm.com
2013-11-27 16:58:09,1.www.s81c.com
2013-11-27 16:58:09,pt200204.unica.com
2013-11-27 16:58:09,www.ibm.com
2013-11-27 16:58:09,publib.boulder.ibm.com
2013-11-27 16:58:10,publib.boulder.ibm.com
2013-11-27 16:58:11,publib.boulder.ibm.com
2013-11-27 16:58:12,publib.boulder.ibm.com
2013-11-27 16:58:13,forums.oracle.com
2013-11-27 16:58:47,www.google.fr
2013-11-27 16:58:47,docs.oracle.com
2013-11-27 16:58:47,www.oracle.com
2013-11-27 16:58:48,docs.oracle.com
2013-11-27 17:00:54,mail.google.com
2013-11-27 17:00:55,id.google.fr
2013-11-27 17:00:55,www.google.com
2013-11-27 17:01:42,www.google.fr
2013-11-27 17:02:36,www.google.com
2013-11-27 17:02:47,docs.oracle.com
2013-11-27 17:02:47,www.google.fr
2013-11-27 17:02:48,docs.oracle.com
2013-11-27 17:02:49,docs.oracle.com
2013-11-27 17:04:32,forums.oracle.com
2013-11-27 17:04:34,forums.oracle.com
2013-11-27 17:04:35,forums.oracle.com
2013-11-27 17:04:47,forums.oracle.com
2013-11-27 17:05:41,www.google.fr
2013-11-27 17:05:44,www.google.com
2013-11-27 17:05:44,plus.google.com
2013-11-27 17:07:32,ajax.googleapis.com
2013-11-27 17:07:32,www.orafaq.com
2013-11-27 17:07:32,www.google.fr
2013-11-27 17:07:33,www.orafaq.com
2013-11-27 17:07:33,hal9000.redintelligence.net
2013-11-27 17:07:34,banniere.reussissonsensemble.fr
2013-11-27 17:07:34,boutique-online.orange.fr
2013-11-27 17:07:34,www.sofactory.fr
2013-11-27 17:07:34,ea.numericable.fr
2013-11-27 17:07:34,hal9000.redintelligence.net
2013-11-27 17:09:41,www.google.com
2013-11-27 17:09:48,www.google.fr
2013-11-27 17:09:49,www.google.com
2013-11-27 17:09:49,dba.fyicenter.com
2013-11-27 17:09:49,www.google.fr
2013-11-27 17:09:50,dba.fyicenter.com
2013-11-27 17:09:50,www.google.com
2013-11-27 17:09:50,www.w3.org
2013-11-27 17:09:51,ocsp.thawte.com
2013-11-27 17:09:52,dba.fyicenter.com
2013-11-27 17:10:37,www.google.fr
2013-11-27 17:10:38,www.dbforums.com
2013-11-27 17:10:38,ajax.googleapis.com
2013-11-27 17:10:39,www.google.com
2013-11-27 17:10:39,www.dbforums.com
2013-11-27 17:10:39,platform.twitter.com
2013-11-27 17:10:39,platform.linkedin.com
2013-11-27 17:10:39,connect.facebook.net
2013-11-27 17:10:40,platform.linkedin.com
2013-11-27 17:10:40,s-static.ak.facebook.com
2013-11-27 17:10:40,static.ak.facebook.com
2013-11-27 17:10:40,www.dbforums.com
2013-11-27 17:10:41,platform.twitter.com
2013-11-27 17:10:41,www.facebook.com
2013-11-27 17:10:42,www.dbforums.com
2013-11-27 17:10:42,platform.twitter.com
2013-11-27 17:10:42,match.rtbidder.net
2013-11-27 17:10:42,ocsp.verisign.com
2013-11-27 17:10:42,evsecure-ocsp.verisign.com
2013-11-27 17:10:43,evsecure-ocsp.verisign.com
2013-11-27 17:10:43,www.facebook.com
2013-11-27 17:10:44,www.dbforums.com
2013-11-27 17:10:44,www.facebook.com
2013-11-27 17:10:45,www.dbforums.com
2013-11-27 17:11:13,twitter.com
2013-11-27 17:11:46,www.dbforums.com
2013-11-27 17:12:38,platform.twitter.com
2013-11-27 17:12:40,www.google.com
2013-11-27 17:12:41,www.google.fr
2013-11-27 17:13:37,apis.google.com
2013-11-27 17:13:39,accounts.google.com
2013-11-27 17:13:50,plus.google.com
2013-11-27 17:22:50,forums.oracle.com
2013-11-27 17:23:51,plus.google.com
2013-11-27 17:24:29,safebrowsing.clients.google.com
2013-11-27 17:24:29,safebrowsing-cache.google.com
2013-11-27 17:24:30,safebrowsing-cache.google.com
2013-11-27 17:31:53,www.linkedin.com
2013-11-27 17:31:53,plus.google.com
2013-11-27 22:28:35,armmf.adobe.com
2013-11-27 22:28:37,armmf.adobe.com
2013-11-27 22:28:39,armdl.adobe.com
2013-11-27 22:30:00,gtglobal-ocsp.geotrust.com
2013-11-27 22:30:00,clients1.google.com
2013-11-27 22:30:03,clients1.google.com
2013-11-27 22:30:04,clients1.google.com
2013-11-27 22:30:06,clients1.google.com
2013-11-27 22:30:14,clients1.google.com
2013-11-27 22:31:42,safebrowsing-cache.google.com
2013-11-27 22:31:42,safebrowsing.clients.google.com
2013-11-27 22:31:43,safebrowsing-cache.google.com
2013-11-27 22:32:58,clients2.google.com
2013-11-27 22:32:59,apis.google.com
2013-11-27 22:32:59,plus.google.com
2013-11-27 22:33:00,www.google.com
2013-11-27 22:33:01,accounts.google.com
2013-11-27 22:33:01,chatenabled.mail.google.com
2013-11-27 22:33:22,javadl-esd-secure.oracle.com
2013-11-27 22:43:54,plus.google.com
2013-11-27 22:45:28,ocsp.usertrust.com
2013-11-27 22:45:28,clients1.google.com
2013-11-27 22:45:28,ocsp.tcs.terena.org
2013-11-27 22:46:22,apis.google.com
2013-11-27 22:46:28,javadl-esd-secure.oracle.com
2013-11-27 22:53:11,plus.google.com
2013-11-27 22:56:48,matthieucornillon.fr
2013-11-27 22:56:49,matthieucornillon.fr
2013-11-27 23:01:05,safebrowsing-cache.google.com
2013-11-27 23:01:05,safebrowsing.clients.google.com
2013-11-27 23:01:06,safebrowsing-cache.google.com
2013-11-27 23:02:43,www.google.com
2013-11-27 23:02:48,clients1.google.com
2013-11-27 23:02:55,www.google.fr
2013-11-27 23:02:56,www.oracle.com
2013-11-27 23:02:56,docs.oracle.com
2013-11-27 23:02:57,docs.oracle.com
2013-11-27 23:03:41,www.google.fr
2013-11-27 23:03:42,www.dba-oracle.com
2013-11-27 23:03:42,www.google.com
2013-11-27 23:03:42,dba-oracle.com
2013-11-27 23:03:42,www.fast-track.cc
2013-11-27 23:03:43,www.dba-oracle.com
2013-11-27 23:04:56,www.google.fr
2013-11-27 23:04:57,asktom.oracle.com
2013-11-27 23:04:58,asktom.oracle.com
2013-11-27 23:07:48,www.google.com
2013-11-27 23:07:48,id.google.fr
2013-11-27 23:07:49,www.google.fr
2013-11-27 23:07:49,plus.google.com
2013-11-27 23:18:23,www.google.fr
2013-11-27 23:18:24,docs.oracle.com
2013-11-27 23:18:24,www.google.fr
2013-11-27 23:18:25,docs.oracle.com
2013-11-27 23:20:19,gtssl-ocsp.geotrust.com
2013-11-27 23:20:21,ocsp.verisign.com
2013-11-27 23:20:22,ocsp.digicert.com
2013-11-27 23:22:16,forums.oracle.com
2013-11-27 23:22:17,forums.oracle.com
2013-11-27 23:22:57,www.google.com
2013-11-27 23:23:11,plus.google.com
2013-11-27 23:23:13,www.google.fr
2013-11-27 23:23:23,forums.oracle.com
2013-11-27 23:25:24,forums.oracle.com
2013-11-27 23:29:25,forums.oracle.com
2013-11-27 23:32:46,safebrowsing.clients.google.com
2013-11-27 23:32:46,safebrowsing-cache.google.com
2013-11-27 23:32:47,safebrowsing-cache.google.com
2013-11-27 23:33:56,plus.google.com
2013-11-27 23:37:25,forums.oracle.com
2013-11-27 23:43:12,plus.google.com
2013-11-27 23:48:38,gtglobal-ocsp.geotrust.com
2013-11-27 23:48:38,clients1.google.com
2013-11-27 23:51:43,apis.google.com
2013-11-27 23:53:11,plus.google.com
2013-11-27 23:53:25,forums.oracle.com
2014-01-29 13:40:34,armmf.adobe.com
2014-01-29 13:40:36,armmf.adobe.com
2014-01-29 13:40:37,armmf.adobe.com
2014-01-29 13:40:39,armmf.adobe.com
2014-01-29 13:40:42,armdl.adobe.com
2014-01-29 13:42:02,ocsp.verisign.com
2014-01-29 13:42:05,gtssl-ocsp.geotrust.com
2014-01-29 13:42:06,gtssl-ocsp.geotrust.com
2014-01-29 13:42:07,clients1.google.com
2014-01-29 13:42:07,gtglobal-ocsp.geotrust.com
2014-01-29 13:42:12,geo.mozilla.org
2014-01-29 13:42:14,sb-ssl.google.com
2014-01-29 13:42:37,www.google.fr
2014-01-29 13:42:38,gtglobal-ocsp.geotrust.com
2014-01-29 13:42:38,clients1.google.com
2014-01-29 13:42:51,www.squid-cache.org
2014-01-29 13:42:58,www.google.fr
2014-01-29 13:43:18,gtssl-ocsp.geotrust.com
2014-01-29 13:45:20,javadl-esd-secure.oracle.com
2014-01-29 13:45:35,apis.google.com
2014-01-29 13:45:37,www.google.com
2014-01-29 13:45:55,www.google.fr
2014-01-29 13:45:55,safebrowsing-cache.google.com
2014-01-29 13:45:55,safebrowsing.clients.google.com
2014-01-29 13:45:55,plus.google.com
2014-01-29 13:45:56,safebrowsing-cache.google.com
2014-01-29 13:48:15,ocsp.thawte.com
2014-01-29 13:50:16,ocsp.verisign.com
2014-01-29 13:52:15,ocsp.digicert.com
2014-01-29 13:52:34,javadl-esd-secure.oracle.com
2014-01-29 13:52:38,dl.javafx.com
2014-01-29 14:09:26,www.talend.com
2014-01-29 14:09:27,www.talend.com
2014-01-29 14:14:40,safebrowsing-cache.google.com
2014-01-29 14:14:40,safebrowsing.clients.google.com
2014-01-29 14:14:41,safebrowsing-cache.google.com
2014-01-29 14:44:03,safebrowsing-cache.google.com
2014-01-29 14:44:03,safebrowsing.clients.google.com
2014-01-29 14:44:04,safebrowsing-cache.google.com
2014-01-29 15:03:07,www.google.fr
2014-01-29 15:06:04,www.google.fr
2014-01-29 15:06:05,plus.google.com
2014-01-29 15:15:15,safebrowsing.clients.google.com
2014-01-29 15:15:15,safebrowsing-cache.google.com
2014-01-29 15:17:09,gtglobal-ocsp.geotrust.com
2014-01-29 15:17:09,clients1.google.com
2014-01-29 15:17:10,clients1.google.com
2014-01-29 15:20:17,accounts.youtube.com
2014-01-29 15:20:17,accounts.google.com
2014-01-29 15:20:18,mail.google.com
2014-01-29 15:20:33,plus.google.com
2014-01-29 15:20:33,www.google.fr
2014-01-29 15:22:34,ocsp.usertrust.com
2014-01-29 15:22:34,ocsp.tcs.terena.org
2014-01-29 15:23:44,www.powerarchiver.com
2014-01-29 15:23:44,dl.patchbeam.com
2014-01-29 15:25:00,dl.powerarchiver.com
2014-01-29 15:25:01,www.powerarchiver.com
2014-01-29 15:25:02,www.powerarchiver.com
2014-01-29 15:32:28,download.oracle.com
2014-01-29 15:32:28,java.sun.com
2014-01-29 15:32:29,docs.oracle.com
2014-01-29 15:42:13,java.sun.com
2014-01-29 15:42:13,download.oracle.com
2014-01-29 15:42:14,docs.oracle.com
2014-01-29 15:45:14,safebrowsing.clients.google.com
2014-01-29 15:45:14,safebrowsing-cache.google.com
2014-01-29 16:16:21,safebrowsing.clients.google.com
2014-01-29 16:16:21,safebrowsing-cache.google.com
2014-01-29 16:16:22,safebrowsing-cache.google.com
2014-01-29 16:23:09,www.oracle.com
2014-01-29 16:23:10,apex.oracle.com
2014-01-29 16:23:10,www.oracle.com
2014-01-29 16:23:13,www.oracle.com
2014-01-29 16:23:13,apex.oracle.com
2014-01-29 16:32:16,ovh.net
2014-01-29 16:32:17,www.ovh.com
2014-01-29 16:32:17,www.ovh.co.uk
2014-01-29 16:32:17,ovh.net
2014-01-29 16:32:37,www.google.com
2014-01-29 16:32:38,gtglobal-ocsp.geotrust.com
2014-01-29 16:32:38,clients1.google.com
2014-01-29 16:35:33,www.google.com
2014-01-29 16:35:35,plus.google.com
2014-01-29 16:35:35,www.google.fr
2014-01-29 16:42:10,www.talendforge.org
2014-01-29 16:42:19,www.talendforge.org
2014-01-29 16:42:23,www.talendforge.org
2014-01-29 16:44:18,www.talendforge.org
2014-01-29 16:44:24,www.talendforge.org
2014-01-29 16:44:27,www.talendforge.org
2014-01-29 16:44:28,www.talendforge.org
2014-01-29 16:45:26,safebrowsing-cache.google.com
2014-01-29 16:45:26,safebrowsing.clients.google.com
2014-01-29 16:54:44,ocsp.godaddy.com
2014-01-29 16:54:45,help.talend.com
2014-01-29 16:55:00,help.talend.com
2014-01-29 17:03:45,stackoverflow.com
2014-01-29 17:03:45,ajax.googleapis.com
2014-01-29 17:03:45,www.google.fr
2014-01-29 17:03:48,cdn-careers.sstatic.net
2014-01-29 17:03:48,stackoverflow.com
2014-01-29 17:03:49,careers.stackoverflow.com
2014-01-29 17:03:49,ocsp.digicert.com
2014-01-29 17:04:04,stackauth.com
2014-01-29 17:04:53,ocsp.verisign.com
2014-01-29 17:04:54,adzerk-www.s3.amazonaws.com
2014-01-29 17:05:42,www.gravatar.com
2014-01-29 17:05:43,www.gravatar.com
2014-01-29 17:06:35,www.google.com
2014-01-29 17:06:38,plus.google.com
2014-01-29 17:06:38,www.google.fr
2014-01-29 17:06:38,id.google.fr
2014-01-29 17:17:19,safebrowsing.clients.google.com
2014-01-29 17:17:19,safebrowsing-cache.google.com
2014-01-29 17:28:49,www.google.com
2014-01-29 17:28:58,ocsp2.globalsign.com
2014-01-29 17:28:59,ssl0.ovh.net
2014-01-29 17:29:30,ssl0.ovh.net
2014-01-29 17:29:53,ssl0.ovh.net
2014-01-29 17:30:10,ssl0.ovh.net
2014-01-29 17:30:11,ssl0.ovh.net
2014-01-29 17:30:19,ocsp.usertrust.com
2014-01-29 17:30:19,ocsp.tcs.terena.org
2014-01-29 17:31:48,www.google.com
2014-01-29 17:31:49,plus.google.com
2014-01-29 17:31:52,id.google.fr
2014-01-29 17:31:53,www.google.fr
2014-01-29 17:34:45,www.talend.com
2014-01-29 17:34:46,www.talend.com
2014-01-29 18:46:17,javadl-esd-secure.oracle.com
2014-01-29 18:51:05,javadl-esd-secure.oracle.com
2014-01-29 19:08:10,www.talend.com
2014-01-29 19:12:02,www.talendforge.org
2014-01-29 19:12:12,www.talendforge.org
2014-01-29 19:12:13,www.talendforge.org
2014-01-29 19:12:15,www.talendforge.org
2014-01-29 19:15:38,apex.oracle.com
2014-01-29 19:15:38,www.oracle.com
2014-01-29 21:18:46,www.google.fr
2014-01-29 21:18:46,clients1.google.com
2014-01-29 21:18:46,gtglobal-ocsp.geotrust.com
2014-01-29 21:18:47,clients1.google.com
2014-01-29 21:18:50,clients1.google.com
2014-01-29 21:18:51,clients1.google.com
2014-01-29 21:18:54,clients1.google.com
2014-01-29 21:19:06,safebrowsing.clients.google.com
2014-01-29 21:19:06,safebrowsing-cache.google.com
2014-01-29 21:20:44,clients1.google.com
2014-01-29 21:21:44,www.google.fr
2014-01-29 21:23:19,accounts.google.fr
2014-01-29 21:23:19,accounts.youtube.com
2014-01-29 21:23:28,www.google.com
2014-01-29 21:23:30,clients2.google.com
2014-01-29 21:23:34,accounts.google.com
2014-01-29 21:24:02,plus.google.com
2014-01-29 21:24:43,gm1.ggpht.com
2014-01-29 21:25:12,apis.google.com
2014-01-29 21:25:33,clients6.google.com
2014-01-29 21:26:35,mail.google.com
2014-01-29 21:33:37,clients6.google.com
2014-01-29 21:34:30,plus.google.com
2014-01-29 21:36:36,mail.google.com
2014-01-29 21:42:42,apis.google.com
2014-01-29 21:43:40,plus.google.com
2014-01-29 21:44:35,gm1.ggpht.com
2014-01-29 21:44:41,clients6.google.com
2014-01-29 21:44:41,mail.google.com
2014-01-29 21:49:13,safebrowsing.clients.google.com
2014-01-29 21:49:14,safebrowsing-cache.google.com
2014-01-29 21:53:37,clients6.google.com
2014-01-29 21:53:41,plus.google.com
2014-01-29 21:54:42,mail.google.com
2014-01-29 21:59:42,clients6.google.com
2014-01-29 22:03:42,plus.google.com
2014-01-29 22:05:44,clients6.google.com
2014-01-29 22:09:01,gm1.ggpht.com
2014-01-29 22:09:12,clients6.google.com
2014-01-29 22:09:14,mail.google.com
2014-01-29 22:13:36,clients6.google.com
2014-01-29 22:13:41,plus.google.com
2014-01-29 22:16:44,mail.google.com
2014-01-29 22:17:46,safebrowsing.clients.google.com
2014-01-29 22:17:46,safebrowsing-cache.google.com
2014-01-29 22:17:47,safebrowsing-cache.google.com
2014-01-29 22:19:51,clients6.google.com
2014-01-29 22:22:44,apis.google.com
2014-01-29 22:22:58,gm1.ggpht.com
2014-01-29 22:23:11,mail.google.com
2014-01-29 22:23:38,clients6.google.com
2014-01-29 22:23:42,plus.google.com
2014-01-29 22:24:08,talkgadget.google.com
2014-01-29 22:33:12,mail.google.com
2014-01-29 22:33:37,clients6.google.com
2014-01-29 22:33:42,plus.google.com
2014-01-29 22:38:28,clients6.google.com
2014-01-29 22:43:13,mail.google.com
2014-01-29 22:43:36,clients6.google.com
2014-01-29 22:43:42,plus.google.com
2014-01-29 22:47:49,safebrowsing-cache.google.com
2014-01-29 22:47:49,safebrowsing.clients.google.com
2014-01-29 22:47:50,safebrowsing-cache.google.com
2014-01-29 22:50:18,mail.google.com
2014-01-29 22:50:29,clients6.google.com
2014-01-29 22:53:26,mail.google.com
2014-01-29 22:53:40,clients6.google.com
2014-01-29 22:53:42,plus.google.com
2014-01-29 22:57:43,clients6.google.com
2014-01-29 22:57:46,mail.google.com
2014-01-29 22:57:51,plus.google.com
2014-01-29 23:03:43,plus.google.com
2014-01-29 23:04:10,apis.google.com
2014-01-29 23:04:36,gm1.ggpht.com
2014-01-29 23:04:43,clients6.google.com
2014-01-29 23:04:47,mail.google.com
2014-01-29 23:13:43,plus.google.com
2014-01-29 23:14:48,mail.google.com
2014-01-29 23:16:05,clients6.google.com
2014-01-29 23:16:37,safebrowsing.clients.google.com
2014-01-29 23:16:37,safebrowsing-cache.google.com
2014-01-29 23:19:40,clients6.google.com
2014-01-29 23:23:40,clients6.google.com
2014-01-29 23:23:43,plus.google.com
2014-01-29 23:26:08,talkgadget.google.com
2014-01-29 23:26:09,gm1.ggpht.com
2014-01-29 23:26:09,plus.google.com
2014-01-29 23:26:09,clients6.google.com
2014-01-29 23:26:09,apis.google.com
2014-01-29 23:26:09,mail.google.com
2014-01-29 23:26:18,www.talend.com
2014-01-29 23:26:19,www.talend.com
2014-02-16 22:03:24,armmf.adobe.com
2014-02-16 22:03:26,armmf.adobe.com
2014-02-16 22:04:08,armmf.adobe.com
2014-02-16 22:04:10,armmf.adobe.com
2014-02-16 22:04:47,www.google.fr
2014-02-16 22:04:48,ocsp.thawte.com
2014-02-16 22:04:48,clients1.google.com
2014-02-16 22:04:48,gtglobal-ocsp.geotrust.com
2014-02-16 22:05:09,clients1.google.com
2014-02-16 22:05:16,clients1.google.com
2014-02-16 22:05:25,clients1.google.com
2014-02-16 22:05:49,gtssl-ocsp.geotrust.com
2014-02-16 22:07:31,javadl-esd-secure.oracle.com
2014-02-16 22:07:36,javadl-esd-secure.oracle.com
2014-02-16 22:07:45,www.google.fr
2014-02-16 22:08:10,clients2.google.com
2014-02-16 22:08:10,www.google.com
2014-02-16 22:08:16,apis.google.com
2014-02-16 22:08:16,accounts.google.com
2014-02-16 22:08:35,safebrowsing-cache.google.com
2014-02-16 22:08:35,safebrowsing.clients.google.com
2014-02-16 22:08:36,safebrowsing-cache.google.com
2014-02-16 22:08:45,clients6.google.com
2014-02-16 22:08:45,talkgadget.google.com
2014-02-16 22:08:45,mail.google.com
2014-02-16 22:08:45,plus.google.com
2014-02-18 16:30:47,www.google.fr
2014-02-18 16:30:47,clients1.google.com
2014-02-18 16:30:47,gtglobal-ocsp.geotrust.com
2014-02-18 16:30:47,ocsp.thawte.com
2014-02-18 16:30:48,clients1.google.com
2014-02-18 16:31:48,gtssl-ocsp.geotrust.com
2014-02-18 16:32:08,javadl-esd-secure.oracle.com
2014-02-18 16:33:45,plus.google.com
2014-02-18 16:33:45,www.google.com
2014-02-18 16:33:45,apis.google.com
2014-02-18 16:34:00,www.google.fr
2014-02-18 16:35:45,safebrowsing.clients.google.com
2014-02-18 16:35:45,safebrowsing-cache.google.com
2014-02-18 16:36:46,ocsp.verisign.com
2014-02-18 16:38:46,ocsp.digicert.com
2014-02-18 16:39:28,javadl-esd-secure.oracle.com
2014-02-18 16:39:42,dl.javafx.com
2014-02-18 16:44:50,plus.google.com
2014-02-18 16:54:06,plus.google.com
2014-02-18 17:04:06,plus.google.com
2014-02-18 17:04:20,safebrowsing-cache.google.com
2014-02-18 17:04:20,safebrowsing.clients.google.com
2014-02-18 17:04:21,safebrowsing-cache.google.com
2014-02-18 17:04:22,safebrowsing-cache.google.com
2014-02-18 17:14:06,plus.google.com
2014-02-18 17:24:06,plus.google.com
2014-02-18 17:34:06,plus.google.com
2014-02-18 17:36:17,safebrowsing.clients.google.com
2014-02-18 17:36:17,safebrowsing-cache.google.com
2014-02-18 17:36:18,safebrowsing-cache.google.com
2014-02-18 17:44:07,plus.google.com
2014-02-18 17:54:07,plus.google.com
2014-02-18 18:04:07,plus.google.com
2014-02-18 18:05:58,safebrowsing-cache.google.com
2014-02-18 18:05:58,safebrowsing.clients.google.com
2014-02-18 18:05:59,safebrowsing-cache.google.com
2014-02-25 14:49:14,javadl-esd-secure.oracle.com
2014-02-25 14:51:06,javadl-esd-secure.oracle.com
2014-02-25 14:51:14,dl.javafx.com
2014-02-25 15:38:38,javadl-esd-secure.oracle.com
2014-02-25 15:38:42,javadl-esd-secure.oracle.com
2014-02-25 15:38:58,www.oracle.com
2014-02-25 15:39:00,www.oracle.com
2014-02-25 15:39:00,apex.oracle.com
2014-02-25 15:43:59,ocsp.thawte.com
2014-02-25 15:44:02,www.google.fr
2014-02-25 15:44:23,www.google.fr
2014-02-25 15:44:23,gtglobal-ocsp.geotrust.com
2014-02-25 15:44:23,clients1.google.com
2014-02-25 15:44:24,clients1.google.com
2014-02-25 15:44:51,clients1.google.com
2014-02-25 15:44:59,clients1.google.com
2014-02-25 15:45:01,gtssl-ocsp.geotrust.com
2014-02-25 15:45:07,clients1.google.com
2014-02-25 15:46:05,www.google.com
2014-02-25 15:46:05,mail.google.com
2014-02-25 15:46:05,clients2.google.com
2014-02-25 15:46:05,www.google.fr
2014-02-25 15:46:05,accounts.google.com
2014-02-25 15:46:05,plus.google.com
2014-02-25 15:46:05,apis.google.com
2014-02-25 15:46:05,clients6.google.com
2014-02-25 15:46:05,talkgadget.google.com
2014-02-25 15:46:30,dl.patchbeam.com
2014-02-25 15:46:51,www.powerarchiver.com
2014-02-25 15:46:51,dl.patchbeam.com
2014-02-25 18:29:31,www.oracle.com
2014-02-25 18:29:32,www.oracle.com
2014-02-25 18:29:32,apex.oracle.com
2014-02-25 18:34:08,javadl-esd-secure.oracle.com
2014-02-25 18:36:06,javadl-esd-secure.oracle.com
2014-02-25 18:49:36,apex.oracle.com
2014-02-25 18:49:36,www.oracle.com
2014-02-25 18:49:39,gtglobal-ocsp.geotrust.com
2014-02-25 18:49:39,clients1.google.com
2014-02-25 18:49:39,www.google.fr
2014-02-25 18:49:39,ocsp.thawte.com
2014-02-25 18:49:40,clients1.google.com
2014-02-25 18:50:41,gtssl-ocsp.geotrust.com
2014-02-25 18:51:16,safebrowsing.clients.google.com
2014-02-25 18:51:16,safebrowsing-cache.google.com
2014-02-25 18:52:36,apis.google.com
2014-02-25 18:52:36,www.google.com
2014-02-25 18:52:36,www.google.fr
2014-02-25 18:52:36,plus.google.com
2014-02-25 19:01:16,www.oracle.com
2014-02-25 19:01:17,apex.oracle.com
2014-02-25 19:01:17,www.oracle.com
2014-02-25 19:05:55,javadl-esd-secure.oracle.com
2014-02-25 19:17:09,javadl-esd-secure.oracle.com
2014-02-25 19:24:37,www.google.fr
2014-02-25 19:24:37,clients1.google.com
2014-02-25 19:24:37,gtglobal-ocsp.geotrust.com
2014-02-25 19:24:38,ocsp.thawte.com
2014-02-25 19:24:38,clients1.google.com
2014-02-25 19:24:39,clients1.google.com
2014-02-25 19:25:16,www.google.fr
2014-02-25 19:25:16,www.mkyong.com
2014-02-25 19:25:17,www.mkyong.com
2014-02-25 19:25:17,ajax.cloudflare.com
2014-02-25 19:25:17,mkyong.disqus.com
2014-02-25 19:25:18,0.gravatar.com
2014-02-25 19:25:18,ajax.googleapis.com
2014-02-25 19:25:18,www.mkyong.com
2014-02-25 19:25:18,go.disqus.com
2014-02-25 19:25:18,cdn1.developermedia.com
2014-02-25 19:25:19,www.google.com
2014-02-25 19:25:19,hal9000.redintelligence.net
2014-02-25 19:25:19,clients1.google.com
2014-02-25 19:25:20,n12.hal9000.redintelligence.net
2014-02-25 19:25:20,ad.publicidees.com
2014-02-25 19:25:20,banniere.reussissonsensemble.fr
2014-02-25 19:25:20,disqus.com
2014-02-25 19:25:20,ocsp.comodoca.com
2014-02-25 19:25:20,www.facebook.com
2014-02-25 19:25:20,platform.twitter.com
2014-02-25 19:25:20,ocsp.usertrust.com
2014-02-25 19:25:21,apps.developermedia.com
2014-02-25 19:25:21,banniere.reussissonsensemble.fr
2014-02-25 19:25:21,platform.twitter.com
2014-02-25 19:25:21,disqus.com
2014-02-25 19:25:22,disqus.com
2014-02-25 19:25:22,evsecure-ocsp.verisign.com
2014-02-25 19:25:22,banniere.reussissonsensemble.fr
2014-02-25 19:25:23,www.oracle.com
2014-02-25 19:25:23,www.mkyong.com
2014-02-25 19:25:23,evsecure-ocsp.verisign.com
2014-02-25 19:25:24,www.oracle.com
2014-02-25 19:25:24,consent-st.truste.com
2014-02-25 19:25:24,www.oracleimg.com
2014-02-25 19:25:24,disqus.com
2014-02-25 19:25:24,apps.developermedia.com
2014-02-25 19:25:25,disqus.com
2014-02-25 19:25:25,www.oracle.com
2014-02-25 19:25:25,www.oracleimg.com
2014-02-25 19:25:25,s1973398186.t.eloqua.com
2014-02-25 19:25:25,img03.en25.com
2014-02-25 19:25:25,ajax.googleapis.com
2014-02-25 19:25:26,www.oracle.com
2014-02-25 19:25:28,www.oracleimg.com
2014-02-25 19:25:50,www.oracleimg.com
2014-02-25 19:25:50,www.oracle.com
2014-02-25 19:25:50,img03.en25.com
2014-02-25 19:25:51,www.oracle.com
2014-02-25 19:25:51,s1973398186.t.eloqua.com
2014-02-25 19:25:51,www.oracleimg.com
2014-02-25 19:25:53,twitter.com
2014-02-25 19:26:24,www.oracle.com
2014-02-25 19:26:24,www.oracleimg.com
2014-02-25 19:26:25,s1973398186.t.eloqua.com
2014-02-25 19:26:25,www.oracle.com
2014-02-25 19:26:25,www.oracleimg.com
2014-02-25 19:26:25,img03.en25.com
2014-02-25 19:26:32,www.oracleimg.com
2014-02-25 19:26:38,www.oracleimg.com
2014-02-25 19:26:40,safebrowsing.clients.google.com
2014-02-25 19:26:41,safebrowsing-cache.google.com
2014-02-25 19:26:43,www.google.fr
2014-02-25 19:26:43,www.oracle.com
2014-02-25 19:26:43,www.oracleimg.com
2014-02-25 19:26:44,img03.en25.com
2014-02-25 19:26:44,www.oracleimg.com
2014-02-25 19:26:44,www.oracle.com
2014-02-25 19:26:45,www.oracle.com
2014-02-25 19:26:45,www.oracleimg.com
2014-02-25 19:26:45,s1973398186.t.eloqua.com
2014-02-25 19:27:05,download.oracle.com
2014-02-25 19:27:06,gtssl-ocsp.geotrust.com
2014-02-25 19:27:07,ocsp.verisign.com
2014-02-25 19:27:08,www.oracle.com
2014-02-25 19:27:14,udemyimages-a.akamaihd.net
2014-02-25 19:27:33,www.google.com
2014-02-25 19:27:34,plus.google.com
2014-02-25 19:28:06,www.google.fr
2014-02-25 19:28:15,apis.google.com
2014-02-25 19:28:15,accounts.google.com
2014-02-25 19:28:28,edelivery.oracle.com
2014-02-25 19:28:36,ocsp.verisign.com
2014-02-25 19:30:36,ocsp.digicert.com
2014-02-25 19:38:40,plus.google.com
2014-02-25 19:41:52,www.java2s.com
2014-02-25 19:41:52,www.google.com
2014-02-25 19:41:53,www.java2s.com
2014-02-25 19:41:57,www.google.com
2014-02-25 19:41:58,www.java2s.com
2014-02-25 19:42:00,www.java2s.com
2014-02-25 19:42:27,www.java2s.com
2014-02-25 19:42:38,dl.patchbeam.com
2014-02-25 19:42:59,dl.patchbeam.com
2014-02-25 19:42:59,www.powerarchiver.com
2014-02-25 19:43:37,www.google.com
2014-02-25 19:43:38,id.google.fr
2014-02-25 19:43:39,www.google.fr
2014-02-25 19:43:39,plus.google.com
2014-02-25 19:44:48,accounts.google.com
2014-02-25 19:44:55,apis.google.com
2014-02-25 19:47:46,plus.google.com
2014-02-25 19:57:03,safebrowsing.clients.google.com
2014-02-25 19:57:03,safebrowsing-cache.google.com
2014-02-25 19:57:04,safebrowsing-cache.google.com
2014-02-25 19:57:46,plus.google.com
2014-02-25 20:07:49,plus.google.com
2014-02-25 20:17:49,plus.google.com
2014-02-25 20:25:47,safebrowsing.clients.google.com
2014-02-25 20:25:47,safebrowsing-cache.google.com
2014-02-25 20:27:49,plus.google.com
2014-02-25 20:37:50,plus.google.com
2014-02-25 20:47:50,plus.google.com
2014-02-25 20:55:56,safebrowsing-cache.google.com
2014-02-25 20:55:56,safebrowsing.clients.google.com
2014-02-25 20:57:50,plus.google.com
2014-02-25 21:07:50,plus.google.com
2014-02-25 21:17:51,plus.google.com
2014-02-25 21:25:50,safebrowsing-cache.google.com
2014-02-25 21:25:50,safebrowsing.clients.google.com
2014-02-25 21:27:51,plus.google.com
2014-02-25 21:37:51,plus.google.com
2014-02-25 21:47:51,plus.google.com
2014-02-25 21:57:14,safebrowsing-cache.google.com
2014-02-25 21:57:14,safebrowsing.clients.google.com
2014-02-25 21:57:52,plus.google.com
2014-02-25 22:07:52,plus.google.com
2014-02-25 22:17:52,plus.google.com
2014-02-25 22:28:22,plus.google.com
2014-02-25 22:28:55,safebrowsing-cache.google.com
2014-02-25 22:28:55,safebrowsing.clients.google.com
2014-02-25 22:37:53,plus.google.com
2014-02-25 22:47:53,plus.google.com
2014-02-27 19:33:49,armmf.adobe.com
2014-02-27 19:33:51,armmf.adobe.com
2014-02-27 19:34:34,armmf.adobe.com
2014-02-27 19:34:36,armmf.adobe.com
2014-02-27 19:37:55,javadl-esd-secure.oracle.com
2014-02-27 19:41:01,javadl-esd-secure.oracle.com
2014-02-27 19:46:20,www.oracle.com
2014-02-27 19:46:21,www.oracle.com
2014-02-27 19:46:21,apex.oracle.com
