timestamp,site
2013-09-12 13:42:25,clients1.google.com
2013-09-12 13:42:25,gtglobal-ocsp.geotrust.com
2013-09-12 13:42:27,evintl-ocsp.verisign.com
2013-09-12 13:42:27,evsecure-ocsp.verisign.com
2013-09-12 13:42:28,evintl-ocsp.verisign.com
2013-09-12 13:42:29,evintl-ocsp.verisign.com
2013-09-12 13:42:30,login.live.com
2013-09-12 13:42:30,evintl-ocsp.verisign.com
2013-09-12 13:42:31,ocsp.entrust.net
2013-09-12 13:42:31,login.live.com
2013-09-12 13:42:31,ocsp.digicert.com
2013-09-12 13:42:39,login.live.com
2013-09-12 13:42:40,login.live.com
2013-09-12 13:42:42,login.live.com
2013-09-12 13:42:44,ocsp.verisign.com
2013-09-12 13:42:44,windowslive.tt.omtrdc.net
2013-09-12 13:42:46,ocsp.verisign.com
2013-09-12 13:42:57,js.live.net
2013-09-12 13:42:59,windowslive.tt.omtrdc.net
2013-09-12 13:43:17,gtssl-ocsp.geotrust.com
2013-09-12 13:43:46,h.live.com
2013-09-12 13:43:47,people.directory.live.com
2013-09-12 13:43:47,dub110.mail.live.com
2013-09-12 13:43:49,h.live.com
2013-09-12 13:43:50,cid-c250e4556a1a15b5.users.storage.live.com
2013-09-12 13:43:50,dub110.mail.live.com
2013-09-12 13:43:58,storage.live.com
2013-09-12 13:43:58,blufiles.storage.msn.com
2013-09-12 13:44:06,h.live.com
2013-09-12 13:44:11,dub110.mail.live.com
2013-09-12 13:44:11,p.sfx.ms
2013-09-12 13:44:11,secure.shared.live.com
2013-09-12 13:44:11,dub110.afx.ms
2013-09-12 13:44:11,sb-ssl.google.com
2013-09-12 13:51:30,gtssl-ocsp.geotrust.com
2013-09-12 13:51:37,www.hotmail.com
2013-09-12 13:51:38,evsecure-ocsp.verisign.com
2013-09-12 13:51:39,evintl-ocsp.verisign.com
2013-09-12 13:51:39,login.live.com
2013-09-12 13:51:40,ocsp.entrust.net
2013-09-12 13:51:40,ocsp.digicert.com
2013-09-12 13:51:41,ocsp.digicert.com
2013-09-12 13:51:41,login.live.com
2013-09-12 13:51:53,windowslive.tt.omtrdc.net
2013-09-12 13:51:53,login.live.com
2013-09-12 13:51:54,evintl-ocsp.verisign.com
2013-09-12 13:52:00,ocsp.verisign.com
2013-09-12 13:52:14,windowslive.tt.omtrdc.net
2013-09-12 13:52:14,js.live.net
2013-09-12 13:52:38,www.google.com
2013-09-12 13:52:39,www.google.fr
2013-09-12 13:52:39,clients1.google.com
2013-09-12 13:52:39,gtglobal-ocsp.geotrust.com
2013-09-12 13:52:41,clients1.google.com
2013-09-12 13:52:47,clients1.google.com
2013-09-12 13:52:47,mail.google.com
2013-09-12 13:52:47,www.google.fr
2013-09-12 13:52:48,clients1.google.com
2013-09-12 13:52:49,clients1.google.com
2013-09-12 13:52:55,mail.live.com
2013-09-12 13:53:00,dub110.mail.live.com
2013-09-12 13:53:01,dub110.mail.live.com
2013-09-12 13:53:02,people.directory.live.com
2013-09-12 13:53:04,dub110.mail.live.com
2013-09-12 13:53:15,storage.live.com
2013-09-12 13:53:23,clients1.google.com
2013-09-12 13:53:28,h.live.com
2013-09-12 13:53:29,dub110.mail.live.com
2013-09-12 13:53:30,h.live.com
2013-09-12 13:53:37,h.live.com
2013-09-12 13:53:59,mail.google.com
2013-09-12 13:53:59,accounts.youtube.com
2013-09-12 13:53:59,clients6.google.com
2013-09-12 13:53:59,plus.google.com
2013-09-12 13:53:59,apis.google.com
2013-09-12 13:53:59,www.google.fr
2013-09-12 13:53:59,www.google.com
2013-09-12 13:53:59,accounts.google.com
2013-09-12 13:53:59,accounts.google.fr
2013-09-12 13:53:59,clients2.google.com
2013-09-12 13:53:59,drive.google.com
2013-09-12 13:53:59,talkgadget.google.com
2013-09-12 14:07:34,www.hotmail.com
2013-09-12 14:07:35,evintl-ocsp.verisign.com
2013-09-12 14:07:35,evsecure-ocsp.verisign.com
2013-09-12 14:07:35,login.live.com
2013-09-12 14:07:37,ocsp.entrust.net
2013-09-12 14:07:37,ocsp.digicert.com
2013-09-12 14:07:37,login.live.com
2013-09-12 14:07:50,windowslive.tt.omtrdc.net
2013-09-12 14:08:23,login.live.com
2013-09-12 14:08:23,evintl-ocsp.verisign.com
2013-09-12 14:08:27,ocsp.verisign.com
2013-09-12 14:08:36,js.live.net
2013-09-12 14:08:38,windowslive.tt.omtrdc.net
2013-09-12 14:09:25,evintl-ocsp.verisign.com
2013-09-12 14:09:25,ocsp.thawte.com
2013-09-12 14:09:26,dub110.mail.live.com
2013-09-12 14:09:28,h.live.com
2013-09-12 14:09:28,dub110.mail.live.com
2013-09-12 14:09:28,mail.live.com
2013-09-12 14:09:31,dub110.mail.live.com
2013-09-12 14:09:31,h.live.com
2013-09-12 14:09:32,dub110.afx.ms
2013-09-12 14:09:32,people.directory.live.com
2013-09-12 14:09:38,storage.live.com
2013-09-12 14:09:46,safebrowsing-cache.google.com
2013-09-12 14:09:46,safebrowsing.clients.google.com
2013-09-12 14:09:47,safebrowsing-cache.google.com
2013-09-12 14:10:28,dub110.mail.live.com
2013-09-12 14:11:36,dub110.mail.live.com
2013-09-12 14:14:33,people.directory.live.com
2013-09-12 14:19:33,people.directory.live.com
2013-09-12 14:20:51,gtglobal-ocsp.geotrust.com
2013-09-12 14:20:51,clients1.google.com
2013-09-12 14:20:51,www.google.com
2013-09-12 14:21:46,cid-c250e4556a1a15b5.users.storage.live.com
2013-09-12 14:22:07,clients1.google.com
2013-09-12 14:22:07,www.google.fr
2013-09-12 14:22:07,www.google.com
2013-09-12 14:22:57,www.google.fr
2013-09-12 14:22:58,en.wikipedia.org
2013-09-12 14:22:58,bits.wikimedia.org
2013-09-12 14:22:59,meta.wikimedia.org
2013-09-12 14:22:59,login.wikimedia.org
2013-09-12 14:22:59,bits.wikimedia.org
2013-09-12 14:23:00,ocsp.digicert.com
2013-09-12 14:23:07,en.wikipedia.org
2013-09-12 14:23:07,bits.wikimedia.org
2013-09-12 14:23:09,meta.wikimedia.org
2013-09-12 14:23:33,www.google.fr
2013-09-12 14:23:33,en.wikipedia.org
2013-09-12 14:23:34,meta.wikimedia.org
2013-09-12 14:24:00,en.wikipedia.org
2013-09-12 14:24:00,login.wikimedia.org
2013-09-12 14:24:00,bits.wikimedia.org
2013-09-12 14:25:49,id.google.fr
2013-09-12 14:26:21,www.google.com
2013-09-12 14:26:21,plus.google.com
2013-09-12 14:26:24,www.google.fr
2013-09-12 14:29:34,www.google.fr
2013-09-12 14:29:34,static.ccm2.net
2013-09-12 14:29:34,r.ccm2.net
2013-09-12 14:29:34,clients1.google.com
2013-09-12 14:29:34,static.commentcamarche.net
2013-09-12 14:29:34,ba.commentcamarche.net
2013-09-12 14:29:34,www.commentcamarche.net
2013-09-12 14:29:34,www.facebook.com
2013-09-12 14:29:34,platform.twitter.com
2013-09-12 14:29:35,s-static.ak.facebook.com
2013-09-12 14:29:35,www.facebook.com
2013-09-12 14:29:35,connect.facebook.net
2013-09-12 14:29:35,static.ccm2.net
2013-09-12 14:29:35,static.ak.facebook.com
2013-09-12 14:29:36,static.ccmbg.com
2013-09-12 14:29:36,static.ccm2.net
2013-09-12 14:29:36,www.facebook.com
2013-09-12 14:29:36,platform.twitter.com
2013-09-12 14:29:36,ba.commentcamarche.net
2013-09-12 14:29:36,clients1.google.com
2013-09-12 14:29:36,evsecure-ocsp.verisign.com
2013-09-12 14:29:37,static.ccm2.net
2013-09-12 14:29:37,www.commentcamarche.net
2013-09-12 14:30:06,twitter.com
2013-09-12 14:30:55,js.microsoft.com
2013-09-12 14:30:55,www.google.fr
2013-09-12 14:30:56,js.microsoft.com
2013-09-12 14:30:56,www.microsoft.com
2013-09-12 14:30:57,www.microsoft.com
2013-09-12 14:30:57,c1.microsoft.com
2013-09-12 14:30:57,js.microsoft.com
2013-09-12 14:30:58,c1.microsoft.com
2013-09-12 14:30:58,www.microsoft.com
2013-09-12 14:30:59,www.microsoft.com
2013-09-12 14:31:24,www.sharevb.net
2013-09-12 14:31:24,www.google.fr
2013-09-12 14:31:25,www.sharevb.net
2013-09-12 14:32:30,ajax.googleapis.com
2013-09-12 14:32:30,apis.google.com
2013-09-12 14:32:31,accounts.google.com
2013-09-12 14:33:57,plus.google.com
2013-09-12 14:34:15,www.google.fr
2013-09-12 14:34:44,bits.wikimedia.org
2013-09-12 14:34:46,en.wikipedia.org
2013-09-12 14:34:48,bits.wikimedia.org
2013-09-12 14:34:48,en.wikipedia.org
2013-09-12 14:34:51,en.wikipedia.org
2013-09-12 14:34:51,bits.wikimedia.org
2013-09-12 14:34:52,bits.wikimedia.org
2013-09-12 14:34:55,meta.wikimedia.org
2013-09-12 14:34:56,meta.wikimedia.org
2013-09-12 14:34:59,en.wikipedia.org
2013-09-12 14:35:00,meta.wikimedia.org
2013-09-12 14:35:26,en.wikipedia.org
2013-09-12 14:35:36,www.google.com
2013-09-12 14:35:37,www.google.fr
2013-09-12 14:36:02,www.google.fr
2013-09-12 14:36:04,fr.openclassrooms.com
2013-09-12 14:36:05,dnn506yrbagrg.cloudfront.net
2013-09-12 14:36:05,www.google.com
2013-09-12 14:36:05,fr.openclassrooms.com
2013-09-12 14:36:06,fr.openclassrooms.com
2013-09-12 14:36:07,ce.lijit.com
2013-09-12 14:36:07,www.facebook.com
2013-09-12 14:36:08,cs.specificclick.net
2013-09-12 14:36:08,fr.openclassrooms.com
2013-09-12 14:36:09,www.google.com
2013-09-12 14:36:09,clients1.google.com
2013-09-12 14:36:10,www.facebook.com
2013-09-12 14:37:17,www.google.fr
2013-09-12 14:37:18,fr.wikipedia.org
2013-09-12 14:37:18,bits.wikimedia.org
2013-09-12 14:37:19,meta.wikimedia.org
2013-09-12 14:37:19,login.wikimedia.org
2013-09-12 14:37:19,bits.wikimedia.org
2013-09-12 14:37:19,fr.wikipedia.org
2013-09-12 14:38:04,bits.wikimedia.org
2013-09-12 14:38:04,en.wikipedia.org
2013-09-12 14:38:04,meta.wikimedia.org
2013-09-12 14:38:04,www.google.fr
2013-09-12 14:38:05,meta.wikimedia.org
2013-09-12 14:38:20,fr.wikipedia.org
2013-09-12 14:38:20,login.wikimedia.org
2013-09-12 14:38:33,plus.google.com
2013-09-12 14:38:46,www.google.fr
2013-09-12 14:38:48,cis-india.org
2013-09-12 14:38:49,ajax.googleapis.com
2013-09-12 14:38:49,cis-india.org
2013-09-12 14:38:50,cis-india.org
2013-09-12 14:38:50,connect.facebook.net
2013-09-12 14:38:50,platform.twitter.com
2013-09-12 14:38:51,s-static.ak.facebook.com
2013-09-12 14:38:51,www.facebook.com
2013-09-12 14:38:51,static.ak.facebook.com
2013-09-12 14:38:51,platform.twitter.com
2013-09-12 14:38:51,cis-india.org
2013-09-12 14:38:52,cis-india.org
2013-09-12 14:38:53,cis-india.org
2013-09-12 14:39:00,www.googleapis.com
2013-09-12 14:39:22,twitter.com
2013-09-12 14:40:18,safebrowsing.clients.google.com
2013-09-12 14:40:18,safebrowsing-cache.google.com
2013-09-12 14:40:53,www.google.fr
2013-09-12 14:41:45,accounts.google.com
2013-09-12 14:41:46,apis.google.com
2013-09-12 14:42:27,www.google.fr
2013-09-12 14:42:28,clients1.google.com
2013-09-12 14:42:28,ocsp.usertrust.com
2013-09-12 14:42:28,ocsp.tcs.terena.org
2013-09-12 14:44:11,ocsp.digicert.com
2013-09-12 14:44:12,ocsp.digicert.com
2013-09-12 14:45:21,www.google.fr
2013-09-12 14:45:21,www.google.com
2013-09-12 14:45:21,plus.google.com
2013-09-12 14:46:12,ocsp.verisign.com
2013-09-12 15:05:20,www.hotmail.com
2013-09-12 15:05:21,login.live.com
2013-09-12 15:05:46,js.live.net
2013-09-12 15:06:24,mail.live.com
2013-09-12 15:06:33,h.live.com
2013-09-12 15:06:34,people.directory.live.com
2013-09-12 15:06:35,dub110.mail.live.com
2013-09-12 15:06:36,dub110.mail.live.com
2013-09-12 15:06:37,dub110.mail.live.com
2013-09-12 15:06:48,storage.live.com
2013-09-12 15:07:01,dub110.mail.live.com
2013-09-12 15:08:22,www.hotmail.com
2013-09-12 15:08:23,evsecure-ocsp.verisign.com
2013-09-12 15:08:24,evintl-ocsp.verisign.com
2013-09-12 15:08:24,login.live.com
2013-09-12 15:08:25,evintl-ocsp.verisign.com
2013-09-12 15:08:29,ocsp.digicert.com
2013-09-12 15:08:35,ocsp.verisign.com
2013-09-12 15:08:37,ocsp.verisign.com
2013-09-12 15:08:48,js.live.net
2013-09-12 15:09:27,mail.live.com
2013-09-12 15:09:30,evintl-ocsp.verisign.com
2013-09-12 15:09:35,h.live.com
2013-09-12 15:09:37,dub110.mail.live.com
2013-09-12 15:09:39,dub110.mail.live.com
2013-09-12 15:09:39,people.directory.live.com
2013-09-12 15:09:49,storage.live.com
2013-09-12 15:10:47,dub110.mail.live.com
2013-09-12 15:10:47,h.live.com
2013-11-18 08:03:32,evsecure-ocsp.verisign.com
2013-11-18 08:03:33,evintl-ocsp.verisign.com
2013-11-18 08:03:34,evintl-ocsp.verisign.com
2013-11-18 08:03:34,login.live.com
2013-11-18 08:03:35,login.live.com
2013-11-18 08:03:37,login.live.com
2013-11-18 08:03:37,ocsp.digicert.com
2013-11-18 08:03:37,ocsp.entrust.net
2013-11-18 08:03:37,ocsp.verisign.com
2013-11-18 08:03:38,ocsp.digicert.com
2013-11-18 08:03:38,ocsp.verisign.com
2013-11-18 08:03:47,js.live.net
2013-11-18 08:03:49,windowslive.tt.omtrdc.net
2013-11-18 08:04:19,safebrowsing-cache.google.com
2013-11-18 08:04:19,safebrowsing.clients.google.com
2013-11-18 08:04:20,safebrowsing-cache.google.com
2013-11-18 08:04:38,dub110.mail.live.com
2013-11-18 08:04:38,cid-c250e4556a1a15b5.users.storage.live.com
2013-11-18 08:04:38,h.live.com
2013-11-18 08:04:39,dub110.mail.live.com
2013-11-18 08:04:41,people.directory.live.com
2013-11-18 08:04:43,blufiles.storage.msn.com
2013-11-18 08:04:47,storage.live.com
2013-11-18 08:04:53,ocsp.digicert.com
2013-11-18 08:05:38,dub110.mail.live.com
2013-11-18 08:05:39,secure.shared.live.com
2013-11-18 08:05:42,secure.shared.live.com
2013-11-18 08:05:42,cid-c250e4556a1a15b5.users.storage.live.com
2013-11-18 08:20:34,www.google.com
2013-11-18 08:20:34,clients1.google.fr
2013-11-18 08:20:34,www.google.fr
2013-11-18 08:20:40,www.google.fr
2013-11-18 08:20:42,clients1.google.fr
2013-11-18 08:20:43,clients1.google.fr
2013-11-18 08:20:44,clients1.google.fr
2013-11-18 08:20:45,www.google.fr
2013-11-18 08:21:06,clients1.google.fr
2013-11-18 08:21:06,www.google.fr
2013-11-18 08:21:17,www.google.fr
2013-11-18 08:21:18,clients1.google.com
2013-11-18 08:21:18,ocsp.comodoca.com
2013-11-18 08:21:18,ocsp.usertrust.com
2013-11-18 08:21:18,ocsp.tcs.terena.org
2013-11-18 08:21:18,gtglobal-ocsp.geotrust.com
2013-11-18 08:24:40,dii.univ-mrs.fr
2013-11-18 08:24:40,www.dil.univ-mrs.fr
2013-11-18 08:24:43,dii.univ-mrs.fr
2013-11-18 08:24:43,www.dil.univ-mrs.fr
2013-11-18 08:24:45,www.framasoft.net
2013-11-18 08:26:14,www.google.fr
2013-11-18 08:26:14,www.google.com
2013-11-18 08:26:14,clients1.google.fr
2013-11-18 08:26:27,www.hotmail.com
2013-11-18 08:26:28,evsecure-ocsp.verisign.com
2013-11-18 08:26:28,evintl-ocsp.verisign.com
2013-11-18 08:26:28,login.live.com
2013-11-18 08:26:29,evintl-ocsp.verisign.com
2013-11-18 08:26:30,ocsp.digicert.com
2013-11-18 08:26:30,login.live.com
2013-11-18 08:26:31,ocsp.entrust.net
2013-11-18 08:26:39,login.live.com
2013-11-18 08:26:40,evintl-ocsp.verisign.com
2013-11-18 08:26:40,dub110.mail.live.com
2013-11-18 08:26:41,login.live.com
2013-11-18 08:26:41,evintl-ocsp.verisign.com
2013-11-18 08:26:43,windowslive.tt.omtrdc.net
2013-11-18 08:26:44,ocsp.verisign.com
2013-11-18 08:27:42,mail.live.com
2013-11-18 08:27:43,cid-c250e4556a1a15b5.users.storage.live.com
2013-11-18 08:27:44,cid-c250e4556a1a15b5.users.storage.live.com
2013-11-18 08:27:47,h.live.com
2013-11-18 08:28:04,dub110.mail.live.com
2013-11-19 08:01:30,dub110.mail.live.com
2013-11-19 08:01:32,dub110.afx.ms
2013-11-19 08:02:14,javadl-esd-secure.oracle.com
2013-11-19 08:02:17,ocsp.verisign.com
2013-11-20 15:45:12,www.google.com
2013-11-20 15:45:12,www.google.fr
2013-11-20 15:45:12,clients1.google.com
2013-11-20 15:45:13,gtglobal-ocsp.geotrust.com
2013-11-20 15:45:13,clients1.google.com
2013-11-20 15:45:23,www.google.fr
2013-11-20 15:45:24,ocsp.usertrust.com
2013-11-20 15:45:24,clients1.google.com
2013-11-20 15:45:24,ocsp.tcs.terena.org
2013-11-20 15:45:25,clients1.google.com
2013-11-20 15:46:02,gtssl-ocsp.geotrust.com
2013-11-20 15:46:11,safebrowsing.clients.google.com
2013-11-20 15:46:11,safebrowsing-cache.google.com
2013-11-20 15:46:12,safebrowsing-cache.google.com
2013-11-20 15:48:08,apis.google.com
2013-11-20 15:48:10,www.google.com
2013-11-20 15:48:17,www.google.fr
2013-11-20 15:48:59,ocsp.thawte.com
2013-11-20 15:50:59,ocsp.verisign.com
2013-11-20 17:30:49,gtssl-ocsp.geotrust.com
2013-11-20 17:30:50,gtssl-ocsp.geotrust.com
2013-11-20 17:30:55,geo.mozilla.org
2013-11-20 17:30:56,www.hotmail.com
2013-11-20 17:30:56,evsecure-ocsp.verisign.com
2013-11-20 17:30:57,login.live.com
2013-11-20 17:30:57,evintl-ocsp.verisign.com
2013-11-20 17:30:58,evintl-ocsp.verisign.com
2013-11-20 17:30:59,ocsp.entrust.net
2013-11-20 17:30:59,ocsp.digicert.com
2013-11-20 17:30:59,login.live.com
2013-11-20 17:31:06,login.live.com
2013-11-20 17:31:07,login.live.com
2013-11-20 17:31:07,evintl-ocsp.verisign.com
2013-11-20 17:31:08,evintl-ocsp.verisign.com
2013-11-20 17:31:10,ocsp.verisign.com
2013-11-20 17:31:10,windowslive.tt.omtrdc.net
2013-11-20 17:31:11,ocsp.verisign.com
2013-11-20 17:31:21,js.live.net
2013-11-20 17:31:22,windowslive.tt.omtrdc.net
2013-11-20 17:32:01,storage.live.com
2013-11-20 17:32:01,blufiles.storage.msn.com
2013-11-20 17:32:01,h.live.com
2013-11-20 17:32:01,dub110.mail.live.com
2013-11-20 17:32:01,secure.shared.live.com
2013-11-20 17:32:01,cid-c250e4556a1a15b5.users.storage.live.com
2013-11-20 17:32:01,mail.live.com
2013-11-20 17:32:01,people.directory.live.com
2013-11-22 19:06:54,armmf.adobe.com
2013-11-22 19:06:56,armmf.adobe.com
2013-11-22 19:06:59,armdl.adobe.com
2013-11-22 19:11:40,javadl-esd-secure.oracle.com
2013-11-22 19:11:46,www.oracle.com
2013-11-22 19:11:47,www.oracle.com
2013-11-22 19:12:02,www.oracle.com
2013-11-22 19:27:17,javadl-esd-secure.oracle.com
2013-11-22 19:27:26,gtssl-ocsp.geotrust.com
2013-11-22 19:27:32,dl.javafx.com
2013-11-22 19:27:33,clients1.google.com
2013-11-22 19:27:33,www.google.com
2013-11-22 19:27:33,www.google.fr
2013-11-22 19:27:34,gtglobal-ocsp.geotrust.com
2013-11-22 19:27:35,clients1.google.com
2013-11-22 19:27:43,www.google.fr
2013-11-22 19:27:44,www.google.fr
2013-11-22 19:27:44,clients1.google.com
2013-11-22 19:27:44,ocsp.tcs.terena.org
2013-11-22 19:27:44,ocsp.usertrust.com
2013-11-22 19:27:47,clients1.google.com
2013-11-22 19:28:27,gtssl-ocsp.geotrust.com
2013-11-22 19:29:24,ocsp.digicert.com
2013-11-22 19:30:29,apis.google.com
2013-11-22 19:30:31,www.google.com
2013-11-22 19:30:37,www.google.fr
2013-11-22 19:31:18,safebrowsing.clients.google.com
2013-11-22 19:31:18,safebrowsing-cache.google.com
2013-11-22 19:31:19,safebrowsing-cache.google.com
2013-11-22 19:35:25,ocsp.thawte.com
2013-11-22 20:01:05,safebrowsing-cache.google.com
2013-11-22 20:01:05,safebrowsing.clients.google.com
2013-11-22 20:01:06,safebrowsing-cache.google.com
2013-11-22 20:31:31,ocsp.verisign.com
2013-11-22 20:32:14,safebrowsing.clients.google.com
2013-11-22 20:32:15,safebrowsing-cache.google.com
2013-11-22 20:32:17,safebrowsing-cache.google.com
2013-11-22 20:32:19,safebrowsing-cache.google.com
2013-11-22 20:32:21,safebrowsing-cache.google.com
2013-11-22 20:32:22,safebrowsing-cache.google.com
2013-11-22 20:32:26,safebrowsing-cache.google.com
2013-11-22 20:32:29,safebrowsing-cache.google.com
2013-11-22 20:32:30,safebrowsing-cache.google.com
2013-11-22 20:32:32,safebrowsing-cache.google.com
2013-11-22 20:32:35,safebrowsing-cache.google.com
2013-11-22 20:32:36,safebrowsing-cache.google.com
2013-11-22 20:32:37,safebrowsing-cache.google.com
2013-11-22 20:32:38,safebrowsing-cache.google.com
2013-11-22 21:00:40,safebrowsing.clients.google.com
2013-11-22 21:00:41,safebrowsing-cache.google.com
2013-11-22 21:00:42,safebrowsing-cache.google.com
2013-11-22 21:00:43,safebrowsing-cache.google.com
2013-11-22 21:26:40,www.google.fr
2013-11-22 21:26:40,clients1.google.com
2013-11-22 21:26:40,www.google.com
2013-11-22 21:26:41,gtglobal-ocsp.geotrust.com
2013-11-22 21:26:51,clients1.google.com
2013-11-22 21:27:57,www.google.fr
2013-11-22 21:27:59,i2.services.social.microsoft.com
2013-11-22 21:27:59,i.msdn.microsoft.com
2013-11-22 21:27:59,i3.msdn.microsoft.com
2013-11-22 21:27:59,msdn.microsoft.com
2013-11-22 21:27:59,i2.msdn.microsoft.com
2013-11-22 21:27:59,js.microsoft.com
2013-11-22 21:28:00,js.microsoft.com
2013-11-22 21:28:00,msdn.microsoft.com
2013-11-22 21:28:00,i2.msdn.microsoft.com
2013-11-22 21:28:01,msdn.microsoft.com
2013-11-22 21:28:01,c1.microsoft.com
2013-11-22 21:28:40,docs.oracle.com
2013-11-22 21:28:40,www.google.fr
2013-11-22 21:28:41,docs.oracle.com
2013-11-22 21:30:59,safebrowsing.clients.google.com
2013-11-22 21:30:59,safebrowsing-cache.google.com
2013-11-22 21:31:30,www.google.fr
2013-11-22 22:01:00,safebrowsing.clients.google.com
2013-11-22 22:01:00,safebrowsing-cache.google.com
2013-11-22 22:01:01,safebrowsing-cache.google.com
2013-11-22 22:33:02,safebrowsing.clients.google.com
2013-11-22 22:33:02,safebrowsing-cache.google.com
2013-11-22 22:33:03,safebrowsing-cache.google.com
2013-11-22 23:04:01,safebrowsing-cache.google.com
2013-11-22 23:04:01,safebrowsing.clients.google.com
2013-11-22 23:04:02,safebrowsing-cache.google.com
2013-11-22 23:08:12,www.hotmail.com
2013-11-22 23:08:13,evsecure-ocsp.verisign.com
2013-11-22 23:08:14,login.live.com
2013-11-22 23:08:14,evintl-ocsp.verisign.com
2013-11-22 23:08:15,evintl-ocsp.verisign.com
2013-11-22 23:08:15,login.live.com
2013-11-22 23:08:16,ocsp.entrust.net
2013-11-22 23:08:16,ocsp.digicert.com
2013-11-22 23:08:23,login.live.com
2013-11-22 23:08:24,evintl-ocsp.verisign.com
2013-11-22 23:08:24,login.live.com
2013-11-22 23:08:26,evintl-ocsp.verisign.com
2013-11-22 23:08:28,ocsp.verisign.com
2013-11-22 23:08:28,windowslive.tt.omtrdc.net
2013-11-22 23:08:29,ocsp.verisign.com
2013-11-22 23:08:29,h.live.com
2013-11-22 23:08:38,js.live.net
2013-11-22 23:08:40,windowslive.tt.omtrdc.net
2013-11-22 23:09:26,mail.live.com
2013-11-22 23:09:28,cid-c250e4556a1a15b5.users.storage.live.com
2013-11-22 23:09:32,people.directory.live.com
2013-11-22 23:09:33,dub110.mail.live.com
2013-11-22 23:09:36,dub110.mail.live.com
2013-11-22 23:09:37,dub110.mail.live.com
2013-11-22 23:09:37,storage.live.com
2013-11-22 23:09:49,blufiles.storage.msn.com
2013-11-22 23:09:50,blufiles.storage.msn.com
2013-11-22 23:09:50,byfiles.storage.msn.com
2013-11-22 23:09:51,dm1files.storage.live.com
2013-11-22 23:09:51,blufiles.storage.msn.com
2013-11-22 23:09:52,byfiles.storage.msn.com
2013-11-22 23:09:52,dm2301files.storage.live.com
2013-11-22 23:09:52,blufiles.storage.msn.com
2013-11-22 23:09:52,sn2files.storage.msn.com
2013-11-22 23:09:52,bn1files.storage.live.com
2013-11-22 23:09:53,dm2302files.storage.live.com
2013-11-22 23:09:53,byfiles.storage.msn.com
2013-11-22 23:09:53,dm2301files.storage.live.com
2013-11-22 23:09:54,blufiles.storage.msn.com
2013-11-22 23:09:54,bn1files.storage.live.com
2013-11-22 23:09:55,dm1files.storage.live.com
2013-11-22 23:09:56,byfiles.storage.msn.com
2013-11-22 23:09:57,h.live.com
2013-11-22 23:10:07,h.live.com
2013-11-22 23:10:30,secure.shared.live.com
2013-11-22 23:10:32,secure.shared.live.com
2013-11-22 23:11:30,h.live.com
2013-11-22 23:11:36,dub110.mail.live.com
2013-11-22 23:11:39,people.directory.live.com
2013-11-22 23:11:45,dub110.afx.ms
2013-11-22 23:11:46,cid-c250e4556a1a15b5.users.storage.live.com
2013-11-22 23:12:02,p.sfx.ms
2013-11-22 23:12:13,dub110.mail.live.com
2013-11-22 23:16:36,people.directory.live.com
2013-11-22 23:21:14,dub110.mail.live.com
2013-11-22 23:24:45,dub110.mail.live.com
2013-11-22 23:36:02,safebrowsing-cache.google.com
2013-11-22 23:36:02,safebrowsing.clients.google.com
2013-11-23 11:39:35,www.oracle.com
2013-11-23 11:39:50,www.oracle.com
2013-11-23 11:42:00,www.oracle.com
2013-11-23 11:42:15,www.oracle.com
2013-11-23 11:43:14,javadl-esd-secure.oracle.com
2013-11-23 11:44:13,javadl-esd-secure.oracle.com
2013-11-25 08:09:17,www.google.com
2013-11-25 08:09:17,www.google.fr
2013-11-25 08:09:17,clients1.google.fr
2013-11-25 08:09:36,clients1.google.fr
2013-11-25 08:09:37,clients1.google.fr
2013-11-25 08:09:38,clients1.google.fr
2013-11-25 08:09:39,clients1.google.fr
2013-11-25 08:09:41,www.google.fr
2013-11-25 08:09:41,clients1.google.fr
2013-11-25 08:09:44,clients1.google.com
2013-11-25 08:09:44,gtglobal-ocsp.geotrust.com
2013-11-25 08:09:44,www.google.fr
2013-11-25 08:09:45,ocsp.usertrust.com
2013-11-25 08:09:45,ocsp.tcs.terena.org
2013-11-25 08:09:45,ocsp.comodoca.com
2013-11-25 08:11:40,www.dil.univ-mrs.fr
2013-11-25 08:11:40,dii.univ-mrs.fr
2013-11-25 08:11:43,www.dil.univ-mrs.fr
2013-11-25 08:11:43,dii.univ-mrs.fr
2013-11-25 08:22:48,fxfeeds.mozilla.com
2013-11-25 08:22:48,newsrss.bbc.co.uk
2013-11-25 08:22:48,feeds.bbci.co.uk
2013-11-25 08:37:08,www.google.fr
2013-11-25 08:37:09,clients1.google.fr
2013-11-25 08:37:13,www.google.com
2013-11-25 08:37:13,clients1.google.com
2013-11-25 08:37:14,clients1.google.com
2013-11-25 08:37:30,clients1.google.com
2013-11-25 08:37:31,mail.google.com
2013-11-25 08:41:29,accounts.google.com
2013-11-25 08:41:30,accounts.google.co.ma
2013-11-25 08:41:30,accounts.google.fr
2013-11-25 08:42:10,mail.google.com
2013-11-25 08:46:25,mail.google.com
2013-11-25 08:46:26,mail.google.com
2013-11-25 08:49:59,clients1.google.com
2013-11-25 08:50:26,www.google.co.ma
2013-11-25 08:50:26,www.google.fr
2013-11-25 08:50:27,www.google.co.ma
2013-11-25 08:50:29,www.google.co.ma
2013-11-25 08:50:30,accounts.google.com
2013-11-25 08:50:30,mail.google.com
2013-11-25 08:50:30,accounts.google.fr
2013-11-25 08:50:30,accounts.google.co.ma
2013-11-25 13:48:05,gtssl-ocsp.geotrust.com
2013-11-25 13:48:20,www.hotmail.com
2013-11-25 13:48:21,evsecure-ocsp.verisign.com
2013-11-25 13:48:26,evintl-ocsp.verisign.com
2013-11-25 13:48:26,login.live.com
2013-11-25 13:48:27,snippets-stats.mozilla.org
2013-11-25 13:48:28,login.live.com
2013-11-25 13:48:29,ocsp.digicert.com
2013-11-25 13:48:29,ocsp.entrust.net
2013-11-25 13:48:30,ocsp.digicert.com
2013-11-25 13:48:36,windowslive.tt.omtrdc.net
2013-11-25 13:48:41,login.live.com
2013-11-25 13:49:03,evintl-ocsp.verisign.com
2013-11-25 13:49:07,login.live.com
2013-11-25 13:49:08,evintl-ocsp.verisign.com
2013-11-25 13:49:18,ocsp.verisign.com
2013-11-25 13:49:43,windowslive.tt.omtrdc.net
2013-11-25 13:50:11,cid-c250e4556a1a15b5.users.storage.live.com
2013-11-25 13:50:12,mail.live.com
2013-11-25 13:50:18,dub110.mail.live.com
2013-11-25 13:50:19,dub110.mail.live.com
2013-11-25 13:50:23,people.directory.live.com
2013-11-25 13:50:25,dub110.mail.live.com
2013-11-25 13:59:32,evsecure-ocsp.verisign.com
2013-11-25 13:59:36,evintl-ocsp.verisign.com
2013-11-25 13:59:37,evintl-ocsp.verisign.com
2013-11-25 13:59:41,ocsp.entrust.net
2013-11-25 13:59:42,ocsp.digicert.com
2013-11-25 13:59:44,www.google.com
2013-11-25 13:59:44,ocsp.digicert.com
2013-11-25 13:59:46,ocsp.verisign.com
2013-11-25 13:59:46,www.google.fr
2013-11-25 13:59:47,clients1.google.com
2013-11-25 13:59:48,gtglobal-ocsp.geotrust.com
2013-11-25 13:59:50,ocsp.verisign.com
2013-11-25 13:59:52,clients1.google.com
2013-11-25 14:00:12,js.live.net
2013-11-25 14:00:23,ocsp.digicert.com
2013-11-25 14:00:39,cid-c250e4556a1a15b5.users.storage.live.com
2013-11-25 14:00:49,people.directory.live.com
2013-11-25 14:00:52,dub110.mail.live.com
2013-11-25 14:00:55,dub110.mail.live.com
2013-11-25 14:00:56,h.live.com
2013-11-25 14:00:58,h.live.com
2013-11-25 14:01:04,blufiles.storage.msn.com
2013-11-25 14:01:16,storage.live.com
2013-11-25 14:01:41,dub110.mail.live.com
2013-11-25 14:02:18,secure.shared.live.com
2013-11-25 14:02:47,apis.google.com
2013-11-25 14:02:47,www.google.com
2013-11-25 14:03:10,www.google.fr
2013-11-25 14:03:11,fr.wikipedia.org
2013-11-25 14:03:11,bits.wikimedia.org
2013-11-25 14:03:12,www.google.fr
2013-11-25 14:03:12,bits.wikimedia.org
2013-11-25 14:03:13,meta.wikimedia.org
2013-11-25 14:03:13,fr.wikipedia.org
2013-11-25 14:03:13,bits.wikimedia.org
2013-11-25 14:03:14,meta.wikimedia.org
2013-11-25 14:03:14,ocsp.digicert.com
2013-11-25 14:04:14,login.wikimedia.org
2013-11-25 14:04:14,bits.wikimedia.org
2013-11-25 14:04:15,fr.wikipedia.org
2013-11-25 14:04:22,ocsp.thawte.com
2013-11-25 14:04:30,dub110.mail.live.com
2013-11-25 14:04:35,www.google.fr
2013-11-25 14:06:06,fr.wikipedia.org
2013-11-25 14:06:08,meta.wikimedia.org
2013-11-25 14:06:08,fr.wikipedia.org
2013-11-25 14:07:56,fr.wikipedia.org
2013-11-25 14:10:36,www.google.fr
2013-11-25 14:10:40,fr.findeen.com
2013-11-25 14:10:45,fr.findeen.com
2013-11-25 14:10:45,connect.facebook.net
2013-11-25 14:10:48,fr.findeen.com
2013-11-25 14:10:50,xhp3r34e9k.b.ad6media.fr
2013-11-25 14:10:51,xhp3r34e9k.b.ad6media.fr
2013-11-25 14:10:51,mtrc1.digital-metric.com
2013-11-25 14:10:52,xhp3r34e9k.b.ad6media.fr
2013-11-25 14:10:53,static.ak.facebook.com
2013-11-25 14:10:54,fr.findeen.com
2013-11-25 14:10:55,s-static.ak.facebook.com
2013-11-25 14:10:55,www.facebook.com
2013-11-25 14:10:55,img.digital-metric.com
2013-11-25 14:10:55,ukqv1o2ltw.b.ad6media.fr
2013-11-25 14:11:45,145voq5zfx.b.ad6media.fr
2013-11-25 14:11:57,www.cppfrance.com
2013-11-25 14:11:58,codes-sources.commentcamarche.net
2013-11-25 14:11:58,static.ccm2.net
2013-11-25 14:11:58,r.ccm2.net
2013-11-25 14:11:59,static.ccm2.net
2013-11-25 14:12:01,static.ccm2.net
2013-11-25 14:12:01,ba.commentcamarche.net
2013-11-25 14:12:01,clients1.google.com
2013-11-25 14:12:02,ba.commentcamarche.net
2013-11-25 14:12:02,static.ccm2.net
2013-11-25 14:12:05,static.ccm2.net
2013-11-25 14:12:08,r.ccmbg.com
2013-11-25 14:12:09,codes-sources.commentcamarche.net
2013-11-25 14:12:10,apis.google.com
2013-11-25 14:12:10,platform.twitter.com
2013-11-25 14:12:10,static.ccm2.net
2013-11-25 14:12:10,r.ccmbg.com
2013-11-25 14:12:12,s-static.ak.facebook.com
2013-11-25 14:12:12,static.ak.facebook.com
2013-11-25 14:12:12,www.facebook.com
2013-11-25 14:12:12,platform.twitter.com
2013-11-25 14:12:14,platform.twitter.com
2013-11-25 14:12:15,ocsp.verisign.com
2013-11-25 14:12:15,www.linkedin.com
2013-11-25 14:12:15,evsecure-ocsp.verisign.com
2013-11-25 14:12:16,clients1.google.com
2013-11-25 14:12:16,evsecure-ocsp.verisign.com
2013-11-25 14:12:17,clients1.google.com
2013-11-25 14:12:47,twitter.com
2013-11-25 14:13:22,www.google.fr
2013-11-25 14:13:23,fr.openclassrooms.com
2013-11-25 14:13:27,www.google.com
2013-11-25 14:13:36,fr.openclassrooms.com
2013-11-25 14:13:37,img397.imageshack.us
2013-11-25 14:13:45,dnn506yrbagrg.cloudfront.net
2013-11-25 14:13:45,fr.openclassrooms.com
2013-11-25 14:13:46,www.google.com
2013-11-25 14:13:47,www.google.com
2013-11-25 14:13:58,fr.openclassrooms.com
2013-11-25 14:14:05,fr.openclassrooms.com
2013-11-25 14:14:11,platform.twitter.com
2013-11-25 14:14:45,fr.openclassrooms.com
2013-11-25 14:14:47,www.google.com
2013-11-25 14:14:49,fr.openclassrooms.com
2013-11-25 14:14:51,dnn506yrbagrg.cloudfront.net
2013-11-25 14:14:51,fr.openclassrooms.com
2013-11-25 14:14:51,www.google.com
2013-11-25 14:14:57,ajax.googleapis.com
2013-11-25 14:14:59,rp.gwallet.com
2013-11-25 14:15:00,ocsp.verisign.com
2013-11-25 14:15:00,rbp.mxptint.net
2013-11-25 14:15:02,www.facebook.com
2013-11-25 14:15:03,ocsp.godaddy.com
2013-11-25 14:15:03,ocsp.digicert.com
2013-11-25 14:15:07,fr.openclassrooms.com
2013-11-25 14:15:12,accounts.google.com
2013-11-25 14:15:12,apis.google.com
2013-11-25 14:15:45,fr.openclassrooms.com
2013-11-25 14:15:45,www.google.com
2013-11-25 14:15:47,fr.openclassrooms.com
2013-11-25 14:15:47,www.google.com
2013-11-25 14:15:52,um.simpli.fi
2013-11-25 14:15:52,fr.openclassrooms.com
2013-11-25 14:16:09,www.google.fr
2013-11-25 14:16:24,www.facebook.com
2013-11-25 14:18:42,www.googleapis.com
2013-11-25 14:21:07,fr.openclassrooms.com
2013-11-25 14:53:32,www.google.com
2013-11-25 14:53:33,www.google.fr
2013-11-25 14:53:34,clients1.google.com
2013-11-25 14:53:35,gtglobal-ocsp.geotrust.com
2013-11-25 14:53:38,clients1.google.com
2013-11-25 14:54:05,www.hotmail.com
2013-11-25 14:54:07,evsecure-ocsp.verisign.com
2013-11-25 14:54:47,login.live.com
2013-11-25 14:54:49,evsecure-ocsp.verisign.com
2013-11-25 14:54:49,evintl-ocsp.verisign.com
2013-11-25 14:54:49,ocsp.digicert.com
2013-11-25 14:55:15,evintl-ocsp.verisign.com
2013-11-25 14:55:23,login.live.com
2013-11-25 14:56:01,login.live.com
2013-11-25 14:56:01,ocsp.entrust.net
2013-11-25 14:56:01,ocsp.digicert.com
2013-11-25 14:56:02,evintl-ocsp.verisign.com
2013-11-25 14:56:03,login.live.com
2013-11-25 14:56:03,evintl-ocsp.verisign.com
2013-11-25 14:56:14,ocsp.verisign.com
2013-11-25 14:56:29,js.live.net
2013-11-25 14:56:33,apis.google.com
2013-11-25 14:56:40,www.google.com
2013-11-25 14:56:40,www.google.fr
2013-11-25 14:57:01,safebrowsing.clients.google.com
2013-11-25 14:57:01,safebrowsing-cache.google.com
2013-11-25 14:57:02,safebrowsing-cache.google.com
2013-11-25 14:57:02,mail.live.com
2013-11-25 14:57:09,cid-c250e4556a1a15b5.users.storage.live.com
2013-11-25 14:57:14,h.live.com
2013-11-25 14:57:18,dub110.mail.live.com
2013-11-25 14:57:18,h.live.com
2013-11-25 14:57:20,dub110.mail.live.com
2013-11-25 14:57:20,people.directory.live.com
2013-11-25 14:57:27,blufiles.storage.msn.com
2013-11-25 14:57:32,storage.live.com
2013-11-25 14:58:28,secure.shared.live.com
2013-11-25 14:59:03,ocsp.thawte.com
2013-11-25 14:59:27,h.live.com
2013-11-25 15:00:03,dub110.mail.live.com
2013-11-25 15:00:06,dub110.mail.live.com
2013-11-25 15:02:22,people.directory.live.com
2013-11-25 15:05:06,dub110.mail.live.com
2013-11-25 15:06:18,dub110.mail.live.com
2013-11-25 15:06:19,cid-c250e4556a1a15b5.users.storage.live.com
2013-11-25 15:06:26,h.live.com
2013-11-25 15:07:13,p.sfx.ms
2013-11-25 15:07:21,people.directory.live.com
2013-11-25 15:22:42,www.google.com
2013-11-25 15:22:43,www.google.fr
2013-11-25 15:23:08,people.directory.live.com
2013-11-25 15:23:11,h.live.com
2013-11-25 15:23:17,blufiles.storage.msn.com
2013-11-25 15:23:17,sn2files.storage.msn.com
2013-11-25 15:23:18,byfiles.storage.msn.com
2013-11-25 15:23:18,dm2301files.storage.live.com
2013-11-25 15:23:18,bn1302files.storage.live.com
2013-11-25 15:23:18,bn1301files.storage.live.com
2013-11-25 15:23:18,dm2302files.storage.live.com
2013-11-25 15:23:19,blufiles.storage.msn.com
2013-11-25 15:23:19,byfiles.storage.msn.com
2013-11-25 15:23:19,dm1files.storage.live.com
2013-11-25 15:23:20,blufiles.storage.msn.com
2013-11-25 15:23:20,byfiles.storage.msn.com
2013-11-25 15:23:21,dm2302files.storage.live.com
2013-11-25 15:23:21,bn1files.storage.live.com
2013-11-25 15:25:10,dub110.mail.live.com
2013-11-25 15:25:57,www.google.fr
2013-11-25 15:28:20,dub110.mail.live.com
2013-11-25 15:28:23,proxy-bay-people.directory.live.com
2013-11-25 15:28:58,safebrowsing.clients.google.com
2013-11-25 15:28:58,safebrowsing-cache.google.com
2013-11-25 15:30:34,dub110.mail.live.com
2013-11-25 15:32:26,dub110.mail.live.com
2013-11-25 15:33:26,proxy-bay-people.directory.live.com
2013-11-25 15:35:28,dub110.mail.live.com
2013-11-25 15:38:29,proxy-bay-people.directory.live.com
2013-11-25 15:39:00,login.live.com
2013-11-25 15:39:01,dub110.mail.live.com
2013-11-25 15:39:02,g.live.com
2013-11-25 15:39:22,h.live.com
2013-11-25 15:39:24,dub110.mail.live.com
2013-11-25 15:39:31,cid-c250e4556a1a15b5.users.storage.live.com
2013-11-26 11:16:41,armmf.adobe.com
2013-11-26 11:16:43,armmf.adobe.com
2013-11-26 11:16:45,armdl.adobe.com
2013-11-26 11:17:14,gtssl-ocsp.geotrust.com
2013-11-26 11:17:20,gtglobal-ocsp.geotrust.com
2013-11-26 11:17:20,www.google.com
2013-11-26 11:17:20,www.google.fr
2013-11-26 11:17:20,clients1.google.com
2013-11-26 11:17:21,clients1.google.com
2013-11-26 11:17:27,www.google.fr
2013-11-26 11:17:27,ocsp.tcs.terena.org
2013-11-26 11:17:27,clients1.google.com
2013-11-26 11:17:28,ocsp.usertrust.com
2013-11-26 11:17:28,clients1.google.com
2013-11-26 11:18:17,gtssl-ocsp.geotrust.com
2013-11-26 11:18:46,safebrowsing.clients.google.com
2013-11-26 11:18:46,safebrowsing-cache.google.com
2013-11-26 11:20:17,apis.google.com
2013-11-26 11:20:17,www.google.com
2013-11-26 11:20:21,www.google.fr
2013-11-26 11:21:26,javadl-esd-secure.oracle.com
2013-11-26 11:23:13,ocsp.thawte.com
2013-11-27 14:09:02,www.hotmail.com
2013-11-27 14:09:03,evsecure-ocsp.verisign.com
2013-11-27 14:09:03,evintl-ocsp.verisign.com
2013-11-27 14:09:03,login.live.com
2013-11-27 14:09:04,evintl-ocsp.verisign.com
2013-11-27 14:09:05,ocsp.digicert.com
2013-11-27 14:09:05,ocsp.entrust.net
2013-11-27 14:09:05,login.live.com
2013-11-27 14:09:09,ocsp.digicert.com
2013-11-27 14:09:17,login.live.com
2013-11-27 14:09:18,evintl-ocsp.verisign.com
2013-11-27 14:09:18,login.live.com
2013-11-27 14:09:19,evintl-ocsp.verisign.com
2013-11-27 14:09:22,ocsp.verisign.com
2013-11-27 14:09:23,windowslive.tt.omtrdc.net
2013-11-27 14:09:23,ocsp.verisign.com
2013-11-27 14:09:33,js.live.net
2013-11-27 14:09:35,windowslive.tt.omtrdc.net
2013-11-27 14:09:50,gtssl-ocsp.geotrust.com
2013-11-27 14:10:18,mail.live.com
2013-11-27 14:10:24,h.live.com
2013-11-27 14:10:26,h.live.com
2013-11-27 14:10:29,people.directory.live.com
2013-11-27 14:10:30,dub110.mail.live.com
2013-11-27 14:10:31,h.live.com
2013-11-27 14:10:31,blufiles.storage.msn.com
2013-11-27 14:10:32,cid-c250e4556a1a15b5.users.storage.live.com
2013-11-27 14:10:33,dub110.mail.live.com
2013-11-27 14:10:36,storage.live.com
2013-11-27 14:10:37,secure.shared.live.com
2013-11-27 14:10:40,secure.shared.live.com
2013-11-27 14:10:40,p.sfx.ms
2013-11-27 14:10:42,p.sfx.ms
2013-11-27 14:10:46,ocsp.digicert.com
2013-11-27 14:11:10,p.sfx.ms
2013-11-27 14:11:18,dub110.mail.live.com
2013-11-27 14:12:29,dub110.mail.live.com
2013-11-27 14:13:06,safebrowsing.clients.google.com
2013-11-27 14:13:06,safebrowsing-cache.google.com
2013-11-27 14:13:07,safebrowsing-cache.google.com
2013-11-27 14:14:46,ocsp.thawte.com
2013-11-27 14:15:29,people.directory.live.com
2013-11-27 14:16:46,ocsp.verisign.com
2013-11-27 14:20:29,people.directory.live.com
2013-11-27 14:20:56,gtssl-ocsp.geotrust.com
2013-11-27 14:21:00,www.google.com
2013-11-27 14:21:00,www.google.fr
2013-11-27 14:21:00,clients1.google.com
2013-11-27 14:21:01,gtglobal-ocsp.geotrust.com
2013-11-27 14:21:03,clients1.google.com
2013-11-27 14:23:57,apis.google.com
2013-11-27 14:23:58,www.google.com
2013-11-27 14:24:34,www.google.fr
2013-11-27 14:41:48,safebrowsing-cache.google.com
2013-11-27 14:41:48,safebrowsing.clients.google.com
2013-11-27 14:41:49,safebrowsing-cache.google.com
2013-11-27 15:12:12,safebrowsing-cache.google.com
2013-11-27 15:12:12,safebrowsing.clients.google.com
2013-11-27 15:12:13,safebrowsing-cache.google.com
2014-01-29 13:09:29,fpdownload2.macromedia.com
2014-01-29 13:09:31,go.microsoft.com
2014-01-29 13:09:32,windows.microsoft.com
2014-01-29 13:09:32,ajax.microsoft.com
2014-01-29 13:09:32,res1.windows.microsoft.com
2014-01-29 13:09:32,res2.windows.microsoft.com
2014-01-29 13:09:32,js.microsoft.com
2014-01-29 13:09:33,www.google.com
2014-01-29 13:09:33,www.google.fr
2014-01-29 13:09:36,www.bing.com
2014-01-29 13:09:37,www.google.com
2014-01-29 13:09:37,www.google.fr
2014-01-29 13:09:45,www.google.fr
2014-01-29 13:09:46,www.google.fr
2014-01-29 13:09:50,apis.google.com
2014-01-29 13:09:50,www.google.com
2014-01-29 13:09:56,apis.google.com
2014-01-29 13:09:56,www.google.fr
2014-01-29 13:09:56,www.google.com
2014-01-29 13:12:30,ieonline.microsoft.com
2014-01-29 13:12:31,go.microsoft.com
2014-01-29 13:14:02,docs.google.com
2014-01-29 13:14:05,www.googleapis.com
2014-01-29 13:14:07,www.googleapis.com
2014-01-29 13:14:07,gg.google.com
2014-01-29 13:14:08,0.docs.google.com
2014-01-29 13:14:09,0.docs.google.com
2014-01-29 13:15:57,www.google.fr
2014-01-29 13:15:57,docs.google.com
2014-01-29 13:15:57,0.docs.google.com
2014-01-29 13:15:57,www.google.com
2014-01-29 13:16:08,www.google.fr
2014-01-29 13:16:14,0.docs.google.com
2014-01-29 13:16:14,gg.google.com
2014-01-29 13:16:16,1.docs.google.com
2014-01-29 13:16:19,1.docs.google.com
2014-01-29 13:16:45,www.google.fr
2014-01-29 13:16:45,gg.google.com
2014-01-29 13:16:45,docs.google.com
2014-01-29 13:16:45,1.docs.google.com
2014-02-13 12:29:06,www.gmail.com
2014-02-13 12:29:06,mail.google.com
2014-02-13 12:29:19,accounts.google.com
2014-02-13 12:29:22,accounts.youtube.com
2014-02-13 12:29:37,www.google.com
2014-02-13 12:30:11,accounts.google.fr
2014-02-13 12:30:14,mail.google.com
2014-02-13 12:30:16,www.google.com
2014-02-13 12:30:19,clients2.google.com
2014-02-13 12:30:19,plus.google.com
2014-02-13 12:30:19,apis.google.com
2014-02-13 12:30:19,www.google.com
2014-02-13 12:30:19,accounts.google.fr
2014-02-13 12:30:19,accounts.youtube.com
2014-02-13 12:30:19,accounts.google.com
2014-02-13 12:30:19,mail.google.com
2014-02-13 12:30:20,apis.google.com
2014-02-13 12:30:20,talkgadget.google.com
2014-02-13 12:30:20,accounts.google.com
2014-02-13 12:30:20,drive.google.com
2014-02-13 12:30:20,clients2.google.com
2014-02-13 12:30:20,mail.google.com
2014-02-13 12:30:20,plus.google.com
2014-02-13 12:30:21,apis.google.com
2014-02-13 12:30:21,drive.google.com
2014-02-13 12:30:21,plus.google.com
2014-02-13 12:30:21,talkgadget.google.com
2014-02-13 12:30:21,mail.google.com
2014-02-13 12:30:22,clients6.google.com
2014-02-13 12:30:22,mail.google.com
2014-02-13 12:30:22,talkgadget.google.com
2014-02-13 12:30:24,accounts.google.com
2014-02-13 12:30:25,clients6.google.com
2014-02-13 12:30:26,mail.google.com
2014-02-13 12:30:26,plus.google.com
2014-02-13 12:30:26,apis.google.com
2014-02-13 12:30:26,clients6.google.com
2014-02-13 12:30:27,clients6.google.com
2014-02-13 12:30:27,plus.google.com
2014-02-13 12:30:31,mail.google.com
2014-02-13 12:30:41,plus.google.com
2014-02-13 12:30:41,clients6.google.com
2014-02-13 12:30:41,talkgadget.google.com
2014-02-13 12:30:41,drive.google.com
2014-02-13 12:30:50,mail.google.com
2014-02-13 12:30:50,plus.google.com
2014-02-13 12:31:17,talkgadget.google.com
2014-02-13 12:32:11,ieonline.microsoft.com
2014-02-13 12:32:13,clients6.google.com
2014-02-13 12:32:24,mail.google.com
2014-02-13 12:32:32,talkgadget.google.com
2014-02-13 12:34:25,apis.google.com
2014-02-13 12:34:26,clients6.google.com
2014-02-13 12:34:50,drive.google.com
2014-02-13 12:34:51,drive.google.com
2014-02-13 12:34:57,talkgadget.google.com
2014-02-13 12:34:58,plus.google.com
2014-02-13 12:34:58,mail.google.com
2014-02-13 12:34:58,clients6.google.com
2014-02-13 12:34:58,talkgadget.google.com
2014-02-13 12:35:04,www.hotmail.com
2014-02-13 12:35:16,login.live.com
2014-02-13 12:35:23,login.live.com
2014-02-13 12:35:43,login.live.com
2014-02-13 12:35:49,mail.live.com
2014-02-13 12:35:54,dub110.mail.live.com
2014-02-13 12:35:55,dub110.mail.live.com
2014-02-13 12:35:59,windowslive.tt.omtrdc.net
2014-02-13 12:35:59,cid-c250e4556a1a15b5.users.storage.live.com
2014-02-13 12:35:59,people.directory.live.com
2014-02-13 12:36:00,js.live.net
2014-02-13 12:36:00,windowslive.tt.omtrdc.net
2014-02-13 12:36:00,secure.shared.live.com
2014-02-13 12:36:01,secure.shared.live.com
2014-02-13 12:36:01,dub110.mail.live.com
2014-02-13 12:36:05,api.skype.com
2014-02-13 12:36:06,h.live.com
2014-02-13 12:36:06,go.trouter.io
2014-02-13 12:36:06,storage.live.com
2014-02-13 12:36:10,login.live.com
2014-02-13 12:36:11,blufiles.storage.msn.com
2014-02-13 12:36:11,people.directory.live.com
2014-02-13 12:36:11,h.live.com
2014-02-13 12:36:12,h.live.com
2014-02-13 12:36:23,api.skype.com
2014-02-13 12:36:24,secure.shared.live.com
2014-02-13 12:37:32,h.live.com
2014-02-13 12:37:32,dub110.mail.live.com
2014-02-13 12:37:52,prod.registrar.skype.com
2014-02-13 12:37:52,p.sfx.ms
2014-02-13 12:37:52,dub110.mail.live.com
2014-02-13 12:37:52,h.live.com
2014-02-13 12:37:55,blufiles.storage.msn.com
2014-02-13 12:37:55,byfiles.storage.msn.com
2014-02-13 12:37:56,byfiles.storage.msn.com
2014-02-13 12:37:56,blufiles.storage.msn.com
2014-02-13 12:37:57,byfiles.storage.msn.com
2014-02-13 12:38:09,byfiles.storage.msn.com
2014-02-13 12:38:09,dm2304files.storage.live.com
2014-02-13 12:38:09,bn1301files.storage.live.com
2014-02-13 12:38:09,blufiles.storage.msn.com
2014-02-13 12:38:09,dub110.mail.live.com
2014-02-13 12:38:10,blufiles.storage.msn.com
2014-02-13 12:38:14,byfiles.storage.msn.com
2014-02-13 12:38:15,byfiles.storage.msn.com
2014-02-13 12:38:20,bn1files.storage.msn.com
2014-02-13 12:38:20,byfiles.storage.msn.com
2014-02-13 12:38:20,sn2files.storage.msn.com
2014-02-13 12:38:20,dm2303files.storage.live.com
2014-02-13 12:38:20,bn1files.storage.live.com
2014-02-13 12:38:20,dm2304files.storage.live.com
2014-02-13 12:38:21,blufiles.storage.msn.com
2014-02-13 12:38:21,byfiles.storage.msn.com
2014-02-13 12:38:22,byfiles.storage.msn.com
2014-02-13 12:38:23,byfiles.storage.msn.com
2014-02-13 12:38:32,byfiles.storage.msn.com
2014-02-13 12:39:22,byfiles.storage.msn.com
2014-02-13 12:39:22,bn1301files.storage.live.com
2014-02-13 12:39:23,dm2303files.storage.live.com
2014-02-13 12:39:23,bn1files.storage.live.com
2014-02-13 12:39:24,byfiles.storage.msn.com
2014-02-13 12:39:26,bn1302files.storage.live.com
2014-02-13 12:39:28,blufiles.storage.msn.com
2014-02-13 12:39:28,dm1files.storage.live.com
2014-02-13 12:39:30,dm1files.storage.live.com
2014-02-13 12:39:51,dub110.mail.live.com
2014-02-13 12:40:40,dub110.mail.live.com
2014-02-13 12:40:40,cid-c250e4556a1a15b5.users.storage.live.com
2014-02-13 12:40:40,h.live.com
2014-02-13 12:40:44,dub110.mail.live.com
2014-02-13 12:40:45,login.live.com
2014-02-13 12:40:47,go.trouter.io
2014-02-13 12:40:47,login.live.com
2014-02-13 12:40:49,dub110.mail.live.com
2014-02-13 12:40:49,g.live.com
2014-02-13 12:40:51,dub110.mail.live.com
2014-02-13 12:40:51,h.live.com
2014-02-13 12:40:52,login.skype.com
2014-02-13 12:40:53,windowslive.tt.omtrdc.net
2014-03-21 13:48:38,gtglobal-ocsp.geotrust.com
2014-03-21 13:48:38,www.google.com
2014-03-21 13:48:38,www.google.fr
2014-03-21 13:48:38,clients1.google.com
2014-03-21 13:48:39,clients1.google.com
2014-03-21 13:48:46,ocsp.usertrust.com
2014-03-21 13:48:46,www.google.fr
2014-03-21 13:48:46,ocsp.tcs.terena.org
2014-03-21 13:48:46,clients1.google.com
2014-03-21 13:49:21,gtssl-ocsp.geotrust.com
2014-03-21 13:50:19,ocsp.verisign.com
2014-03-21 13:50:27,www.google.com
2014-03-21 13:50:27,apis.google.com
2014-03-21 13:50:27,www.google.fr
2014-03-21 14:03:00,armmf.adobe.com
2014-03-21 14:03:02,armmf.adobe.com
2014-03-21 14:03:44,armmf.adobe.com
2014-03-21 14:03:46,armmf.adobe.com
2014-03-21 14:07:11,javadl-esd-secure.oracle.com
2014-03-21 15:25:16,ocsp.verisign.com
2014-03-21 15:25:20,gtssl-ocsp.geotrust.com
2014-03-21 15:25:20,ocsp.thawte.com
2014-03-21 15:25:21,gtglobal-ocsp.geotrust.com
2014-03-21 15:25:21,clients1.google.com
2014-03-21 15:25:21,gtssl-ocsp.geotrust.com
2014-03-21 15:25:26,www.google.fr
2014-03-21 15:25:26,www.google.com
2014-03-21 15:25:27,geo.mozilla.org
2014-03-21 15:25:28,clients1.google.com
2014-03-21 15:25:38,clients1.google.com
2014-03-21 15:26:07,www.google.fr
2014-03-21 15:26:08,cdn01.smartling.com
2014-03-21 15:26:08,www.slideshare.net
2014-03-21 15:26:08,www.linkedin.com
2014-03-21 15:26:10,www.linkedin.com
2014-03-21 15:26:11,s-static.ak.facebook.com
2014-03-21 15:26:11,static.ak.facebook.com
2014-03-21 15:26:11,www.facebook.com
2014-03-21 15:26:11,apis.google.com
2014-03-21 15:26:11,platform.twitter.com
2014-03-21 15:26:11,platform.linkedin.com
2014-03-21 15:26:11,connect.facebook.net
2014-03-21 15:26:12,platform.linkedin.com
2014-03-21 15:26:12,www.facebook.com
2014-03-21 15:26:12,ocsp.digicert.com
2014-03-21 15:26:12,www.linkedin.com
2014-03-21 15:26:13,clients1.google.com
2014-03-21 15:26:13,ocsp.digicert.com
2014-03-21 15:26:27,gtssl-ocsp.geotrust.com
2014-03-21 15:26:39,www.linkedin.com
2014-03-21 15:26:57,www.linkedin.com
2014-03-21 15:27:18,ocsp.digicert.com
2014-03-21 15:27:54,www.linkedin.com
2014-03-21 15:28:07,www.linkedin.com
2014-03-21 15:28:07,platform.twitter.com
2014-03-21 15:28:11,www.linkedin.com
2014-03-21 15:28:17,sb-ssl.google.com
2014-03-21 15:28:20,www.linkedin.com
2014-03-21 15:28:23,www.google.com
2014-03-21 15:28:40,www.linkedin.com
2014-03-21 15:28:45,ocsp.thawte.com
2014-03-21 15:28:47,safebrowsing.clients.google.com
2014-03-21 15:28:47,safebrowsing-cache.google.com
2014-03-21 15:28:49,safebrowsing-cache.google.com
2014-03-21 15:28:50,www.linkedin.com
2014-03-21 15:28:50,www.google.fr
2014-03-21 15:28:51,safebrowsing-cache.google.com
2014-03-21 15:28:53,safebrowsing-cache.google.com
2014-03-21 15:28:57,safebrowsing-cache.google.com
2014-03-21 15:29:05,safebrowsing-cache.google.com
2014-03-21 15:29:07,apis.google.com
2014-03-21 15:29:11,safebrowsing-cache.google.com
2014-03-21 15:29:12,safebrowsing-cache.google.com
2014-03-21 15:29:12,clients1.google.com
2014-03-21 15:29:12,www.google.com
2014-03-21 15:30:03,www.linkedin.com
2014-03-21 15:30:52,www.linkedin.com
2014-03-21 15:34:27,www.google.com
2014-03-21 15:34:27,apis.google.com
2014-03-21 15:34:28,www.google.fr
2014-03-21 15:59:44,safebrowsing-cache.google.com
2014-03-21 15:59:44,safebrowsing.clients.google.com
2014-03-21 15:59:45,safebrowsing-cache.google.com
2014-03-21 16:30:22,safebrowsing.clients.google.com
2014-03-21 16:30:22,safebrowsing-cache.google.com
2014-03-21 16:30:23,safebrowsing-cache.google.com
2014-03-21 16:38:28,javadl-esd-secure.oracle.com
2014-03-21 16:38:40,dl.javafx.com
2014-03-21 16:39:28,login.live.com
2014-03-21 16:39:28,www.hotmail.com
2014-03-21 16:39:28,evsecure-ocsp.verisign.com
2014-03-21 16:39:29,evintl-ocsp.verisign.com
2014-03-21 16:39:30,login.live.com
2014-03-21 16:39:30,ocsp.digicert.com
2014-03-21 16:39:30,ocsp.entrust.net
2014-03-21 16:39:31,ocsp.digicert.com
2014-03-21 16:39:37,login.live.com
2014-03-21 16:39:42,windowslive.tt.omtrdc.net
2014-03-21 16:39:44,login.live.com
2014-03-21 16:39:48,mail.google.com
2014-03-21 16:39:48,www.gmail.com
2014-03-21 16:39:48,gtglobal-ocsp.geotrust.com
2014-03-21 16:39:48,clients1.google.com
2014-03-21 16:39:49,clients1.google.com
2014-03-21 16:39:50,clients1.google.com
2014-03-21 16:39:51,clients1.google.com
2014-03-21 16:40:46,account.live.com
2014-03-21 16:40:48,c.live.com
2014-03-21 16:42:10,www.google.fr
2014-03-21 16:42:35,mail.google.com
2014-03-21 16:42:35,talkgadget.google.com
2014-03-21 16:42:35,clients2.google.com
2014-03-21 16:42:35,plus.google.com
2014-03-21 16:42:35,accounts.google.fr
2014-03-21 16:42:35,accounts.google.com
2014-03-21 16:42:35,clients6.google.com
2014-03-21 16:42:35,drive.google.com
2014-03-21 16:42:35,www.google.com
2014-03-21 16:42:35,gm1.ggpht.com
2014-03-21 16:42:35,apis.google.com
2014-03-21 16:42:35,accounts.youtube.com
2014-03-28 13:41:05,armmf.adobe.com
2014-03-28 13:41:07,armmf.adobe.com
2014-03-28 13:41:50,armmf.adobe.com
2014-03-28 13:41:52,armmf.adobe.com
2014-03-28 13:45:10,javadl-esd-secure.oracle.com
2014-03-28 14:18:16,javadl-esd-secure.oracle.com
2014-03-28 14:18:28,dl.javafx.com
2014-03-28 14:18:37,ocsp.thawte.com
2014-03-28 14:18:38,gtssl-ocsp.geotrust.com
2014-03-28 14:18:47,www.google.com
2014-03-28 14:18:48,www.google.fr
2014-03-28 14:18:48,clients1.google.com
2014-03-28 14:18:48,gtglobal-ocsp.geotrust.com
2014-03-28 14:18:49,clients1.google.com
2014-03-28 14:18:53,www.hotmail.com
2014-03-28 14:18:54,login.live.com
2014-03-28 14:18:54,evintl-ocsp.verisign.com
2014-03-28 14:18:54,evsecure-ocsp.verisign.com
2014-03-28 14:18:56,ocsp.digicert.com
2014-03-28 14:18:56,login.live.com
2014-03-28 14:19:06,login.live.com
2014-03-28 14:19:09,windowslive.tt.omtrdc.net
2014-03-28 14:19:15,clients1.google.com
2014-03-28 14:19:15,mail.google.com
2014-03-28 14:19:15,www.gmail.com
2014-03-28 14:19:16,clients1.google.com
2014-03-28 14:19:38,gtssl-ocsp.geotrust.com
2014-03-28 14:19:47,c.live.com
2014-03-28 14:19:47,www.google.com
2014-03-28 14:19:47,account.live.com
2014-03-28 14:19:47,accounts.google.com
2014-03-28 14:19:47,accounts.youtube.com
2014-03-28 14:19:47,mail.google.com
2014-03-28 14:19:47,accounts.google.fr
2014-03-28 14:19:47,clients2.google.com
2014-03-28 14:19:47,plus.google.com
2014-03-28 14:19:47,drive.google.com
2014-03-28 14:19:47,www.google.fr
2014-03-28 14:19:47,talkgadget.google.com
2014-03-28 14:19:47,gm1.ggpht.com
2014-03-28 14:19:47,clients6.google.com
2014-03-28 14:19:47,apis.google.com
2014-03-28 14:21:31,ocsp.thawte.com
2014-03-28 14:21:34,www.google.com
2014-03-28 14:21:35,www.google.fr
2014-03-28 14:21:35,clients1.google.com
2014-03-28 14:21:35,gtglobal-ocsp.geotrust.com
2014-03-28 14:21:46,clients1.google.com
2014-03-28 14:22:07,mail.google.com
2014-03-28 14:22:07,clients1.google.com
2014-03-28 14:22:12,clients1.google.com
2014-03-28 14:22:13,clients1.google.com
2014-03-28 14:23:29,drive.google.com
2014-03-28 14:23:29,www.google.com
2014-03-28 14:23:29,talkgadget.google.com
2014-03-28 14:23:29,mail.google.com
2014-03-28 14:23:29,accounts.google.com
2014-03-28 14:23:29,www.google.fr
2014-03-28 14:23:29,plus.google.com
2014-03-28 14:23:29,clients2.google.com
2014-03-28 14:23:29,apis.google.com
2014-03-28 14:23:29,clients6.google.com
2014-04-14 16:32:40,armmf.adobe.com
2014-04-14 16:32:42,armmf.adobe.com
2014-04-14 16:33:25,armmf.adobe.com
2014-04-14 16:33:27,armmf.adobe.com
2014-04-14 16:36:43,javadl-esd-secure.oracle.com
2014-04-14 17:25:31,ocsp.thawte.com
2014-04-14 17:25:31,gtssl-ocsp.geotrust.com
2014-04-14 17:25:37,ocsp.tcs.terena.org
2014-04-14 17:25:37,ocsp.usertrust.com
2014-04-14 17:25:37,gtglobal-ocsp.geotrust.com
2014-04-14 17:25:37,clients1.google.com
2014-04-14 17:25:40,clients1.google.com
2014-04-14 17:26:34,gtssl-ocsp.geotrust.com
2014-04-14 17:27:55,safebrowsing-cache.google.com
2014-04-14 17:27:55,safebrowsing.clients.google.com
2014-04-14 17:31:30,ocsp.digicert.com
2014-04-14 17:33:30,ocsp.verisign.com
