timestamp,site
2014-01-31 08:19:34,fpdownload2.macromedia.com
2014-01-31 08:19:56,ieonline.microsoft.com
2014-01-31 08:22:39,javadl-esd.sun.com
2014-01-31 08:27:39,www.bing.com
2014-01-31 08:27:40,www.bing.com
2014-01-31 08:27:40,cms.abmr.net
2014-01-31 08:27:41,www.bing.com
2014-01-31 08:27:42,www.bing.com
2014-01-31 08:28:04,login.live.com
2014-01-31 08:36:20,office14client.microsoft.com
2014-01-31 08:36:20,office.microsoft.com
2014-01-31 08:36:21,office.microsoft.com
2014-01-31 08:51:54,www.google.fr
2014-01-31 08:52:19,www.google.fr
2014-01-31 08:52:21,apis.google.com
2014-01-31 08:52:23,www.google.com
2014-01-31 08:52:42,www.google.com
2014-01-31 08:52:42,apis.google.com
2014-01-31 08:52:42,www.google.fr
2014-01-31 08:52:43,www.carnutes.com
2014-01-31 08:52:43,www.google.fr
2014-01-31 08:53:23,www.google.fr
2014-01-31 08:53:23,reliance9.free.fr
2014-01-31 08:53:24,reliance9.free.fr
2014-01-31 08:53:25,reliance9.free.fr
2014-01-31 08:54:13,www.google.fr
2014-01-31 08:54:13,www.arbre-celtique.com
2014-01-31 08:54:14,www.google.com
2014-01-31 08:54:14,www.arbre-celtique.com
2014-01-31 09:04:50,www.google.fr
2014-01-31 09:05:15,www.google.fr
2014-01-31 09:05:16,apis.google.com
2014-01-31 09:05:18,www.google.com
2014-01-31 09:05:38,login.wikimedia.org
2014-01-31 09:05:38,apis.google.com
2014-01-31 09:05:38,fr.wikipedia.org
2014-01-31 09:05:38,bits.wikimedia.org
2014-01-31 09:05:38,www.google.com
2014-01-31 09:05:38,www.google.fr
2014-01-31 09:05:39,meta.wikimedia.org
2014-01-31 09:05:39,bits.wikimedia.org
2014-01-31 09:05:39,fr.wikipedia.org
2014-01-31 09:06:11,www.google.fr
2014-01-31 09:06:12,hiram3330.unblog.fr
2014-01-31 09:07:33,www.google.fr
2014-01-31 09:07:33,www.bretagne-celtic.com
2014-01-31 09:07:54,www.bretagne-celtic.com
2014-01-31 09:07:54,www.google.fr
2014-01-31 09:08:18,ecx.images-amazon.com
2014-01-31 09:08:18,www.google.fr
2014-01-31 09:08:18,z-ecx.images-amazon.com
2014-01-31 09:08:19,g-ecx.images-amazon.com
2014-01-31 09:08:19,z-ecx.images-amazon.com
2014-01-31 09:08:19,ecx.images-amazon.com
2014-01-31 09:08:19,www.amazon.fr
2014-01-31 09:08:20,www.amazon.fr
2014-01-31 09:08:20,g-ecx.images-amazon.com
2014-01-31 09:08:20,z-ecx.images-amazon.com
2014-01-31 09:08:23,www.google.fr
2014-01-31 09:08:23,www.druides.org
2014-01-31 09:08:29,www.druides.org
2014-01-31 09:08:30,www.druides.org
2014-01-31 09:09:11,www.google.fr
2014-01-31 09:09:12,calendrier.celtique.free.fr
2014-01-31 09:09:12,www.google.fr
2014-01-31 09:09:34,www.google.fr
2014-01-31 09:09:35,bcs.fltr.ucl.ac.be
2014-01-31 09:10:13,www.google.fr
2014-01-31 09:10:13,jeanjaures.over-blog.fr
2014-01-31 09:10:13,fdata.over-blog.net
2014-01-31 09:10:13,yui.yahooapis.com
2014-01-31 09:10:14,fdata.over-blog.net
2014-01-31 09:10:14,apis.google.com
2014-01-31 09:10:14,www.facebook.com
2014-01-31 09:10:14,platform.twitter.com
2014-01-31 09:10:14,connect.facebook.net
2014-01-31 09:10:14,www.audienceinsights.net
2014-01-31 09:10:14,www.anonymousdmp.com
2014-01-31 09:10:15,s-static.ak.facebook.com
2014-01-31 09:10:15,apis.google.com
2014-01-31 09:10:15,www.facebook.com
2014-01-31 09:10:15,jeanjaures.over-blog.fr
2014-01-31 09:10:15,static.ak.facebook.com
2014-01-31 09:10:25,accounts.google.com
2014-01-31 09:10:33,twitter.com
2014-01-31 09:10:51,www.google.fr
2014-01-31 09:10:51,accounts.google.com
2014-01-31 09:10:51,www.bretagne-celtic.com
2014-01-31 09:10:57,www.bretagne-celtic.com
2014-01-31 09:13:10,www.cndp.fr
2014-01-31 09:13:10,www.google.fr
2014-01-31 09:13:11,www.cndp.fr
2014-01-31 09:13:12,www.cndp.fr
2014-01-31 09:13:12,piwik.cndp.fr
2014-01-31 09:13:13,www.cndp.fr
2014-01-31 09:13:36,www.histoiredumonde.net
2014-01-31 09:13:36,www.google.fr
2014-01-31 09:13:37,s-static.ak.facebook.com
2014-01-31 09:13:37,static.ak.facebook.com
2014-01-31 09:13:37,www.histoiredumonde.net
2014-01-31 09:13:38,apis.google.com
2014-01-31 09:13:38,www.histoiredumonde.net
2014-01-31 09:13:39,accounts.google.com
2014-01-31 09:13:39,www.facebook.com
2014-01-31 09:13:46,www.histoiredumonde.net
2014-01-31 09:13:48,s-static.ak.facebook.com
2014-01-31 09:13:48,static.ak.facebook.com
2014-01-31 09:13:49,www.facebook.com
2014-01-31 09:13:49,apis.google.com
2014-01-31 09:13:49,choices.truste.com
2014-01-31 09:14:14,www.google.fr
2014-01-31 09:14:14,fr.wikipedia.org
2014-01-31 09:14:14,bits.wikimedia.org
2014-01-31 09:14:15,meta.wikimedia.org
2014-01-31 09:14:15,fr.wikipedia.org
2014-01-31 09:15:42,reliance9.free.fr
2014-01-31 09:15:42,www.google.fr
2014-01-31 09:15:43,reliance9.free.fr
2014-01-31 09:16:25,www.google.fr
2014-01-31 09:16:26,fr.wikipedia.org
2014-01-31 09:16:26,bits.wikimedia.org
2014-01-31 09:16:26,meta.wikimedia.org
2014-01-31 09:16:26,www.google.fr
2014-01-31 09:17:19,www.google.fr
2014-01-31 09:17:20,www.carnutes.com
2014-01-31 09:17:32,www.google.fr
2014-01-31 09:17:33,www.google.fr
2014-01-31 09:17:33,www.arbre-celtique.com
2014-01-31 09:18:36,www.google.fr
2014-01-31 09:18:37,www.google.fr
2014-01-31 09:18:37,www.histoire-antique.fr
2014-01-31 09:18:38,www.histoire-antique.fr
2014-01-31 09:18:38,www.faton.fr
2014-01-31 09:19:17,www.google.fr
2014-01-31 09:19:20,swfobject.googlecode.com
2014-01-31 09:19:20,www.google.fr
2014-01-31 09:19:21,rp.gwallet.com
2014-01-31 09:19:21,c1.adform.net
2014-01-31 09:19:22,rbx-cdn-tpn.c4tw.net
2014-01-31 09:19:22,wtpn.twenga.fr
2014-01-31 09:19:23,www.facebook.com
2014-01-31 09:19:23,i10.twenga.com
2014-01-31 09:19:24,s0r.c4tw.net
2014-01-31 09:19:24,dnn506yrbagrg.cloudfront.net
2014-01-31 09:19:51,www.google.fr
2014-01-31 09:19:51,parleferetparleverbe.free.fr
2014-01-31 09:19:52,parleferetparleverbe.free.fr
2014-01-31 09:21:55,www.google.fr
2014-01-31 09:21:56,meta.wikimedia.org
2014-01-31 09:21:56,fr.wikipedia.org
2014-01-31 09:21:56,www.google.fr
2014-01-31 09:21:56,bits.wikimedia.org
2014-01-31 09:22:27,www.google.fr
2014-01-31 09:22:28,www.histoiredumonde.net
2014-01-31 09:22:31,www.google.fr
2014-01-31 09:22:32,s-static.ak.facebook.com
2014-01-31 09:22:32,static.ak.facebook.com
2014-01-31 09:22:34,apis.google.com
2014-01-31 09:22:34,www.facebook.com
2014-01-31 09:22:35,hal9000.redintelligence.net
2014-01-31 09:23:07,www.google.fr
2014-01-31 09:23:07,fr.wikipedia.org
2014-01-31 09:23:07,bits.wikimedia.org
2014-01-31 09:23:08,meta.wikimedia.org
2014-01-31 09:23:08,bits.wikimedia.org
2014-01-31 09:23:08,fr.wikipedia.org
2014-01-31 09:23:22,www.google.fr
2014-01-31 09:23:23,meta.wikimedia.org
2014-01-31 09:23:23,www.google.fr
2014-01-31 09:23:23,fr.wiktionary.org
2014-01-31 09:23:23,bits.wikimedia.org
2014-01-31 09:23:23,login.wikimedia.org
2014-01-31 09:23:38,www.google.fr
2014-01-31 09:23:39,www.google.fr
2014-01-31 09:23:39,www.arbre-celtique.com
2014-01-31 09:23:45,www.arbre-celtique.com
2014-01-31 09:23:55,www.arbre-celtique.com
2014-01-31 09:24:05,www.arbre-celtique.com
2014-01-31 09:24:06,www.arbre-celtique.com
2014-01-31 09:25:30,www.google.fr
2014-01-31 09:25:31,www.google.fr
2014-01-31 09:26:48,www.google.fr
2014-01-31 09:26:59,www.google.fr
2014-01-31 09:27:01,w.sharethis.com
2014-01-31 09:27:01,mythologica.fr
2014-01-31 09:27:01,www.google.fr
2014-01-31 09:27:02,mythologica.fr
2014-01-31 09:27:03,mythologica.fr
2014-01-31 09:27:04,mythologica.fr
2014-01-31 09:27:04,rcm-fr.amazon.fr
2014-01-31 09:27:05,mythologica.fr
2014-01-31 09:27:06,hal9000.redintelligence.net
2014-01-31 09:27:06,mythologica.fr
2014-01-31 09:27:06,ecx.images-amazon.com
2014-01-31 09:27:07,w.sharethis.com
2014-01-31 09:27:07,n19.hal9000.redintelligence.net
2014-01-31 09:27:07,edge.sharethis.com
2014-01-31 09:27:08,ea.numericable.fr
2014-01-31 09:27:08,ad.publicidees.com
2014-01-31 09:27:08,choices.truste.com
2014-01-31 09:27:08,w.sharethis.com
2014-01-31 09:27:11,choices.truste.com
2014-01-31 09:27:12,choices.truste.com
2014-01-31 09:27:19,wd.sharethis.com
2014-01-31 09:27:30,mythologica.fr
2014-01-31 09:27:36,www.google.fr
2014-01-31 09:27:37,apis.google.com
2014-01-31 09:27:39,www.google.com
2014-01-31 09:27:48,apis.google.com
2014-01-31 09:27:48,www.google.fr
2014-01-31 09:27:49,www.google.fr
2014-01-31 09:27:49,encyclopedie.arbre-celtique.com
2014-01-31 09:27:49,www.arbre-celtique.com
2014-01-31 09:27:49,www.google.com
2014-01-31 09:27:50,encyclopedie.arbre-celtique.com
2014-01-31 09:27:59,www.google.fr
2014-01-31 09:27:59,www.arbre-celtique.com
2014-01-31 09:28:35,mythologica.fr
2014-01-31 09:28:35,rcm-fr.amazon.fr
2014-01-31 09:28:36,ecx.images-amazon.com
2014-01-31 09:29:52,www.google.fr
2014-01-31 09:29:53,meta.wikimedia.org
2014-01-31 09:29:53,fr.wikipedia.org
2014-01-31 09:29:53,bits.wikimedia.org
2014-01-31 09:29:53,www.google.fr
2014-01-31 09:30:01,www.google.fr
2014-01-31 09:30:03,www.google.fr
2014-01-31 09:30:03,ajax.googleapis.com
2014-01-31 09:30:03,www.druidisme.fr
2014-01-31 09:30:04,www.druidisme.fr
2014-01-31 09:30:05,www.druidisme.fr
2014-01-31 09:30:06,www.druidisme.fr
2014-01-31 09:30:07,www.druidisme.fr
2014-01-31 09:30:07,ajax.googleapis.com
2014-01-31 09:30:08,www.druidisme.fr
2014-01-31 09:30:08,static.ak.facebook.com
2014-01-31 09:30:09,www.druidisme.fr
2014-01-31 09:30:09,s-static.ak.facebook.com
2014-01-31 09:30:10,www.druidisme.fr
2014-01-31 09:30:10,lune.esopole.com
2014-01-31 09:30:11,www.druidisme.fr
2014-01-31 09:30:11,www.facebook.com
2014-01-31 09:30:12,www.facebook.com
2014-01-31 09:30:12,www.druidisme.fr
2014-01-31 09:30:13,www.druidisme.fr
2014-01-31 09:30:13,www.facebook.com
2014-01-31 09:30:14,www.facebook.com
2014-01-31 09:30:15,www.facebook.com
2014-01-31 09:30:16,www.facebook.com
2014-01-31 09:30:17,www.facebook.com
2014-01-31 09:30:18,www.facebook.com
2014-01-31 09:30:19,www.facebook.com
2014-01-31 09:30:20,www.druidisme.fr
2014-01-31 09:30:36,www.google.fr
2014-01-31 09:30:37,fr.wikipedia.org
2014-01-31 09:30:37,meta.wikimedia.org
2014-01-31 09:30:37,bits.wikimedia.org
2014-01-31 09:30:38,meta.wikimedia.org
2014-01-31 09:30:38,fr.wikipedia.org
2014-01-31 09:32:03,www.google.fr
2014-01-31 09:32:27,www.google.fr
2014-01-31 09:32:48,www.google.fr
2014-01-31 09:32:49,www.google.fr
2014-01-31 09:32:49,fr.wikipedia.org
2014-01-31 09:32:49,bits.wikimedia.org
2014-01-31 09:32:50,meta.wikimedia.org
2014-01-31 09:32:50,fr.wikipedia.org
2014-01-31 09:33:09,www.google.fr
2014-01-31 09:33:10,bits.wikimedia.org
2014-01-31 09:33:10,fr.wikipedia.org
2014-01-31 09:33:10,meta.wikimedia.org
2014-01-31 09:33:10,www.google.fr
2014-01-31 09:33:59,www.google.fr
2014-01-31 09:34:00,fr.wikipedia.org
2014-01-31 09:34:00,meta.wikimedia.org
2014-01-31 09:34:01,meta.wikimedia.org
2014-01-31 09:34:01,fr.wikipedia.org
2014-01-31 09:37:55,www.google.fr
2014-01-31 09:42:50,www.google.fr
2014-01-31 09:42:51,www.google.fr
2014-01-31 09:42:51,www.naturophenologie.net
2014-01-31 09:45:17,www.google.fr
2014-01-31 09:46:41,www.google.fr
2014-01-31 09:48:09,www.google.fr
2014-01-31 09:48:11,www.google.fr
2014-01-31 09:48:12,www.druide.com
2014-01-31 09:48:39,www.google.fr
2014-01-31 09:48:40,www.dinosoria.com
2014-01-31 09:48:40,www.google.fr
2014-01-31 09:48:44,www.dinosoria.com
2014-01-31 09:48:44,www.adobe.com
2014-01-31 09:48:44,wwwimages.adobe.com
2014-01-31 09:49:00,www.google.fr
2014-01-31 09:49:02,www.google.fr
2014-01-31 09:49:02,img.over-blog.com
2014-01-31 09:49:02,fdata.over-blog.net
2014-01-31 09:49:02,www.e-stoire.net
2014-01-31 09:49:02,idata.over-blog.com
2014-01-31 09:49:02,www.youtube.com
2014-01-31 09:49:03,idata.over-blog.com
2014-01-31 09:49:03,a404.idata.over-blog.com
2014-01-31 09:49:03,a407.idata.over-blog.com
2014-01-31 09:49:03,www.facebook.com
2014-01-31 09:49:03,fdata.over-blog.net
2014-01-31 09:49:03,www.audienceinsights.net
2014-01-31 09:49:03,connect.facebook.net
2014-01-31 09:49:04,platform.twitter.com
2014-01-31 09:49:04,fdata.over-blog.net
2014-01-31 09:49:04,platform.linkedin.com
2014-01-31 09:49:04,www.e-stoire.net
2014-01-31 09:49:04,apis.google.com
2014-01-31 09:49:05,static.ak.facebook.com
2014-01-31 09:49:06,s-static.ak.facebook.com
2014-01-31 09:49:08,platform.linkedin.com
2014-01-31 09:49:11,www.linkedin.com
2014-01-31 09:49:12,apis.google.com
2014-01-31 09:49:12,accounts.google.com
2014-01-31 09:49:13,www.facebook.com
2014-01-31 09:49:27,twitter.com
2014-01-31 09:49:29,youtube.googleapis.com
2014-01-31 09:49:29,www.linkedin.com
2014-01-31 09:49:47,twitter.com
2014-01-31 09:49:47,www.google.fr
2014-01-31 09:49:48,www.google.fr
2014-01-31 09:49:48,fr.wikipedia.org
2014-01-31 09:49:48,bits.wikimedia.org
2014-01-31 09:49:49,fr.wikipedia.org
2014-01-31 09:49:49,meta.wikimedia.org
2014-01-31 09:49:49,bits.wikimedia.org
2014-01-31 09:50:37,www.google.fr
2014-01-31 09:50:38,www.google.fr
2014-01-31 09:50:38,bits.wikimedia.org
2014-01-31 09:50:38,fr.wikipedia.org
2014-01-31 09:50:39,fr.wikipedia.org
2014-01-31 09:50:39,meta.wikimedia.org
2014-01-31 09:54:51,www.google.fr
2014-01-31 09:55:51,www.google.fr
2014-02-14 08:07:16,javadl-esd.sun.com
2014-02-14 08:07:17,javadl-esd.sun.com
2014-02-14 08:14:15,office14client.microsoft.com
2014-02-14 08:14:15,office.microsoft.com
2014-02-14 08:14:16,office.microsoft.com
2014-02-14 08:15:54,www.google.fr
2014-02-14 08:16:20,www.google.fr
2014-02-14 08:16:21,apis.google.com
2014-02-14 08:16:23,www.google.com
2014-02-14 08:16:23,ajax.googleapis.com
2014-02-14 08:20:21,apis.google.com
2014-02-14 08:20:23,www.google.com
2014-02-14 08:20:23,ajax.googleapis.com
2014-02-14 08:20:24,www.google.fr
2014-02-14 08:25:39,www.google.fr
2014-02-14 08:25:51,www.google.fr
2014-02-14 08:25:51,www.carnutes.com
2014-02-14 08:26:32,www.google.fr
2014-02-14 08:26:32,bits.wikimedia.org
2014-02-14 08:26:32,fr.wikipedia.org
2014-02-14 08:26:33,fr.wikipedia.org
2014-02-14 08:26:33,meta.wikimedia.org
2014-02-14 08:26:33,login.wikimedia.org
2014-02-14 08:26:33,bits.wikimedia.org
2014-02-14 08:27:35,fr.wikipedia.org
2014-02-14 08:27:35,www.google.fr
2014-02-14 08:27:35,bits.wikimedia.org
2014-02-14 08:27:36,meta.wikimedia.org
2014-02-14 08:27:36,fr.wikipedia.org
2014-02-14 08:29:45,www.google.fr
2014-02-14 08:59:53,www.google.fr
2014-02-14 09:00:12,clients1.google.fr
2014-02-14 09:00:12,id.google.fr
2014-02-14 09:00:15,www.google.fr
2014-02-14 09:00:15,www.commentcamarche.net
2014-02-14 09:00:15,ba.commentcamarche.net
2014-02-14 09:00:15,static.ccm2.net
2014-02-14 09:00:16,ba.commentcamarche.net
2014-02-14 09:00:16,static.ccm2.net
2014-02-14 09:00:16,www.facebook.com
2014-02-14 09:00:16,static.commentcamarche.net
2014-02-14 09:00:16,www.commentcamarche.net
2014-02-14 09:00:17,static.ccm2.net
2014-02-14 09:00:17,platform.twitter.com
2014-02-14 09:00:17,ba.commentcamarche.net
2014-02-14 09:00:18,www.facebook.com
2014-02-14 09:00:18,apis.google.com
2014-02-14 09:00:18,connect.facebook.net
2014-02-14 09:00:18,r.ccm2.net
2014-02-14 09:00:18,static.ccm2.net
2014-02-14 09:00:18,ba.commentcamarche.net
2014-02-14 09:00:18,platform.twitter.com
2014-02-14 09:00:19,ajax.googleapis.com
2014-02-14 09:00:19,apis.google.com
2014-02-14 09:00:19,s-static.ak.facebook.com
2014-02-14 09:00:19,fpdownload2.macromedia.com
2014-02-14 09:00:19,static.ccm2.net
2014-02-14 09:00:19,static.ak.facebook.com
2014-02-14 09:00:19,static.ccmbg.com
2014-02-14 09:00:19,platform.twitter.com
2014-02-14 09:00:20,apis.google.com
2014-02-14 09:00:20,static.ccm2.net
2014-02-14 09:00:20,static.ccmbg.com
2014-02-14 09:00:20,www.facebook.com
2014-02-14 09:00:22,accounts.google.com
2014-02-14 09:00:27,twitter.com
2014-02-14 09:00:28,twitter.com
2014-02-14 09:00:29,twitter.com
2014-02-14 09:00:38,accounts.google.com
2014-02-14 09:00:38,www.commentcamarche.net
2014-02-14 09:00:38,twitter.com
2014-02-14 09:00:59,twitter.com
2014-02-14 09:01:21,www.facebook.com
2014-02-14 09:01:28,www.google.fr
2014-02-14 09:01:31,ajax.googleapis.com
2014-02-14 09:01:32,www.google.fr
2014-02-14 09:01:33,s1411.t.eloqua.com
2014-02-14 09:01:34,s1411.t.eloqua.com
2014-02-14 09:01:39,www.google.fr
2014-02-14 09:01:40,www.google.fr
2014-02-14 09:01:41,clients1.google.fr
2014-02-14 09:01:42,clients1.google.fr
2014-02-14 09:01:54,www.google.fr
2014-02-14 09:05:59,www.google.fr
2014-02-28 07:57:53,www.google.fr
2014-02-28 07:57:57,www.google.fr
2014-02-28 07:58:19,www.google.fr
2014-02-28 07:58:20,apis.google.com
2014-02-28 07:58:22,www.google.com
2014-02-28 07:59:23,www.google.com
2014-02-28 07:59:23,apis.google.com
2014-02-28 07:59:23,www.google.fr
2014-02-28 07:59:42,www.google.fr
2014-02-28 07:59:50,www.google.fr
2014-02-28 08:01:51,pis.foxitsoftware.com
2014-02-28 08:01:51,ad.foxitsoftware.com
2014-02-28 08:02:31,javadl-esd.sun.com
2014-02-28 08:02:32,javadl-esd.sun.com
2014-02-28 08:29:40,www.google.fr
2014-02-28 08:30:05,www.google.fr
2014-02-28 08:30:06,apis.google.com
2014-02-28 08:30:08,www.google.com
2014-02-28 08:30:53,apis.google.com
2014-02-28 08:30:53,www.google.com
2014-02-28 08:30:53,www.google.fr
2014-02-28 08:30:54,www.google.fr
2014-02-28 08:30:55,connect.facebook.net
2014-02-28 08:30:55,www.google.fr
2014-02-28 08:30:55,s-static.ak.facebook.com
2014-02-28 08:30:55,banniere.reussissonsensemble.fr
2014-02-28 08:30:55,static.ak.facebook.com
2014-02-28 08:30:56,lcp.trwv.net
2014-02-28 08:30:56,www.facebook.com
2014-02-28 08:30:57,images.website.ws
2014-02-28 08:31:01,www.facebook.com
2014-02-28 08:31:09,admin.centerblog.net
2014-02-28 08:31:09,c2.ad6media.fr
2014-02-28 08:31:09,odeurdelaterre.centerblog.net
2014-02-28 08:31:09,www.google.fr
2014-02-28 08:31:10,style2.ad6.fr
2014-02-28 08:31:10,odeurdelaterre.centerblog.net
2014-02-28 08:31:10,t8uiwpxk6j.s.ad6media.fr
2014-02-28 08:31:10,7pgom5c1ao.s.ad6media.fr
2014-02-28 08:31:10,ww12.centerblog.net
2014-02-28 08:31:11,hjyza3n53l.s.ad6media.fr
2014-02-28 08:31:12,style2.ad6.fr
2014-02-28 08:31:12,ww12.centerblog.net
2014-02-28 08:31:12,odeurdelaterre.centerblog.net
2014-02-28 08:31:13,www.partners-finances.com
2014-02-28 08:31:13,m.ad6media.fr
2014-02-28 08:31:13,www.parfumsmoinscher.com
2014-02-28 08:31:13,t8uiwpxk6j.s.ad6media.fr
2014-02-28 08:31:13,um.simpli.fi
2014-02-28 08:31:13,www.google.com
2014-02-28 08:31:13,hjyza3n53l.s.ad6media.fr
2014-02-28 08:31:14,stda.ilius.net
2014-02-28 08:31:14,www.meetic.fr
2014-02-28 08:31:14,k.ilius.net
2014-02-28 08:31:14,www.partners-finances.com
2014-02-28 08:31:14,tracking.s.ad6media.fr
2014-02-28 08:31:14,apis.google.com
2014-02-28 08:31:14,www.brandbazar.com
2014-02-28 08:31:14,www.parfumsmoinscher.com
2014-02-28 08:31:15,www.facebook.com
2014-02-28 08:31:15,www.google.fr
2014-02-28 08:31:15,its.tradelab.fr
2014-02-28 08:31:15,www.google.com
2014-02-28 08:31:15,connect.facebook.net
2014-02-28 08:31:15,www.parfumsmoinscher.com
2014-02-28 08:31:15,www.brandbazar.com
2014-02-28 08:31:15,www.meetic.fr
2014-02-28 08:31:15,stda.ilius.net
2014-02-28 08:31:15,style2.ad6.fr
2014-02-28 08:31:15,www.partners-finances.com
2014-02-28 08:31:16,t8uiwpxk6j.s.ad6media.fr
2014-02-28 08:31:16,www.parfumsmoinscher.com
2014-02-28 08:31:16,maps.google.com
2014-02-28 08:31:17,hjyza3n53l.s.ad6media.fr
2014-02-28 08:31:17,undefined.s.ad6media.fr
2014-02-28 08:31:17,www.parfumsmoinscher.com
2014-02-28 08:31:20,tk.ilius.net
2014-02-28 08:31:36,ajax.googleapis.com
2014-02-28 08:31:54,t8uiwpxk6j.s.ad6media.fr
2014-02-28 08:31:54,style2.ad6.fr
2014-02-28 08:32:38,www.google.fr
2014-02-28 08:35:00,www.google.fr
2014-02-28 08:39:53,www.google.fr
2014-02-28 08:43:22,z-ecx.images-amazon.com
2014-02-28 08:43:22,www.google.fr
2014-02-28 08:43:23,www.amazon.fr
2014-02-28 08:43:23,z-ecx.images-amazon.com
2014-02-28 08:43:23,ecx.images-amazon.com
2014-02-28 08:43:23,g-ecx.images-amazon.com
2014-02-28 08:43:24,df9v6ngw2bw7n.cloudfront.net
2014-02-28 08:43:24,fls-eu.amazon.fr
2014-02-28 08:43:24,z-ecx.images-amazon.com
2014-02-28 08:43:24,www.amazon.fr
2014-02-28 08:43:24,g-ecx.images-amazon.com
2014-02-28 08:43:25,www.facebook.com
2014-02-28 08:43:25,df9v6ngw2bw7n.cloudfront.net
2014-02-28 08:43:25,g-ecx.images-amazon.com
2014-02-28 08:43:25,fls-eu.amazon.com
2014-02-28 08:43:25,z-ecx.images-amazon.com
2014-02-28 08:43:25,www.amazon.fr
2014-02-28 08:43:25,fls-eu.amazon.fr
2014-02-28 08:43:26,z-ecx.images-amazon.com
2014-02-28 08:43:26,g-ecx.images-amazon.com
2014-02-28 08:43:37,www.amazon.fr
2014-02-28 08:43:37,images-na.ssl-images-amazon.com
2014-02-28 08:43:37,www.google.fr
2014-02-28 08:43:39,images-na.ssl-images-amazon.com
2014-02-28 08:43:41,www.google.fr
2014-02-28 08:43:43,ajax.googleapis.com
2014-02-28 08:43:43,illiweb.com
2014-02-28 08:43:43,www.google.fr
2014-02-28 08:43:43,hitskin.com
2014-02-28 08:43:43,i40.servimg.com
2014-02-28 08:43:43,faerie.forumactif.org
2014-02-28 08:43:44,faerie.forumactif.org
2014-02-28 08:43:44,illiweb.com
2014-02-28 08:43:44,i40.servimg.com
2014-02-28 08:43:44,r14.imgfast.net
2014-02-28 08:43:45,fpdownload2.macromedia.com
2014-02-28 08:43:45,images-na.ssl-images-amazon.com
2014-02-28 08:43:45,www.facebook.com
2014-02-28 08:43:45,i41.servimg.com
2014-02-28 08:43:45,d3l3lkinz3f56t.cloudfront.net
2014-02-28 08:50:54,www.google.fr
2014-02-28 08:50:54,fr.wikipedia.org
2014-02-28 08:50:55,bits.wikimedia.org
2014-02-28 08:50:55,login.wikimedia.org
2014-02-28 08:50:55,meta.wikimedia.org
2014-02-28 08:50:55,fr.wikipedia.org
2014-02-28 08:55:53,www.google.fr
2014-02-28 09:31:25,tk.ilius.net
2014-02-28 09:38:34,www.google.fr
2014-02-28 09:38:35,www.google.fr
2014-02-28 09:38:35,bits.wikimedia.org
2014-02-28 09:38:35,fr.wikipedia.org
2014-02-28 09:38:35,meta.wikimedia.org
2014-02-28 09:39:35,www.linternaute.com
2014-02-28 09:39:35,static.ccmbg.com
2014-02-28 09:39:35,eff.linternaute.com
2014-02-28 09:39:35,www.google.fr
2014-02-28 09:39:36,www.linternaute.com
2014-02-28 09:39:36,static.ccmbg.com
2014-02-28 09:39:36,r.ccmbg.com
2014-02-28 09:39:38,eff.linternaute.com
2014-02-28 09:39:38,www.linternaute.com
2014-02-28 09:39:38,ajax.googleapis.com
2014-02-28 09:39:38,static.ccmbg.com
2014-02-28 09:39:40,www.google.com
2014-02-28 09:39:40,static.ccmbg.com
2014-02-28 09:39:40,r.ccmbg.com
2014-02-28 09:39:41,r.ccmbg.com
2014-02-28 09:40:53,www.linternaute.com
2014-02-28 09:40:53,i-cms.linternaute.com
2014-02-28 09:43:39,www.linternaute.com
2014-02-28 09:43:39,connect.facebook.net
2014-02-28 09:43:39,platform.twitter.com
2014-02-28 09:43:39,apis.google.com
2014-02-28 09:43:40,platform.twitter.com
2014-02-28 09:43:41,s-static.ak.facebook.com
2014-02-28 09:43:41,static.ak.facebook.com
2014-02-28 09:43:41,apis.google.com
2014-02-28 09:43:42,platform.twitter.com
2014-02-28 09:43:42,www.facebook.com
2014-02-28 09:43:43,platform.twitter.com
2014-02-28 09:43:43,apis.google.com
2014-02-28 09:43:44,apis.google.com
2014-02-28 09:43:44,www.linkedin.com
2014-02-28 09:43:52,accounts.google.com
2014-02-28 09:44:01,twitter.com
2014-02-28 09:44:32,twitter.com
2014-02-28 09:46:57,platform.twitter.com
2014-02-28 09:47:44,apis.google.com
2014-02-28 09:47:53,accounts.google.com
2014-02-28 09:56:04,stda.ilius.net
2014-04-04 08:40:04,go.microsoft.com
2014-04-04 08:40:04,windows.microsoft.com
2014-04-04 08:40:04,res2.windows.microsoft.com
2014-04-04 08:40:04,res1.windows.microsoft.com
2014-04-04 08:40:04,js.microsoft.com
2014-04-04 08:40:04,ajax.microsoft.com
2014-04-04 08:40:05,js.microsoft.com
2014-04-04 08:40:05,res1.windows.microsoft.com
2014-04-04 08:40:08,www.bing.com
2014-04-04 08:40:09,api.bing.com
2014-04-04 08:40:10,api.bing.com
2014-04-04 08:40:11,api.bing.com
2014-04-04 08:40:12,api.bing.com
2014-04-04 08:40:13,api.bing.com
2014-04-04 08:40:13,www.bing.com
2014-04-04 08:40:14,www.bing.com
2014-04-04 08:40:14,cms.abmr.net
2014-04-04 08:40:16,www.bing.com
2014-04-04 08:42:03,go.microsoft.com
2014-04-04 08:42:03,ieonline.microsoft.com
2014-04-04 09:00:42,api.bing.com
2014-04-04 09:00:43,api.bing.com
2014-04-04 09:00:43,www.google.fr
2014-04-04 09:00:46,www.google.fr
2014-04-04 09:00:47,www.google.com
2014-04-04 09:00:47,apis.google.com
2014-04-04 09:01:08,www.google.fr
2014-04-04 09:01:08,coursinfo.free.fr
2014-04-04 09:01:08,www.google.com
2014-04-04 09:01:08,apis.google.com
2014-04-04 09:01:10,coursinfo.free.fr
2014-04-04 09:04:35,www.commentcamarche.net
2014-04-04 09:04:35,static.ccm2.net
2014-04-04 09:04:35,static.commentcamarche.net
2014-04-04 09:04:35,ba.commentcamarche.net
2014-04-04 09:04:35,r.ccmbg.com
2014-04-04 09:04:35,platform.twitter.com
2014-04-04 09:04:35,ajax.googleapis.com
2014-04-04 09:04:35,www.google.fr
2014-04-04 09:04:36,twitter.com
2014-04-04 09:04:36,ba.commentcamarche.net
2014-04-04 09:04:36,www.facebook.com
2014-04-04 09:04:36,static.ccm2.net
2014-04-04 09:04:36,platform.twitter.com
2014-04-04 09:04:36,pixel.alephd.com
2014-04-04 09:04:37,apis.google.com
2014-04-04 09:04:37,twitter.com
2014-04-04 09:04:37,accounts.google.com
2014-04-04 09:04:38,twitter.com
2014-04-04 09:04:38,accounts.google.com
2014-04-04 09:04:38,apis.google.com
2014-04-04 09:04:39,connect.facebook.net
2014-04-04 09:04:39,ba.commentcamarche.net
2014-04-04 09:04:40,loadr.exelator.com
2014-04-04 09:04:40,static.ak.facebook.com
2014-04-04 09:04:40,s-static.ak.facebook.com
2014-04-04 09:04:41,mm.eulerian.net
2014-04-04 09:04:41,ba.commentcamarche.net
2014-04-04 09:04:41,www.facebook.com
2014-04-04 09:04:41,static.ccmbg.com
2014-04-04 09:04:41,static.ccm2.net
2014-04-04 09:04:41,platform.twitter.com
2014-04-04 09:04:41,s-static.ak.facebook.com
2014-04-04 09:04:41,www.commentcamarche.net
2014-04-04 09:04:41,pixel.alephd.com
2014-04-04 09:04:42,www.facebook.com
2014-04-04 09:04:42,pixel.alephd.com
2014-04-04 09:04:43,twitter.com
2014-04-04 09:04:44,id.impressiondesk.com
2014-04-04 09:04:47,www.commentcamarche.net
2014-04-04 09:04:48,www.facebook.com
2014-04-04 09:04:50,dps.bing.com
2014-04-04 09:04:51,pixel.alephd.com
2014-04-04 09:06:40,www.google.fr
2014-04-04 09:06:41,www.google.fr
2014-04-04 09:06:41,dsp.active-agent.com
2014-04-04 09:06:41,connect.facebook.net
2014-04-04 09:06:41,www.cbanque.com
2014-04-04 09:06:41,apis.google.com
2014-04-04 09:06:45,www.facebook.com
2014-04-04 09:06:45,www.cbanque.com
2014-04-04 09:07:43,www.facebook.com
2014-04-04 09:07:43,accounts.google.com
2014-04-04 09:07:49,www.pfi.be
2014-04-04 09:07:49,w.sharethis.com
2014-04-04 09:07:49,www.google.fr
2014-04-04 09:07:50,www.pfi.be
2014-04-04 09:07:50,www.google.fr
2014-04-04 09:07:50,0.gravatar.com
2014-04-04 09:07:51,connect.facebook.net
2014-04-04 09:07:51,accounts.google.com
2014-04-04 09:07:51,www.pfi.be
2014-04-04 09:07:51,w.sharethis.com
2014-04-04 09:07:51,edge.sharethis.com
2014-04-04 09:07:51,wd.sharethis.com
2014-04-04 09:07:51,www.facebook.com
2014-04-04 09:07:51,apis.google.com
2014-04-04 09:08:10,www.google.fr
2014-04-04 09:08:11,www.google.fr
2014-04-04 09:08:11,fr.openclassrooms.com
2014-04-04 09:08:11,www.google.com
2014-04-04 09:08:12,dnn506yrbagrg.cloudfront.net
2014-04-04 09:08:12,www.googleapis.com
2014-04-04 09:08:12,doug1izaerwt3.cloudfront.net
2014-04-04 09:08:16,fr.openclassrooms.com
2014-04-04 09:08:27,www.google.fr
2014-04-04 09:08:28,www.2i2l.fr
2014-04-04 09:08:28,www.google.fr
2014-04-04 09:10:12,www.google.fr
2014-04-04 09:19:07,www.google.fr
2014-04-04 09:19:07,office.microsoft.com
2014-04-04 09:19:08,c.msn.com
2014-04-04 09:19:08,office.microsoft.com
2014-04-04 09:19:08,js.microsoft.com
2014-04-04 09:23:00,www.google.fr
2014-04-04 09:23:01,www.google.fr
2014-04-04 09:23:01,office.microsoft.com
2014-04-04 09:23:01,c.msn.com
2014-04-04 09:23:01,js.microsoft.com
2014-04-04 09:25:22,api.bing.com
2014-04-04 09:25:23,api.bing.com
2014-04-04 09:25:24,www.google.fr
2014-04-04 09:25:26,www.google.fr
2014-04-04 09:25:34,www.google.fr
2014-04-04 09:27:24,www.coursbardon-microsoftoffice.fr
2014-04-04 09:27:24,www.google.fr
2014-04-04 09:34:56,www.google.fr
2014-04-04 09:34:56,static.ccm2.net
2014-04-04 09:34:56,r.ccmbg.com
2014-04-04 09:34:56,static.commentcamarche.net
2014-04-04 09:34:56,ba.commentcamarche.net
2014-04-04 09:34:56,www.commentcamarche.net
2014-04-04 09:34:57,twitter.com
2014-04-04 09:34:57,ba.commentcamarche.net
2014-04-04 09:34:57,www.facebook.com
2014-04-04 09:34:57,connect.facebook.net
2014-04-04 09:34:57,platform.twitter.com
2014-04-04 09:34:58,platform.twitter.com
2014-04-04 09:34:58,apis.google.com
2014-04-04 09:34:58,www.facebook.com
2014-04-04 09:35:29,twitter.com
2014-04-18 08:03:16,api.bing.com
2014-04-18 08:03:17,www.google.fr
2014-04-18 08:03:17,api.bing.com
2014-04-18 08:03:20,www.google.fr
2014-04-18 08:03:21,apis.google.com
2014-04-18 08:03:33,www.google.fr
2014-04-18 08:03:34,www.google.fr
2014-04-18 08:03:34,apis.google.com
2014-04-18 08:04:30,us-request.foxitservice.com
2014-04-18 08:05:19,api.bing.com
2014-04-18 08:05:20,api.bing.com
2014-04-18 08:05:21,www.google.fr
2014-04-18 08:05:23,www.google.fr
2014-04-18 08:05:45,www.google.fr
2014-04-18 08:05:46,www.google.fr
2014-04-18 08:06:12,ieonline.microsoft.com
2014-04-18 08:06:46,www.google.fr
2014-04-18 08:30:08,api.bing.com
2014-04-18 08:30:10,api.bing.com
2014-04-18 08:30:11,api.bing.com
2014-04-18 08:30:11,www.google.fr
2014-04-18 08:30:13,www.google.fr
2014-04-18 08:30:31,www.google.fr
2014-04-18 08:30:32,www.google.fr
2014-04-18 08:30:32,office.microsoft.com
2014-04-18 08:30:33,c.msn.com
2014-04-18 08:30:33,office.microsoft.com
2014-04-18 08:30:33,js.microsoft.com
2014-04-18 08:30:34,js.microsoft.com
2014-04-18 08:30:34,office.microsoft.com
2014-04-18 08:43:38,www.google.fr
2014-04-18 08:43:38,www.alphaquark.com
2014-04-18 08:43:39,www.alphaquark.com
2014-04-18 08:45:20,www.google.fr
2014-04-18 09:15:04,www.developpez.com
2014-04-18 09:15:04,www.google.com
2014-04-18 09:15:04,heureuxoli.developpez.com
2014-04-18 09:15:04,www.google.fr
2014-04-18 09:15:05,sync.uuidcshmg.com
2014-04-18 09:15:05,www.google.com
2014-04-18 09:15:05,heureuxoli.developpez.com
2014-04-18 09:15:05,www.developpez.com
2014-04-18 09:15:06,www.facebook.com
2014-04-18 09:15:06,heureuxoli.developpez.com
2014-04-18 09:15:06,www.developpez.com
2014-04-18 09:15:07,heureuxoli.developpez.com
2014-04-18 09:15:09,dps.bing.com
2014-04-25 07:58:15,sci.sciences.univ-bpclermont.fr
2014-04-25 07:58:16,sci.sciences.univ-bpclermont.fr
2014-04-25 07:58:20,sci.sciences.univ-bpclermont.fr
2014-04-25 07:58:25,api.bing.com
2014-04-25 07:58:26,api.bing.com
2014-04-25 07:58:27,www.google.fr
2014-04-25 07:58:29,www.google.fr
2014-04-25 07:58:30,apis.google.com
2014-04-25 07:58:30,www.google.com
2014-04-25 07:59:35,www.google.fr
2014-04-25 07:59:35,o2i.univ-bpclermont.fr
2014-04-25 07:59:35,c2i.univ-bpclermont.fr
2014-04-25 07:59:35,www.google.com
2014-04-25 07:59:35,apis.google.com
2014-04-25 07:59:52,api.bing.com
2014-04-25 07:59:54,www.google.fr
2014-04-25 07:59:56,www.google.fr
2014-04-25 08:00:18,o2i.univ-bpclermont.fr
2014-04-25 08:00:57,www.google.fr
2014-04-25 08:00:57,o2i.univ-bpclermont.fr
2014-04-25 08:01:15,ieonline.microsoft.com
2014-04-25 08:01:54,www.google.fr
2014-04-25 08:01:55,o2i.univ-bpclermont.fr
2014-04-25 08:02:18,o2i.univ-bpclermont.fr
2014-04-25 08:28:25,o2i.univ-bpclermont.fr
2014-04-25 08:28:31,o2i.univ-bpclermont.fr
2014-04-25 08:29:10,o2i.univ-bpclermont.fr
2014-04-25 08:29:10,c2i.univ-bpclermont.fr
