timestamp,site
2014-02-13 08:01:40,go.microsoft.com
2014-02-13 08:01:40,windows.microsoft.com
2014-02-13 08:01:40,res1.windows.microsoft.com
2014-02-13 08:01:40,res2.windows.microsoft.com
2014-02-13 08:01:40,js.microsoft.com
2014-02-13 08:01:40,ajax.microsoft.com
2014-02-13 08:01:44,www.bing.com
2014-02-13 08:01:56,www.bing.com
2014-02-13 08:01:57,www.bing.com
2014-02-13 08:01:58,cms.abmr.net
2014-02-13 08:01:58,www.bing.com
2014-02-13 08:01:58,login.live.com
2014-02-13 08:04:21,ieonline.microsoft.com
2014-02-13 08:04:22,go.microsoft.com
2014-02-13 08:22:22,office14client.microsoft.com
2014-02-13 08:22:23,office.microsoft.com
2014-02-13 08:22:24,office.microsoft.com
2014-02-13 08:54:22,www.perinat-france.org
2014-02-13 09:07:53,www.bing.com
2014-02-13 09:07:54,www.bing.com
2014-02-13 09:11:07,www.perinat-france.org
2014-02-13 09:12:22,indoorpol.wiv-isp.be
2014-02-13 09:12:23,indoorpol.wiv-isp.be
2014-02-13 09:12:29,indoorpol.wiv-isp.be
2014-02-13 09:13:07,indoorpol.wiv-isp.be
2014-02-13 09:13:48,www.territoires.gouv.fr
2014-02-13 09:14:29,indoorpol.wiv-isp.be
2014-02-13 09:25:36,www.prevention-maison.fr
2014-02-13 09:52:35,www.hotmail.com
2014-02-13 09:52:48,login.live.com
2014-02-13 09:52:55,login.live.com
2014-02-13 09:53:24,login.live.com
2014-02-13 09:53:25,login.live.com
2014-02-13 09:53:31,mail.live.com
2014-02-13 09:53:33,dub115.mail.live.com
2014-02-13 09:53:33,cid-245606d692492c65.users.storage.live.com
2014-02-13 09:53:35,dub115.mail.live.com
2014-02-13 09:53:36,dub115.mail.live.com
2014-02-13 09:53:38,people.directory.live.com
2014-02-13 09:53:39,dub115.mail.live.com
2014-02-13 09:53:39,blufiles.storage.live.com
2014-02-13 09:53:39,secure.shared.live.com
2014-02-13 09:53:39,go.trouter.io
2014-02-13 09:53:39,js.live.net
2014-02-13 09:53:39,api.skype.com
2014-02-13 09:53:40,go.trouter.io
2014-02-13 09:53:40,h.live.com
2014-02-13 09:53:41,storage.live.com
2014-02-13 09:53:42,h.live.com
2014-02-13 09:53:44,h.live.com
2014-02-13 09:53:45,login.live.com
2014-02-13 09:53:47,g.live.com
2014-02-13 09:53:48,dub115.mail.live.com
2014-02-13 09:53:48,h.live.com
2014-02-13 09:53:49,h.live.com
2014-02-13 09:54:13,api.skype.com
2014-02-13 09:54:13,go.trouter.io
2014-02-13 09:54:16,secure.shared.live.com
2014-02-13 09:54:16,g.live.com
2014-02-13 09:54:16,dub115.mail.live.com
2014-02-13 09:54:16,prod.registrar.skype.com
2014-02-27 08:00:38,gtglobal-ocsp.geotrust.com
2014-02-27 08:00:38,www.google.com
2014-02-27 08:00:38,clients1.google.com
2014-02-27 08:01:24,gtssl-ocsp.geotrust.com
2014-02-27 08:02:27,clients1.google.com
2014-02-27 08:02:29,www.google.fr
2014-02-27 08:02:30,www.google.fr
2014-02-27 08:02:43,clients1.google.com
2014-02-27 08:02:43,ocsp.tcs.terena.org
2014-02-27 08:02:43,ocsp.usertrust.com
2014-02-27 08:03:33,safebrowsing.clients.google.com
2014-02-27 08:03:34,safebrowsing-cache.google.com
2014-02-27 08:05:22,apis.google.com
2014-02-27 08:05:22,mw2.google.com
2014-02-27 08:05:24,www.google.com
2014-02-27 08:05:25,www.google.fr
2014-02-27 08:06:21,ocsp.thawte.com
2014-02-27 08:06:30,sb-ssl.google.com
2014-02-27 08:25:54,books.google.fr
2014-02-27 08:25:55,bks5.books.google.fr
2014-02-27 08:25:55,www.google.com
2014-02-27 08:25:55,books.google.fr
2014-02-27 08:25:56,books.google.fr
2014-02-27 08:25:57,books.google.fr
2014-02-27 08:25:58,books.google.fr
2014-02-27 08:26:01,books.google.fr
2014-02-27 08:26:02,books.google.fr
2014-02-27 08:26:03,books.google.fr
2014-02-27 08:26:05,apis.google.com
2014-02-27 08:26:38,www.google.fr
2014-02-27 08:26:40,apis.google.com
2014-02-27 08:26:40,www.qualite-air-interieur.fr
2014-02-27 08:26:41,www.qualite-air-interieur.fr
2014-02-27 08:26:42,www.qualite-air-interieur.fr
2014-02-27 08:26:52,www.google.fr
2014-02-27 08:26:54,www.qualite-air-interieur.fr
2014-02-27 08:26:54,clients1.google.com
2014-02-27 08:26:55,www.qualite-air-interieur.fr
2014-02-27 08:27:26,meta.wikimedia.org
2014-02-27 08:27:26,login.wikimedia.org
2014-02-27 08:27:26,fr.wikipedia.org
2014-02-27 08:27:26,bits.wikimedia.org
2014-02-27 08:27:26,www.google.fr
2014-02-27 08:27:27,meta.wikimedia.org
2014-02-27 08:29:21,www.google.com
2014-02-27 08:29:32,www.google.fr
2014-02-27 08:29:51,apis.google.com
2014-02-27 08:29:51,accounts.google.com
2014-02-27 08:31:17,mcc.godaddy.com
2014-02-27 08:31:18,www.google.com
2014-02-27 08:31:18,ak2.imgaft.com
2014-02-27 08:33:58,safebrowsing.clients.google.com
2014-02-27 08:33:58,safebrowsing-cache.google.com
2014-02-27 08:51:16,www.google.fr
2014-02-27 08:51:17,www.developpement-durable.gouv.fr
2014-02-27 08:52:31,www.google.fr
2014-02-27 08:54:14,www.sante.gouv.fr
2014-02-27 08:54:14,www.google.fr
2014-02-27 08:54:15,www.sante.gouv.fr
2014-02-27 08:54:16,www.sante.gouv.fr
2014-02-27 08:54:17,www.sante.gouv.fr
2014-02-27 08:54:18,www.sante.gouv.fr
2014-02-27 08:54:19,www.sante.gouv.fr
2014-02-27 08:55:43,www.google.fr
2014-02-27 08:55:43,www.ageden.org
2014-02-27 08:56:20,www.squid-cache.org
2014-02-27 08:56:42,www.google.fr
2014-02-27 08:56:42,www.ageden.org
2014-02-27 08:58:14,www.airpl.org
2014-02-27 08:58:14,www.google.fr
2014-02-27 08:58:15,www.airpl.org
2014-02-27 08:58:16,www.airpl.org
2014-02-27 08:58:17,www.airpl.org
2014-02-27 08:58:22,www.airpl.org
2014-02-27 08:59:35,ieonline.microsoft.com
2014-02-27 08:59:35,www.google.fr
2014-02-27 08:59:36,www.vigicrues.gouv.fr
2014-02-27 08:59:36,www.nord-pas-de-calais.developpement-durable.gouv.fr
2014-02-27 08:59:37,www.nord-pas-de-calais.developpement-durable.gouv.fr
2014-02-27 09:00:01,www.google.com
2014-02-27 09:00:07,www.fiabitat.com
2014-02-27 09:00:07,www.google.fr
2014-02-27 09:00:08,www.fiabitat.com
2014-02-27 09:00:08,s2.wp.com
2014-02-27 09:00:08,s0.wp.com
2014-02-27 09:00:09,www2.ademe.fr
2014-02-27 09:00:09,0.gravatar.com
2014-02-27 09:00:09,s2.wp.com
2014-02-27 09:00:09,s0.wp.com
2014-02-27 09:00:09,www.fiabitat.com
2014-02-27 09:00:09,michaelpatucca.wordpress.com
2014-02-27 09:00:10,michaelpatucca.files.wordpress.com
2014-02-27 09:00:18,www.lorraine.developpement-durable.gouv.fr
2014-02-27 09:00:18,www.google.fr
2014-02-27 09:00:19,www.lorraine.developpement-durable.gouv.fr
2014-02-27 09:00:28,www.airpl.org
2014-02-27 09:00:28,www.google.fr
2014-02-27 09:00:35,www.airpl.org
2014-02-27 09:00:35,www.google.fr
2014-02-27 09:00:37,www.airpl.org
2014-02-27 09:00:38,www.airpl.org
2014-02-27 09:00:40,www.airpl.org
2014-02-27 09:00:44,www.google.fr
2014-02-27 09:00:45,www.statistiques.developpement-durable.gouv.fr
2014-02-27 09:00:50,www.google.fr
2014-02-27 09:00:50,www.statistiques.developpement-durable.gouv.fr
2014-02-27 09:01:03,clients1.google.fr
2014-02-27 09:01:03,www.google.fr
2014-02-27 09:01:04,www.lorraine.developpement-durable.gouv.fr
2014-02-27 09:01:09,www.airpl.org
2014-02-27 09:01:09,www.google.fr
2014-02-27 09:01:13,www.lefigaro.fr
2014-02-27 09:01:13,www.google.fr
2014-02-27 09:01:14,connect.facebook.net
2014-02-27 09:01:14,api.fidji.lefigaro.fr
2014-02-27 09:01:14,assets2.lefigaro.fr
2014-02-27 09:01:14,assets4.lefigaro.fr
2014-02-27 09:01:14,assets3.lefigaro.fr
2014-02-27 09:01:14,assets5.lefigaro.fr
2014-02-27 09:01:14,plus.lefigaro.fr
2014-02-27 09:01:14,www.lefigaro.fr
2014-02-27 09:01:14,ajax.googleapis.com
2014-02-27 09:01:14,assets6.lefigaro.fr
2014-02-27 09:01:15,assets3.lefigaro.fr
2014-02-27 09:01:15,www.lefigaro.fr
2014-02-27 09:01:15,assets5.lefigaro.fr
2014-02-27 09:01:15,api.fidji.lefigaro.fr
2014-02-27 09:01:15,assets-data.lefigaro.fr
2014-02-27 09:01:15,plus.lefigaro.fr
2014-02-27 09:01:15,assets1.lefigaro.fr
2014-02-27 09:01:15,assets4.lefigaro.fr
2014-02-27 09:01:16,api.fidji.lefigaro.fr
2014-02-27 09:01:17,match.rtbidder.net
2014-02-27 09:01:17,assets-pub.lefigaro.fr
2014-02-27 09:01:17,assets4.lefigaro.fr
2014-02-27 09:01:17,www.lefigaro.fr
2014-02-27 09:01:17,www.facebook.com
2014-02-27 09:01:17,static.ak.facebook.com
2014-02-27 09:01:17,clients1.google.com
2014-02-27 09:01:17,s-static.ak.facebook.com
2014-02-27 09:01:18,foglio.basilic.io
2014-02-27 09:01:18,gtglobal-ocsp.geotrust.com
2014-02-27 09:01:18,rubicon-match.dotomi.com
2014-02-27 09:01:18,assets5.lefigaro.fr
2014-02-27 09:01:18,www.facebook.com
2014-02-27 09:01:18,www.ticketac.com
2014-02-27 09:01:18,www.lefigaro.fr
2014-02-27 09:01:18,platform.linkedin.com
2014-02-27 09:01:18,lefigaro.fr
2014-02-27 09:01:18,ocsp.comodoca.com
2014-02-27 09:01:18,dnn506yrbagrg.cloudfront.net
2014-02-27 09:01:19,evsecure-ocsp.verisign.com
2014-02-27 09:01:19,www.linkedin.com
2014-02-27 09:01:19,platform.twitter.com
2014-02-27 09:01:25,www.airpl.org
2014-02-27 09:01:25,www.google.fr
2014-02-27 09:01:26,www.airpl.org
2014-02-27 09:01:27,www.airpl.org
2014-02-27 09:01:30,www.google.fr
2014-02-27 09:01:31,afges.org
2014-02-27 09:01:34,pixel2368.everesttech.net
2014-02-27 09:01:36,www.google.fr
2014-02-27 09:01:37,www.airpl.org
2014-02-27 09:01:49,twitter.com
2014-02-27 09:01:52,www.google.fr
2014-02-27 09:01:53,www.afssa.fr
2014-02-27 09:01:53,www.anses.fr
2014-02-27 09:01:54,www.anses.fr
2014-02-27 09:02:09,www.afssa.fr
2014-02-27 09:02:09,www.anses.fr
2014-02-27 09:03:06,safebrowsing.clients.google.com
2014-02-27 09:03:06,safebrowsing-cache.google.com
2014-02-27 09:03:14,platform.twitter.com
2014-02-27 09:03:20,www.afssa.fr
2014-02-27 09:03:24,www.google.fr
2014-02-27 09:03:24,www.senat.fr
2014-02-27 09:03:25,www.senat.fr
2014-02-27 09:03:26,www.senat.fr
2014-02-27 09:03:27,www.senat.fr
2014-02-27 09:03:28,www.google.fr
2014-02-27 09:03:28,s1.lemde.fr
2014-02-27 09:03:28,www.lemonde.fr
2014-02-27 09:03:29,s1.lemde.fr
2014-02-27 09:03:29,www.lemonde.fr
2014-02-27 09:03:29,videosfr.s3.amazonaws.com
2014-02-27 09:03:29,live.lemde.fr
2014-02-27 09:03:30,pixel.alephd.com
2014-02-27 09:03:30,www.google.com
2014-02-27 09:03:30,images.orangepublicite.fr
2014-02-27 09:03:30,kweb.videostep.com
2014-02-27 09:03:30,its.tradelab.fr
2014-02-27 09:03:30,mm.eulerian.net
2014-02-27 09:03:30,www.facebook.com
2014-02-27 09:03:30,api.adyoulike.com
2014-02-27 09:03:30,static.videostep.com
2014-02-27 09:03:31,s-static.ak.facebook.com
2014-02-27 09:03:31,connect.facebook.net
2014-02-27 09:03:31,s1.lemde.fr
2014-02-27 09:03:31,static.ak.facebook.com
2014-02-27 09:03:31,www.facebook.com
2014-02-27 09:03:31,listener.ezakus.net
2014-02-27 09:03:33,www.google.fr
2014-02-27 09:03:34,www.consommerdurable.com
2014-02-27 09:03:34,0.gravatar.com
2014-02-27 09:03:34,1.gravatar.com
2014-02-27 09:03:35,www.facebook.com
2014-02-27 09:03:35,enquete.consoglobe.com
2014-02-27 09:03:35,1.gravatar.com
2014-02-27 09:03:35,autopromo.consoglobe.com
2014-02-27 09:03:35,www.consommerdurable.com
2014-02-27 09:03:35,rapidssl-ocsp.geotrust.com
2014-02-27 09:03:35,0.gravatar.com
2014-02-27 09:03:36,eulerian.canal-plus.com
2014-02-27 09:03:37,www.consommerdurable.com
2014-02-27 09:04:11,ajax.googleapis.com
2014-02-27 09:04:16,accounts.google.com
2014-02-27 09:04:16,apis.google.com
2014-02-27 09:04:29,autopromo.consoglobe.com
2014-02-27 09:04:29,www.consommerdurable.com
2014-02-27 09:04:29,www.facebook.com
2014-02-27 09:04:29,enquete.consoglobe.com
2014-02-27 09:04:30,eulerian.canal-plus.com
2014-02-27 09:04:30,www.consommerdurable.com
2014-02-27 09:04:31,www.consommerdurable.com
2014-02-27 09:04:32,www.consommerdurable.com
2014-02-27 09:04:45,clients1.google.fr
2014-02-27 09:06:29,www.google.fr
2014-02-27 09:18:48,www.google.com
2014-02-27 09:18:56,clients1.google.com
2014-02-27 09:21:52,www.google.com
2014-02-27 09:21:53,www.google.fr
2014-02-27 09:23:00,www.consommerdurable.com
2014-02-27 09:31:10,safebrowsing-cache.google.com
2014-02-27 09:31:10,safebrowsing.clients.google.com
2014-02-27 09:59:32,www.google.com
2014-02-27 09:59:32,gtglobal-ocsp.geotrust.com
2014-02-27 09:59:32,clients1.google.com
2014-02-27 09:59:35,clients1.google.com
2014-02-27 09:59:36,clients1.google.com
2014-02-27 09:59:37,www.google.fr
2014-02-27 09:59:40,ocsp.usertrust.com
2014-02-27 09:59:40,clients1.google.com
2014-02-27 09:59:40,ocsp.tcs.terena.org
2014-02-27 10:00:30,gtssl-ocsp.geotrust.com
2014-02-27 10:00:32,www.google.fr
2014-02-27 10:01:09,safebrowsing-cache.google.com
2014-02-27 10:01:09,safebrowsing.clients.google.com
2014-02-27 10:01:44,www.google.fr
2014-02-27 10:01:44,sb-ssl.google.com
2014-02-27 10:01:44,apis.google.com
2014-02-27 10:01:44,www.google.com
2014-02-27 10:01:44,mw2.google.com
2014-03-04 08:00:02,www.bing.com
2014-03-04 08:00:03,cms.abmr.net
2014-03-04 08:00:03,www.bing.com
2014-03-04 08:00:04,fpdownload2.macromedia.com
2014-03-04 08:02:50,ieonline.microsoft.com
2014-03-04 08:15:05,www.bing.com
2014-03-04 08:15:07,www.bing.com
2014-03-04 08:15:09,silkyroad.developpez.com
2014-03-04 08:15:09,www.bing.com
2014-03-04 08:15:09,www.developpez.com
2014-03-04 08:15:09,www.google.com
2014-03-04 08:15:10,www.google.com
2014-03-04 08:15:10,www.developpez.com
2014-03-04 08:15:10,silkyroad.developpez.com
2014-03-04 08:15:12,www.developpez.com
2014-03-04 08:15:12,silkyroad.developpez.com
2014-03-04 08:15:13,silkyroad.developpez.com
2014-03-04 08:15:13,sync.uuidcshmg.com
2014-03-04 08:15:13,www.developpez.com
2014-03-04 08:15:17,login.live.com
2014-03-04 08:15:21,silkyroad.developpez.com
2014-03-04 08:15:26,www.facebook.com
2014-03-04 08:15:29,dps.bing.com
2014-03-04 08:15:48,www.bing.com
2014-03-04 08:15:51,www.bing.com
2014-03-04 08:15:52,www.ffme.fr
2014-03-04 08:15:52,www.google.com
2014-03-04 08:15:52,www.montagne-escalade.com
2014-03-04 08:15:52,static.ak.facebook.com
2014-03-04 08:15:52,www.facebook.com
2014-03-04 08:15:52,connect.facebook.net
2014-03-04 08:15:52,ajax.googleapis.com
2014-03-04 08:15:59,www.ffme.fr
2014-03-04 08:15:59,s-static.ak.facebook.com
2014-03-04 08:15:59,login.live.com
2014-03-04 08:16:07,www.bing.com
2014-03-04 08:16:10,www.ffme.fr
2014-03-04 08:16:11,www.ffme.fr
2014-03-04 08:16:13,www.ffme.fr
2014-03-04 08:16:14,www.ffme.fr
2014-03-04 08:16:14,s-static.ak.facebook.com
2014-03-04 08:16:18,login.live.com
2014-03-04 08:16:20,www.ffme.fr
2014-03-04 08:16:28,www.ffme.fr
2014-03-04 08:16:29,www.ffme.fr
2014-03-04 08:17:54,www.bing.com
2014-03-04 08:17:57,www.bing.com
2014-03-04 08:17:57,www.facebook.com
2014-03-04 08:17:58,www.bing.com
2014-03-04 08:17:59,www.bing.com
2014-03-04 08:18:01,www.bing.com
2014-03-04 08:18:02,www.bing.com
2014-03-04 08:18:03,www.bing.com
2014-03-04 08:18:04,www.bing.com
2014-03-04 08:18:05,www.bing.com
2014-03-04 08:18:05,login.live.com
2014-03-04 08:18:07,login.live.com
2014-03-04 08:18:08,office.microsoft.com
2014-03-04 08:18:08,c.msn.com
2014-03-04 08:18:08,js.microsoft.com
2014-03-04 08:18:09,ssl.bing.com
2014-03-04 08:18:09,office.microsoft.com
2014-03-04 08:18:09,c.msn.com
2014-03-04 08:18:09,js.microsoft.com
2014-03-04 08:18:12,www.bing.com
2014-03-04 08:18:16,office.microsoft.com
2014-03-04 08:18:17,office.microsoft.com
2014-03-04 08:18:17,c.msn.com
2014-03-04 08:19:01,c.msn.com
2014-03-04 08:19:01,office.microsoft.com
2014-03-04 08:19:02,www.bing.com
2014-03-04 08:19:03,www.bing.com
2014-03-04 08:19:04,www.bing.com
2014-03-04 08:19:05,login.live.com
2014-03-04 08:19:07,www.bing.com
2014-03-04 08:19:15,www.bing.com
2014-03-04 08:19:17,www.bing.com
2014-03-04 08:19:18,www.bing.com
2014-03-04 08:19:19,www.bing.com
2014-03-04 08:19:20,www.bing.com
2014-03-04 08:19:21,www.bing.com
2014-03-04 08:19:22,www.bing.com
2014-03-04 08:19:23,www.bing.com
2014-03-04 08:19:24,www.bing.com
2014-03-04 08:19:26,login.live.com
2014-03-04 08:19:26,www.bing.com
2014-03-04 08:19:28,www.google.com
2014-03-04 08:19:28,www.ybet.be
2014-03-04 08:19:28,ssl.bing.com
2014-03-04 08:19:32,ts1.mm.bing.net
2014-03-04 08:19:32,www.bing.com
2014-03-04 08:19:33,ts2.mm.bing.net
2014-03-04 08:19:33,www.bing.com
2014-03-04 08:19:34,www.bing.com
2014-03-04 08:19:34,ts3.mm.bing.net
2014-03-04 08:19:34,ssl.bing.com
2014-03-04 08:19:34,login.live.com
2014-03-04 08:19:35,www.bing.com
2014-03-04 08:19:36,www.bing.com
2014-03-04 08:19:37,ts1.mm.bing.net
2014-03-04 08:19:37,www.google.com
2014-03-04 08:19:37,s.ytimg.com
2014-03-04 08:19:37,www.youtube.com
2014-03-04 08:19:37,api.bing.com
2014-03-04 08:19:37,ts4.mm.bing.net
2014-03-04 08:19:37,ts2.mm.bing.net
2014-03-04 08:19:37,ts3.mm.bing.net
2014-03-04 08:19:37,www.bing.com
2014-03-04 08:19:38,www.bing.com
2014-03-04 08:19:38,s.ytimg.com
2014-03-04 08:19:38,www.youtube.com
2014-03-04 08:19:39,ssl.bing.com
2014-03-04 08:19:39,r2---sn-gxo5uxg-jqbe.googlevideo.com
2014-03-04 08:19:39,s.ytimg.com
2014-03-04 08:19:39,www.youtube.com
2014-03-04 08:19:39,login.live.com
2014-03-04 08:19:39,www.bing.com
2014-03-04 08:19:39,s.youtube.com
2014-03-04 08:19:40,r2---sn-gxo5uxg-jqbe.googlevideo.com
2014-03-04 08:19:40,s.youtube.com
2014-03-04 08:19:41,i1.ytimg.com
2014-03-04 08:19:41,s.youtube.com
2014-03-04 08:19:41,www.youtube.com
2014-03-04 08:19:41,www.bing.com
2014-03-04 08:19:42,www.bing.com
2014-03-04 08:19:42,i1.ytimg.com
2014-03-04 08:19:42,s.youtube.com
2014-03-04 08:19:43,i1.ytimg.com
2014-03-04 08:19:44,r2---sn-gxo5uxg-jqbe.googlevideo.com
2014-03-04 08:19:45,r2---sn-gxo5uxg-jqbe.googlevideo.com
2014-03-04 08:19:45,r2---sn-cg07luek.googlevideo.com
2014-03-04 08:19:46,s.youtube.com
2014-03-04 08:19:47,www.bing.com
2014-03-04 08:19:49,www.bing.com
2014-03-04 08:19:50,www.bing.com
2014-03-04 08:19:52,login.live.com
2014-03-04 08:20:04,ts2.mm.bing.net
2014-03-04 08:20:04,www.bing.com
2014-03-04 08:20:05,www.bing.com
2014-03-04 08:20:06,www.bing.com
2014-03-04 08:20:06,ts2.mm.bing.net
2014-03-04 08:20:07,www.bing.com
2014-03-04 08:20:08,api.bing.com
2014-03-04 08:20:08,www.youtube.com
2014-03-04 08:20:08,www.bing.com
2014-03-04 08:20:08,ts1.mm.bing.net
2014-03-04 08:20:08,ts2.mm.bing.net
2014-03-04 08:20:08,ssl.bing.com
2014-03-04 08:20:08,ts3.mm.bing.net
2014-03-04 08:20:08,ts4.mm.bing.net
2014-03-04 08:20:09,www.youtube.com
2014-03-04 08:20:10,login.live.com
2014-03-04 08:20:10,r2---sn-gxo5uxg-jqbe.googlevideo.com
2014-03-04 08:20:10,s.youtube.com
2014-03-04 08:20:10,www.youtube.com
2014-03-04 08:20:11,s.youtube.com
2014-03-04 08:20:11,www.youtube.com
2014-03-04 08:20:12,s.ytimg.com
2014-03-04 08:20:12,www.bing.com
2014-03-04 08:20:12,www.youtube.com
2014-03-04 08:20:12,s.youtube.com
2014-03-04 08:20:13,s.ytimg.com
2014-03-04 08:20:13,i1.ytimg.com
2014-03-04 08:20:13,www.youtube-nocookie.com
2014-03-04 08:20:13,www.youtube.com
2014-03-04 08:20:13,r2---sn-gxo5uxg-jqbe.googlevideo.com
2014-03-04 08:20:13,s.youtube.com
2014-03-04 08:20:13,www.bing.com
2014-03-04 08:20:14,s.ytimg.com
2014-03-04 08:20:14,www.bing.com
2014-03-04 08:20:14,i1.ytimg.com
2014-03-04 08:20:14,www.youtube.com
2014-03-04 08:20:14,s.youtube.com
2014-03-04 08:20:15,s.ytimg.com
2014-03-04 08:20:15,www.google.com
2014-03-04 08:20:15,r2---sn-gxo5uxg-jqbe.googlevideo.com
2014-03-04 08:20:16,www.youtube.com
2014-03-04 08:20:16,s.youtube.com
2014-03-04 08:20:16,s.ytimg.com
2014-03-04 08:20:17,s.ytimg.com
2014-03-04 08:20:17,clients1.google.com
2014-03-04 08:20:18,i1.ytimg.com
2014-03-04 08:20:18,clients1.google.com
2014-03-04 08:20:18,www.bing.com
2014-03-04 08:20:18,www.youtube.com
2014-03-04 08:20:18,s.ytimg.com
2014-03-04 08:20:19,clients1.google.com
2014-03-04 08:20:20,clients1.google.com
2014-03-04 08:20:21,clients1.google.com
2014-03-04 08:20:22,clients1.google.com
2014-03-04 08:20:23,clients1.google.com
2014-03-04 08:20:24,clients1.google.com
2014-03-04 08:20:25,clients1.google.com
2014-03-04 08:20:26,apis.google.com
2014-03-04 08:20:27,yt3.ggpht.com
2014-03-04 08:20:27,apis.google.com
2014-03-04 08:20:28,s.youtube.com
2014-03-04 08:20:28,yt3.ggpht.com
2014-03-04 08:20:28,s.ytimg.com
2014-03-04 08:20:28,www.youtube.com
2014-03-04 08:20:28,www.google.com
2014-03-04 08:20:28,i1.ytimg.com
2014-03-04 08:20:28,apis.google.com
2014-03-04 08:20:30,i1.ytimg.com
2014-03-04 08:20:30,yt3.ggpht.com
2014-03-04 08:20:30,plus.googleapis.com
2014-03-04 08:20:31,plus.googleapis.com
2014-03-04 08:20:31,www.youtube.com
2014-03-04 08:20:33,s.youtube.com
2014-03-04 08:20:33,i1.ytimg.com
2014-03-04 08:20:33,www.youtube.com
2014-03-04 08:20:33,www.youtube-nocookie.com
2014-03-04 08:20:33,s.ytimg.com
2014-03-04 08:20:33,yt3.ggpht.com
2014-03-04 08:20:34,r3---sn-gxo5uxg-jqbe.googlevideo.com
2014-03-04 08:20:34,s.youtube.com
2014-03-04 08:20:34,www.youtube.com
2014-03-04 08:20:34,gdata.youtube.com
2014-03-04 08:20:34,plus.googleapis.com
2014-03-04 08:20:34,i1.ytimg.com
2014-03-04 08:20:41,r1---sn-gxo5uxg-jqbe.googlevideo.com
2014-03-04 08:20:41,www.youtube.com
2014-03-04 08:20:42,r1---sn-gxo5uxg-jqbe.googlevideo.com
2014-03-04 08:20:42,s.youtube.com
2014-03-04 08:20:44,s.youtube.com
2014-03-04 08:20:46,r1---sn-gxo5uxg-jqbe.googlevideo.com
2014-03-04 08:20:48,i1.ytimg.com
2014-03-04 08:20:51,s.youtube.com
2014-03-04 08:20:52,r1---sn-gxo5uxg-jqbe.googlevideo.com
2014-03-04 08:20:53,r1---sn-gxo5uxg-jqbe.googlevideo.com
2014-03-04 08:20:55,s.youtube.com
2014-03-04 08:20:58,r1---sn-gxo5uxg-jqbe.googlevideo.com
2014-03-04 08:21:01,s.youtube.com
2014-03-04 08:21:09,r1---sn-gxo5uxg-jqbe.googlevideo.com
2014-03-04 08:21:11,s.youtube.com
2014-03-04 08:21:12,r1---sn-gxo5uxg-jqbe.googlevideo.com
2014-03-04 08:21:21,s.youtube.com
2014-03-04 08:21:36,plus.googleapis.com
2014-03-04 08:21:36,s.youtube.com
2014-03-04 08:21:55,i1.ytimg.com
2014-03-04 08:22:01,s.youtube.com
2014-03-04 08:22:04,r1---sn-gxo5uxg-jqbe.googlevideo.com
2014-03-04 08:22:14,r1---sn-gxo5uxg-jqbe.googlevideo.com
2014-03-04 08:22:14,ssl.bing.com
2014-03-04 08:22:16,s.youtube.com
2014-03-04 08:22:19,r1---sn-gxo5uxg-jqbe.googlevideo.com
2014-03-04 08:22:31,s.youtube.com
2014-03-04 08:22:34,r1---sn-gxo5uxg-jqbe.googlevideo.com
2014-03-04 08:22:37,s.ytimg.com
2014-03-04 08:22:38,www.youtube.com
2014-03-04 08:22:39,r1---sn-gxo5uxg-jqbe.googlevideo.com
2014-03-04 08:22:44,www.youtube.com
2014-03-04 08:22:50,r1---sn-gxo5uxg-jqbe.googlevideo.com
2014-03-04 08:22:51,r1---sn-gxo5uxg-jqbe.googlevideo.com
2014-03-04 08:22:51,s.youtube.com
2014-03-04 08:22:55,r1---sn-gxo5uxg-jqbe.googlevideo.com
2014-03-04 08:22:56,s.youtube.com
2014-03-04 08:22:56,r1---sn-gxo5uxg-jqbe.googlevideo.com
2014-03-04 08:22:57,r1---sn-gxo5uxg-jqbe.googlevideo.com
2014-03-04 08:22:58,r1---sn-gxo5uxg-jqbe.googlevideo.com
2014-03-04 08:23:01,s.youtube.com
2014-03-04 08:23:03,r1---sn-gxo5uxg-jqbe.googlevideo.com
2014-03-04 08:23:06,plus.googleapis.com
2014-03-04 08:23:06,r1---sn-gxo5uxg-jqbe.googlevideo.com
2014-03-04 08:23:08,i1.ytimg.com
2014-03-04 08:23:09,r1---sn-gxo5uxg-jqbe.googlevideo.com
2014-03-04 08:23:10,r1---sn-gxo5uxg-jqbe.googlevideo.com
2014-03-04 08:23:11,s.youtube.com
2014-03-04 08:23:11,r1---sn-gxo5uxg-jqbe.googlevideo.com
2014-03-04 08:23:12,r1---sn-gxo5uxg-jqbe.googlevideo.com
2014-03-04 08:23:13,r1---sn-gxo5uxg-jqbe.googlevideo.com
2014-03-04 08:23:14,i1.ytimg.com
2014-03-04 08:23:14,r1---sn-gxo5uxg-jqbe.googlevideo.com
2014-03-04 08:23:16,r1---sn-gxo5uxg-jqbe.googlevideo.com
2014-03-04 08:23:17,r1---sn-gxo5uxg-jqbe.googlevideo.com
2014-03-04 08:23:18,i1.ytimg.com
2014-03-04 08:23:18,r1---sn-gxo5uxg-jqbe.googlevideo.com
2014-03-04 08:23:20,r1---sn-gxo5uxg-jqbe.googlevideo.com
2014-03-04 08:23:21,s.youtube.com
2014-03-04 08:23:22,r1---sn-gxo5uxg-jqbe.googlevideo.com
2014-03-04 08:23:23,r1---sn-gxo5uxg-jqbe.googlevideo.com
2014-03-04 08:23:27,r1---sn-gxo5uxg-jqbe.googlevideo.com
2014-03-04 08:23:28,i1.ytimg.com
2014-03-04 08:23:28,plus.googleapis.com
2014-03-04 08:23:29,r1---sn-gxo5uxg-jqbe.googlevideo.com
2014-03-04 08:23:29,plus.googleapis.com
2014-03-04 08:23:30,r1---sn-gxo5uxg-jqbe.googlevideo.com
2014-03-04 08:23:31,s.youtube.com
2014-03-04 08:23:32,apis.google.com
2014-03-04 08:23:33,s.youtube.com
2014-03-04 08:23:33,www.youtube.com
2014-03-04 08:23:33,www.google.com
2014-03-04 08:23:33,i1.ytimg.com
2014-03-04 08:23:33,plus.googleapis.com
2014-03-04 08:23:33,apis.google.com
2014-03-04 08:23:37,www.youtube.com
2014-03-04 08:23:38,yt3.ggpht.com
2014-03-04 08:23:38,www.youtube-nocookie.com
2014-03-04 08:23:38,i1.ytimg.com
2014-03-04 08:23:38,www.youtube.com
2014-03-04 08:23:38,s.youtube.com
2014-03-04 08:23:38,r1---sn-gxo5uxg-jqbe.googlevideo.com
2014-03-04 08:23:39,r1---sn-gxo5uxg-jqbe.googlevideo.com
2014-03-04 08:23:39,s.youtube.com
2014-03-04 08:23:40,i1.ytimg.com
2014-03-04 08:23:41,r1---sn-gxo5uxg-jqbe.googlevideo.com
2014-03-04 08:23:42,s.youtube.com
2014-03-04 08:23:42,www.youtube.com
2014-03-04 08:23:44,i1.ytimg.com
2014-03-04 08:23:48,s.youtube.com
2014-03-04 08:23:48,r1---sn-gxo5uxg-jqbe.googlevideo.com
2014-03-04 08:23:49,r1---sn-gxo5uxg-jqbe.googlevideo.com
2014-03-04 08:23:51,i1.ytimg.com
2014-03-04 08:23:52,s.youtube.com
2014-03-04 08:23:52,r1---sn-gxo5uxg-jqbe.googlevideo.com
2014-03-04 08:23:53,r1---sn-gxo5uxg-jqbe.googlevideo.com
2014-03-04 08:23:54,r1---sn-gxo5uxg-jqbe.googlevideo.com
2014-03-04 08:24:02,s.youtube.com
2014-03-04 08:24:03,s.youtube.com
2014-03-04 08:24:13,i1.ytimg.com
2014-03-04 08:24:17,i1.ytimg.com
2014-03-04 08:24:18,s.youtube.com
2014-03-04 08:24:22,i1.ytimg.com
2014-03-04 08:24:22,s.youtube.com
2014-03-04 08:24:22,www.youtube.com
2014-03-04 08:24:24,www.groupon.fr
2014-03-04 08:24:26,i1.ytimg.com
2014-03-04 08:24:27,s.ytimg.com
2014-03-04 08:24:28,s.ytimg.com
2014-03-04 08:24:29,i1.ytimg.com
2014-03-04 08:24:31,i1.ytimg.com
2014-03-04 08:24:32,i1.ytimg.com
2014-03-04 08:26:34,plus.googleapis.com
2014-03-04 08:56:11,www.youtube.com
2014-03-04 08:56:21,www.bing.com
2014-03-04 08:56:26,www.google.fr
2014-03-04 08:56:26,www.bing.com
2014-03-04 08:56:29,www.google.fr
2014-03-04 08:56:32,www.bing.com
2014-03-04 08:56:33,login.live.com
2014-03-04 08:56:38,www.bing.com
2014-03-04 08:56:39,www.google.fr
2014-03-04 08:56:39,www.bing.com
2014-03-04 08:56:40,www.google.fr
2014-03-04 08:56:40,www.bing.com
2014-03-04 08:56:43,www.google.com
2014-03-04 08:56:57,static.ccm2.net
2014-03-04 08:56:57,apis.google.com
2014-03-04 08:56:57,www.google.com
2014-03-04 08:56:57,www.google.fr
2014-03-04 08:56:57,www.commentcamarche.net
2014-03-04 08:56:58,www.facebook.com
2014-03-04 08:56:58,kh6qrx0f8h.s.ad6media.fr
2014-03-04 08:56:58,r.ccmbg.com
2014-03-04 08:56:58,static.ccm2.net
2014-03-04 08:56:58,ba.commentcamarche.net
2014-03-04 08:56:58,www.google.fr
2014-03-04 08:56:59,static.ccm2.net
2014-03-04 08:56:59,platform.twitter.com
2014-03-04 08:56:59,ba.commentcamarche.net
2014-03-04 08:57:00,static.ccm2.net
2014-03-04 08:57:00,ba.commentcamarche.net
2014-03-04 08:57:00,ajax.googleapis.com
2014-03-04 08:57:01,connect.facebook.net
2014-03-04 08:57:01,ajax.googleapis.com
2014-03-04 08:57:01,ba.commentcamarche.net
2014-03-04 08:57:03,ba.commentcamarche.net
2014-03-04 08:57:03,platform.twitter.com
2014-03-04 08:57:03,static.ccmbg.com
2014-03-04 08:57:03,static.ccm2.net
2014-03-04 08:57:03,www.commentcamarche.net
2014-03-04 08:57:03,its.tradelab.fr
2014-03-04 08:57:03,pixel.alephd.com
2014-03-04 08:57:03,www.facebook.com
2014-03-04 08:57:04,ba.commentcamarche.net
2014-03-04 08:57:06,static.ccm2.net
2014-03-04 08:57:09,twitter.com
2014-03-04 08:57:16,www.facebook.com
2014-03-04 08:57:18,twitter.com
2014-03-04 08:57:18,www.commentcamarche.net
2014-03-04 08:58:05,its.tradelab.fr
2014-03-04 08:58:29,www.facebook.com
2014-03-04 09:01:29,www.bing.com
2014-03-04 09:07:58,www.google.fr
2014-03-04 09:08:02,clients1.google.fr
2014-03-04 09:08:03,clients1.google.fr
2014-03-04 09:08:06,www.google.fr
2014-03-04 09:08:06,www.jeanzay.ac-creteil.fr
2014-03-04 09:08:07,www.google.fr
2014-03-04 09:08:07,www.jeanzay.ac-creteil.fr
2014-03-04 09:08:09,www.jeanzay.ac-creteil.fr
2014-03-04 09:08:19,clients1.google.fr
2014-03-04 09:08:19,www.lepoint.fr
2014-03-04 09:08:19,www.google.fr
2014-03-04 09:09:26,ajax.googleapis.com
2014-03-04 09:09:26,www.lepoint.fr
2014-03-04 09:09:26,www.google.fr
2014-03-04 09:09:27,pixel.alephd.com
2014-03-04 09:09:27,listener.ezakus.net
2014-03-04 09:09:27,ajax.googleapis.com
2014-03-04 09:09:27,www.lepoint.fr
2014-03-04 09:09:49,www.lepoint.fr
2014-03-04 09:09:49,videosfr.s3.amazonaws.com
2014-03-04 09:09:50,player.mediabong.com
2014-03-04 09:09:50,www.lepoint.fr
2014-03-04 09:09:50,pixel.alephd.com
2014-03-04 09:09:50,www.facebook.com
2014-03-04 09:09:51,pixel.alephd.com
2014-03-04 09:09:51,www.lepoint.fr
2014-03-04 09:11:46,kweb.videostep.com
2014-03-04 09:11:46,pixel.alephd.com
2014-03-04 09:11:46,www.facebook.com
2014-03-04 09:11:47,static.videostep.com
2014-03-04 09:11:47,u.videostep.com
2014-03-04 09:11:47,pixel.alephd.com
2014-03-04 09:11:47,mm.eulerian.net
2014-03-04 09:11:47,www.lepoint.fr
2014-03-04 09:11:48,www.lepoint.fr
2014-03-04 09:11:48,s.videostep.com
2014-03-04 09:11:52,s.videostep.com
2014-03-04 09:12:02,s.videostep.com
2014-03-04 09:12:05,www.google.fr
2014-03-04 09:12:06,pixel2368.everesttech.net
2014-03-04 09:14:06,pixel2368.everesttech.net
2014-03-04 09:14:06,www.google.fr
2014-03-04 09:22:17,s.videostep.com
2014-03-04 09:22:18,adventori.com
2014-03-04 09:22:19,level3.cedexis.com
2014-03-04 09:22:19,i1-js-14-3-01-10334-11917972-i.init.cedexis-radar.net
2014-03-04 09:22:20,level3.cedexis.com
2014-03-04 09:22:20,ec2-us-east-1a.cedexis.com
2014-03-04 09:22:21,aspserveur.bench.cedexis.com
2014-03-04 09:22:21,iad1.rackspace.bench.cedexis.com
2014-03-04 09:22:22,um.simpli.fi
2014-03-04 09:22:22,www.lepoint.fr
2014-03-04 09:22:23,apnx-match.dotomi.com
2014-03-04 09:22:57,s.videostep.com
2014-03-04 09:24:35,www.google.fr
2014-03-04 09:24:35,perso.fundp.ac.be
2014-03-04 09:24:36,perso.fundp.ac.be
2014-03-04 09:26:36,www.google.fr
2014-03-04 09:26:47,www.lepoint.fr
2014-03-04 09:26:47,ajax.googleapis.com
2014-03-04 09:26:48,www.lepoint.fr
2014-03-04 09:26:48,player.mediabong.com
2014-03-04 09:26:48,videosfr.s3.amazonaws.com
2014-03-04 09:26:50,www.lepoint.fr
2014-03-04 09:26:57,pixel.alephd.com
2014-03-04 09:26:58,pixel.alephd.com
2014-03-04 09:26:58,images.orangepublicite.fr
2014-03-04 09:26:59,u.videostep.com
2014-03-04 09:26:59,www.lepoint.fr
2014-03-04 09:26:59,s.videostep.com
2014-03-04 09:26:59,pixel.alephd.com
2014-03-04 09:26:59,choices.truste.com
2014-03-04 09:26:59,kweb.videostep.com
2014-03-04 09:26:59,static.videostep.com
2014-03-04 09:27:00,choices.truste.com
2014-03-04 09:27:00,www.lepoint.fr
2014-03-04 09:27:03,u.videostep.com
2014-03-04 09:27:04,s.videostep.com
2014-03-04 09:27:14,s.videostep.com
2014-03-04 09:27:34,s.videostep.com
2014-03-04 09:28:14,s.videostep.com
2014-03-04 09:33:10,www.google.com
2014-03-04 09:33:16,static.commentcamarche.net
2014-03-04 09:33:16,ba.commentcamarche.net
2014-03-04 09:33:16,static.ccm2.net
2014-03-04 09:33:16,www.google.fr
2014-03-04 09:33:16,www.google.com
2014-03-04 09:33:16,www.commentcamarche.net
2014-03-04 09:33:17,ba.commentcamarche.net
2014-03-04 09:33:17,static.ccm2.net
2014-03-04 09:33:17,ce.lijit.com
2014-03-04 09:33:17,www.facebook.com
2014-03-04 09:33:17,pixel.alephd.com
2014-03-04 09:33:18,connect.facebook.net
2014-03-04 09:33:18,loadr.exelator.com
2014-03-04 09:33:18,platform.twitter.com
2014-03-04 09:33:18,www.facebook.com
2014-03-04 09:33:18,pixel.alephd.com
2014-03-04 09:33:19,choices.truste.com
2014-03-04 09:33:19,www.facebook.com
2014-03-04 09:33:19,ba.commentcamarche.net
2014-03-04 09:33:19,pixel.alephd.com
2014-03-04 09:33:19,platform.twitter.com
2014-03-04 09:33:20,pixel.alephd.com
2014-03-04 09:33:20,choices.truste.com
2014-03-04 09:33:24,www.commentcamarche.net
2014-03-04 09:33:24,ba.commentcamarche.net
2014-03-04 09:33:25,ba.commentcamarche.net
2014-03-04 09:33:25,static.ccm2.net
2014-03-04 09:33:25,www.facebook.com
2014-03-04 09:33:25,pixel.alephd.com
2014-03-04 09:33:25,cm.adgrx.com
2014-03-04 09:33:26,ba.commentcamarche.net
2014-03-04 09:33:26,www.facebook.com
2014-03-04 09:33:26,pixel.alephd.com
2014-03-04 09:33:27,ea.virginmobile.fr
2014-03-04 09:33:27,pixel.alephd.com
2014-03-04 09:33:27,www.facebook.com
2014-03-04 09:33:27,twitter.com
2014-03-04 09:33:28,pixel.alephd.com
2014-03-04 09:33:28,twitter.com
2014-03-04 09:33:29,apis.google.com
2014-03-04 09:33:30,apis.google.com
2014-03-04 09:33:33,www.facebook.com
2014-03-04 09:33:33,accounts.google.com
2014-03-04 09:33:35,accounts.google.com
2014-03-04 09:33:35,apis.google.com
2014-03-04 09:33:35,twitter.com
2014-03-04 09:33:35,www.commentcamarche.net
2014-03-04 09:33:35,ba.commentcamarche.net
2014-03-04 09:33:36,static.ccm2.net
2014-03-04 09:33:36,www.facebook.com
2014-03-04 09:33:36,ba.commentcamarche.net
2014-03-04 09:33:36,twitter.com
2014-03-04 09:33:37,apis.google.com
2014-03-04 09:33:37,www.facebook.com
2014-03-04 09:33:38,static.ebz.io
2014-03-04 09:33:39,static.ccm2.net
2014-03-04 09:33:45,www.commentcamarche.net
2014-03-04 09:33:51,www.google.fr
2014-03-04 09:33:52,www.tutoriauxpc.com
2014-03-04 09:33:52,www.google.fr
2014-03-04 09:33:52,twitter.com
2014-03-04 09:33:53,www.tutoriauxpc.com
2014-03-04 09:33:54,www.tutoriauxpc.com
2014-03-04 09:33:55,www.tutoriauxpc.com
2014-03-20 08:07:39,logc258.at.pagesjaunes.fr
2014-03-20 08:07:39,www.pagesjaunes.fr
2014-03-20 08:07:39,dev.virtualearth.net
2014-03-20 08:07:39,www.bing.com
2014-03-20 08:07:40,www.bing.com
2014-03-20 08:07:41,www.bing.com
2014-03-20 08:07:41,login.live.com
2014-03-20 08:07:41,cms.abmr.net
2014-03-20 08:08:42,conseils.xpair.com
2014-03-20 08:08:43,conseils.xpair.com
2014-03-20 08:08:43,media.xpair.com
2014-03-20 08:08:43,connect.facebook.net
2014-03-20 08:08:43,platform.linkedin.com
2014-03-20 08:08:43,platform.twitter.com
2014-03-20 08:08:44,media.xpair.com
2014-03-20 08:08:45,www.xpair.com
2014-03-20 08:08:45,annuaire.xpair.com
2014-03-20 08:08:46,www.xpair.com
2014-03-20 08:08:55,media.xpair.com
2014-03-20 08:08:55,platform.twitter.com
2014-03-20 08:08:55,www.xpair.com
2014-03-20 08:08:55,apis.google.com
2014-03-20 08:08:55,s-static.ak.facebook.com
2014-03-20 08:08:55,platform.linkedin.com
2014-03-20 08:08:55,static.ak.facebook.com
2014-03-20 08:08:56,www.facebook.com
2014-03-20 08:08:56,apis.google.com
2014-03-20 08:08:56,media.xpair.com
2014-03-20 08:08:58,accounts.google.com
2014-03-20 08:09:00,apis.google.com
2014-03-20 08:09:00,www.linkedin.com
2014-03-20 08:09:05,twitter.com
2014-03-20 08:10:07,accounts.google.com
2014-03-20 08:31:59,go.microsoft.com
2014-03-20 08:31:59,shell.windows.com
2014-03-20 08:32:00,shell.windows.com
2014-03-20 08:32:01,shell.windows.com
2014-03-20 08:40:13,www.bing.com
2014-03-20 08:40:14,login.live.com
2014-03-20 08:40:14,www.bing.com
2014-03-20 09:12:55,www.bing.com
2014-03-20 09:12:56,www.bing.com
2014-03-20 09:12:58,s.ytimg.com
2014-03-20 09:12:58,www.bing.com
2014-03-20 09:12:58,www.youtube.com
2014-03-20 09:12:58,i1.ytimg.com
2014-03-20 09:12:59,s.ytimg.com
2014-03-20 09:12:59,i1.ytimg.com
2014-03-20 09:13:00,clients1.google.com
2014-03-20 09:13:00,s.ytimg.com
2014-03-20 09:13:00,www.youtube.com
2014-03-20 09:13:01,r3---sn-gxo5uxg-jqbe.googlevideo.com
2014-03-20 09:13:01,www.youtube.com
2014-03-20 09:13:01,s.youtube.com
2014-03-20 09:13:01,clients1.google.com
2014-03-20 09:13:01,s.ytimg.com
2014-03-20 09:13:02,clients1.google.com
2014-03-20 09:13:04,clients1.google.com
2014-03-20 09:13:04,s.ytimg.com
2014-03-20 09:13:06,s.youtube.com
2014-03-20 09:13:07,s.youtube.com
2014-03-20 09:13:07,login.live.com
2014-03-20 09:13:08,i1.ytimg.com
2014-03-20 09:13:08,www.google.com
2014-03-20 09:13:08,s.ytimg.com
2014-03-20 09:13:08,www.youtube.com
2014-03-20 09:13:09,i1.ytimg.com
2014-03-20 09:13:10,yt3.ggpht.com
2014-03-20 09:13:11,apis.google.com
2014-03-20 09:13:12,www.youtube.com
2014-03-20 09:13:12,r2---sn-gxo5uxg-jqbe.googlevideo.com
2014-03-20 09:13:12,www.youtube-nocookie.com
2014-03-20 09:13:12,s.ytimg.com
2014-03-20 09:13:12,apis.google.com
2014-03-20 09:13:12,yt3.ggpht.com
2014-03-20 09:13:13,accounts.google.com
2014-03-20 09:13:13,yt3.ggpht.com
2014-03-20 09:13:13,www.youtube.com
2014-03-20 09:13:13,s.youtube.com
2014-03-20 09:13:13,www.google.com
2014-03-20 09:13:13,i1.ytimg.com
2014-03-20 09:13:13,r2---sn-gxo5uxg-jqbe.googlevideo.com
2014-03-20 09:13:13,s.ytimg.com
2014-03-20 09:13:15,www.youtube.com
2014-03-20 09:13:15,i1.ytimg.com
2014-03-20 09:13:15,s.ytimg.com
2014-03-20 09:13:15,apis.google.com
2014-03-20 09:13:16,i1.ytimg.com
2014-03-20 09:13:16,gdata.youtube.com
2014-03-20 09:13:16,www.youtube.com
2014-03-20 09:13:16,s.youtube.com
2014-03-20 09:13:16,r4---sn-gxo5uxg-jqbe.googlevideo.com
2014-03-20 09:13:16,yt3.ggpht.com
2014-03-20 09:13:16,accounts.google.com
2014-03-20 09:13:17,i1.ytimg.com
2014-03-20 09:13:17,www.youtube.com
2014-03-20 09:13:17,r4---sn-gxo5uxg-jqbe.googlevideo.com
2014-03-20 09:13:17,yt3.ggpht.com
2014-03-20 09:13:17,choices.truste.com
2014-03-20 09:13:18,r4---sn-gxo5uxg-jqbe.googlevideo.com
2014-03-20 09:13:18,choices.truste.com
2014-03-20 09:13:18,plus.googleapis.com
2014-03-20 09:13:19,i1.ytimg.com
2014-03-20 09:13:19,choices.truste.com
2014-03-20 09:13:21,r4---sn-gxo5uxg-jqbe.googlevideo.com
2014-03-20 09:13:21,s.youtube.com
2014-03-20 09:13:21,yt3.ggpht.com
2014-03-20 09:13:21,i1.ytimg.com
2014-03-20 09:13:21,www.youtube.com
2014-03-20 09:13:21,www.youtube-nocookie.com
2014-03-20 09:13:22,www.youtube.com
2014-03-20 09:13:23,www.youtube.com
2014-03-20 09:13:24,www.youtube.com
2014-03-20 09:13:24,plus.googleapis.com
2014-03-20 09:13:26,s.youtube.com
2014-03-20 09:13:31,www.youtube.com
2014-03-20 09:13:31,apis.google.com
2014-03-20 09:13:31,i1.ytimg.com
2014-03-20 09:13:31,yt3.ggpht.com
2014-03-20 09:13:31,s.ytimg.com
2014-03-20 09:13:31,plus.googleapis.com
2014-03-20 09:13:32,www.youtube.com
2014-03-20 09:13:38,s.ytimg.com
2014-03-20 09:13:38,i1.ytimg.com
2014-03-20 09:13:39,apis.google.com
2014-03-20 09:13:39,www.youtube.com
2014-03-20 09:13:40,s.youtube.com
2014-03-20 09:13:40,www.youtube.com
2014-03-20 09:13:40,www.google.com
2014-03-20 09:13:40,r4---sn-gxo5uxg-jqbe.googlevideo.com
2014-03-20 09:13:41,r4---sn-gxo5uxg-jqbe.googlevideo.com
2014-03-20 09:13:44,r4---sn-gxo5uxg-jqbe.googlevideo.com
2014-03-20 09:13:44,s.youtube.com
2014-03-20 09:13:47,s.youtube.com
2014-03-20 09:13:50,s.youtube.com
2014-03-20 09:13:53,r4---sn-gxo5uxg-jqbe.googlevideo.com
2014-03-20 09:13:57,s.youtube.com
2014-03-20 09:13:59,r4---sn-gxo5uxg-jqbe.googlevideo.com
2014-03-20 09:14:07,s.youtube.com
2014-03-20 09:14:09,i1.ytimg.com
2014-03-20 09:14:19,i1.ytimg.com
2014-03-20 09:14:20,s.youtube.com
2014-03-20 09:14:21,s.youtube.com
2014-03-20 09:14:31,i1.ytimg.com
2014-03-20 09:14:31,plus.googleapis.com
2014-03-20 09:14:32,i1.ytimg.com
2014-03-20 09:14:45,www.youtube.com
2014-03-20 09:14:50,s.youtube.com
2014-03-20 09:15:00,www.youtube.com
2014-03-20 09:15:01,yt3.ggpht.com
2014-03-20 09:15:01,i1.ytimg.com
2014-03-20 09:15:01,s.ytimg.com
2014-03-20 09:15:01,www.youtube.com
2014-03-20 09:15:02,yt3.ggpht.com
2014-03-20 09:15:02,i1.ytimg.com
2014-03-20 09:15:02,s.youtube.com
2014-03-20 09:15:02,s.ytimg.com
2014-03-20 09:15:02,www.youtube.com
2014-03-20 09:15:03,www.youtube.com
2014-03-20 09:15:03,r1---sn-gxo5uxg-jqbe.googlevideo.com
2014-03-20 09:15:03,s.youtube.com
2014-03-20 09:15:04,yt3.ggpht.com
2014-03-20 09:15:04,s.youtube.com
2014-03-20 09:15:04,www.youtube.com
2014-03-20 09:15:04,r1---sn-gxo5uxg-jqbe.googlevideo.com
2014-03-20 09:15:05,i1.ytimg.com
2014-03-20 09:15:05,yt3.ggpht.com
2014-03-20 09:15:17,www.youtube.com
2014-03-20 09:15:18,s.youtube.com
2014-03-20 09:15:18,i1.ytimg.com
2014-03-20 09:15:18,www.youtube.com
2014-03-20 09:15:18,www.youtube-nocookie.com
2014-03-20 09:15:18,apis.google.com
2014-03-20 09:15:18,r1---sn-gxo5uxg-jqbe.googlevideo.com
2014-03-20 09:15:19,i1.ytimg.com
2014-03-20 09:15:19,r1---sn-gxo5uxg-jqbe.googlevideo.com
2014-03-20 09:15:19,www.youtube.com
2014-03-20 09:15:19,s.youtube.com
2014-03-20 09:15:20,plus.googleapis.com
2014-03-20 09:15:20,r1---sn-gxo5uxg-jqbe.googlevideo.com
2014-03-20 09:15:24,s.youtube.com
2014-03-20 09:15:27,s.youtube.com
2014-03-20 09:15:28,s.youtube.com
2014-03-20 09:15:29,www.youtube.com
2014-03-20 09:15:32,r1---sn-gxo5uxg-jqbe.googlevideo.com
2014-03-20 09:15:34,www.youtube.com
2014-03-20 09:15:37,s.youtube.com
2014-03-20 09:15:38,r1---sn-gxo5uxg-jqbe.googlevideo.com
2014-03-20 09:15:41,plus.googleapis.com
2014-03-20 09:15:47,s.youtube.com
2014-03-20 09:15:53,r1---sn-gxo5uxg-jqbe.googlevideo.com
2014-03-20 09:15:57,r1---sn-gxo5uxg-jqbe.googlevideo.com
2014-03-20 09:15:58,s.youtube.com
2014-03-20 09:16:08,r1---sn-gxo5uxg-jqbe.googlevideo.com
2014-03-20 09:16:18,r1---sn-gxo5uxg-jqbe.googlevideo.com
2014-03-20 09:16:22,s.youtube.com
2014-03-20 09:16:23,r1---sn-gxo5uxg-jqbe.googlevideo.com
2014-03-20 09:16:28,s.youtube.com
2014-03-20 09:16:33,plus.googleapis.com
2014-03-20 09:16:38,r1---sn-gxo5uxg-jqbe.googlevideo.com
2014-03-20 09:16:39,r1---sn-gxo5uxg-jqbe.googlevideo.com
2014-03-20 09:16:40,i1.ytimg.com
2014-03-20 09:16:49,i1.ytimg.com
2014-03-20 09:16:53,r1---sn-gxo5uxg-jqbe.googlevideo.com
2014-03-20 09:16:58,s.youtube.com
2014-03-20 09:17:03,www.youtube.com
2014-03-20 09:17:03,s.youtube.com
2014-03-20 09:17:03,i1.ytimg.com
2014-03-20 09:17:07,www.youtube.com
2014-03-20 09:17:07,r3---sn-gxo5uxg-jqbe.googlevideo.com
2014-03-20 09:17:07,www.youtube-nocookie.com
2014-03-20 09:17:07,i1.ytimg.com
2014-03-20 09:17:08,plus.googleapis.com
2014-03-20 09:17:08,s.youtube.com
2014-03-20 09:17:08,i1.ytimg.com
2014-03-20 09:17:08,gdata.youtube.com
2014-03-20 09:17:09,i1.ytimg.com
2014-03-20 09:17:09,yt3.ggpht.com
2014-03-20 09:17:09,s.youtube.com
2014-03-20 09:17:09,r4---sn-gxo5uxg-jqbe.googlevideo.com
2014-03-20 09:17:09,s.ytimg.com
2014-03-20 09:17:09,gdata.youtube.com
2014-03-20 09:17:09,www.youtube.com
2014-03-20 09:17:09,plus.googleapis.com
2014-03-20 09:17:10,s.youtube.com
2014-03-20 09:17:10,r4---sn-gxo5uxg-jqbe.googlevideo.com
2014-03-20 09:17:13,r4---sn-gxo5uxg-jqbe.googlevideo.com
2014-03-20 09:17:16,www.youtube.com
2014-03-20 09:17:16,r3---sn-gxo5uxg-jqbe.googlevideo.com
2014-03-20 09:17:17,s.youtube.com
2014-03-20 09:17:17,r3---sn-gxo5uxg-jqbe.googlevideo.com
2014-03-20 09:17:17,www.youtube.com
2014-03-20 09:17:18,s.youtube.com
2014-03-20 09:17:19,s.youtube.com
2014-03-20 09:17:21,s.youtube.com
2014-03-20 09:17:22,s.youtube.com
2014-03-20 09:17:26,s.youtube.com
2014-03-20 09:17:27,r3---sn-gxo5uxg-jqbe.googlevideo.com
2014-03-20 09:17:28,s.youtube.com
2014-03-20 09:17:32,s.youtube.com
2014-03-20 09:17:35,r3---sn-gxo5uxg-jqbe.googlevideo.com
2014-03-20 09:17:42,s.youtube.com
2014-03-20 09:17:50,r3---sn-gxo5uxg-jqbe.googlevideo.com
2014-03-20 09:17:52,r3---sn-gxo5uxg-jqbe.googlevideo.com
2014-03-20 09:17:56,s.youtube.com
2014-03-20 09:18:05,r3---sn-gxo5uxg-jqbe.googlevideo.com
2014-03-20 09:18:06,s.youtube.com
2014-03-20 09:18:26,s.youtube.com
2014-03-20 09:18:32,i1.ytimg.com
2014-03-20 09:18:40,i1.ytimg.com
2014-03-20 09:18:40,plus.googleapis.com
2014-03-20 09:18:43,www.youtube.com
2014-03-20 09:18:46,s.youtube.com
2014-03-20 09:18:56,s.youtube.com
2014-03-20 09:19:05,s.youtube.com
2014-03-20 09:19:05,i1.ytimg.com
2014-03-20 09:19:05,www.youtube.com
2014-03-20 09:19:07,i1.ytimg.com
2014-03-20 09:19:11,i1.ytimg.com
2014-03-20 09:19:13,i1.ytimg.com
2014-03-20 09:24:14,www.consommerdurable.com
2014-03-20 09:24:14,1.gravatar.com
2014-03-20 09:24:14,0.gravatar.com
2014-03-20 09:24:14,www.facebook.com
2014-03-20 09:24:14,enquete.consoglobe.com
2014-03-20 09:24:14,autopromo.consoglobe.com
2014-03-20 09:24:15,autopromo.consoglobe.com
2014-03-20 09:24:15,enquete.consoglobe.com
2014-03-20 09:27:44,www.bing.com
2014-03-20 09:27:50,www.bing.com
2014-03-20 09:27:51,www.bing.com
2014-03-20 09:27:55,login.live.com
2014-03-20 09:27:57,www.bing.com
2014-03-20 09:27:57,login.live.com
2014-03-20 09:27:58,platform.twitter.com
2014-03-20 09:27:58,connect.facebook.net
2014-03-20 09:27:58,static.ak.facebook.com
2014-03-20 09:27:58,www.google.com
2014-03-20 09:27:58,clients1.google.com
2014-03-20 09:27:58,www.facebook.com
2014-03-20 09:27:58,s-static.ak.facebook.com
2014-03-20 09:27:59,www.google.com
2014-03-20 09:27:59,ssl.bing.com
2014-03-20 09:28:00,www.google.com
2014-03-20 09:28:06,twitter.com
2014-03-20 09:28:10,www.googleapis.com
2014-03-20 09:28:10,apis.google.com
2014-03-20 09:28:11,www.googleapis.com
2014-03-20 09:28:11,apis.google.com
2014-03-20 09:28:11,twitter.com
2014-03-20 09:28:11,www.google.com
2014-03-20 09:28:13,accounts.google.com
2014-03-20 09:28:19,www.google.com
2014-03-20 09:28:24,www.google.com
2014-03-20 09:28:28,www.bing.com
2014-03-20 09:28:29,accounts.google.com
2014-03-20 09:28:29,apis.google.com
2014-03-20 09:28:29,www.bing.com
2014-03-20 09:28:32,www.bing.com
2014-03-20 09:28:35,www.developpement-durable.gouv.fr
2014-03-20 09:28:35,www.bing.com
2014-03-20 09:28:43,login.live.com
2014-03-20 09:30:01,www.bing.com
2014-03-20 09:30:02,www.bing.com
2014-03-20 09:30:03,www.bing.com
2014-03-20 09:30:03,login.live.com
2014-03-20 09:30:05,apis.google.com
2014-03-20 09:30:05,www.qualite-air-interieur.fr
2014-03-20 09:30:06,www.qualite-air-interieur.fr
2014-03-20 09:30:07,www.qualite-air-interieur.fr
2014-03-20 09:30:09,www.bing.com
2014-03-20 09:30:13,code.caducee.net
2014-03-20 09:30:13,www.bing.com
2014-03-20 09:30:13,www.caducee.net
2014-03-20 09:30:13,x2.vindicosuite.com
2014-03-20 09:30:14,www.caducee.net
2014-03-20 09:30:14,rs.mediapostcommunication.net
2014-03-20 09:30:14,ws.mediapostcommunication.net
2014-03-20 09:30:14,av.mediapostcommunication.net
2014-03-20 09:30:14,www.facebook.com
2014-03-20 09:30:14,x2.vindicosuite.com
2014-03-20 09:30:15,apis.google.com
2014-03-20 09:30:15,www.caducee.net
2014-03-20 09:30:16,accounts.google.com
2014-03-20 09:30:19,b12.myspace.com
2014-03-20 09:30:20,b12.myspace.com
2014-03-20 09:30:20,login.live.com
2014-03-20 09:30:23,www.hon.ch
2014-03-20 09:30:27,www.bing.com
2014-03-20 09:30:28,www.honcode.ch
2014-03-20 09:30:29,www.bing.com
2014-03-20 09:30:29,login.live.com
2014-03-20 09:30:29,b12.myspace.com
2014-03-20 09:30:38,www.bing.com
2014-03-20 09:30:40,login.live.com
2014-03-20 09:30:40,ajax.googleapis.com
2014-03-20 09:30:40,static.vedura.fr
2014-03-20 09:30:40,www.bing.com
2014-03-20 09:30:40,www.vedura.fr
2014-03-20 09:30:41,static.vedura.fr
2014-03-20 09:30:41,images.vedura.fr
2014-03-20 09:30:42,media.wow-europe.com
2014-03-20 09:30:42,www.vedura.fr
2014-03-20 09:30:47,www.bing.com
2014-03-20 09:30:49,login.live.com
2014-03-20 09:30:56,www.bing.com
2014-03-20 09:30:57,www.bing.com
2014-03-20 09:31:08,www.bing.com
2014-03-20 09:31:09,ts3.mm.bing.net
2014-03-20 09:31:09,ts2.mm.bing.net
2014-03-20 09:31:09,ts4.mm.bing.net
2014-03-20 09:31:09,www.bing.com
2014-03-20 09:31:09,ssl.bing.com
2014-03-20 09:31:09,ts1.mm.bing.net
2014-03-20 09:31:10,ts2.mm.bing.net
2014-03-20 09:31:10,ts4.mm.bing.net
2014-03-20 09:31:10,ts1.mm.bing.net
2014-03-20 09:31:10,www.bing.com
2014-03-20 09:31:10,ts3.mm.bing.net
2014-03-20 09:31:11,www.bing.com
2014-03-20 09:31:12,login.live.com
2014-03-20 09:31:15,www.bing.com
2014-03-20 09:31:20,www.bing.com
2014-03-20 09:31:49,www.bing.com
2014-03-20 09:31:54,www.bing.com
2014-03-20 09:32:00,www.bing.com
2014-03-20 09:32:00,la.maison.empoisonnee.pagesperso-orange.fr
2014-03-20 09:32:00,ssl.bing.com
2014-03-20 09:32:01,login.live.com
2014-03-20 09:32:02,www.bing.com
2014-03-20 09:32:03,www.bing.com
2014-03-20 09:32:03,www.senat.fr
2014-03-20 09:32:04,www.senat.fr
2014-03-20 09:32:07,www.bing.com
2014-03-20 09:32:09,www.bing.com
2014-03-20 09:32:09,login.live.com
2014-03-20 09:32:12,www.bing.com
2014-03-20 09:32:13,www.observatoire-environnement.org
2014-03-20 09:32:13,www.aceve-environnement.org
2014-03-20 09:32:13,ssl.bing.com
2014-03-20 09:32:17,www.bing.com
2014-03-20 09:32:27,www.bing.com
2014-03-20 09:32:50,www.bing.com
2014-03-20 09:32:50,www.buldair.org
2014-03-20 09:32:51,www.buldair.org
2014-03-20 09:32:52,www.buldair.org
2014-03-20 09:32:52,www.bing.com
2014-03-20 09:33:02,www.bing.com
2014-03-20 09:53:28,www.bing.com
2014-03-20 09:53:31,www.bing.com
2014-03-20 09:53:34,www.bing.com
2014-03-20 09:53:37,www.bing.com
2014-03-20 09:53:39,login.live.com
2014-03-20 09:53:41,login.live.com
2014-04-17 07:58:30,ocsp.thawte.com
2014-04-17 07:59:31,gtssl-ocsp.geotrust.com
2014-04-17 08:00:12,clients1.google.com
2014-04-17 08:00:12,gtglobal-ocsp.geotrust.com
2014-04-17 08:00:12,safebrowsing.clients.google.com
2014-04-17 08:00:12,safebrowsing-cache.google.com
2014-04-17 08:00:13,safebrowsing-cache.google.com
2014-04-17 08:00:52,www.bing.com
2014-04-17 08:00:54,www.bing.com
2014-04-17 08:00:55,www.bing.com
2014-04-17 08:00:55,cms.abmr.net
2014-04-17 08:00:56,fpdownload2.macromedia.com
2014-04-17 08:01:42,ieonline.microsoft.com
2014-04-17 08:03:08,sb-ssl.google.com
2014-04-17 08:06:29,ocsp.verisign.com
2014-04-17 08:08:29,ocsp.digicert.com
2014-04-17 08:14:45,www.bing.com
2014-04-17 08:14:46,fr.youtube.com
2014-04-17 08:14:46,s.ytimg.com
2014-04-17 08:14:46,www.bing.com
2014-04-17 08:14:47,s.ytimg.com
2014-04-17 08:14:47,www.youtube.com
2014-04-17 08:14:47,i1.ytimg.com
2014-04-17 08:14:48,s.ytimg.com
2014-04-17 08:14:48,www.youtube.com
2014-04-17 08:14:48,clients1.google.com
2014-04-17 08:14:49,s.youtube.com
2014-04-17 08:14:49,s.ytimg.com
2014-04-17 08:14:49,clients1.google.com
2014-04-17 08:14:49,i1.ytimg.com
2014-04-17 08:14:49,www.youtube.com
2014-04-17 08:14:49,r4---sn-gxo5uxg-jqbe.googlevideo.com
2014-04-17 08:14:50,r4---sn-gxo5uxg-jqbe.googlevideo.com
2014-04-17 08:14:50,s.youtube.com
2014-04-17 08:14:51,clients1.google.com
2014-04-17 08:14:51,s.ytimg.com
2014-04-17 08:14:52,clients1.google.com
2014-04-17 08:14:52,s.ytimg.com
2014-04-17 08:14:53,www.youtube.com
2014-04-17 08:14:53,clients1.google.com
2014-04-17 08:14:54,s.youtube.com
2014-04-17 08:14:54,clients1.google.com
2014-04-17 08:14:56,www.google.com
2014-04-17 08:14:56,www.youtube.com
2014-04-17 08:14:56,s.ytimg.com
2014-04-17 08:14:56,i1.ytimg.com
2014-04-17 08:14:57,s.ytimg.com
2014-04-17 08:14:57,i1.ytimg.com
2014-04-17 08:14:57,ea.numericable.fr
2014-04-17 08:14:58,ad.publicidees.com
2014-04-17 08:14:58,clients1.google.com
2014-04-17 08:14:59,clients1.google.com
2014-04-17 08:14:59,yt3.ggpht.com
2014-04-17 08:14:59,apis.google.com
2014-04-17 08:15:00,clients1.google.com
2014-04-17 08:15:01,apis.google.com
2014-04-17 08:15:01,accounts.google.com
2014-04-17 08:15:01,yt3.ggpht.com
2014-04-17 08:15:01,i1.ytimg.com
2014-04-17 08:15:01,www.youtube.com
2014-04-17 08:15:01,www.google.com
2014-04-17 08:15:10,r3---sn-gxo5uxg-jqbe.googlevideo.com
2014-04-17 08:15:10,accounts.google.com
2014-04-17 08:15:10,www.youtube.com
2014-04-17 08:15:11,s.ytimg.com
2014-04-17 08:15:11,www.youtube.com
2014-04-17 08:15:11,s.youtube.com
2014-04-17 08:15:11,www.google.com
2014-04-17 08:15:11,apis.google.com
2014-04-17 08:15:11,r3---sn-gxo5uxg-jqbe.googlevideo.com
2014-04-17 08:15:11,i1.ytimg.com
2014-04-17 08:15:13,r3---sn-gxo5uxg-jqbe.googlevideo.com
2014-04-17 08:15:14,plus.googleapis.com
2014-04-17 08:15:16,s.youtube.com
2014-04-17 08:15:16,apis.google.com
2014-04-17 08:15:16,plus.googleapis.com
2014-04-17 08:15:17,r3---sn-gxo5uxg-jqbe.googlevideo.com
2014-04-17 08:15:19,s.youtube.com
2014-04-17 08:15:19,r3---sn-gxo5uxg-jqbe.googlevideo.com
2014-04-17 08:15:20,s.youtube.com
2014-04-17 08:15:29,s.youtube.com
2014-04-17 08:19:24,plus.googleapis.com
2014-04-17 08:20:23,plus.googleapis.com
2014-04-17 08:23:15,clients1.google.com
2014-04-17 08:24:14,www.google.fr
2014-04-17 08:24:14,www.monquotidienautrement.com
2014-04-17 08:24:15,connect.facebook.net
2014-04-17 08:24:15,www.monquotidienautrement.com
2014-04-17 08:24:15,static.ak.facebook.com
2014-04-17 08:24:15,s-static.ak.facebook.com
2014-04-17 08:24:16,www.monquotidienautrement.com
2014-04-17 08:24:17,www.monquotidienautrement.com
2014-04-17 08:24:18,www.monquotidienautrement.com
2014-04-17 08:24:18,www.google.fr
2014-04-17 08:24:18,www.facebook.com
2014-04-17 08:24:29,www.monquotidienautrement.com
2014-04-17 08:25:17,www.google.fr
2014-04-17 08:25:17,www.sonelo.com
2014-04-17 08:25:26,www.sonelo.com
2014-04-17 08:26:18,apis.google.com
2014-04-17 08:26:32,www.google.com
2014-04-17 08:28:06,clients1.google.fr
2014-04-17 08:28:12,www.google.fr
2014-04-17 08:28:42,safebrowsing.clients.google.com
2014-04-17 08:28:42,safebrowsing-cache.google.com
2014-04-17 08:28:43,safebrowsing-cache.google.com
2014-04-17 08:30:58,www.youtube.com
2014-04-17 08:30:59,s.youtube.com
2014-04-17 08:30:59,www.youtube.com
2014-04-17 08:30:59,r3---sn-gxo5uxg-jqbe.googlevideo.com
2014-04-17 08:30:59,s.ytimg.com
2014-04-17 08:31:00,www.youtube.com
2014-04-17 08:31:00,r3---sn-gxo5uxg-jqbe.googlevideo.com
2014-04-17 08:31:01,s.youtube.com
2014-04-17 08:31:01,r3---sn-gxo5uxg-jqbe.googlevideo.com
2014-04-17 08:31:03,i1.ytimg.com
2014-04-17 08:31:03,www.youtube.com
2014-04-17 08:31:11,apis.google.com
2014-04-17 08:31:12,apis.google.com
2014-04-17 08:31:44,ieonline.microsoft.com
2014-04-17 08:59:48,safebrowsing.clients.google.com
2014-04-17 08:59:48,safebrowsing-cache.google.com
2014-04-17 09:01:47,ieonline.microsoft.com
2014-04-17 09:05:43,www.youtube.com
2014-04-17 09:05:43,i1.ytimg.com
2014-04-17 09:05:44,s.ytimg.com
2014-04-17 09:05:44,www.youtube.com
2014-04-17 09:05:45,www.youtube.com
2014-04-17 09:05:45,r4---sn-gxo5uxg-jqbe.googlevideo.com
2014-04-17 09:05:45,i1.ytimg.com
2014-04-17 09:05:45,s.youtube.com
2014-04-17 09:05:46,r4---sn-gxo5uxg-jqbe.googlevideo.com
2014-04-17 09:05:46,s.youtube.com
2014-04-17 09:05:55,www.youtube.com
2014-04-17 09:05:55,r3---sn-gxo5uxg-jqbe.googlevideo.com
2014-04-17 09:05:56,www.youtube.com
2014-04-17 09:05:56,s.youtube.com
2014-04-17 09:05:56,r3---sn-gxo5uxg-jqbe.googlevideo.com
2014-04-17 09:05:56,clients1.google.com
2014-04-17 09:05:58,apis.google.com
2014-04-17 09:05:58,s.youtube.com
2014-04-17 09:05:59,i1.ytimg.com
2014-04-17 09:05:59,plus.googleapis.com
2014-04-17 09:05:59,apis.google.com
2014-04-17 09:05:59,www.youtube.com
2014-04-17 09:06:01,s.youtube.com
2014-04-17 09:06:03,r3---sn-gxo5uxg-jqbe.googlevideo.com
2014-04-17 09:06:06,s.youtube.com
2014-04-17 09:06:08,s.youtube.com
2014-04-17 09:06:11,r3---sn-gxo5uxg-jqbe.googlevideo.com
2014-04-17 09:06:15,r3---sn-gxo5uxg-jqbe.googlevideo.com
2014-04-17 09:06:18,s.youtube.com
2014-04-17 09:06:30,r3---sn-gxo5uxg-jqbe.googlevideo.com
2014-04-17 09:06:35,r3---sn-gxo5uxg-jqbe.googlevideo.com
2014-04-17 09:06:36,s.youtube.com
2014-04-17 09:06:45,r3---sn-gxo5uxg-jqbe.googlevideo.com
2014-04-17 09:07:00,r3---sn-gxo5uxg-jqbe.googlevideo.com
2014-04-17 09:07:00,plus.googleapis.com
2014-04-17 09:07:00,apis.google.com
2014-04-17 09:07:02,s.youtube.com
2014-04-17 09:07:06,s.youtube.com
2014-04-17 09:07:29,i1.ytimg.com
2014-04-17 09:07:35,www.youtube.com
2014-04-17 09:07:36,s.youtube.com
2014-04-17 09:07:43,s.youtube.com
2014-04-17 09:09:06,conseils.xpair.com
2014-04-17 09:09:06,media.xpair.com
2014-04-17 09:09:06,connect.facebook.net
2014-04-17 09:09:06,platform.twitter.com
2014-04-17 09:09:07,platform.linkedin.com
2014-04-17 09:09:07,media.xpair.com
2014-04-17 09:09:07,conseils.xpair.com
2014-04-17 09:09:07,www.xpair.com
2014-04-17 09:09:07,annuaire.xpair.com
2014-04-17 09:09:08,s-static.ak.facebook.com
2014-04-17 09:09:08,www.xpair.com
2014-04-17 09:09:08,annuaire.xpair.com
2014-04-17 09:09:08,media.xpair.com
2014-04-17 09:09:08,static.ak.facebook.com
2014-04-17 09:09:08,platform.twitter.com
2014-04-17 09:09:08,www.facebook.com
2014-04-17 09:09:08,platform.linkedin.com
2014-04-17 09:09:09,media.xpair.com
2014-04-17 09:09:13,www.linkedin.com
2014-04-17 09:09:18,twitter.com
2014-04-17 09:09:18,apis.google.com
2014-04-17 09:11:32,www.sonelo.com
2014-04-17 09:31:49,ieonline.microsoft.com
2014-04-17 09:36:56,www.perinat-france.org
2014-04-17 09:36:57,indoorpol.wiv-isp.be
2014-04-17 09:36:58,indoorpol.wiv-isp.be
2014-04-17 09:37:03,indoorpol.wiv-isp.be
2014-04-17 09:37:04,indoorpol.wiv-isp.be
2014-04-17 09:37:05,indoorpol.wiv-isp.be
2014-04-17 09:37:07,indoorpol.wiv-isp.be
2014-04-17 09:38:16,indoorpol.wiv-isp.be
2014-04-17 09:38:21,www.territoires.gouv.fr
2014-04-17 09:38:48,www.developpement-durable.gouv.fr
2014-04-17 09:38:49,www.developpement-durable.gouv.fr
