timestamp,site
2014-02-20 15:40:32,res1.windows.microsoft.com
2014-02-20 15:40:32,res2.windows.microsoft.com
2014-02-20 15:40:32,js.microsoft.com
2014-02-20 15:40:32,ajax.microsoft.com
2014-02-20 15:40:32,windows.microsoft.com
2014-02-20 15:40:32,go.microsoft.com
2014-02-20 15:40:44,www.bing.com
2014-02-20 15:40:46,www.bing.com
2014-02-20 15:40:49,www.bing.com
2014-02-20 15:41:16,player.vimeo.com
2014-02-20 15:42:25,office.microsoft.com
2014-02-20 15:42:25,office14client.microsoft.com
2014-02-20 15:42:26,office.microsoft.com
2014-02-20 15:43:17,go.microsoft.com
2014-02-20 15:43:17,ieonline.microsoft.com
2014-02-20 16:05:32,www.bing.com
2014-02-20 16:05:33,www.bing.com
2014-02-20 16:05:34,cms.abmr.net
2014-02-20 16:05:34,www.bing.com
2014-02-20 16:05:38,www.bing.com
2014-02-20 16:05:40,www.bing.com
2014-02-20 16:05:42,www.bing.com
2014-02-20 16:05:42,www.google.fr
2014-02-20 16:05:42,login.live.com
2014-02-20 16:05:44,login.live.com
2014-02-20 16:05:49,www.google.fr
2014-02-20 16:05:55,www.google.fr
2014-02-20 16:05:56,www.google.fr
2014-02-20 16:05:56,www.bing.com
2014-02-20 16:05:56,www.google.com
2014-02-20 16:05:57,www.google.fr
2014-02-20 16:05:58,www.google.fr
2014-02-20 16:05:59,apis.google.com
2014-02-20 16:06:01,www.google.com
2014-02-20 16:06:10,www.google.fr
2014-02-20 16:06:10,www.google.com
2014-02-20 16:06:10,apis.google.com
2014-02-20 16:06:10,www.cbs.dtu.dk
2014-02-20 16:09:19,code.jquery.com
2014-02-20 16:09:19,www.cbs.dtu.dk
2014-02-20 16:19:05,www.bing.com
2014-02-20 16:19:09,www.ebi.ac.uk
2014-02-20 16:19:09,www.bing.com
2014-02-20 16:19:10,www.ebi.ac.uk
2014-02-20 16:19:17,login.live.com
2014-02-20 16:19:47,www.ebi.ac.uk
2014-02-20 16:19:48,www.ebi.ac.uk
2014-02-20 16:19:49,www.ebi.ac.uk
2014-02-20 16:19:50,www.ebi.ac.uk
2014-02-20 16:19:55,www.ebi.ac.uk
2014-02-20 16:20:00,www.ebi.ac.uk
2014-02-20 16:20:01,www.ebi.ac.uk
2014-02-20 16:24:45,www.bing.com
2014-02-20 16:24:47,www.bing.com
2014-02-20 16:24:55,www.bing.com
2014-02-20 16:24:56,login.live.com
2014-02-20 16:25:06,www.bing.com
2014-02-20 16:25:10,ssl.bing.com
2014-02-20 16:25:16,www.bing.com
2014-02-20 16:25:17,login.live.com
2014-02-20 16:25:18,www.bing.com
2014-02-20 16:25:31,ssl.bing.com
2014-02-20 16:25:36,ssl.bing.com
2014-02-20 16:25:36,www.bing.com
2014-02-20 16:26:03,www.ebi.ac.uk
2014-02-20 16:37:53,www.ebi.ac.uk
2014-02-20 16:37:54,www.ebi.ac.uk
2014-02-20 16:37:54,platform.twitter.com
2014-02-20 16:46:43,www.ebi.ac.uk
2014-02-20 16:46:44,www.ebi.ac.uk
2014-02-20 16:46:53,www.ebi.ac.uk
2014-02-20 16:46:54,www.ebi.ac.uk
2014-02-20 16:46:55,www.ebi.ac.uk
2014-02-20 16:46:59,www.ebi.ac.uk
2014-02-20 16:47:04,www.ebi.ac.uk
2014-02-20 16:47:05,www.ebi.ac.uk
2014-02-20 16:47:23,www.ebi.ac.uk
2014-02-20 16:57:18,www.ebi.ac.uk
2014-02-20 16:57:51,office.microsoft.com
2014-02-20 17:11:41,www.ebi.ac.uk
2014-02-20 17:11:42,www.ebi.ac.uk
2014-02-20 17:11:50,www.ebi.ac.uk
2014-02-20 17:11:51,www.ebi.ac.uk
2014-02-20 17:11:55,www.ebi.ac.uk
2014-02-20 17:12:00,www.ebi.ac.uk
2014-02-20 17:12:01,www.ebi.ac.uk
2014-02-20 17:12:14,www.ebi.ac.uk
2014-02-20 17:13:38,www.ebi.ac.uk
2014-02-20 17:19:09,player.vimeo.com
2014-02-26 10:05:23,www.bing.com
2014-02-26 10:05:24,www.bing.com
2014-02-26 10:05:25,cms.abmr.net
2014-02-26 10:05:25,www.bing.com
2014-02-26 10:05:27,www.bing.com
2014-02-26 10:05:35,login.live.com
2014-02-26 10:06:00,player.vimeo.com
2014-02-26 10:08:23,ieonline.microsoft.com
2014-02-26 10:11:10,www.google.fr
2014-02-26 10:11:22,www.google.fr
2014-02-26 10:11:23,apis.google.com
2014-02-26 10:11:25,www.google.com
2014-02-26 10:11:33,genes.mit.edu
2014-02-26 10:11:33,www.google.fr
2014-02-26 10:11:33,www.google.com
2014-02-26 10:11:33,apis.google.com
2014-02-26 10:12:20,genes.mit.edu
2014-02-26 10:12:46,www.google.fr
2014-02-26 10:12:47,genes.mit.edu
2014-02-26 10:13:00,genes.mit.edu
2014-02-26 10:13:22,genes.mit.edu
2014-02-26 10:14:28,genes.mit.edu
2014-02-26 10:16:10,genes.mit.edu
2014-02-26 10:16:11,genes.mit.edu
2014-02-26 10:16:21,genes.mit.edu
2014-02-26 10:23:59,www.google.fr
2014-02-26 10:24:10,www.google.fr
2014-02-26 10:24:40,www.ncbi.nlm.nih.gov
2014-02-26 10:24:40,www.google.fr
2014-02-26 10:25:34,www.ncbi.nlm.nih.gov
2014-02-26 10:27:34,www.google.fr
2014-02-26 10:50:39,www.ncbi.nlm.nih.gov
2014-02-26 10:52:40,www.ncbi.nlm.nih.gov
2014-02-26 10:55:38,www.bing.com
2014-02-26 10:55:50,www.bing.com
2014-02-26 10:55:51,login.live.com
2014-02-26 10:56:01,www.bing.com
2014-02-26 10:56:04,www.simgene.com
2014-02-26 10:56:05,ssl.bing.com
2014-02-26 10:56:05,www.simgene.com
2014-02-26 10:56:10,www.bing.com
2014-02-26 10:56:10,www.ebi.ac.uk
2014-02-26 10:56:11,www.ebi.ac.uk
2014-02-26 10:57:51,www.ebi.ac.uk
2014-02-26 10:57:53,www.ebi.ac.uk
2014-02-26 11:02:04,www.bing.com
2014-02-26 11:02:14,www.bing.com
2014-02-26 11:02:15,login.live.com
2014-02-26 11:02:29,ssl.bing.com
2014-02-26 11:02:29,www.bing.com
2014-02-26 11:02:51,www.bing.com
2014-02-26 11:02:51,www.ebi.ac.uk
2014-02-26 11:03:10,www.ebi.ac.uk
2014-02-26 11:03:11,www.ebi.ac.uk
2014-02-26 11:03:12,www.ebi.ac.uk
2014-02-26 11:03:16,www.ebi.ac.uk
2014-02-26 11:03:23,www.ebi.ac.uk
2014-02-26 11:03:30,www.ebi.ac.uk
2014-02-26 11:03:35,ssl.bing.com
2014-02-26 11:03:35,www.ebi.ac.uk
2014-02-26 11:03:36,www.ebi.ac.uk
2014-02-26 11:03:42,www.ebi.ac.uk
2014-02-26 11:06:25,www.ebi.ac.uk
2014-02-26 11:06:26,www.ebi.ac.uk
2014-02-26 11:08:32,www.ebi.ac.uk
2014-02-26 11:08:33,www.ebi.ac.uk
2014-02-26 11:08:49,www.ebi.ac.uk
2014-02-26 11:08:51,www.ebi.ac.uk
2014-02-26 11:08:55,www.ebi.ac.uk
2014-02-26 11:09:00,www.ebi.ac.uk
2014-02-26 11:09:01,www.ebi.ac.uk
2014-02-26 11:09:08,www.ebi.ac.uk
2014-02-26 11:10:41,www.ebi.ac.uk
2014-02-26 11:18:49,www.google.fr
2014-02-26 11:19:00,common-en.sensagent.com
2014-02-26 11:19:00,dictionnaire.sensagent.com
2014-02-26 11:19:00,common-fr.sensagent.com
2014-02-26 11:19:00,common.sensagent.eu
2014-02-26 11:19:00,ajax.googleapis.com
2014-02-26 11:19:00,www.google.fr
2014-02-26 11:19:01,common.sensagent.eu
2014-02-26 11:19:01,www.sensagent.com
2014-02-26 11:19:02,connect.facebook.net
2014-02-26 11:19:02,www.facebook.com
2014-02-26 11:19:02,s-static.ak.facebook.com
2014-02-26 11:19:02,platform.twitter.com
2014-02-26 11:19:02,static.ak.facebook.com
2014-02-26 11:19:02,apis.google.com
2014-02-26 11:19:03,apis.google.com
2014-02-26 11:19:03,www.sensagent.com
2014-02-26 11:19:04,www.google.com
2014-02-26 11:19:04,www.facebook.com
2014-02-26 11:19:04,choices.truste.com
2014-02-26 11:19:05,www.facebook.com
2014-02-26 11:19:05,platform.twitter.com
2014-02-26 11:19:06,choices.truste.com
2014-02-26 11:19:12,twitter.com
2014-02-26 11:19:12,dictionnaire.sensagent.com
2014-02-26 11:19:14,accounts.google.com
2014-02-26 11:19:15,platform.twitter.com
2014-02-26 11:19:16,platform.twitter.com
2014-02-26 11:19:16,static.ak.facebook.com
2014-02-26 11:19:16,s-static.ak.facebook.com
2014-02-26 11:19:16,www.facebook.com
2014-02-26 11:19:16,apis.google.com
2014-02-26 11:19:16,twitter.com
2014-02-26 11:19:16,accounts.google.com
2014-02-26 11:19:16,www.sensagent.com
2014-02-26 11:19:17,www.sensagent.com
2014-02-26 11:19:17,www.google.com
2014-02-26 11:19:17,twitter.com
2014-02-26 11:19:17,accounts.google.com
2014-02-26 11:19:18,choices.truste.com
2014-02-26 11:19:18,www.sensagent.com
2014-02-26 11:19:19,adventori.com
2014-02-26 11:19:20,um.simpli.fi
2014-02-26 11:19:20,www.facebook.com
2014-02-26 11:19:21,dictionnaire.sensagent.com
2014-02-26 11:19:21,apnx-match.dotomi.com
2014-02-26 11:19:21,dtm.williams-sonoma.com
2014-02-26 11:19:40,dictionnaire.sensagent.com
2014-02-26 11:19:40,pixel2368.everesttech.net
2014-02-26 11:19:41,www.sensagent.com
2014-02-26 11:19:42,apis.google.com
2014-02-26 11:19:42,twitter.com
2014-02-26 11:19:42,www.facebook.com
2014-02-26 11:19:42,s-static.ak.facebook.com
2014-02-26 11:19:42,platform.twitter.com
2014-02-26 11:19:42,static.ak.facebook.com
2014-02-26 11:19:43,adventori.com
2014-02-26 11:19:43,www.sensagent.com
2014-02-26 11:19:44,www.sensagent.com
2014-02-26 11:19:45,www.facebook.com
2014-02-26 11:19:46,mm.eulerian.net
2014-02-26 11:19:46,its.tradelab.fr
2014-02-26 11:19:46,www.accoona.com
2014-02-26 11:19:50,n.dyntrk.com
2014-02-26 11:19:50,vast.yashi.com
2014-02-26 11:19:54,its.tradelab.fr
2014-02-26 11:19:55,dictionnaire.sensagent.com
2014-02-26 11:19:56,www.sensagent.com
2014-02-26 11:19:57,s-static.ak.facebook.com
2014-02-26 11:19:57,platform.twitter.com
2014-02-26 11:19:57,www.facebook.com
2014-02-26 11:19:57,apis.google.com
2014-02-26 11:19:57,twitter.com
2014-02-26 11:19:57,static.ak.facebook.com
2014-02-26 11:19:58,www.sensagent.com
2014-02-26 11:19:58,www.facebook.com
2014-02-26 11:19:59,www.facebook.com
2014-02-26 11:19:59,t.qservz.com
2014-02-26 11:19:59,choices.truste.com
2014-02-26 11:19:59,tags.qservz.com
2014-02-26 11:20:00,choices.truste.com
2014-02-26 11:28:52,www.ebi.ac.uk
2014-02-26 17:04:46,api.bing.com
2014-02-26 17:04:47,api.bing.com
2014-02-26 17:04:48,www.bing.com
2014-02-26 17:04:49,www.bing.com
2014-02-26 17:04:50,www.bing.com
2014-02-26 17:07:33,ieonline.microsoft.com
2014-03-19 15:55:48,api.bing.com
2014-03-19 15:55:49,api.bing.com
2014-03-19 15:55:51,api.bing.com
2014-03-19 15:55:52,api.bing.com
2014-03-19 15:55:52,www.bing.com
2014-03-19 15:55:53,www.bing.com
2014-03-19 15:55:54,www.bing.com
2014-03-19 15:55:54,cms.abmr.net
2014-03-19 15:55:56,www.bing.com
2014-03-19 15:55:58,www.bing.com
2014-03-19 15:55:59,www.bing.com
2014-03-19 15:55:59,drive.google.com
2014-03-19 15:56:00,www.google.com
2014-03-19 15:56:00,accounts.google.com
2014-03-19 15:56:01,accounts.youtube.com
2014-03-19 15:56:45,accounts.google.fr
2014-03-19 15:56:46,accounts.google.fr
2014-03-19 15:56:46,accounts.youtube.com
2014-03-19 15:56:46,accounts.google.com
2014-03-19 15:56:46,www.google.com
2014-03-19 15:56:48,drive.google.com
2014-03-19 15:56:49,apis.google.com
2014-03-19 15:56:49,0.drive.google.com
2014-03-19 15:56:51,plus.google.com
2014-03-19 15:56:54,0.drive.google.com
2014-03-19 15:56:55,docs.google.com
2014-03-19 15:56:55,apis.google.com
2014-03-19 15:56:56,plus.google.com
2014-03-19 15:56:57,lh3.google.com
2014-03-19 15:56:57,lh4.google.com
2014-03-19 15:56:57,docs.google.com
2014-03-19 15:56:57,drive.google.com
2014-03-19 15:56:58,lh4.google.com
2014-03-19 15:56:58,lh5.google.com
2014-03-19 15:56:58,lh6.google.com
2014-03-19 15:56:58,lh3.google.com
2014-03-19 15:56:59,lh4.google.com
2014-03-19 15:56:59,lh3.google.com
2014-03-19 15:56:59,lh6.google.com
2014-03-19 15:56:59,drive.google.com
2014-03-19 15:57:00,lh5.google.com
2014-03-19 15:57:00,lh4.google.com
2014-03-19 15:57:01,lh5.google.com
2014-03-19 15:57:01,lh6.google.com
2014-03-19 15:57:01,lh3.google.com
2014-03-19 15:57:01,lh4.google.com
2014-03-19 15:57:02,lh5.google.com
2014-03-19 15:57:02,lh3.google.com
2014-03-19 15:57:02,plus.google.com
2014-03-19 15:57:02,drive.google.com
2014-03-19 15:57:02,lh4.google.com
2014-03-19 15:57:02,lh6.google.com
2014-03-19 15:57:03,drive.google.com
2014-03-19 15:57:06,docs.google.com
2014-03-19 15:57:07,docs.google.com
2014-03-19 15:57:08,docs.google.com
2014-03-19 15:57:09,lh6.google.com
2014-03-19 15:57:09,lh5.google.com
2014-03-19 15:57:09,docs.google.com
2014-03-19 15:57:09,lh3.google.com
2014-03-19 15:57:09,lh4.google.com
2014-03-19 15:57:10,docs.google.com
2014-03-19 15:57:11,lh4.google.com
2014-03-19 15:57:11,lh3.google.com
2014-03-19 15:57:11,lh5.google.com
2014-03-19 15:57:11,lh6.google.com
2014-03-19 15:57:12,lh5.google.com
2014-03-19 15:57:12,lh3.google.com
2014-03-19 15:57:12,lh6.google.com
2014-03-19 15:57:12,lh4.google.com
2014-03-19 15:57:12,docs.google.com
2014-03-19 15:57:13,plus.google.com
2014-03-19 15:57:13,lh5.google.com
2014-03-19 15:57:14,lh4.google.com
2014-03-19 15:57:23,drive.google.com
2014-03-19 15:57:24,www.google.com
2014-03-19 15:57:24,docs.google.com
2014-03-19 15:57:25,accounts.google.com
2014-03-19 15:57:47,lh3.google.com
2014-03-19 15:57:48,gg.google.com
2014-03-19 15:58:07,apis.google.com
2014-03-19 15:58:07,lh4.google.com
2014-03-19 15:58:07,lh3.google.com
2014-03-19 15:58:07,gg.google.com
2014-03-19 15:58:07,drive.google.com
2014-03-19 15:58:32,ieonline.microsoft.com
2014-03-19 15:58:33,drive.google.com
2014-03-19 15:58:33,api.bing.com
2014-03-19 15:58:34,api.bing.com
2014-03-19 15:58:35,api.bing.com
2014-03-19 15:58:36,api.bing.com
2014-03-19 15:58:38,drive.google.com
2014-03-19 15:58:38,static.linguee.fr
2014-03-19 15:58:38,www.linguee.fr
2014-03-19 15:58:39,static.linguee.fr
2014-03-19 15:58:40,www.linguee.fr
2014-03-19 15:58:40,static.linguee.fr
2014-03-19 15:58:57,www.linguee.fr
2014-03-19 15:58:58,www.linguee.fr
2014-03-19 15:58:59,www.linguee.fr
2014-03-19 15:59:00,www.linguee.fr
2014-03-19 15:59:01,www.linguee.fr
2014-03-19 15:59:02,www.linguee.fr
2014-03-19 15:59:03,www.linguee.fr
2014-03-19 15:59:04,www.linguee.fr
2014-03-19 15:59:07,www.linguee.fr
2014-03-19 15:59:08,www.linguee.fr
2014-03-19 15:59:09,www.linguee.fr
2014-03-19 15:59:14,www.linguee.fr
2014-03-19 15:59:15,www.linguee.fr
2014-03-19 15:59:16,www.linguee.fr
2014-03-19 15:59:17,www.linguee.fr
2014-03-19 15:59:18,www.linguee.fr
2014-03-19 15:59:19,www.linguee.fr
2014-03-19 15:59:22,docs.google.com
2014-03-19 15:59:22,accounts.google.com
2014-03-19 15:59:22,www.google.com
2014-03-19 15:59:22,drive.google.com
2014-03-19 15:59:22,www.linguee.fr
2014-03-19 15:59:23,www.linguee.fr
2014-03-19 15:59:29,www.linguee.fr
2014-03-19 15:59:30,www.linguee.fr
2014-03-19 15:59:31,www.linguee.fr
2014-03-19 15:59:32,www.linguee.fr
2014-03-19 15:59:33,www.linguee.fr
2014-03-19 15:59:37,www.linguee.fr
2014-03-19 15:59:38,www.linguee.fr
2014-03-19 15:59:39,www.linguee.fr
2014-03-19 15:59:40,www.linguee.fr
2014-03-19 15:59:41,www.linguee.fr
2014-03-19 15:59:42,www.linguee.fr
2014-03-19 15:59:44,www.linguee.fr
2014-03-19 15:59:45,www.linguee.fr
2014-03-19 15:59:46,www.linguee.fr
2014-03-19 15:59:47,www.linguee.fr
2014-03-19 15:59:48,www.linguee.fr
2014-03-19 15:59:54,www.linguee.fr
2014-03-19 15:59:55,static.linguee.fr
2014-03-19 15:59:56,static.linguee.fr
2014-03-19 15:59:56,drive.google.com
2014-03-19 15:59:58,www.google.com
2014-03-19 15:59:59,static.linguee.fr
2014-03-19 16:00:01,accounts.google.com
2014-03-19 16:00:19,static.linguee.fr
2014-03-19 16:00:47,api.bing.com
2014-03-19 16:00:48,www.google.fr
2014-03-19 16:00:50,www.google.fr
2014-03-19 16:00:52,www.google.com
2014-03-19 16:00:54,apis.google.com
2014-03-19 16:00:55,plus.google.com
2014-03-19 16:00:58,plus.google.com
2014-03-19 16:02:48,www.google.fr
2014-03-19 16:02:48,plus.google.com
2014-03-19 16:02:48,apis.google.com
2014-03-19 16:02:48,www.google.com
2014-03-19 16:04:36,clients1.google.fr
2014-03-19 16:04:37,www.google.fr
2014-03-19 16:04:38,plus.google.com
2014-03-19 16:04:40,clients1.google.fr
2014-03-19 16:04:41,plus.google.com
2014-03-19 16:04:41,www.google.fr
2014-03-19 16:04:52,www.google.fr
2014-03-19 16:04:53,twitter.com
2014-03-19 16:04:53,greenblog.typepad.com
2014-03-19 16:04:53,static.typepad.com
2014-03-19 16:04:53,www.google.fr
2014-03-19 16:04:54,static.typepad.com
2014-03-19 16:04:54,greenblog.typepad.com
2014-03-19 16:04:55,twitter.com
2014-03-19 16:04:57,static.typepad.com
2014-03-19 16:04:57,drive.google.com
2014-03-19 16:04:58,twitter.com
2014-03-19 16:04:58,static.typepad.com
2014-03-19 16:04:59,www.google.fr
2014-03-19 16:04:59,greenblog.typepad.com
2014-03-19 16:04:59,twitter.com
2014-03-19 16:04:59,www.google.com
2014-03-19 16:04:59,www.typepad.com
2014-03-19 16:05:33,greenblog.typepad.com
2014-03-19 16:05:35,greenblog.typepad.com
2014-03-19 16:05:39,greenblog.typepad.com
2014-03-19 16:05:43,greenblog.typepad.com
2014-03-19 16:05:44,greenblog.typepad.com
2014-03-19 16:06:24,www.google.fr
2014-03-19 16:06:25,twitter.com
2014-03-19 16:06:25,www.google.com
2014-03-19 16:06:25,greenblog.typepad.com
2014-03-19 16:06:26,greenblog.typepad.com
2014-03-19 16:06:26,www.typepad.com
2014-03-19 16:06:27,6a.typepad.com
2014-03-19 16:06:48,plus.google.com
2014-03-19 16:06:48,www.google.fr
2014-03-19 16:06:48,twitter.com
2014-03-19 16:06:48,clients1.google.fr
2014-03-19 16:06:50,drive.google.com
2014-03-19 16:06:57,www.google.fr
2014-03-19 16:07:59,www.google.fr
2014-03-19 16:08:24,www.google.fr
2014-03-19 16:08:27,www.google.fr
2014-03-19 16:08:29,www.google.fr
2014-03-19 16:10:08,www.google.fr
2014-03-19 16:10:30,drive.google.com
2014-03-19 16:11:16,plus.google.com
2014-03-19 16:11:25,plus.google.com
2014-03-19 16:12:50,drive.google.com
2014-03-19 16:15:14,drive.google.com
2014-03-19 16:15:17,apis.google.com
2014-03-19 16:15:18,apis.google.com
2014-03-19 16:16:08,plus.google.com
2014-03-19 16:16:08,clients1.google.fr
2014-03-19 16:16:08,www.google.fr
2014-03-19 16:16:12,plus.google.com
2014-03-19 16:16:12,www.google.fr
2014-03-19 16:16:15,www.google.fr
2014-03-19 16:16:19,www.google.fr
2014-03-19 16:16:25,www.google.fr
2014-03-19 16:16:50,drive.google.com
2014-03-19 16:17:33,media.meltyfood.fr
2014-03-19 16:17:33,www.google.fr
2014-03-19 16:17:35,www.google.fr
2014-03-19 16:17:35,www.meltyfood.fr
2014-03-19 16:17:35,ajax.googleapis.com
2014-03-19 16:17:35,media.meltyfood.fr
2014-03-19 16:17:35,tracking.meltyfood.fr
2014-03-19 16:17:36,media.meltyfood.fr
2014-03-19 16:17:36,www.melty.de
2014-03-19 16:17:36,www.melty.it
2014-03-19 16:17:36,www.melty.es
2014-03-19 16:17:36,www.meltyfood.fr
2014-03-19 16:17:37,www.meltyfood.fr
2014-03-19 16:17:38,www.meltyfood.fr
2014-03-19 16:17:39,www.meltyfood.fr
2014-03-19 16:17:39,www.melty.fr
2014-03-19 16:17:39,connect.facebook.net
2014-03-19 16:17:40,s-static.ak.facebook.com
2014-03-19 16:17:40,static.ak.facebook.com
2014-03-19 16:17:53,www.google.fr
2014-03-19 16:17:53,apis.google.com
2014-03-19 16:17:53,clients1.google.fr
2014-03-19 16:17:53,plus.google.com
2014-03-19 16:17:57,www.google.fr
2014-03-19 16:18:05,www.google.fr
2014-03-19 16:18:07,www.google.fr
2014-03-19 16:18:12,www.google.fr
2014-03-19 16:18:13,cache.20minutes.fr
2014-03-19 16:18:13,www.20minutes.fr
2014-03-19 16:18:13,www.google.fr
2014-03-19 16:18:14,player.mediabong.com
2014-03-19 16:18:14,www.youtube.com
2014-03-19 16:18:14,cache.20minutes.fr
2014-03-19 16:18:15,cache.20minutes.fr
2014-03-19 16:18:15,static.mediabong.com
2014-03-19 16:18:15,www.youtube.com
2014-03-19 16:18:15,s.ytimg.com
2014-03-19 16:18:17,www.youtube.com
2014-03-19 16:18:17,s.ytimg.com
2014-03-19 16:18:17,www.google.com
2014-03-19 16:18:17,www.facebook.com
2014-03-19 16:18:21,cache.20minutes.fr
2014-03-19 16:18:23,cache.20minutes.fr
2014-03-19 16:18:23,fpdownload2.macromedia.com
2014-03-19 16:18:25,cache.20minutes.fr
2014-03-19 16:18:26,s.ytimg.com
2014-03-19 16:18:26,i1.ytimg.com
2014-03-19 16:18:27,i1.ytimg.com
2014-03-19 16:18:27,um.simpli.fi
2014-03-19 16:18:29,cache.20minutes.fr
2014-03-19 16:18:30,pixel2368.everesttech.net
2014-03-19 16:18:32,match.rtbidder.net
2014-03-19 16:18:32,rbp.mxptint.net
2014-03-19 16:18:32,pixel2368.everesttech.net
2014-03-19 16:18:32,cache.20minutes.fr
2014-03-19 16:18:33,cache.20minutes.fr
2014-03-19 16:18:34,platform.twitter.com
2014-03-19 16:18:35,pr.ybp.yahoo.com
2014-03-19 16:18:35,platform.twitter.com
2014-03-19 16:18:36,s-static.ak.facebook.com
2014-03-19 16:18:36,static.ak.facebook.com
2014-03-19 16:18:36,accounts.google.com
2014-03-19 16:18:39,www.facebook.com
2014-03-19 16:18:39,apis.google.com
2014-03-19 16:18:40,files.player.mediabong.com
2014-03-19 16:18:44,accounts.google.com
2014-03-19 16:18:45,apis.google.com
2014-03-19 16:18:45,measure.20mn.fr
2014-03-19 16:18:45,twitter.com
2014-03-19 16:18:46,video.mediabong.com
2014-03-19 16:18:46,apis.google.com
2014-03-19 16:18:48,i1-js-14-3-01-10005-304849237-i.init.cedexis-radar.net
2014-03-19 16:18:49,origin-www.20minutes.fr
2014-03-19 16:18:49,ec2-us-east-1a.cedexis.com
2014-03-19 16:18:50,origin-www.20minutes.fr
2014-03-19 16:19:15,apis.google.com
2014-03-19 16:20:50,drive.google.com
2014-03-19 16:22:50,drive.google.com
2014-03-19 16:26:50,drive.google.com
2014-03-19 16:31:26,plus.google.com
2014-03-19 16:32:50,drive.google.com
2014-03-19 16:36:50,drive.google.com
2014-03-19 16:38:50,drive.google.com
2014-03-19 16:42:25,www.20minutes.fr
2014-03-19 16:42:25,cache.20minutes.fr
2014-03-19 16:42:25,www.google.fr
2014-03-19 16:42:26,cache.20minutes.fr
2014-03-19 16:42:45,www.google.fr
2014-03-19 16:42:45,plus.google.com
2014-03-19 16:42:45,clients1.google.fr
2014-03-19 16:42:50,drive.google.com
2014-03-19 16:44:18,plus.google.com
2014-03-19 16:44:29,www.linguee.fr
2014-03-19 16:44:30,www.linguee.fr
2014-03-19 16:44:31,www.linguee.fr
2014-03-19 16:44:32,www.linguee.fr
2014-03-19 16:44:33,www.linguee.fr
2014-03-19 16:44:34,www.linguee.fr
2014-03-19 16:44:35,static.linguee.fr
2014-03-19 16:44:35,www.linguee.fr
2014-03-19 16:44:39,static.linguee.fr
2014-03-19 16:44:42,static.linguee.fr
2014-03-19 16:44:45,static.linguee.fr
2014-03-19 16:44:46,dsp.active-agent.com
2014-03-19 16:44:47,www.linguee.fr
2014-03-19 16:46:15,www.google.fr
2014-03-19 16:47:17,www.linguee.fr
2014-03-19 16:47:18,www.linguee.fr
2014-03-19 16:47:19,www.linguee.fr
2014-03-19 16:47:20,www.linguee.fr
2014-03-19 16:47:21,www.linguee.fr
2014-03-19 16:47:22,www.linguee.fr
2014-03-19 16:47:27,rp.gwallet.com
2014-03-19 16:47:29,plus.google.com
2014-03-19 16:47:50,www.linguee.fr
2014-03-19 16:47:51,www.linguee.fr
2014-03-19 16:47:52,www.linguee.fr
2014-03-19 16:47:53,www.linguee.fr
2014-03-19 16:47:54,www.linguee.fr
2014-03-19 16:47:56,static.linguee.fr
2014-03-19 16:47:57,um.simpli.fi
2014-03-19 16:48:00,static.linguee.fr
2014-03-19 16:48:02,www.linguee.fr
2014-03-19 16:48:29,www.linguee.fr
2014-03-19 16:48:30,www.linguee.fr
2014-03-19 16:48:31,www.linguee.fr
2014-03-19 16:48:34,www.linguee.fr
2014-03-19 16:48:35,www.linguee.fr
2014-03-19 16:48:39,www.linguee.fr
2014-03-19 16:48:40,drive.google.com
2014-03-19 16:48:41,c1.adform.net
2014-03-19 16:51:12,www.google.fr
2014-03-19 16:51:12,translate.google.com
2014-03-19 16:51:15,www.google.fr
2014-03-19 16:51:15,translate.google.com
2014-03-19 16:51:16,translate.google.com
2014-03-19 16:51:18,translate.google.com
2014-03-19 16:51:28,translate.google.com
2014-03-19 16:51:33,translate.google.com
2014-03-19 16:51:34,translate.google.com
2014-03-19 16:51:35,translate.google.com
2014-03-19 16:51:36,translate.google.com
2014-03-19 16:51:37,translate.google.com
2014-03-19 16:51:38,translate.google.com
2014-03-19 16:51:39,translate.google.com
2014-03-19 16:51:40,translate.google.com
2014-03-19 16:51:42,www.google.com
2014-03-19 16:51:42,translate.google.com
2014-03-19 16:51:47,translate.google.com
2014-03-19 16:52:42,www.google.fr
2014-03-19 16:52:42,plus.google.com
2014-03-19 16:52:42,translate.google.com
2014-03-19 16:52:43,translate.google.com
2014-03-19 16:52:44,translate.google.com
2014-03-19 16:52:50,drive.google.com
2014-03-19 16:52:52,translate.google.com
2014-03-19 16:52:55,translate.google.com
2014-03-19 16:52:57,translate.google.com
2014-03-19 16:53:11,translate.google.com
2014-03-19 16:53:13,translate.google.com
2014-03-19 16:53:14,translate.google.com
2014-03-19 16:53:17,translate.google.com
2014-03-19 16:53:19,translate.google.com
2014-03-19 16:53:34,translate.google.com
2014-03-19 16:53:35,translate.google.com
2014-03-19 16:53:37,translate.google.com
2014-03-19 16:53:38,translate.google.com
2014-03-19 16:53:39,translate.google.com
2014-03-19 16:53:40,translate.google.com
2014-03-19 16:53:41,translate.google.com
2014-03-19 16:53:44,translate.google.com
2014-03-19 16:54:13,translate.google.com
2014-03-19 16:54:15,translate.google.com
2014-03-19 16:54:16,translate.google.com
2014-03-19 16:54:20,translate.google.com
2014-03-19 16:54:21,translate.google.com
2014-03-19 16:54:22,translate.google.com
2014-03-19 16:54:24,translate.google.com
2014-03-19 16:54:29,translate.google.com
2014-03-19 16:54:30,translate.google.com
2014-03-19 16:58:05,api.bing.com
2014-03-19 16:58:05,www.google.fr
2014-03-19 16:58:14,0.drive.google.com
2014-03-19 16:58:17,plus.google.com
2014-03-19 16:58:17,www.google.fr
2014-03-19 16:58:18,clients1.google.fr
2014-03-19 16:58:18,www.google.fr
2014-03-19 16:58:25,plus.google.com
2014-03-19 16:58:42,www.google.fr
2014-03-19 16:58:57,www.google.fr
2014-03-19 16:59:17,www.google.fr
2014-03-19 17:01:46,www.google.fr
2014-03-19 17:03:45,plus.google.com
2014-03-19 17:04:04,translate.google.com
2014-03-19 17:04:06,translate.google.com
2014-03-19 17:04:11,translate.google.com
2014-03-19 17:04:12,translate.google.com
2014-03-19 17:04:14,translate.google.com
2014-03-19 17:04:15,translate.google.com
2014-03-19 17:04:20,translate.google.com
2014-03-19 17:04:21,translate.google.com
2014-03-19 17:04:22,translate.google.com
2014-03-19 17:04:23,translate.google.com
2014-03-19 17:04:24,translate.google.com
2014-03-19 17:04:26,translate.google.com
2014-03-19 17:04:28,translate.google.com
2014-03-19 17:04:33,translate.google.com
2014-03-19 17:04:50,drive.google.com
2014-03-19 17:05:06,www.google.fr
2014-03-19 17:05:06,clients1.google.fr
2014-03-19 17:05:13,www.google.fr
2014-03-19 17:05:28,clients1.google.fr
2014-03-19 17:05:28,www.google.fr
2014-03-19 17:05:34,www.google.fr
2014-03-19 17:05:47,clients1.google.fr
2014-03-19 17:05:47,www.google.fr
2014-03-19 17:05:53,www.google.fr
2014-03-19 17:05:54,www.substitution-cmr.fr
2014-03-19 17:05:55,www.substitution-cmr.fr
2014-03-19 17:05:56,www.substitution-cmr.fr
2014-03-19 17:05:57,javadl-esd.sun.com
2014-03-19 17:05:57,java.sun.com
2014-03-19 17:05:57,www.substitution-cmr.fr
2014-03-19 17:05:58,www.substitution-cmr.fr
2014-03-19 17:05:59,www.google.fr
2014-03-19 17:05:59,www.substitution-cmr.fr
2014-03-19 17:06:00,www.substitution-cmr.fr
2014-03-19 17:06:20,www.google.fr
2014-03-19 17:06:20,clients1.google.fr
2014-03-19 17:06:20,plus.google.com
2014-03-19 17:06:23,www.google.fr
2014-03-19 17:06:23,www.clg-hugo-sete.ac-montpellier.fr
2014-03-19 17:06:24,www.clg-hugo-sete.ac-montpellier.fr
2014-03-19 17:06:25,www.google.fr
2014-03-19 17:06:25,www.clg-hugo-sete.ac-montpellier.fr
2014-03-19 17:06:25,www.youtube.com
2014-03-19 17:06:26,www.clg-hugo-sete.ac-montpellier.fr
2014-03-19 17:07:09,www.youtube.com
2014-03-19 17:07:09,www.google.fr
2014-03-19 17:07:09,i1.ytimg.com
2014-03-19 17:07:10,www.agro.basf.fr
2014-03-19 17:07:10,www.google.fr
2014-03-19 17:07:10,plus.google.com
2014-03-19 17:07:10,clients1.google.fr
2014-03-19 17:07:11,www.agro.basf.fr
2014-03-19 17:07:11,gpd.basf-agro.fr
2014-03-19 17:07:38,www.google.fr
2014-03-19 17:07:38,plus.google.com
2014-03-19 17:07:38,clients1.google.fr
2014-03-19 17:07:46,www.comptable.org
2014-03-19 17:07:46,www.google.fr
2014-03-19 17:07:48,translate.google.com
2014-03-19 17:07:48,www.google.fr
2014-03-19 17:07:48,www.comptable.org
2014-03-19 17:07:50,www.comptable.org
2014-03-19 17:07:50,translate.google.com
2014-03-19 17:07:51,www.comptable.org
2014-03-19 17:07:51,translate.googleapis.com
2014-03-19 17:07:52,www.comptable.org
2014-03-19 17:07:52,translate.googleapis.com
2014-03-19 17:08:50,drive.google.com
2014-03-19 17:09:43,translate.googleapis.com
2014-03-19 17:09:43,www.google.com
2014-03-19 17:10:50,drive.google.com
2014-03-19 17:11:27,plus.google.com
2014-03-19 17:11:46,translate.google.com
2014-03-19 17:11:48,translate.google.com
2014-03-19 17:11:50,translate.google.com
2014-03-19 17:11:51,translate.google.com
2014-03-19 17:11:56,translate.google.com
2014-03-19 17:12:03,translate.google.com
2014-03-19 17:12:04,translate.google.com
2014-03-19 17:12:48,translate.google.com
2014-03-19 17:12:50,translate.google.com
2014-03-19 17:12:55,translate.google.com
2014-03-19 17:12:55,0.drive.google.com
2014-03-19 17:14:05,translate.google.com
2014-03-19 17:14:06,translate.google.com
2014-03-19 17:14:07,translate.google.com
2014-03-19 17:14:09,translate.google.com
2014-03-19 17:14:11,translate.google.com
2014-03-19 17:14:17,translate.google.com
2014-03-19 17:14:18,translate.google.com
2014-03-19 17:14:21,translate.google.com
2014-03-19 17:14:50,drive.google.com
2014-03-19 17:20:50,drive.google.com
2014-03-19 17:22:50,drive.google.com
2014-03-19 17:23:32,plus.google.com
2014-03-19 17:26:50,drive.google.com
2014-03-19 17:28:50,drive.google.com
2014-03-19 17:31:14,drive.google.com
2014-03-19 17:31:27,plus.google.com
2014-03-19 17:32:35,drive.google.com
2014-03-19 17:32:46,clients2.google.com
2014-03-19 17:32:47,clients2.google.com
2014-03-19 17:33:04,clients2.google.com
2014-03-19 17:34:59,lh3.google.com
2014-03-19 17:35:30,0.drive.google.com
2014-03-19 17:35:31,drive.google.com
2014-03-19 17:35:34,docs.google.com
2014-03-19 17:36:00,apis.google.com
2014-03-19 17:36:04,0.docs.google.com
2014-03-19 17:36:13,accounts.google.com
2014-03-19 17:36:13,apis.google.com
2014-03-19 17:36:13,clients6.google.com
2014-03-19 17:36:14,docs.google.com
2014-03-19 17:36:15,docs.google.com
2014-03-19 17:36:16,docs.google.com
2014-03-19 17:36:20,docs.google.com
2014-03-19 17:36:28,0.docs.google.com
2014-03-19 17:36:29,accounts.google.com
2014-03-19 17:36:50,drive.google.com
2014-03-19 17:37:41,docs.google.com
2014-03-19 17:38:14,gg.google.com
2014-03-19 17:39:00,apis.google.com
2014-03-19 17:39:50,drive.google.com
2014-03-19 17:40:22,apis.google.com
2014-03-19 17:40:28,clients6.google.com
2014-03-19 17:42:59,docs.google.com
2014-03-19 17:44:08,docs.google.com
2014-03-19 17:44:37,0.docs.google.com
2014-03-19 17:44:37,docs.google.com
2014-03-19 17:44:37,0.drive.google.com
2014-03-19 17:44:39,drive.google.com
2014-03-19 17:49:24,api.bing.com
2014-03-19 17:49:27,api.bing.com
2014-03-19 17:49:28,api.bing.com
2014-03-19 17:49:31,www.bing.com
2014-03-19 17:49:32,www.bing.com
2014-03-19 17:49:37,www.bing.com
2014-03-19 17:49:38,www.bing.com
2014-03-19 17:50:13,www.bing.com
2014-03-19 17:51:09,www.bing.com
2014-03-19 17:51:10,www.bing.com
2014-03-19 17:51:11,www.bing.com
2014-03-19 17:51:13,drive.google.com
2014-03-19 17:51:13,login.live.com
2014-03-19 17:51:13,ssl.bing.com
2014-03-19 17:51:21,drive.google.com
2014-03-19 17:51:21,0.drive.google.com
2014-03-19 17:51:21,apis.google.com
2014-03-19 17:51:24,plus.google.com
2014-03-19 17:51:30,docs.google.com
2014-03-19 17:51:30,plus.google.com
2014-03-19 17:51:31,plus.google.com
2014-03-19 17:51:31,0.drive.google.com
2014-03-19 17:51:31,docs.google.com
2014-03-19 17:51:31,apis.google.com
2014-03-19 17:51:31,drive.google.com
2014-03-19 17:51:34,docs.google.com
2014-03-19 17:51:34,apis.google.com
2014-03-19 17:51:37,docs.google.com
2014-03-19 17:51:38,docs.google.com
2014-03-19 17:51:39,docs.google.com
2014-03-19 17:51:40,docs.google.com
2014-03-19 17:51:41,0.drive.google.com
2014-03-19 17:51:41,docs.google.com
2014-03-19 17:51:42,docs.google.com
2014-03-19 17:51:42,lh3.google.com
2014-03-19 17:52:01,docs.google.com
2014-03-19 17:52:01,gg.google.com
2014-03-19 17:53:23,drive.google.com
2014-03-19 17:54:21,gg.google.com
2014-03-19 17:54:58,docs.google.com
2014-03-19 17:55:02,lh3.google.com
2014-03-19 17:55:15,docs.google.com
2014-03-19 17:55:51,docs.google.com
2014-03-19 17:55:59,drive.google.com
2014-03-19 17:55:59,0.drive.google.com
2014-03-19 17:56:00,drive.google.com
2014-03-19 17:56:03,gg.google.com
2014-03-19 17:56:03,drive.google.com
2014-03-19 17:56:03,1.drive.google.com
2014-03-19 17:56:04,drive.google.com
2014-03-19 17:56:07,1.drive.google.com
2014-03-19 17:56:09,apis.google.com
2014-03-19 17:56:13,drive.google.com
2014-03-19 17:56:19,docs.google.com
2014-03-19 17:56:19,plus.google.com
2014-03-19 17:56:20,1.drive.google.com
2014-03-19 17:56:27,docs.google.com
2014-03-19 17:56:27,2.drive.google.com
2014-03-19 17:56:30,2.drive.google.com
2014-03-19 17:57:26,drive.google.com
2014-03-19 17:58:22,plus.google.com
2014-03-19 17:58:22,docs.google.com
2014-03-19 17:58:23,docs.google.com
2014-03-19 17:58:42,docs.google.com
2014-03-19 17:58:42,apis.google.com
2014-03-19 18:00:33,docs.google.com
2014-03-19 18:00:48,drive.google.com
2014-03-19 18:01:26,gg.google.com
2014-03-19 18:02:22,apis.google.com
2014-03-19 18:06:28,drive.google.com
2014-03-19 18:07:23,plus.google.com
2014-03-19 18:07:23,2.drive.google.com
