timestamp,site
2013-06-12 15:33:04,armmf.adobe.com
2013-06-12 15:33:06,armmf.adobe.com
2013-06-12 15:33:08,armmf.adobe.com
2013-06-12 15:33:11,armmf.adobe.com
2013-06-12 15:38:39,search.mywebs.pro
2013-06-12 15:38:43,fpdownload2.macromedia.com
2013-06-12 15:38:44,search.mywebs.pro
2013-06-12 15:38:56,www.google.fr
2013-06-12 15:38:57,webresultado.com
2013-06-12 15:38:57,www.google.fr
2013-06-12 15:38:58,apis.google.com
2013-06-12 15:38:58,www.google.com
2013-06-12 15:38:59,www.google.fr
2013-06-12 15:39:14,apis.google.com
2013-06-12 15:39:14,www.google.fr
2013-06-12 15:39:14,translate.google.fr
2013-06-12 15:39:15,www.google.fr
2013-06-12 15:39:15,translate.google.fr
2013-06-12 15:39:15,www.google.com
2013-06-12 15:39:16,translate.google.fr
2013-06-12 15:39:17,translate.google.fr
2013-06-12 15:39:18,translate.google.fr
2013-06-12 15:39:19,translate.google.fr
2013-06-12 15:39:20,translate.google.fr
2013-06-12 15:39:23,translate.google.fr
2013-06-12 15:39:23,www.google.com
2013-06-12 15:39:24,www.google.fr
2013-06-12 15:39:24,www.google.com
2013-06-12 15:39:25,translate.google.fr
2013-06-12 15:39:30,translate.google.fr
2013-06-12 15:40:07,www.google.fr
2013-06-12 15:40:15,www.google.fr
2013-06-12 15:41:09,search.mywebs.pro
2013-06-12 15:41:10,translate.google.fr
2013-06-12 15:41:10,www.google.fr
2013-06-12 15:41:11,translate.google.fr
2013-06-12 15:41:11,inputtools.google.com
2013-06-12 15:41:11,apis.google.com
2013-06-12 15:41:12,translate.google.fr
2013-06-12 15:41:14,translate.google.fr
2013-06-12 15:41:14,www.google.com
2013-06-12 15:41:15,translate.google.fr
2013-06-12 15:41:16,www.google.com
2013-06-12 15:41:16,translate.google.fr
2013-06-12 15:41:17,translate.google.fr
2013-06-12 15:41:20,www.google.com
2013-06-12 15:41:20,translate.google.fr
2013-06-12 15:41:21,translate.google.fr
2013-06-12 15:41:28,translate.google.fr
2013-06-12 15:41:29,translate.google.fr
2013-06-12 15:41:34,google.fr
2013-06-12 15:41:34,www.google.fr
2013-06-12 15:41:35,www.google.com
2013-06-12 15:41:42,www.google.fr
2013-06-12 15:41:42,inputtools.google.com
2013-06-12 15:41:42,www.google.com
2013-06-12 15:41:43,www.google.fr
2013-06-12 16:03:38,search.mywebs.pro
2013-06-12 16:03:39,www.google.fr
2013-06-12 16:03:39,translate.google.fr
2013-06-12 16:03:39,search.mywebs.pro
2013-06-12 16:03:39,apis.google.com
2013-06-12 16:03:40,inputtools.google.com
2013-06-12 16:03:40,translate.google.fr
2013-06-12 16:03:40,apis.google.com
2013-06-12 16:03:45,www.google.fr
2013-06-12 16:03:46,www.google.com
2013-06-12 16:03:55,inputtools.google.com
2013-06-12 16:03:55,www.google.com
2013-06-12 16:03:55,bits.wikimedia.org
2013-06-12 16:03:55,fr.wikipedia.org
2013-06-12 16:03:55,www.google.fr
2013-06-12 16:03:56,meta.wikimedia.org
2013-06-12 16:03:56,bits.wikimedia.org
2013-06-12 16:03:56,fr.wikipedia.org
2013-06-12 16:03:56,login.wikimedia.org
2013-06-12 16:03:57,fr.wikipedia.org
2013-06-12 16:03:57,bits.wikimedia.org
2013-06-12 16:03:57,en.wikipedia.org
2013-06-12 16:03:58,bits.wikimedia.org
2013-06-12 16:04:00,bits.wikimedia.org
2013-06-12 16:04:01,bits.wikimedia.org
2013-06-12 16:04:01,meta.wikimedia.org
2013-06-12 16:04:01,en.wikipedia.org
2013-06-12 16:04:02,login.wikimedia.org
2013-06-12 16:04:02,en.wikipedia.org
2013-06-12 16:05:05,en.wikipedia.org
2013-06-12 16:05:15,search.mywebs.pro
2013-06-12 16:05:53,fr.wikipedia.org
2013-06-12 16:05:53,meta.wikimedia.org
2013-06-12 16:05:54,bits.wikimedia.org
2013-06-12 16:05:55,fr.wikipedia.org
2013-06-12 16:05:56,fr.wikipedia.org
2013-06-12 16:05:57,fr.wikipedia.org
2013-06-12 16:05:58,fr.wikipedia.org
2013-06-12 16:05:59,fr.wikipedia.org
2013-06-12 16:06:00,fr.wikipedia.org
2013-06-12 16:06:01,fr.wikipedia.org
2013-06-12 16:06:01,bits.wikimedia.org
2013-06-12 16:06:02,meta.wikimedia.org
2013-06-12 16:06:05,bits.wikimedia.org
2013-06-12 16:06:05,fr.wikipedia.org
2013-06-12 16:06:13,translate.google.fr
2013-06-12 16:06:13,www.google.fr
2013-06-12 16:06:14,translate.google.fr
2013-06-12 16:06:14,inputtools.google.com
2013-06-12 16:06:15,translate.google.fr
2013-06-12 16:06:21,www.google.fr
2013-06-12 16:06:35,www.google.fr
2013-06-12 16:06:35,search.mywebs.pro
2013-06-12 16:06:35,fr.wikipedia.org
2013-06-12 16:06:35,bits.wikimedia.org
2013-06-12 16:06:36,meta.wikimedia.org
2013-06-12 16:06:36,fr.wikipedia.org
2013-06-12 16:06:44,bits.wikimedia.org
2013-06-12 16:06:44,fr.wikipedia.org
2013-06-12 16:06:45,bits.wikimedia.org
2013-06-12 16:06:45,fr.wikipedia.org
2013-06-12 16:06:45,meta.wikimedia.org
2013-06-12 16:06:48,en.wikipedia.org
2013-06-12 16:06:48,bits.wikimedia.org
2013-06-12 16:06:48,meta.wikimedia.org
2013-06-12 16:06:49,bits.wikimedia.org
2013-06-12 16:06:49,en.wikipedia.org
2013-06-12 16:06:49,meta.wikimedia.org
2013-06-12 16:06:50,bits.wikimedia.org
2013-06-12 16:06:52,bits.wikimedia.org
2013-06-12 16:06:52,en.wikipedia.org
2013-06-12 16:06:53,en.wikipedia.org
2013-06-12 16:06:54,en.wikipedia.org
2013-06-12 16:06:55,en.wikipedia.org
2013-06-12 16:07:17,en.wikipedia.org
2013-06-12 16:07:18,bits.wikimedia.org
2013-06-12 16:07:19,bits.wikimedia.org
2013-06-12 16:07:19,meta.wikimedia.org
2013-06-12 16:07:21,bits.wikimedia.org
2013-06-12 16:07:22,en.wikipedia.org
2013-06-12 16:07:25,en.wikipedia.org
2013-06-12 16:07:25,meta.wikimedia.org
2013-06-12 16:07:30,fr.wikipedia.org
2013-06-12 16:07:30,meta.wikimedia.org
2013-06-12 16:07:34,fr.wikipedia.org
2013-06-12 16:07:34,meta.wikimedia.org
2013-06-12 16:07:43,fr.wikipedia.org
2013-06-12 16:07:43,bits.wikimedia.org
2013-06-12 16:07:44,bits.wikimedia.org
2013-06-12 16:07:44,fr.wikipedia.org
2013-06-12 16:07:44,meta.wikimedia.org
2013-06-12 16:07:45,bits.wikimedia.org
2013-06-12 16:07:48,bits.wikimedia.org
2013-06-12 16:07:48,meta.wikimedia.org
2013-06-12 16:07:48,fr.wikipedia.org
2013-06-12 16:07:49,bits.wikimedia.org
2013-06-12 16:07:54,fr.wikipedia.org
2013-06-12 16:07:55,meta.wikimedia.org
2013-06-12 16:08:14,en.wikipedia.org
2013-06-12 16:08:14,bits.wikimedia.org
2013-06-12 16:08:14,meta.wikimedia.org
2013-06-12 16:08:16,en.wikipedia.org
2013-06-12 16:08:17,en.wikipedia.org
2013-06-12 16:08:18,en.wikipedia.org
2013-06-12 16:08:19,en.wikipedia.org
2013-06-12 16:08:20,en.wikipedia.org
2013-06-12 16:08:22,en.wikipedia.org
2013-06-12 16:08:24,en.wikipedia.org
2013-06-12 16:08:25,en.wikipedia.org
2013-06-12 16:08:26,en.wikipedia.org
2013-06-12 16:08:27,en.wikipedia.org
2013-06-12 16:08:28,en.wikipedia.org
2013-06-12 16:08:30,en.wikipedia.org
2013-06-12 16:08:31,bits.wikimedia.org
2013-06-12 16:08:31,en.wikipedia.org
2013-06-12 16:08:31,meta.wikimedia.org
2013-06-12 16:09:51,www.google.fr
2013-06-12 16:10:07,search.mywebs.pro
2013-06-12 16:10:07,www.google.fr
2013-06-12 16:10:08,fr.wikipedia.org
2013-06-12 16:10:08,bits.wikimedia.org
2013-06-12 16:10:08,search.mywebs.pro
2013-06-12 16:10:09,bits.wikimedia.org
2013-06-12 16:10:09,fr.wikipedia.org
2013-06-12 16:10:09,inputtools.google.com
2013-06-12 16:10:09,meta.wikimedia.org
2013-06-12 16:10:11,en.wikipedia.org
2013-06-12 16:10:11,bits.wikimedia.org
2013-06-12 16:10:12,meta.wikimedia.org
2013-06-12 16:10:12,en.wikipedia.org
2013-06-12 16:10:12,bits.wikimedia.org
2013-06-12 16:11:12,bits.wikimedia.org
2013-06-12 16:11:21,www.google.fr
2013-06-12 16:12:31,www.google.fr
2013-06-12 16:15:29,translate.google.fr
2013-06-12 16:15:31,translate.google.fr
2013-06-12 16:15:36,translate.google.fr
2013-06-12 16:16:39,translate.google.fr
2013-06-12 16:16:44,translate.google.fr
2013-06-12 16:17:31,translate.google.fr
2013-06-12 16:17:32,translate.google.fr
2013-06-12 16:17:37,translate.google.fr
2013-06-12 16:20:13,translate.google.fr
2013-06-12 16:20:14,translate.google.fr
2013-06-12 16:20:15,translate.google.fr
2013-06-12 16:20:16,translate.google.fr
2013-06-12 16:20:17,translate.google.fr
2013-06-12 16:20:22,translate.google.fr
2013-06-12 16:20:27,search.mywebs.pro
2013-06-12 16:20:33,www.google.fr
2013-06-12 16:24:35,www.google.fr
2013-06-12 16:30:35,search.mywebs.pro
2013-06-12 16:30:35,www.google.fr
2013-06-12 16:30:35,www.linguee.fr
2013-06-12 16:30:36,www.linguee.fr
2013-06-12 16:30:37,www.linguee.fr
2013-06-12 16:30:37,www.google.fr
2013-06-12 16:30:37,search.mywebs.pro
2013-06-12 16:30:38,www.linguee.fr
2013-06-12 16:30:38,search.mywebs.pro
2013-06-12 16:30:40,www.google.com
2013-06-12 16:30:40,www.linguee.fr
2013-06-12 16:30:41,www.facebook.com
2013-06-12 16:30:43,www.linguee.fr
2013-06-12 16:30:43,um.simpli.fi
2013-06-12 16:30:45,rp.gwallet.com
2013-06-12 16:31:24,en.wikipedia.org
2013-06-12 16:31:25,en.wikipedia.org
2013-06-12 16:31:26,en.wikipedia.org
2013-06-12 16:31:28,en.wikipedia.org
2013-06-12 16:31:29,en.wikipedia.org
2013-06-12 16:31:30,bits.wikimedia.org
2013-06-12 16:31:30,en.wikipedia.org
2013-06-12 16:31:31,bits.wikimedia.org
2013-06-12 16:31:31,meta.wikimedia.org
2013-06-12 16:31:32,meta.wikimedia.org
2013-06-12 16:31:32,en.wikipedia.org
2013-06-12 16:31:32,bits.wikimedia.org
2013-06-12 16:32:47,search.mywebs.pro
2013-06-12 16:32:47,en.wikipedia.org
2013-06-12 16:32:50,meta.wikimedia.org
2013-06-12 16:32:50,bits.wikimedia.org
2013-06-12 16:32:51,en.wikipedia.org
2013-06-12 16:32:52,bits.wikimedia.org
2013-06-12 16:33:52,bits.wikimedia.org
2013-06-12 16:34:32,www.google.fr
2013-06-12 16:36:32,en.wikipedia.org
2013-06-12 16:36:33,en.wikipedia.org
2013-06-12 16:36:34,en.wikipedia.org
2013-06-12 16:36:35,en.wikipedia.org
2013-06-12 16:36:36,en.wikipedia.org
2013-06-12 16:36:36,bits.wikimedia.org
2013-06-12 16:36:37,en.wikipedia.org
2013-06-12 16:36:37,bits.wikimedia.org
2013-06-12 16:36:43,en.wikipedia.org
2013-06-12 16:36:43,bits.wikimedia.org
2013-06-12 16:36:44,en.wikipedia.org
2013-06-12 16:36:44,meta.wikimedia.org
2013-06-12 16:39:43,en.wikipedia.org
2013-06-12 16:39:44,en.wikipedia.org
2013-06-12 16:39:45,bits.wikimedia.org
2013-06-12 16:39:45,en.wikipedia.org
2013-06-12 16:39:46,en.wikipedia.org
2013-06-12 16:39:46,bits.wikimedia.org
2013-06-12 16:39:48,bits.wikimedia.org
2013-06-12 16:39:48,en.wikipedia.org
2013-06-12 16:39:48,meta.wikimedia.org
2013-06-12 16:40:54,webresultado.com
2013-06-12 16:45:10,en.wikipedia.org
2013-06-12 16:45:11,en.wikipedia.org
2013-06-12 16:45:11,meta.wikimedia.org
2013-06-12 16:45:11,bits.wikimedia.org
2013-06-12 16:45:11,commons.wikimedia.org
2013-06-12 16:45:14,search.mywebs.pro
2013-06-12 16:45:15,meta.wikimedia.org
2013-06-12 16:45:15,en.wikipedia.org
2013-06-12 16:47:53,commons.wikimedia.org
2013-06-12 16:47:53,search.mywebs.pro
2013-06-12 16:47:53,bits.wikimedia.org
2013-06-12 16:47:53,en.wikipedia.org
2013-06-12 16:47:53,meta.wikimedia.org
2013-06-12 16:50:30,search.mywebs.pro
2013-06-12 16:50:30,www.google.fr
2013-06-12 16:50:31,www.lesprenoms.net
2013-06-12 16:50:32,storage.canalblog.com
2013-06-12 16:50:32,www.google.fr
2013-06-12 16:50:32,search.mywebs.pro
2013-06-12 16:50:32,www.lesprenoms.net
2013-06-12 16:50:33,www.lesprenoms.net
2013-06-12 16:50:35,www.lesprenoms.net
2013-06-12 16:52:19,www.google.fr
2013-06-12 16:59:01,clients1.google.fr
2013-06-12 16:59:01,www.google.fr
2013-06-12 16:59:02,clients1.google.fr
2013-06-12 16:59:04,www.google.fr
2013-06-12 16:59:09,www.google.fr
2013-06-12 17:01:09,www.google.fr
2013-06-12 17:08:15,www.google.fr
2013-06-12 17:08:15,clients1.google.fr
2013-06-12 17:08:16,www.google.fr
2013-06-12 17:08:18,www.google.fr
2013-06-12 17:08:23,clients1.google.fr
2013-06-12 17:08:23,www.google.fr
2013-06-12 17:08:41,www.google.fr
2013-06-12 17:08:53,www.google.fr
2013-06-12 17:08:58,www.google.fr
2013-06-12 17:09:31,www.google.fr
2013-06-12 17:09:31,clients1.google.fr
2013-06-12 17:09:32,www.google.fr
2013-06-12 17:09:39,www.google.fr
2013-06-12 17:09:51,www.google.fr
2013-06-12 17:09:56,www.google.fr
2013-06-12 17:11:24,www.google.fr
2013-06-12 17:11:34,www.google.fr
2013-09-12 08:31:59,armmf.adobe.com
2013-09-12 08:32:01,armmf.adobe.com
2013-09-12 08:32:40,armmf.adobe.com
2013-09-12 08:32:47,armmf.adobe.com
2013-09-12 08:36:45,armmf.adobe.com
2013-09-12 08:36:47,armmf.adobe.com
2013-09-12 08:36:57,armmf.adobe.com
2013-09-12 08:37:02,armmf.adobe.com
2013-11-20 15:40:30,go.microsoft.com
2013-11-20 15:40:31,runonce.msn.com
2013-11-20 15:40:32,runonce.msn.com
2013-11-20 15:56:13,www.google.com
2013-11-20 15:56:13,www.google.fr
2013-11-20 15:56:14,www.google.fr
2013-11-20 15:56:14,clients1.google.fr
2013-11-20 15:56:16,www.google.fr
2013-11-20 15:56:23,docs-europe.electrocomponents.com
2013-11-20 15:56:24,clients1.google.fr
2013-11-20 15:56:26,www.google.fr
2013-11-20 15:56:26,docs-europe.electrocomponents.com
2013-11-21 08:41:41,go.microsoft.com
2013-11-21 08:41:43,runonce.msn.com
2013-11-21 08:41:54,www.google.fr
2013-11-21 08:41:54,www.google.com
2013-11-21 08:41:55,clients1.google.fr
2013-11-21 08:41:57,www.google.fr
2013-11-21 08:41:59,crl.usertrust.com
2013-11-21 08:42:00,crl.usertrust.com
2013-11-21 08:42:01,crl.tcs.terena.org
2013-11-21 11:23:00,go.microsoft.com
2013-11-21 11:23:01,runonce.msn.com
2013-11-21 11:23:02,runonce.msn.com
2013-11-21 11:23:06,www.google.com
2013-11-21 11:23:06,www.google.fr
2013-11-21 11:23:06,clients1.google.fr
2013-11-21 11:23:08,www.google.fr
2013-11-21 11:23:08,mail.google.com
2013-11-21 11:23:09,accounts.google.com
2013-11-21 11:23:31,accounts.google.com
2013-11-21 11:23:36,accounts.google.com
2013-11-21 11:23:36,mail.google.com
2013-11-21 11:23:37,mail.google.com
2013-11-21 11:23:38,accounts.google.fr
2013-11-21 11:23:38,mail.google.com
2013-11-21 11:23:38,www.google.com
2013-11-21 11:23:39,www.google.com
2013-11-21 11:24:50,mail.google.com
2013-11-21 11:24:55,mail.google.com
2013-11-21 11:53:56,mail.google.com
2013-11-21 11:54:13,mail.google.com
2013-11-21 12:47:23,runonce.msn.com
2013-11-21 12:47:23,go.microsoft.com
2013-11-21 12:47:24,runonce.msn.com
2013-11-21 12:47:28,www.google.fr
2013-11-21 12:47:28,www.google.com
2013-11-21 12:47:29,clients1.google.fr
2013-11-21 12:47:36,www.google.fr
2013-11-21 12:47:36,www.google.com
2013-11-21 12:47:37,clients1.google.fr
2013-11-21 12:47:41,www.google.fr
2013-11-21 12:47:41,www.apec.fr
2013-11-21 12:47:42,www.apec.fr
2013-11-21 12:47:45,www.apec.fr
2013-11-21 12:47:46,www.apec.fr
2013-11-21 12:47:46,www.facebook.com
2013-11-21 12:47:46,www.google.com
2013-11-21 12:47:47,www.facebook.com
2013-11-21 12:47:47,gtssl-crl.geotrust.com
2013-11-21 12:47:47,www.google.com
2013-11-21 12:47:47,www.apec.fr
2013-11-21 12:47:50,mpp2.vindicosuite.com
2013-11-21 12:47:50,crl.thawte.com
2013-11-21 12:47:51,svr-ov-crl.thawte.com
2013-11-21 12:47:52,www.facebook.com
2013-11-21 12:47:52,www.apec.fr
2013-11-21 12:48:10,jd.apec.fr
2013-11-21 12:48:10,www.apec.fr
2013-11-21 12:48:12,jd.apec.fr
2013-11-21 12:48:13,cadres.apec.fr
2013-11-21 12:48:13,jd.apec.fr
2013-11-21 12:48:14,www.google.com
2013-11-21 12:48:14,jd.apec.fr
2013-11-21 12:48:20,jd.apec.fr
2013-11-21 12:50:16,www.google.com
2013-11-21 12:50:16,www.google.fr
2013-11-21 12:50:16,clients1.google.fr
2013-11-21 12:50:18,www.google.fr
2013-11-21 12:50:18,www.amplisens.com
2013-11-21 12:50:23,www.amplisens.com
2013-11-21 12:50:32,www.amplisens.com
2013-11-21 12:50:59,clients1.google.fr
2013-11-21 12:51:04,www.apec.fr
2013-11-21 12:52:58,go.microsoft.com
2013-11-21 12:52:58,runonce.msn.com
2013-11-21 12:52:59,runonce.msn.com
2013-11-21 12:53:00,runonce.msn.com
2013-11-21 12:53:08,www.google.com
2013-11-21 12:53:09,www.google.fr
2013-11-21 12:53:10,www.google.fr
2013-11-21 12:53:11,clients1.google.fr
2013-11-21 12:56:31,www.google.com
2013-11-21 12:56:31,www.google.fr
2013-11-21 12:56:32,clients1.google.fr
2013-11-21 12:56:50,img.youtube.com
2013-11-21 12:56:50,clients1.google.fr
2013-11-21 12:56:50,www.google.fr
2013-11-21 12:56:50,www.google.com
2013-11-21 12:56:55,ourea.cognix-systems.net
2013-11-21 12:56:55,www.webgazelle.net
2013-11-21 12:56:55,www.roboplanet.fr
2013-11-21 12:56:55,www.google.fr
2013-11-21 12:56:56,www.roboplanet.fr
2013-11-21 12:56:56,roboplanet.fr
2013-11-21 12:56:58,www.roboplanet.fr
2013-11-21 12:57:27,www.roboplanet.fr
2013-11-21 12:57:27,www.webgazelle.net
2013-11-21 12:57:28,roboplanet.fr
2013-11-21 12:57:28,www.roboplanet.fr
2013-11-21 12:58:54,clients1.google.fr
2013-11-21 12:58:54,www.google.fr
2013-11-21 12:58:54,www.google.com
2013-11-21 12:58:57,www.google.fr
2013-11-21 12:58:57,www.apec.fr
2013-11-21 12:59:00,www.apec.fr
2013-11-21 12:59:01,www.google.com
2013-11-21 12:59:01,www.apec.fr
2013-11-21 12:59:02,www.apec.fr
2013-11-21 12:59:23,www.apec.fr
2013-11-21 12:59:23,jd.apec.fr
2013-11-21 12:59:23,cadres.apec.fr
2013-11-21 12:59:23,www.google.com
2013-11-21 12:59:24,jd.apec.fr
2013-11-21 12:59:25,jd.apec.fr
2013-11-21 13:00:23,go.microsoft.com
2013-11-21 13:00:24,runonce.msn.com
2013-11-21 13:00:25,runonce.msn.com
2013-11-21 13:00:30,clients1.google.fr
2013-11-21 13:00:30,www.google.fr
2013-11-21 13:00:30,www.google.com
2013-11-21 13:00:32,www.apec.fr
2013-11-21 13:00:32,www.google.fr
2013-11-21 13:00:33,www.apec.fr
2013-11-21 13:00:34,www.google.com
2013-11-21 13:00:34,www.google.fr
2013-11-21 13:00:34,www.apec.fr
2013-11-21 13:00:35,www.facebook.com
2013-11-21 13:00:35,mpp2.vindicosuite.com
2013-11-21 13:00:35,gtssl-crl.geotrust.com
2013-11-21 13:00:35,crl.thawte.com
2013-11-21 13:00:36,svr-ov-crl.thawte.com
2013-11-21 13:00:36,www.facebook.com
2013-11-21 13:00:39,www.facebook.com
2013-11-21 13:00:39,www.google.fr
2013-11-21 13:00:39,www.google.com
2013-11-21 13:00:39,www.apec.fr
2013-11-21 13:00:57,www.apec.fr
2013-11-21 13:00:57,jd.apec.fr
2013-11-21 13:00:58,jd.apec.fr
2013-11-21 13:01:00,jd.apec.fr
2013-11-21 13:01:01,www.google.fr
2013-11-21 13:01:01,jd.apec.fr
2013-11-21 13:01:01,cadres.apec.fr
2013-11-21 13:01:01,www.google.com
2013-11-21 13:01:05,jd.apec.fr
2013-11-21 13:01:20,jd.apec.fr
2013-11-21 13:01:20,www.google.com
2013-11-21 13:01:20,www.google.fr
2013-11-21 13:01:21,jd.apec.fr
2013-11-21 13:01:25,www.google.fr
2013-11-21 13:01:25,jd.apec.fr
2013-11-21 13:01:25,www.google.com
2013-11-21 13:01:26,www.google.com
2013-11-21 13:01:26,www.google.fr
2013-11-21 13:01:26,jd.apec.fr
2013-11-21 13:01:28,jd.apec.fr
2013-11-21 13:01:28,www.google.com
2013-11-21 13:01:28,www.google.fr
2013-11-21 13:01:29,www.google.com
2013-11-21 13:01:29,www.google.fr
2013-11-21 13:01:30,www.google.com
2013-11-21 13:01:30,www.google.fr
2013-11-21 13:01:30,jd.apec.fr
2013-11-21 13:01:34,www.google.com
2013-11-21 13:01:34,www.apec.fr
2013-11-21 13:01:34,www.google.fr
2013-11-21 13:01:49,www.apec.fr
2013-11-21 13:01:49,www.google.com
2013-11-21 13:01:50,www.google.fr
2013-11-21 13:01:50,cadres.apec.fr
2013-11-21 13:01:52,cadres.apec.fr
2013-11-21 13:01:53,www.google.fr
2013-11-21 13:01:53,www.linkedin.com
2013-11-21 13:01:53,www.google.com
2013-11-21 13:01:53,cadres.apec.fr
2013-11-21 13:01:54,cadres.apec.fr
2013-11-21 13:01:55,cadres.apec.fr
2013-11-21 13:01:55,www.linkedin.com
2013-11-21 13:01:56,cadres.apec.fr
2013-11-21 13:01:58,cadres.apec.fr
2013-11-21 13:02:18,clients1.google.fr
2013-11-21 13:02:18,www.google.fr
2013-11-21 13:02:18,www.google.com
2013-11-21 13:02:22,www.google.fr
2013-11-21 13:02:22,www.pole-emploi.fr
2013-11-21 13:02:23,www.pole-emploi.fr
2013-11-21 13:02:25,www.pole-emploi.fr
2013-11-21 13:02:26,www.pole-emploi.fr
2013-11-21 13:02:27,www.pole-emploi.fr
2013-11-21 13:02:28,www.pole-emploi.fr
2013-11-21 13:02:28,www.apec.fr
2013-11-21 13:02:29,www.pole-emploi.fr
2013-11-21 13:02:29,www.google.com
2013-11-21 13:02:29,www.google.fr
2013-11-21 13:02:29,www.apec.fr
2013-11-21 13:02:30,www.pole-emploi.fr
2013-11-21 13:02:30,mpp2.vindicosuite.com
2013-11-21 13:02:30,www.adobe.com
2013-11-21 13:02:30,wwwimages.adobe.com
2013-11-21 13:02:30,crl.globalsign.net
2013-11-21 13:02:34,jd.apec.fr
2013-11-21 13:02:34,www.google.fr
2013-11-21 13:02:34,www.apec.fr
2013-11-21 13:02:34,b12.myspace.com
2013-11-21 13:02:35,www.google.fr
2013-11-21 13:02:35,jd.apec.fr
2013-11-21 13:02:35,www.google.com
2013-11-21 13:02:43,jd.apec.fr
2013-11-21 13:02:44,www.google.com
2013-11-21 13:02:44,www.google.fr
2013-11-21 13:02:44,jd.apec.fr
2013-11-21 13:02:46,www.google.com
2013-11-21 13:02:46,www.google.fr
2013-11-21 13:02:47,jd.apec.fr
2013-11-21 13:02:47,www.google.com
2013-11-21 13:02:47,www.google.fr
2013-11-21 13:02:49,www.apec.fr
2013-11-21 13:02:49,www.google.com
2013-11-21 13:02:49,www.google.fr
2013-11-21 13:02:50,www.google.com
2013-11-21 13:02:51,mpp2.vindicosuite.com
2013-11-21 13:02:53,apnx-match.dotomi.com
2013-11-21 13:02:54,dtm.officemax.com
2013-11-21 13:02:55,www.google.fr
2013-11-21 13:02:55,crl.comodoca.com
2013-11-21 13:03:15,www.apec.fr
2013-11-21 13:03:15,pixel2368.everesttech.net
2013-11-21 13:03:16,jd.apec.fr
2013-11-21 13:03:16,www.google.com
2013-11-21 13:03:16,www.google.fr
2013-11-21 13:03:19,offre.pole-emploi.fr
2013-11-21 13:03:19,candidat.pole-emploi.fr
2013-11-21 13:03:20,candidat.pole-emploi.fr
2013-11-21 13:03:21,candidat.pole-emploi.fr
2013-11-21 13:03:22,candidat.pole-emploi.fr
2013-11-21 13:03:23,candidat.pole-emploi.fr
2013-11-21 13:03:40,offre.pole-emploi.fr
2013-11-21 13:03:40,candidat.pole-emploi.fr
2013-11-21 13:03:41,candidat.pole-emploi.fr
2013-11-21 13:03:48,www.google.com
2013-11-21 13:03:49,www.google.fr
2013-11-21 13:03:49,clients1.google.fr
2013-11-21 13:03:51,www.google.fr
2013-11-21 13:03:52,www.sercovam.com
2013-11-21 13:03:53,www.sercovam.com
2013-11-21 13:03:54,www.sercovam.com
2013-11-21 13:03:55,www.sercovam.com
2013-11-21 13:03:57,www.sercovam.com
2013-11-21 13:03:58,www.sercovam.com
2013-11-21 13:03:59,www.sercovam.com
2013-11-21 13:04:01,www.sercovam.com
2013-11-21 13:04:02,www.sercovam.com
2013-11-21 13:04:03,www.sercovam.com
2013-11-21 13:04:04,www.sercovam.com
2013-11-21 13:04:05,www.sercovam.com
2013-11-21 13:04:08,www.sercovam.com
2013-11-21 13:04:23,www.google.com
2013-11-21 13:04:24,www.google.fr
2013-11-21 13:04:24,clients1.google.fr
2013-11-21 13:04:28,www.lne.fr
2013-11-21 13:04:28,www.google.fr
2013-11-21 13:04:29,www.lne.fr
2013-11-21 13:04:30,www.lne.fr
2013-11-21 13:04:31,www.lne.fr
2013-11-21 13:04:34,www.lne.fr
2013-11-21 13:04:56,www.lne.fr
2013-11-21 13:04:58,candidat.pole-emploi.fr
2013-11-21 13:05:04,www.lne.fr
2013-11-21 13:05:11,www.lne.fr
2013-11-21 13:05:28,www.lne.fr
2013-11-21 13:05:29,www.lne.fr
2013-11-21 13:05:29,clients1.google.fr
2013-11-21 13:05:29,candidat.pole-emploi.fr
2013-11-21 13:05:30,candidat.pole-emploi.fr
2013-11-21 13:05:38,candidat.pole-emploi.fr
2013-11-21 13:05:43,candidat.pole-emploi.fr
2013-11-21 13:05:48,candidat.pole-emploi.fr
2013-11-21 13:05:49,www.google.fr
2013-11-21 13:05:49,clients1.google.fr
2013-11-21 13:05:56,candidat.pole-emploi.fr
2013-11-21 13:05:57,candidat.pole-emploi.fr
2013-11-21 13:06:14,www.google.fr
2013-11-21 13:06:15,certisolis.com
2013-11-21 13:06:18,certisolis.com
2013-11-21 13:06:19,certisolis.com
2013-11-21 13:06:20,certisolis.com
2013-11-21 13:06:23,certisolis.com
2013-11-21 13:06:24,certisolis.com
2013-11-21 13:06:29,certisolis.com
2013-11-21 13:06:30,certisolis.com
2013-11-21 13:07:07,certisolis.com
2013-11-21 13:07:08,certisolis.com
2013-11-21 13:07:18,certisolis.com
2013-11-21 13:08:12,certisolis.com
2013-11-21 13:08:27,certisolis.com
2013-11-21 13:09:20,clients1.google.fr
2013-11-21 13:09:20,www.google.fr
2013-11-21 13:09:20,www.google.com
2013-11-21 13:09:21,www.google.fr
2013-11-21 13:09:22,www.trescal.fr
2013-11-21 13:09:23,www.trescal.fr
2013-11-21 13:09:24,www.trescal.fr
2013-11-21 13:09:30,www.trescal.fr
2013-11-21 13:09:33,www.trescal.fr
2013-11-21 13:09:34,www.trescal.fr
2013-11-21 13:09:41,www.trescal.com
2013-11-21 13:09:43,www.trescal.com
2013-11-21 13:09:44,www.trescal.com
2013-11-27 14:44:43,go.microsoft.com
2013-11-27 14:44:44,go.microsoft.com
2013-11-27 14:44:44,runonce.msn.com
2013-11-27 14:44:45,runonce.msn.com
2013-11-27 14:44:49,www.google.com
2013-11-27 14:44:50,www.google.fr
2013-11-27 14:44:51,www.google.fr
2013-11-27 14:44:51,clients1.google.fr
2013-11-27 14:44:55,www.google.fr
2013-11-27 14:44:56,radiospares-fr.rs-online.com
2013-11-27 14:44:56,img-europe.electrocomponents.com
2013-11-27 14:44:57,img-europe.electrocomponents.com
2013-11-27 14:44:57,radiospares-fr.rs-online.com
2013-11-27 14:44:58,www.google.com
2013-11-27 14:44:58,www.google.fr
2013-11-27 14:44:58,img-europe.electrocomponents.com
2013-11-27 14:44:59,radiospares-fr.rs-online.com
2013-11-27 14:44:59,img-europe.electrocomponents.com
2013-11-27 14:44:59,wa-europe.electrocomponents.com
2013-11-27 14:45:00,img-europe.electrocomponents.com
2013-11-27 14:45:01,img-europe.electrocomponents.com
2013-11-27 14:45:05,radiospares-fr.rs-online.com
2013-11-27 14:45:06,radiospares-fr.rs-online.com
2013-11-27 14:45:07,radiospares-fr.rs-online.com
2013-11-27 14:45:09,radiospares-fr.rs-online.com
2013-11-27 14:45:09,img-europe.electrocomponents.com
2013-11-27 14:45:10,img-europe.electrocomponents.com
2013-11-27 14:45:11,img-europe.electrocomponents.com
2013-11-27 14:45:12,wa-europe.electrocomponents.com
2013-11-27 14:45:12,img-europe.electrocomponents.com
2013-11-27 14:45:12,radiospares-fr.rs-online.com
2013-11-27 14:45:13,www.google.com
2013-11-27 14:45:13,www.google.fr
2013-11-27 14:45:13,wa-europe.electrocomponents.com
2013-11-27 14:45:22,wa-europe.electrocomponents.com
2013-11-27 14:45:22,docs-europe.electrocomponents.com
2013-11-27 14:45:29,wa-europe.electrocomponents.com
2013-11-27 14:45:39,docs-europe.electrocomponents.com
2013-11-27 14:46:19,docs-europe.electrocomponents.com
2013-11-27 14:46:19,wa-europe.electrocomponents.com
2013-11-27 16:02:34,go.microsoft.com
2013-11-27 16:02:35,runonce.msn.com
2013-11-27 16:02:36,runonce.msn.com
2013-11-27 16:02:37,runonce.msn.com
2013-11-27 16:02:38,runonce.msn.com
2013-11-27 16:02:41,clients1.google.fr
2013-11-27 16:02:41,www.google.com
2013-11-27 16:02:41,www.google.fr
2013-11-27 16:02:44,www.google.fr
2013-11-27 16:02:44,www.apec.fr
2013-11-27 16:02:45,www.apec.fr
2013-11-27 16:02:46,www.apec.fr
2013-11-27 16:02:48,www.apec.fr
2013-11-27 16:02:49,www.apec.fr
2013-11-27 16:02:50,www.google.fr
2013-11-27 16:02:50,www.apec.fr
2013-11-27 16:02:50,www.google.com
2013-11-27 16:02:51,www.apec.fr
2013-11-27 16:02:52,www.facebook.com
2013-11-27 16:02:52,www.apec.fr
2013-11-27 16:02:52,crl.geotrust.com
2013-11-27 16:02:53,pki.google.com
2013-11-27 16:02:53,crl.geotrust.com
2013-11-27 16:02:54,www.apec.fr
2013-11-27 16:02:57,www.google.com
2013-11-27 16:02:57,www.facebook.com
2013-11-27 16:03:01,www.google.fr
2013-11-27 16:03:01,www.apec.fr
2013-11-27 16:03:02,jd.apec.fr
2013-11-27 16:03:03,jd.apec.fr
2013-11-27 16:03:03,cadres.apec.fr
2013-11-27 16:03:03,www.google.com
2013-11-27 16:03:04,www.google.fr
2013-11-27 16:03:04,jd.apec.fr
2013-11-27 16:03:49,www.google.com
2013-11-27 16:03:49,www.google.fr
2013-11-27 16:03:49,clients1.google.fr
2013-11-27 16:03:51,www.google.fr
2013-11-27 16:03:51,www.amplisens.com
2013-11-27 16:03:52,www.amplisens.com
2013-11-27 16:03:54,www.amplisens.com
2013-11-27 16:03:56,maps.google.fr
2013-11-27 16:03:57,maps.google.fr
2013-11-27 16:03:57,khms1.google.fr
2013-11-27 16:03:57,khms0.google.fr
2013-11-27 16:03:58,cbks3.google.com
2013-11-27 16:03:58,khms1.google.fr
2013-11-27 16:03:58,khms0.google.fr
2013-11-27 16:03:59,khms0.google.fr
2013-11-27 16:03:59,maps.google.fr
2013-11-27 16:04:00,mts0.google.com
2013-11-27 16:04:00,khms0.google.fr
2013-11-27 16:04:00,maps.google.fr
2013-11-27 16:04:00,khms1.google.fr
2013-11-27 16:04:01,khms1.google.fr
2013-11-27 16:04:02,khms1.google.fr
2013-11-27 16:04:02,khms0.google.fr
2013-11-27 16:04:02,maps.google.fr
2013-11-27 16:05:00,www.amplisens.com
2013-11-27 16:05:05,khms1.google.fr
2013-11-27 16:05:11,www.amplisens.com
2013-11-27 16:05:13,www.amplisens.com
2013-11-27 16:05:13,mts0.google.com
2013-11-27 16:05:13,maps.google.fr
2013-11-27 16:05:14,www.amplisens.com
2013-11-28 14:02:23,armmf.adobe.com
2013-11-28 14:21:45,webresultado.com
2013-11-28 15:43:59,webresultado.com
2013-11-28 16:45:45,webresultado.com
2013-11-29 08:05:43,armmf.adobe.com
2013-11-29 08:06:11,search.mywebs.pro
2013-11-29 08:06:17,fpdownload2.macromedia.com
2013-11-29 08:06:18,search.mywebs.pro
2013-11-29 08:06:36,chateaut.free.fr
2013-11-29 08:07:16,webresultado.com
2013-11-29 08:07:54,chateaut.free.fr
2013-11-29 08:45:13,search.mywebs.pro
2013-12-12 09:17:01,go.microsoft.com
2013-12-12 09:17:02,runonce.msn.com
2013-12-12 09:17:03,runonce.msn.com
2013-12-12 09:17:15,www.google.fr
2013-12-12 09:17:15,clients1.google.fr
2013-12-12 09:17:19,clients1.google.fr
2013-12-12 09:17:20,clients1.google.fr
2013-12-12 09:17:21,clients1.google.fr
2013-12-12 09:17:22,www.google.fr
2013-12-12 09:17:22,clients1.google.fr
2013-12-12 09:17:27,www.google.fr
2013-12-12 09:17:27,fr.wikipedia.org
2013-12-12 09:17:27,bits.wikimedia.org
2013-12-12 09:17:28,bits.wikimedia.org
2013-12-12 09:17:28,login.wikimedia.org
2013-12-12 09:17:29,meta.wikimedia.org
2013-12-12 09:17:29,bits.wikimedia.org
2013-12-12 09:17:30,fr.wikipedia.org
2013-12-12 09:48:48,www.google.com
2013-12-12 09:48:49,www.google.fr
2013-12-12 09:48:49,clients1.google.fr
2013-12-12 09:49:02,www.google.com
2013-12-12 09:49:03,www.google.fr
2013-12-12 09:49:03,clients1.google.fr
2013-12-12 09:49:09,www.google.fr
2013-12-12 09:49:16,crl.usertrust.com
2013-12-12 09:49:17,crl.comodoca.com
2013-12-12 09:49:20,cours.etsmtl.ca
2013-12-12 09:50:26,cours.etsmtl.ca
2013-12-12 10:25:26,installation-electrique.comprendrechoisir.com
2013-12-12 10:25:26,www.google.fr
2013-12-12 10:25:26,static.fine-media.fr
2013-12-12 10:25:27,installation-electrique.comprendrechoisir.com
2013-12-12 10:25:27,crl.geotrust.com
2013-12-12 10:25:27,pki.google.com
2013-12-12 10:25:27,static.fine-media.fr
2013-12-12 10:25:27,d1447tq2m68ekg.cloudfront.net
2013-12-12 10:25:28,www.google.com
2013-12-12 10:25:28,installation-electrique.comprendrechoisir.com
2013-12-12 10:25:28,static.fine-media.fr
2013-12-12 10:25:29,dlive.pagesjaunes.fr
2013-12-12 10:25:29,installation-electrique.comprendrechoisir.com
2013-12-12 10:25:29,static.fine-media.fr
2013-12-12 10:25:30,static.fine-media.fr
2013-12-12 10:25:30,dlive.pagesjaunes.fr
2013-12-12 10:25:31,dlive.pagesjaunes.fr
2013-12-12 10:25:31,installation-electrique.comprendrechoisir.com
2013-12-12 10:25:31,media.comprendrechoisir.com
2013-12-12 10:25:31,static.fine-media.fr
2013-12-12 10:25:31,www.googleapis.com
2013-12-12 10:25:32,media.comprendrechoisir.com
2013-12-12 10:25:32,installation-electrique.comprendrechoisir.com
2013-12-12 10:25:32,dlive.pagesjaunes.fr
2013-12-12 10:25:32,www.facebook.com
2013-12-12 10:25:33,www.google.com
2013-12-12 10:25:34,static.fine-media.fr
2013-12-12 10:25:34,dlive.pagesjaunes.fr
2013-12-12 10:25:34,www.google.com
2013-12-12 10:25:36,clients1.google.com
2013-12-12 10:25:36,www.google.fr
2013-12-12 10:25:36,dlive.pagesjaunes.fr
2013-12-12 10:25:36,clients1.google.fr
2013-12-12 10:25:36,www.google.com
2013-12-12 10:25:37,www.google.com
2013-12-12 10:25:37,media.comprendrechoisir.com
2013-12-12 10:25:37,dlive.pagesjaunes.fr
2013-12-12 10:25:37,installation-electrique.comprendrechoisir.com
2013-12-12 10:25:38,media.comprendrechoisir.com
2013-12-12 10:25:38,installation-electrique.comprendrechoisir.com
2013-12-12 10:25:38,static.fine-media.fr
2013-12-12 10:25:39,static.fine-media.fr
2013-12-12 10:25:40,static.fine-media.fr
2013-12-12 10:25:40,clients1.google.fr
2013-12-12 10:25:40,logc259.at.pagesjaunes.fr
2013-12-12 10:25:40,www.google.com
2013-12-12 10:25:40,www.google.fr
2013-12-12 10:25:40,installation-electrique.comprendrechoisir.com
2013-12-12 10:25:41,clients1.google.fr
2013-12-12 10:25:42,clients1.google.fr
2013-12-12 10:25:43,clients1.google.fr
2013-12-12 10:25:44,clients1.google.fr
2013-12-12 10:25:45,clients1.google.fr
2013-12-12 10:25:46,clients1.google.fr
2013-12-12 10:25:46,www.google.fr
2013-12-12 10:25:55,clients1.google.fr
2013-12-12 10:25:57,clients1.google.fr
2013-12-12 10:25:57,www.google.fr
2013-12-12 10:26:15,www.google.com
2013-12-12 10:26:15,www.google.fr
2013-12-12 10:26:15,clients1.google.fr
2013-12-12 10:26:20,clients1.google.fr
2013-12-12 10:26:21,clients1.google.fr
2013-12-12 10:26:22,clients1.google.fr
2013-12-12 10:26:24,clients1.google.fr
2013-12-12 10:26:26,www.google.fr
2013-12-12 10:26:26,clients1.google.fr
2013-12-12 10:26:29,www.google.fr
2013-12-12 10:26:29,ajax.googleapis.com
2013-12-12 10:26:29,www.bis-electric.com
2013-12-12 10:26:30,www.bis-electric.com
2013-12-12 10:26:31,www.google.com
2013-12-12 10:26:31,www.google.fr
2013-12-12 10:26:31,www.bis-electric.com
2013-12-12 10:26:31,www.schneider-electric.fr
2013-12-12 10:26:32,www.schneider-electric.fr
2013-12-12 10:26:32,www.bis-electric.com
2013-12-12 10:26:33,www.schneider-electric.fr
2013-12-12 10:26:33,www.schneider-electric.com
2013-12-12 10:26:34,www.schneider-electric.com
2013-12-12 10:26:35,www.schneider-electric.fr
2013-12-12 10:26:35,www.schneider-electric.com
2013-12-12 10:26:36,www.schneider-electric.com
2013-12-12 10:26:36,www.schneider-electric.fr
2013-12-12 10:26:55,www.schneider-electric.com
2013-12-12 10:26:56,www.schneider-electric.com
2013-12-12 10:26:57,www.schneider-electric.fr
2013-12-12 10:26:57,www.schneider-electric.com
2013-12-12 10:26:58,www.schneider-electric.com
2013-12-12 10:26:59,www.schneider-electric.com
2013-12-12 10:27:01,www.schneider-electric.com
2013-12-12 10:27:09,www.schneider-electric.com
2013-12-12 10:27:10,www.schneider-electric.fr
2013-12-12 10:27:10,www.schneider-electric.com
2013-12-12 10:27:11,www.schneider-electric.fr
2013-12-12 10:27:16,websearch.schneider-electric.com
2013-12-12 10:27:17,websearch.schneider-electric.com
2013-12-12 10:27:18,websearch.schneider-electric.com
2013-12-12 10:27:32,www.e-catalogue.schneider-electric.fr
2013-12-12 10:27:33,www.e-catalogue.schneider-electric.fr
2013-12-12 10:27:34,www.e-catalogue.schneider-electric.fr
2013-12-12 10:27:35,www.e-catalogue.schneider-electric.fr
2013-12-12 10:27:36,www.e-catalogue.schneider-electric.fr
2013-12-12 10:27:37,www.e-catalogue.schneider-electric.fr
2013-12-12 10:27:38,www.e-catalogue.schneider-electric.fr
2013-12-12 10:27:39,www.e-catalogue.schneider-electric.fr
2013-12-12 10:27:39,www.schneider-electric.fr
2013-12-12 10:27:40,www.schneider-electric.fr
2013-12-12 10:27:57,www.e-catalogue.schneider-electric.fr
2013-12-12 10:27:58,www.e-catalogue.schneider-electric.fr
2013-12-12 10:27:59,www.e-catalogue.schneider-electric.fr
2013-12-12 10:28:00,www.e-catalogue.schneider-electric.fr
2013-12-12 10:28:01,www.e-catalogue.schneider-electric.fr
2013-12-12 10:28:03,www.e-catalogue.schneider-electric.fr
2013-12-12 10:28:05,www.e-catalogue.schneider-electric.fr
2013-12-12 10:28:16,static.fine-media.fr
2013-12-12 10:29:48,www.google.com
2013-12-12 10:29:48,www.google.fr
2013-12-12 10:29:49,clients1.google.fr
2013-12-12 10:29:52,www.google.fr
2013-12-12 10:29:53,clients1.google.fr
2013-12-12 10:29:58,clients1.google.fr
2013-12-12 10:29:59,clients1.google.fr
2013-12-12 10:29:59,www.google.fr
2013-12-12 10:30:06,clients1.google.fr
2013-12-12 10:30:07,clients1.google.fr
2013-12-12 10:30:10,www.google.fr
2013-12-12 10:30:10,clients1.google.fr
2013-12-12 11:27:39,go.microsoft.com
2013-12-12 11:27:40,runonce.msn.com
2013-12-12 11:27:45,www.google.com
2013-12-12 11:27:46,www.google.fr
2013-12-12 11:27:46,clients1.google.fr
2013-12-12 11:27:48,www.google.fr
2013-12-12 11:27:49,meta.wikimedia.org
2013-12-12 11:27:49,fr.wikipedia.org
2013-12-12 11:27:49,bits.wikimedia.org
2013-12-12 11:27:50,fr.wikipedia.org
2013-12-12 11:27:50,bits.wikimedia.org
2013-12-12 11:27:50,meta.wikimedia.org
2013-12-12 11:27:51,bits.wikimedia.org
2013-12-12 11:27:51,fr.wikipedia.org
2013-12-12 11:27:54,bits.wikimedia.org
2013-12-18 09:02:47,go.microsoft.com
2013-12-18 09:02:48,runonce.msn.com
2013-12-18 09:02:49,runonce.msn.com
2013-12-18 09:02:50,runonce.msn.com
2013-12-18 09:06:20,medias.schaeffler.de
2013-12-18 09:06:21,medias.schaeffler.de
2013-12-18 09:27:04,medias.schaeffler.de
2013-12-18 09:27:07,medias.schaeffler.de
2013-12-18 09:27:11,medias.schaeffler.de
2013-12-18 09:27:17,medias.schaeffler.de
2013-12-18 09:27:58,medias.schaeffler.de
2013-12-18 09:28:01,medias.schaeffler.de
2013-12-18 09:28:23,medias.schaeffler.de
2013-12-18 09:28:28,medias.schaeffler.de
2013-12-18 09:28:29,medias.schaeffler.de
2013-12-18 09:28:30,medias.schaeffler.de
2013-12-18 09:28:31,medias.schaeffler.de
2013-12-18 09:28:46,medias.schaeffler.de
2013-12-18 09:28:52,medias.schaeffler.de
2013-12-18 09:28:53,medias.schaeffler.de
2013-12-18 09:28:56,medias.schaeffler.de
2013-12-18 09:36:36,medias.schaeffler.de
2013-12-18 09:37:08,medias.schaeffler.de
2013-12-18 09:37:41,medias.schaeffler.de
2013-12-18 09:40:11,medias.schaeffler.de
2013-12-18 09:40:29,medias.schaeffler.de
2013-12-18 09:40:30,medias.schaeffler.de
2013-12-18 09:40:51,medias.schaeffler.de
2013-12-18 09:40:54,medias.schaeffler.de
2013-12-18 09:41:06,medias.schaeffler.de
2013-12-18 09:41:11,medias.schaeffler.de
2013-12-18 09:41:12,medias.schaeffler.de
2013-12-18 09:42:34,medias.schaeffler.de
2013-12-18 09:42:42,medias.schaeffler.de
2013-12-18 09:42:43,medias.schaeffler.de
2013-12-19 09:59:24,go.microsoft.com
2013-12-19 09:59:24,runonce.msn.com
2013-12-19 09:59:26,runonce.msn.com
2013-12-19 09:59:27,runonce.msn.com
2013-12-19 09:59:45,medias.schaeffler.de
2013-12-19 09:59:48,medias.schaeffler.de
2013-12-19 09:59:49,medias.schaeffler.de
2013-12-19 10:00:27,medias.schaeffler.de
2013-12-19 10:00:28,medias.schaeffler.de
2013-12-19 10:00:29,medias.schaeffler.de
2013-12-19 10:00:42,medias.schaeffler.de
2013-12-19 10:00:45,medias.schaeffler.de
2013-12-19 10:01:26,medias.schaeffler.de
2013-12-19 10:01:27,medias.schaeffler.de
2013-12-19 10:01:28,medias.schaeffler.de
2013-12-19 10:02:55,medias.schaeffler.de
2013-12-19 10:02:57,medias.schaeffler.de
2013-12-19 10:03:00,medias.schaeffler.de
2013-12-19 10:03:01,medias.schaeffler.de
2013-12-19 10:03:05,medias.schaeffler.de
2013-12-19 10:03:09,medias.schaeffler.de
2013-12-19 10:03:10,medias.schaeffler.de
2013-12-19 10:03:19,medias.schaeffler.de
2013-12-19 10:03:20,medias.schaeffler.de
2013-12-19 10:03:33,medias.schaeffler.de
2013-12-19 10:03:34,medias.schaeffler.de
2013-12-19 10:03:52,medias.schaeffler.de
2013-12-19 10:03:55,medias.schaeffler.de
2013-12-19 10:03:56,medias.schaeffler.de
2013-12-19 10:03:57,medias.schaeffler.de
2013-12-19 10:03:58,medias.schaeffler.de
2013-12-19 10:04:03,medias.schaeffler.de
2013-12-19 10:04:06,medias.schaeffler.de
2013-12-19 10:04:07,medias.schaeffler.de
2014-01-13 12:54:27,go.microsoft.com
2014-01-13 12:54:29,runonce.msn.com
2014-01-13 12:54:37,runonce.msn.com
2014-01-13 12:54:39,runonce.msn.com
2014-01-13 12:54:56,www.google.fr
2014-01-13 12:54:56,www.google.com
2014-01-13 12:54:57,www.google.fr
2014-01-13 12:55:00,clients1.google.fr
2014-01-13 12:55:05,www.google.fr
2014-01-13 12:55:12,crl.usertrust.com
2014-01-13 12:55:13,crl.usertrust.com
2014-01-13 12:55:14,crl.tcs.terena.org
2014-01-13 14:55:42,go.microsoft.com
2014-01-13 14:55:44,runonce.msn.com
2014-01-13 14:55:45,runonce.msn.com
2014-01-13 14:55:46,runonce.msn.com
2014-01-13 14:56:05,www.google.com
2014-01-13 14:56:06,www.google.fr
2014-01-13 14:56:07,clients1.google.fr
2014-01-13 14:56:10,www.google.fr
2014-01-13 17:37:03,runonce.msn.com
2014-01-13 17:37:03,go.microsoft.com
2014-01-13 17:37:10,www.google.com
2014-01-13 17:37:11,www.google.fr
2014-01-13 17:37:11,img.youtube.com
2014-01-13 17:37:12,clients1.google.fr
2014-01-13 17:37:24,www.google.fr
2014-01-13 17:37:27,www.festo-didactic.com
2014-01-13 17:37:44,clients1.google.fr
2014-01-14 07:53:53,go.microsoft.com
2014-01-14 07:53:54,runonce.msn.com
2014-01-14 07:53:55,runonce.msn.com
2014-01-14 07:54:15,www.google.com
2014-01-14 07:54:15,www.google.fr
2014-01-14 07:54:15,clients1.google.fr
2014-01-14 07:54:17,www.google.fr
2014-01-14 07:54:18,fr.wikipedia.org
2014-01-14 07:54:18,bits.wikimedia.org
2014-01-14 07:54:19,meta.wikimedia.org
2014-01-14 07:54:19,login.wikimedia.org
2014-01-14 07:54:19,bits.wikimedia.org
2014-01-14 07:54:20,meta.wikimedia.org
2014-01-14 07:54:20,bits.wikimedia.org
2014-01-14 07:54:20,fr.wikipedia.org
2014-01-14 07:54:29,bits.wikimedia.org
2014-01-14 07:54:29,fr.wikipedia.org
2014-01-14 07:54:30,bits.wikimedia.org
2014-01-14 07:54:30,meta.wikimedia.org
2014-01-14 07:54:31,fr.wikipedia.org
2014-01-14 07:54:46,www.google.com
2014-01-14 07:54:46,www.google.fr
2014-01-14 07:54:46,clients1.google.fr
2014-01-14 07:54:53,www.google.fr
2014-01-14 07:54:53,clients1.google.fr
2014-01-14 07:55:03,www.google.com
2014-01-14 07:55:03,www.google.fr
2014-01-14 07:55:03,clients1.google.fr
2014-01-14 07:55:05,www.google.fr
2014-01-14 07:55:06,clients1.google.fr
2014-01-14 07:55:18,go.microsoft.com
2014-01-14 07:55:19,runonce.msn.com
2014-01-14 10:54:25,go.microsoft.com
2014-01-14 10:54:25,runonce.msn.com
2014-01-14 10:54:34,www.google.com
2014-01-14 10:54:34,www.google.fr
2014-01-14 10:54:34,img.youtube.com
2014-01-14 10:54:35,clients1.google.fr
2014-01-14 10:54:40,clients1.google.fr
2014-01-14 10:54:41,clients1.google.fr
2014-01-14 10:54:42,clients1.google.fr
2014-01-14 10:54:43,www.google.fr
2014-01-14 10:54:43,img.youtube.com
2014-01-14 10:54:44,clients1.google.fr
2014-01-14 10:54:48,clients1.google.fr
2014-01-14 10:54:49,clients1.google.fr
2014-01-14 10:54:50,clients1.google.fr
2014-01-14 10:54:51,clients1.google.fr
2014-01-14 10:54:53,clients1.google.fr
2014-01-14 10:54:55,www.google.fr
2014-01-14 10:54:55,img.youtube.com
2014-01-14 10:54:55,clients1.google.fr
2014-01-14 10:55:01,www.partirunan.fr
2014-01-14 10:55:01,www.google.fr
2014-01-14 10:55:01,www.analysebrassens.com
2014-01-14 10:55:02,www.analysebrassens.com
2014-01-14 10:55:03,www.analysebrassens.com
2014-01-14 10:55:07,clients1.google.fr
2014-01-14 10:55:08,www.google.fr
2014-01-14 10:55:09,fr.lyrics-copy.com
2014-01-14 10:55:10,www.google.fr
2014-01-14 10:55:10,img.wf
2014-01-14 10:55:10,fr.lyrics-copy.com
2014-01-14 10:55:10,www.google.com
2014-01-14 10:55:10,stat.lyrics-copy.com
2014-01-14 10:55:11,img.lyrics-copy.com
2014-01-14 10:55:13,www.google.com
2014-01-14 11:11:09,go.microsoft.com
2014-01-14 11:11:10,runonce.msn.com
2014-01-14 11:11:18,www.google.com
2014-01-14 11:11:18,www.google.fr
2014-01-14 11:11:18,clients1.google.fr
2014-01-14 11:11:21,www.google.fr
2014-01-14 11:11:22,dia.softonic.fr
2014-01-14 11:11:24,www.softonic.fr
2014-01-14 11:11:25,dia.softonic.fr
2014-01-14 11:11:25,www.softonic.fr
2014-01-14 11:11:25,1822333.r.msn.com
2014-01-14 11:11:27,dia.softonic.fr
2014-01-14 11:11:28,stc.softonic.fr
2014-01-14 11:11:28,s3.amazonaws.com
2014-01-14 11:11:33,dia.softonic.fr
2014-01-14 11:11:34,www.softonic.fr
2014-01-14 11:11:37,dia.softonic.fr
2014-01-14 11:11:38,dia.softonic.fr
2014-01-14 11:11:40,1822333.r.msn.com
2014-01-14 11:11:42,dplus.softonic.fr
2014-01-14 11:11:49,sd-cf.softonic.fr
2014-01-14 11:11:58,www.google.com
2014-01-14 11:11:58,www.google.fr
2014-01-14 11:11:59,clients1.google.fr
2014-01-14 11:12:03,kh6qrx0f8h.s.ad6media.fr
2014-01-14 11:12:03,html5shim.googlecode.com
2014-01-14 11:12:03,www.commentcamarche.net
2014-01-14 11:12:03,static.ccm2.net
2014-01-14 11:12:03,ba.commentcamarche.net
2014-01-14 11:12:03,www.google.fr
2014-01-14 11:12:04,www.commentcamarche.net
2014-01-14 11:12:04,platform.twitter.com
2014-01-14 11:12:04,kh6qrx0f8h.s.ad6media.fr
2014-01-14 11:12:04,static.commentcamarche.net
2014-01-14 11:12:04,www.facebook.com
2014-01-14 11:12:04,style2.ad6.fr
2014-01-14 11:12:04,twitter.com
2014-01-14 11:12:04,static.ccm2.net
2014-01-14 11:12:04,pixel.alephd.com
2014-01-14 11:12:04,apis.google.com
2014-01-14 11:12:05,pixel.alephd.com
2014-01-14 11:12:05,www.facebook.com
2014-01-14 11:12:05,connect.facebook.net
2014-01-14 11:12:05,ba.commentcamarche.net
2014-01-14 11:12:05,static.ccm2.net
2014-01-14 11:12:05,platform.twitter.com
2014-01-14 11:12:05,www.commentcamarche.net
2014-01-14 11:12:05,static.ccmbg.com
2014-01-14 11:12:06,static.ccm2.net
2014-01-14 11:12:06,r.ccm2.net
2014-01-14 11:12:06,twitter.com
2014-01-14 11:12:07,www.commentcamarche.net
2014-01-14 11:12:07,www.facebook.com
2014-01-14 11:12:08,ajax.googleapis.com
2014-01-14 11:12:08,www.facebook.com
2014-01-14 11:12:09,kh6qrx0f8h.s.ad6media.fr
2014-01-14 11:12:09,static.ccm2.net
2014-01-14 11:12:10,www.google.com
2014-01-14 11:12:10,static.commentcamarche.net
2014-01-14 11:12:10,www.commentcamarche.net
2014-01-14 11:12:10,static.ccm2.net
2014-01-14 11:12:11,static.commentcamarche.net
2014-01-14 11:12:11,www.facebook.com
2014-01-14 11:12:11,static.ccm2.net
2014-01-14 11:12:11,twitter.com
2014-01-14 11:12:11,r.ccm2.net
2014-01-14 11:12:12,www.facebook.com
2014-01-14 11:12:13,www.facebook.com
2014-01-14 11:12:16,ba.commentcamarche.net
2014-01-14 11:12:16,pixel.alephd.com
2014-01-14 11:12:17,www.facebook.com
2014-01-14 11:12:17,ea.virginmobile.fr
2014-01-14 11:12:17,pixel.alephd.com
2014-01-14 11:12:17,twitter.com
2014-01-14 11:12:18,twitter.com
2014-01-14 11:12:19,www.facebook.com
2014-01-14 11:12:20,www.facebook.com
2014-01-14 11:12:21,www.facebook.com
2014-01-14 11:12:28,static.dia-installer.de
2014-01-14 11:12:28,www.google.com
2014-01-14 11:12:28,dia-installer.de
2014-01-14 11:12:28,ajax.googleapis.com
2014-01-14 11:12:29,www.google.com
2014-01-14 11:12:29,static.dia-installer.de
2014-01-14 11:12:29,connect.facebook.net
2014-01-14 11:12:29,dia-installer.de
2014-01-14 11:12:29,clients1.google.com
2014-01-14 11:12:31,www.facebook.com
2014-01-14 11:12:34,dia-installer.de
2014-01-14 11:12:35,sourceforge.net
2014-01-14 11:12:35,a.fsdn.com
2014-01-14 11:12:36,images.sourceforge.net
2014-01-14 11:12:36,a.fsdn.com
2014-01-14 11:12:37,sourceforge.net
2014-01-14 11:12:37,a.fsdn.com
2014-01-14 11:12:37,d.delivery49.com
2014-01-14 11:12:37,consent-st.truste.com
2014-01-14 11:12:38,ajax.googleapis.com
2014-01-14 11:12:39,a.fsdn.com
2014-01-14 11:12:55,a.fsdn.com
2014-01-14 11:12:56,d.delivery49.com
2014-01-14 11:12:56,sourceforge.net
2014-01-14 11:12:56,ajax.googleapis.com
2014-01-14 12:16:23,go.microsoft.com
2014-01-14 12:16:23,runonce.msn.com
2014-01-14 12:16:32,www.google.com
2014-01-14 12:16:33,clients1.google.fr
2014-01-14 12:16:33,www.google.fr
2014-01-14 12:16:38,www.google.fr
2014-01-14 12:16:39,fr.norgren.com
2014-01-14 12:16:39,www.google.fr
2014-01-14 12:16:40,fr.norgren.com
2014-01-14 12:16:40,jm.bousquet.icbf.free.fr
2014-01-14 12:16:40,www.youtube.com
2014-01-14 12:16:41,store.norgren.com
2014-01-14 12:16:41,ajax.googleapis.com
2014-01-14 12:16:41,youtube.googleapis.com
2014-01-14 12:16:41,fr.norgren.com
2014-01-14 12:16:42,fr.norgren.com
2014-01-15 13:35:28,armmf.adobe.com
2014-01-15 13:35:30,armmf.adobe.com
2014-01-15 14:13:15,toc.music.metaservices.microsoft.com
2014-01-15 15:54:32,go.microsoft.com
2014-01-15 15:54:32,runonce.msn.com
2014-01-15 15:54:33,runonce.msn.com
2014-01-15 15:55:37,go.microsoft.com
2014-01-15 15:55:38,runonce.msn.com
2014-01-15 15:55:42,www.google.com
2014-01-15 15:55:42,www.google.fr
2014-01-15 15:55:43,clients1.google.fr
2014-01-15 15:55:45,www.google.fr
2014-01-15 15:55:46,khms1.google.fr
2014-01-15 15:55:46,mts0.google.com
2014-01-15 15:55:46,mts1.google.com
2014-01-15 15:55:46,khms0.google.fr
2014-01-15 15:55:46,maps.google.fr
2014-01-15 15:55:47,khms1.google.fr
2014-01-15 15:55:47,mts0.google.com
2014-01-15 15:55:47,mts1.google.com
2014-01-15 15:55:48,mts0.google.com
2014-01-15 15:55:49,maps.google.fr
2014-01-15 15:55:49,mts0.google.com
2014-01-15 15:55:49,mts1.google.com
2014-01-15 15:55:51,mts1.google.com
2014-01-15 15:55:51,mts0.google.com
2014-01-15 15:55:54,maps.google.fr
2014-01-15 15:55:54,mts0.google.com
2014-01-15 15:55:54,mts1.google.com
2014-01-15 15:55:54,khms1.google.fr
2014-01-15 15:55:55,khms0.google.fr
2014-01-15 15:55:55,khms1.google.fr
2014-01-15 15:56:26,maps.google.fr
2014-01-15 15:56:34,mts1.google.com
2014-01-15 15:56:34,maps.google.fr
2014-01-15 15:56:34,mts0.google.com
2014-01-15 15:56:35,mts1.google.com
2014-01-15 15:56:35,cbks1.google.com
2014-01-15 15:56:36,khms1.google.fr
2014-01-15 15:56:36,maps.google.fr
2014-01-15 15:56:36,mts1.google.com
2014-01-15 15:56:36,mts0.google.com
2014-01-15 15:56:36,khms0.google.fr
2014-01-15 15:56:38,khms0.google.fr
2014-01-15 15:56:38,khms1.google.fr
2014-01-15 15:56:39,mts0.google.com
2014-01-15 15:56:39,khms1.google.fr
2014-01-15 15:56:39,khms0.google.fr
2014-01-15 15:56:39,mts1.google.com
2014-01-15 15:56:40,maps.google.fr
2014-01-15 15:56:42,khms1.google.fr
2014-01-15 15:56:42,khms0.google.fr
2014-01-15 15:56:42,mts1.google.com
2014-01-15 15:56:43,mts0.google.com
2014-01-15 15:56:43,mts1.google.com
2014-01-15 15:56:43,khms1.google.fr
2014-01-15 15:56:43,khms0.google.fr
2014-01-15 15:56:45,mts0.google.com
2014-01-15 15:56:47,mts1.google.com
2014-01-15 15:56:47,khms0.google.fr
2014-01-15 15:56:47,maps.google.fr
2014-01-15 15:56:47,mts0.google.com
2014-01-15 15:56:47,khms1.google.fr
2014-01-15 15:56:57,khms1.google.fr
2014-01-15 15:56:57,khms0.google.fr
2014-01-15 15:57:02,maps.google.fr
2014-01-15 15:57:02,mts0.google.com
2014-01-15 15:57:11,khms0.google.fr
2014-01-15 15:57:12,khms0.google.fr
2014-01-15 15:57:15,mts0.google.com
2014-01-15 15:57:15,maps.google.fr
2014-01-15 15:57:15,mts1.google.com
2014-01-15 15:58:15,khms1.google.fr
2014-01-15 15:58:20,khms0.google.fr
2014-01-15 16:03:03,mts1.google.com
2014-01-15 16:03:03,mts0.google.com
2014-01-15 16:03:04,khms1.google.fr
2014-01-15 16:03:04,mts0.google.com
2014-01-15 16:03:04,mts1.google.com
2014-01-15 16:03:04,khms0.google.fr
2014-01-15 16:03:05,khms0.google.fr
2014-01-15 16:03:05,khms1.google.fr
2014-01-15 16:03:06,maps.google.fr
2014-01-15 16:03:06,mts0.google.com
2014-01-15 16:03:06,khms1.google.fr
2014-01-15 16:03:06,mts1.google.com
2014-01-15 16:03:07,mts0.google.com
2014-01-15 16:03:07,khms1.google.com
2014-01-15 16:03:07,khms0.google.com
2014-01-15 16:03:07,mts1.google.com
2014-01-15 16:03:08,khms1.google.com
2014-01-15 16:03:08,mts1.google.com
2014-01-15 16:03:08,mts0.google.com
2014-01-15 16:03:09,khms1.google.com
2014-01-15 16:03:09,mts1.google.com
2014-01-15 16:03:09,khms0.google.com
2014-01-15 16:03:09,mts0.google.com
2014-01-15 16:03:10,khms0.google.com
2014-01-15 16:03:10,khms1.google.com
2014-01-15 16:03:10,mts0.google.com
2014-01-15 16:03:10,mts1.google.com
2014-01-15 16:03:10,maps.google.fr
2014-01-15 16:03:11,mts1.google.com
2014-01-15 16:03:11,khms1.google.fr
2014-01-15 16:03:11,khms0.google.fr
2014-01-15 16:03:11,mts0.google.com
2014-01-15 16:03:12,khms0.google.fr
2014-01-15 16:03:12,khms1.google.fr
2014-01-15 16:03:12,mts0.google.com
2014-01-15 16:03:12,mts1.google.com
2014-01-15 16:03:12,khms0.google.com
2014-01-15 16:03:12,khms1.google.com
2014-01-15 16:03:13,khms1.google.com
2014-01-15 16:03:13,khms0.google.com
2014-01-15 16:03:13,mts1.google.com
2014-01-15 16:03:13,mts0.google.com
2014-01-15 16:03:14,mts1.google.com
2014-01-15 16:03:14,mts0.google.com
2014-01-15 16:03:36,khms1.google.com
2014-01-15 16:03:36,khms0.google.com
2014-01-15 16:03:37,mts0.google.com
2014-01-15 16:03:37,mts1.google.com
2014-01-15 16:03:38,mts1.google.com
2014-01-15 16:03:38,mts0.google.com
2014-01-15 16:03:38,khms1.google.com
2014-01-15 16:03:38,khms0.google.com
2014-01-15 16:03:39,khms0.google.com
2014-01-15 16:03:39,khms1.google.com
2014-01-15 16:03:40,khms1.google.com
2014-01-15 16:03:40,mts0.google.com
2014-01-15 16:03:41,maps.google.fr
2014-01-15 16:03:42,mts1.google.com
2014-01-15 16:03:44,mts0.google.com
2014-01-15 16:03:45,maps.google.fr
2014-01-15 16:03:46,mts1.google.com
2014-01-15 16:03:46,mts0.google.com
2014-01-15 16:03:46,khms0.google.com
2014-01-15 16:03:46,khms1.google.com
2014-01-15 16:03:47,mts0.google.com
2014-01-15 16:03:47,khms0.google.com
2014-01-15 16:03:47,khms1.google.com
2014-01-15 16:03:47,mts1.google.com
2014-01-15 16:03:48,khms0.google.fr
2014-01-15 16:03:48,khms0.google.com
2014-01-15 16:03:48,khms1.google.com
2014-01-15 16:03:48,mts1.google.com
2014-01-15 16:03:48,mts0.google.com
2014-01-15 16:03:48,khms1.google.fr
2014-01-15 16:03:58,mts0.google.com
2014-01-15 16:03:58,khms0.google.com
2014-01-15 16:03:59,mts1.google.com
2014-01-15 16:03:59,khms1.google.com
2014-01-15 16:03:59,maps.google.fr
2014-01-15 16:03:59,mts0.google.com
2014-01-15 16:03:59,khms0.google.com
2014-01-15 16:04:00,mts0.google.com
2014-01-15 16:04:00,mts1.google.com
2014-01-15 16:04:00,khms0.google.com
2014-01-15 16:04:00,khms1.google.com
2014-01-15 16:04:03,khms0.google.com
2014-01-15 16:04:03,khms1.google.com
2014-01-15 16:04:03,mts1.google.com
2014-01-15 16:04:04,maps.google.fr
2014-01-15 16:04:04,mts0.google.com
2014-01-15 16:04:04,mts1.google.com
2014-01-15 16:04:04,khms1.google.com
2014-01-15 16:04:05,khms1.google.com
2014-01-15 16:04:05,khms0.google.com
2014-01-15 16:04:05,mts1.google.com
2014-01-15 16:04:05,mts0.google.com
2014-01-15 16:04:06,mts1.google.com
2014-01-15 16:04:06,khms0.google.com
2014-01-15 16:04:06,maps.google.fr
2014-01-15 16:04:06,mts0.google.com
2014-01-15 16:04:07,khms1.google.com
2014-01-15 16:04:07,khms0.google.com
2014-01-15 16:04:10,khms1.google.com
2014-01-15 16:04:12,mts0.google.com
