timestamp,site
2014-01-04 08:05:57,clients1.google.com
2014-01-04 08:05:57,gtglobal-ocsp.geotrust.com
2014-01-04 08:06:01,clients1.google.com
2014-01-04 08:06:05,www.google.fr
2014-01-04 08:06:10,annotathon.org
2014-01-04 08:06:16,annotathon.org
2014-01-04 08:06:31,gtssl-ocsp.geotrust.com
2014-01-04 08:06:35,annotathon.org
2014-01-04 08:07:05,annotathon.org
2014-01-04 08:07:35,annotathon.org
2014-01-04 08:08:05,annotathon.org
2014-01-04 08:08:35,annotathon.org
2014-01-04 08:08:56,apis.google.com
2014-01-04 08:08:58,www.google.com
2014-01-04 08:08:59,www.google.fr
2014-01-04 08:09:05,annotathon.org
2014-01-04 08:09:35,annotathon.org
2014-01-04 08:10:05,annotathon.org
2014-01-04 08:10:35,safebrowsing-cache.google.com
2014-01-04 08:10:35,safebrowsing.clients.google.com
2014-01-04 08:10:35,annotathon.org
2014-01-04 08:11:05,annotathon.org
2014-01-04 08:11:28,ocsp.thawte.com
2014-01-04 08:11:35,annotathon.org
2014-01-04 08:12:05,annotathon.org
2014-01-04 08:12:35,annotathon.org
2014-01-04 08:13:05,annotathon.org
2014-01-04 08:13:28,ocsp.verisign.com
2014-01-04 08:13:30,sb-ssl.google.com
2014-01-04 08:13:35,annotathon.org
2014-01-04 08:14:05,annotathon.org
2014-01-04 08:14:35,annotathon.org
2014-01-04 08:15:05,annotathon.org
2014-01-04 08:15:28,ocsp.digicert.com
2014-01-04 08:15:35,annotathon.org
2014-01-04 08:16:05,annotathon.org
2014-01-04 08:16:35,annotathon.org
2014-01-04 08:17:05,annotathon.org
2014-01-04 08:17:35,annotathon.org
2014-01-04 08:18:05,annotathon.org
2014-01-04 08:18:35,annotathon.org
2014-01-04 08:19:05,annotathon.org
2014-01-04 08:19:35,annotathon.org
2014-01-04 08:20:05,annotathon.org
2014-01-04 08:20:35,annotathon.org
2014-01-04 08:21:05,annotathon.org
2014-01-04 08:21:35,annotathon.org
2014-01-04 08:22:05,annotathon.org
2014-01-04 08:22:35,annotathon.org
2014-01-04 08:23:05,annotathon.org
2014-01-04 08:23:35,annotathon.org
2014-01-04 08:24:05,annotathon.org
2014-01-04 08:24:35,annotathon.org
2014-01-04 08:25:05,annotathon.org
2014-01-04 08:25:35,annotathon.org
2014-01-04 08:26:05,annotathon.org
2014-01-04 08:26:35,annotathon.org
2014-01-04 08:27:05,annotathon.org
2014-01-04 08:27:35,annotathon.org
2014-01-04 08:28:05,annotathon.org
2014-01-04 08:28:35,annotathon.org
2014-01-04 08:29:05,annotathon.org
2014-01-04 08:29:35,annotathon.org
2014-01-04 08:30:05,annotathon.org
2014-01-04 08:30:35,annotathon.org
2014-01-04 08:31:05,annotathon.org
2014-01-04 08:31:35,annotathon.org
2014-01-04 08:32:05,annotathon.org
2014-01-04 08:32:35,annotathon.org
2014-01-04 08:33:05,annotathon.org
2014-01-04 08:33:35,annotathon.org
2014-01-04 08:34:05,annotathon.org
2014-01-04 08:34:35,annotathon.org
2014-01-04 08:35:05,annotathon.org
2014-01-04 08:35:35,annotathon.org
2014-01-04 08:36:05,annotathon.org
2014-01-04 08:36:35,annotathon.org
2014-01-04 08:37:05,annotathon.org
2014-01-04 08:37:35,annotathon.org
2014-01-04 08:38:05,annotathon.org
2014-01-04 08:38:35,annotathon.org
2014-01-04 08:39:05,annotathon.org
2014-01-04 08:39:35,annotathon.org
2014-01-04 08:40:05,annotathon.org
2014-01-04 08:40:35,annotathon.org
2014-01-04 08:40:46,safebrowsing.clients.google.com
2014-01-04 08:40:46,safebrowsing-cache.google.com
2014-01-04 08:41:05,annotathon.org
2014-01-04 08:41:35,annotathon.org
2014-01-04 08:42:05,annotathon.org
2014-01-04 08:42:35,annotathon.org
2014-01-04 08:43:05,annotathon.org
2014-01-04 08:43:35,annotathon.org
2014-01-04 08:44:05,annotathon.org
2014-01-04 08:44:35,annotathon.org
2014-01-04 08:45:05,annotathon.org
2014-01-04 08:45:35,annotathon.org
2014-01-04 08:46:05,annotathon.org
2014-01-04 08:46:35,annotathon.org
2014-01-04 08:47:05,annotathon.org
2014-01-04 08:47:35,annotathon.org
2014-01-04 08:48:05,annotathon.org
2014-01-04 08:48:35,annotathon.org
2014-01-04 08:49:05,annotathon.org
2014-01-04 08:49:35,annotathon.org
2014-01-04 08:50:05,annotathon.org
2014-01-04 08:50:35,annotathon.org
2014-01-04 08:51:05,annotathon.org
2014-01-04 08:51:35,annotathon.org
2014-01-04 08:52:05,annotathon.org
2014-01-04 08:52:35,annotathon.org
2014-01-04 08:53:05,annotathon.org
2014-01-04 08:53:35,annotathon.org
2014-01-04 08:54:05,annotathon.org
2014-01-04 08:54:35,annotathon.org
2014-01-04 08:55:05,annotathon.org
2014-01-04 08:55:35,annotathon.org
2014-01-04 08:56:05,annotathon.org
2014-01-04 08:56:35,annotathon.org
2014-01-04 08:57:05,annotathon.org
2014-01-04 08:57:35,annotathon.org
2014-01-04 08:58:05,annotathon.org
2014-01-04 08:58:35,annotathon.org
2014-01-04 08:59:05,annotathon.org
2014-01-04 08:59:35,annotathon.org
2014-01-04 09:00:05,annotathon.org
2014-01-04 09:00:35,annotathon.org
2014-01-04 09:01:05,annotathon.org
2014-01-04 09:01:35,annotathon.org
2014-01-04 09:02:05,annotathon.org
2014-01-04 09:02:35,annotathon.org
2014-01-04 09:03:05,annotathon.org
2014-01-04 09:03:35,annotathon.org
2014-01-04 09:04:05,annotathon.org
2014-01-04 09:04:35,annotathon.org
2014-01-04 09:05:05,annotathon.org
2014-01-04 09:05:35,annotathon.org
2014-01-04 09:06:05,annotathon.org
2014-01-04 09:06:35,annotathon.org
2014-01-04 09:07:05,annotathon.org
2014-01-04 09:07:35,annotathon.org
2014-01-04 09:08:05,annotathon.org
2014-01-04 09:08:35,annotathon.org
2014-01-04 09:09:05,annotathon.org
2014-01-04 09:09:35,annotathon.org
2014-01-04 09:09:36,safebrowsing.clients.google.com
2014-01-04 09:09:36,safebrowsing-cache.google.com
2014-01-04 09:10:05,annotathon.org
2014-01-04 09:10:35,annotathon.org
2014-01-04 09:11:05,annotathon.org
2014-01-04 09:11:35,annotathon.org
2014-01-04 09:12:05,annotathon.org
2014-01-04 09:12:35,annotathon.org
2014-01-04 09:13:05,annotathon.org
2014-01-04 09:13:27,annotathon.org
2014-01-04 09:13:34,annotathon.org
2014-01-04 09:14:04,annotathon.org
2014-01-04 09:14:34,annotathon.org
2014-01-04 09:15:04,annotathon.org
2014-01-04 09:15:34,annotathon.org
2014-01-04 09:16:04,annotathon.org
2014-01-04 09:16:08,annotathon.org
2014-01-04 09:16:09,annotathon.org
2014-01-04 09:16:10,annotathon.org
2014-01-04 09:16:11,annotathon.org
2014-01-04 09:16:40,annotathon.org
2014-01-04 09:17:10,annotathon.org
2014-01-04 09:17:40,annotathon.org
2014-01-04 09:18:10,annotathon.org
2014-01-04 09:18:40,annotathon.org
2014-01-04 09:19:10,annotathon.org
2014-01-04 09:19:40,annotathon.org
2014-01-04 09:20:10,annotathon.org
2014-01-04 09:20:40,annotathon.org
2014-01-04 09:21:10,annotathon.org
2014-01-04 09:21:40,annotathon.org
2014-01-04 09:22:10,annotathon.org
2014-01-04 09:22:40,annotathon.org
2014-01-04 09:23:10,annotathon.org
2014-01-04 09:23:40,annotathon.org
2014-01-04 09:24:10,annotathon.org
2014-01-04 09:24:40,annotathon.org
2014-01-04 09:25:10,annotathon.org
2014-01-04 09:25:40,annotathon.org
2014-01-04 09:26:10,annotathon.org
2014-01-04 09:26:40,annotathon.org
2014-01-04 09:27:10,annotathon.org
2014-01-04 09:27:40,annotathon.org
2014-01-04 09:28:10,annotathon.org
2014-01-04 09:28:40,annotathon.org
2014-01-04 09:29:10,annotathon.org
2014-01-04 09:29:40,annotathon.org
2014-01-04 09:30:10,annotathon.org
2014-01-04 09:30:40,annotathon.org
2014-01-04 09:31:10,annotathon.org
2014-01-04 09:31:40,annotathon.org
2014-01-04 09:32:10,annotathon.org
2014-01-04 09:32:40,annotathon.org
2014-01-04 09:33:10,annotathon.org
2014-01-04 09:33:40,annotathon.org
2014-01-04 09:34:10,annotathon.org
2014-01-04 09:34:40,annotathon.org
2014-01-04 09:35:10,annotathon.org
2014-01-04 09:35:40,annotathon.org
2014-01-04 09:36:10,annotathon.org
2014-01-04 09:36:40,annotathon.org
2014-01-04 09:37:10,annotathon.org
2014-01-04 09:37:40,annotathon.org
2014-01-04 09:38:10,annotathon.org
2014-01-04 09:38:40,annotathon.org
2014-01-04 09:39:10,annotathon.org
2014-01-04 09:39:40,annotathon.org
2014-01-04 09:40:10,annotathon.org
2014-01-04 09:40:40,annotathon.org
2014-01-04 09:41:10,annotathon.org
2014-01-04 09:41:31,safebrowsing.clients.google.com
2014-01-04 09:41:31,safebrowsing-cache.google.com
2014-01-04 09:41:40,annotathon.org
2014-01-04 09:42:10,annotathon.org
2014-01-04 09:42:40,annotathon.org
2014-01-04 09:43:10,annotathon.org
2014-01-04 09:43:40,annotathon.org
2014-01-04 09:44:10,annotathon.org
2014-01-04 09:44:40,annotathon.org
2014-01-04 09:45:10,annotathon.org
2014-01-04 09:45:40,annotathon.org
2014-01-04 09:46:10,annotathon.org
2014-01-04 09:46:40,annotathon.org
2014-01-04 09:47:10,annotathon.org
2014-01-04 09:47:40,annotathon.org
2014-01-04 09:48:10,annotathon.org
2014-01-04 09:48:40,annotathon.org
2014-01-04 09:49:10,annotathon.org
2014-01-04 09:49:40,annotathon.org
2014-01-04 09:50:10,annotathon.org
2014-01-04 09:50:40,annotathon.org
2014-01-04 09:51:06,annotathon.org
2014-02-18 07:59:06,www.bing.com
2014-02-18 07:59:51,www.bing.com
2014-02-18 07:59:52,www.bing.com
2014-02-18 07:59:52,cms.abmr.net
2014-02-18 07:59:53,www.bing.com
2014-02-18 07:59:54,www.bing.com
2014-02-18 08:00:02,login.live.com
2014-02-18 08:01:48,ieonline.microsoft.com
2014-02-18 08:01:49,go.microsoft.com
2014-02-18 08:07:20,office14client.microsoft.com
2014-02-18 08:07:21,office.microsoft.com
2014-02-18 08:07:22,office.microsoft.com
2014-02-18 08:07:23,office.microsoft.com
2014-02-18 08:09:39,www.bing.com
2014-02-18 08:09:42,www.bing.com
2014-02-18 08:09:43,www.ncbi.nlm.nih.gov
2014-02-18 08:09:43,blast.ncbi.nlm.nih.gov
2014-02-18 08:09:50,login.live.com
2014-02-18 08:10:10,www.ncbi.nlm.nih.gov
2014-02-18 08:10:10,blast.ncbi.nlm.nih.gov
2014-02-18 08:10:11,blast.ncbi.nlm.nih.gov
2014-02-18 08:10:21,blast.ncbi.nlm.nih.gov
2014-02-18 08:10:22,blast.ncbi.nlm.nih.gov
2014-02-18 08:10:27,blast.ncbi.nlm.nih.gov
2014-02-18 08:10:29,blast.ncbi.nlm.nih.gov
2014-02-18 08:12:47,blast.ncbi.nlm.nih.gov
2014-02-18 08:15:14,blast.ncbi.nlm.nih.gov
2014-02-18 08:15:15,blast.ncbi.nlm.nih.gov
2014-02-18 08:15:16,blast.ncbi.nlm.nih.gov
2014-02-18 08:15:25,blast.ncbi.nlm.nih.gov
2014-02-18 08:15:28,blast.ncbi.nlm.nih.gov
2014-02-18 08:15:29,blast.ncbi.nlm.nih.gov
2014-02-18 08:15:30,blast.ncbi.nlm.nih.gov
2014-02-18 08:15:32,www.ncbi.nlm.nih.gov
2014-02-18 08:15:32,blast.ncbi.nlm.nih.gov
2014-02-18 08:15:34,www.ncbi.nlm.nih.gov
2014-02-18 08:15:34,blast.ncbi.nlm.nih.gov
2014-02-18 08:15:36,www.ncbi.nlm.nih.gov
2014-02-18 08:15:37,blast.ncbi.nlm.nih.gov
2014-02-18 08:15:39,www.ncbi.nlm.nih.gov
2014-02-18 08:15:40,blast.ncbi.nlm.nih.gov
2014-02-18 08:15:40,www.ncbi.nlm.nih.gov
2014-02-18 08:15:41,blast.ncbi.nlm.nih.gov
2014-02-18 08:15:42,www.ncbi.nlm.nih.gov
2014-02-18 08:15:44,blast.ncbi.nlm.nih.gov
2014-02-18 08:15:45,blast.ncbi.nlm.nih.gov
2014-02-18 08:15:46,blast.ncbi.nlm.nih.gov
2014-02-18 08:17:46,blast.ncbi.nlm.nih.gov
2014-02-18 08:17:51,blast.ncbi.nlm.nih.gov
2014-02-18 08:17:55,blast.ncbi.nlm.nih.gov
2014-02-18 08:17:57,blast.ncbi.nlm.nih.gov
2014-02-18 08:17:58,blast.ncbi.nlm.nih.gov
2014-02-18 08:18:00,blast.ncbi.nlm.nih.gov
2014-02-18 08:18:02,blast.ncbi.nlm.nih.gov
2014-02-18 08:18:15,blast.ncbi.nlm.nih.gov
2014-02-18 08:18:17,blast.ncbi.nlm.nih.gov
2014-02-18 08:18:18,blast.ncbi.nlm.nih.gov
2014-02-18 08:18:20,blast.ncbi.nlm.nih.gov
2014-02-18 08:21:19,blast.ncbi.nlm.nih.gov
2014-02-18 08:21:25,blast.ncbi.nlm.nih.gov
2014-02-18 08:21:27,blast.ncbi.nlm.nih.gov
2014-02-18 08:21:52,blast.ncbi.nlm.nih.gov
2014-02-18 08:21:53,blast.ncbi.nlm.nih.gov
2014-02-18 08:21:56,blast.ncbi.nlm.nih.gov
2014-02-18 08:21:57,blast.ncbi.nlm.nih.gov
2014-02-18 08:21:59,blast.ncbi.nlm.nih.gov
2014-02-18 08:22:28,blast.ncbi.nlm.nih.gov
2014-02-18 08:22:50,blast.ncbi.nlm.nih.gov
2014-02-18 08:22:51,blast.ncbi.nlm.nih.gov
2014-02-18 08:22:52,blast.ncbi.nlm.nih.gov
2014-02-18 08:22:58,blast.ncbi.nlm.nih.gov
2014-02-18 08:22:59,blast.ncbi.nlm.nih.gov
2014-02-18 08:23:00,blast.ncbi.nlm.nih.gov
2014-02-18 08:23:01,blast.ncbi.nlm.nih.gov
2014-02-18 08:25:00,blast.ncbi.nlm.nih.gov
2014-02-18 08:25:03,blast.ncbi.nlm.nih.gov
2014-02-18 08:25:12,blast.ncbi.nlm.nih.gov
2014-02-18 08:25:14,blast.ncbi.nlm.nih.gov
2014-02-18 08:25:34,blast.ncbi.nlm.nih.gov
2014-02-18 08:26:10,blast.ncbi.nlm.nih.gov
2014-02-18 08:26:31,blast.ncbi.nlm.nih.gov
2014-02-18 08:26:33,www.ncbi.nlm.nih.gov
2014-02-18 08:26:33,static.pubmed.gov
2014-02-18 08:26:34,static.pubmed.gov
2014-02-18 08:26:34,www.ncbi.nlm.nih.gov
2014-02-18 08:26:35,static.pubmed.gov
2014-02-18 08:34:17,www.ncbi.nlm.nih.gov
2014-02-18 08:34:17,blast.ncbi.nlm.nih.gov
2014-02-18 08:34:18,www.ncbi.nlm.nih.gov
2014-02-18 08:34:19,www.ncbi.nlm.nih.gov
2014-02-18 08:34:30,www.ncbi.nlm.nih.gov
2014-02-18 08:34:31,www.ncbi.nlm.nih.gov
2014-02-18 08:34:32,static.pubmed.gov
2014-02-18 08:34:32,www.ncbi.nlm.nih.gov
2014-02-18 08:34:33,www.ncbi.nlm.nih.gov
2014-02-18 08:34:33,www.extjs.com
2014-02-18 08:34:34,www.ncbi.nlm.nih.gov
2014-02-18 08:34:37,www.ncbi.nlm.nih.gov
2014-02-18 08:35:01,www.ncbi.nlm.nih.gov
2014-02-18 08:35:05,www.ncbi.nlm.nih.gov
2014-02-18 08:35:06,www.ncbi.nlm.nih.gov
2014-02-18 08:49:55,blast.ncbi.nlm.nih.gov
2014-02-18 08:49:59,blast.ncbi.nlm.nih.gov
2014-02-18 08:50:01,blast.ncbi.nlm.nih.gov
2014-02-18 08:50:04,blast.ncbi.nlm.nih.gov
2014-02-18 08:50:05,blast.ncbi.nlm.nih.gov
2014-02-18 08:50:06,www.ncbi.nlm.nih.gov
2014-02-18 08:50:07,blast.ncbi.nlm.nih.gov
2014-02-18 08:50:08,blast.ncbi.nlm.nih.gov
2014-02-18 08:50:09,blast.ncbi.nlm.nih.gov
2014-02-18 08:50:11,blast.ncbi.nlm.nih.gov
2014-02-18 08:50:12,blast.ncbi.nlm.nih.gov
2014-02-18 08:50:13,blast.ncbi.nlm.nih.gov
2014-02-18 08:50:14,www.ncbi.nlm.nih.gov
2014-02-18 08:50:15,blast.ncbi.nlm.nih.gov
2014-02-18 08:50:16,blast.ncbi.nlm.nih.gov
2014-02-18 08:50:19,blast.ncbi.nlm.nih.gov
2014-02-18 08:50:19,www.ncbi.nlm.nih.gov
2014-02-18 08:50:22,blast.ncbi.nlm.nih.gov
2014-02-18 08:50:23,blast.ncbi.nlm.nih.gov
2014-02-18 08:50:24,blast.ncbi.nlm.nih.gov
2014-02-18 08:50:24,www.ncbi.nlm.nih.gov
2014-02-18 08:50:25,blast.ncbi.nlm.nih.gov
2014-02-18 08:50:28,blast.ncbi.nlm.nih.gov
2014-02-18 08:50:29,blast.ncbi.nlm.nih.gov
2014-02-18 08:50:30,blast.ncbi.nlm.nih.gov
2014-02-18 08:50:30,www.ncbi.nlm.nih.gov
2014-02-18 08:50:31,blast.ncbi.nlm.nih.gov
2014-02-18 08:50:33,blast.ncbi.nlm.nih.gov
2014-02-18 08:50:39,blast.ncbi.nlm.nih.gov
2014-02-18 08:50:40,blast.ncbi.nlm.nih.gov
2014-02-18 08:50:41,www.ncbi.nlm.nih.gov
2014-02-18 08:50:41,blast.ncbi.nlm.nih.gov
2014-02-18 08:50:42,blast.ncbi.nlm.nih.gov
2014-02-18 08:50:50,blast.ncbi.nlm.nih.gov
2014-02-18 08:51:20,blast.ncbi.nlm.nih.gov
2014-02-18 08:52:36,blast.ncbi.nlm.nih.gov
2014-02-18 08:52:40,blast.ncbi.nlm.nih.gov
2014-02-18 08:52:41,blast.ncbi.nlm.nih.gov
2014-02-18 08:52:43,www.ncbi.nlm.nih.gov
2014-02-18 08:52:44,blast.ncbi.nlm.nih.gov
2014-02-18 08:52:46,www.ncbi.nlm.nih.gov
2014-02-18 08:52:46,blast.ncbi.nlm.nih.gov
2014-02-18 08:52:48,www.ncbi.nlm.nih.gov
2014-02-18 08:52:49,blast.ncbi.nlm.nih.gov
2014-02-18 08:52:51,blast.ncbi.nlm.nih.gov
2014-02-18 08:52:51,www.ncbi.nlm.nih.gov
2014-02-18 08:52:53,www.ncbi.nlm.nih.gov
2014-02-18 08:52:59,blast.ncbi.nlm.nih.gov
2014-02-18 08:53:00,www.ncbi.nlm.nih.gov
2014-02-18 08:53:11,blast.ncbi.nlm.nih.gov
2014-02-18 08:53:13,www.ncbi.nlm.nih.gov
2014-02-18 08:53:29,blast.ncbi.nlm.nih.gov
2014-02-18 08:53:30,www.ncbi.nlm.nih.gov
2014-02-18 08:53:31,blast.ncbi.nlm.nih.gov
2014-02-18 08:53:32,www.ncbi.nlm.nih.gov
2014-02-18 08:53:32,blast.ncbi.nlm.nih.gov
2014-02-18 08:53:33,www.ncbi.nlm.nih.gov
2014-02-18 08:53:34,blast.ncbi.nlm.nih.gov
2014-02-18 08:53:35,www.ncbi.nlm.nih.gov
2014-02-18 08:53:36,blast.ncbi.nlm.nih.gov
2014-02-18 08:53:37,blast.ncbi.nlm.nih.gov
2014-02-18 08:53:38,www.ncbi.nlm.nih.gov
2014-02-18 08:53:41,blast.ncbi.nlm.nih.gov
2014-02-18 08:53:42,blast.ncbi.nlm.nih.gov
2014-02-18 08:53:43,blast.ncbi.nlm.nih.gov
2014-02-18 09:00:06,blast.ncbi.nlm.nih.gov
2014-02-18 09:00:08,blast.ncbi.nlm.nih.gov
2014-02-18 09:00:11,blast.ncbi.nlm.nih.gov
2014-02-18 09:00:12,www.ncbi.nlm.nih.gov
2014-02-18 09:00:15,blast.ncbi.nlm.nih.gov
2014-02-18 09:00:16,blast.ncbi.nlm.nih.gov
2014-02-18 09:00:17,blast.ncbi.nlm.nih.gov
2014-02-18 09:00:19,blast.ncbi.nlm.nih.gov
2014-02-18 09:00:22,blast.ncbi.nlm.nih.gov
2014-02-18 09:00:23,blast.ncbi.nlm.nih.gov
2014-02-18 09:00:24,www.ncbi.nlm.nih.gov
2014-02-18 09:00:24,blast.ncbi.nlm.nih.gov
2014-02-18 09:00:25,blast.ncbi.nlm.nih.gov
2014-02-18 09:00:27,blast.ncbi.nlm.nih.gov
2014-02-18 09:00:28,www.ncbi.nlm.nih.gov
2014-02-18 09:00:28,static.pubmed.gov
2014-02-18 09:00:31,www.ncbi.nlm.nih.gov
2014-02-18 09:00:34,www.ncbi.nlm.nih.gov
2014-02-18 09:00:43,www.ncbi.nlm.nih.gov
2014-02-18 09:00:43,blast.ncbi.nlm.nih.gov
2014-02-18 09:00:59,blast.ncbi.nlm.nih.gov
2014-02-18 09:01:00,blast.ncbi.nlm.nih.gov
2014-02-18 09:01:25,blast.ncbi.nlm.nih.gov
2014-02-18 09:01:30,blast.ncbi.nlm.nih.gov
2014-02-18 09:01:31,blast.ncbi.nlm.nih.gov
2014-02-18 09:01:33,www.ncbi.nlm.nih.gov
2014-02-18 09:01:34,blast.ncbi.nlm.nih.gov
2014-02-18 09:01:35,www.ncbi.nlm.nih.gov
2014-02-18 09:01:36,blast.ncbi.nlm.nih.gov
2014-02-18 09:01:38,www.ncbi.nlm.nih.gov
2014-02-18 09:01:39,blast.ncbi.nlm.nih.gov
2014-02-18 09:01:40,www.ncbi.nlm.nih.gov
2014-02-18 09:01:41,blast.ncbi.nlm.nih.gov
2014-02-18 09:01:43,www.ncbi.nlm.nih.gov
2014-02-18 09:01:49,blast.ncbi.nlm.nih.gov
2014-02-18 09:01:50,www.ncbi.nlm.nih.gov
2014-02-18 09:02:01,blast.ncbi.nlm.nih.gov
2014-02-18 09:02:08,www.ncbi.nlm.nih.gov
2014-02-18 09:02:19,blast.ncbi.nlm.nih.gov
2014-02-18 09:02:20,www.ncbi.nlm.nih.gov
2014-02-18 09:02:21,blast.ncbi.nlm.nih.gov
2014-02-18 09:02:22,www.ncbi.nlm.nih.gov
2014-02-18 09:02:23,blast.ncbi.nlm.nih.gov
2014-02-18 09:02:24,www.ncbi.nlm.nih.gov
2014-02-18 09:02:25,blast.ncbi.nlm.nih.gov
2014-02-18 09:02:27,blast.ncbi.nlm.nih.gov
2014-02-18 09:02:30,www.ncbi.nlm.nih.gov
2014-02-18 09:02:32,blast.ncbi.nlm.nih.gov
2014-02-18 09:02:33,blast.ncbi.nlm.nih.gov
2014-02-18 09:02:34,blast.ncbi.nlm.nih.gov
2014-02-18 09:02:57,blast.ncbi.nlm.nih.gov
2014-02-18 09:03:05,blast.ncbi.nlm.nih.gov
2014-02-18 09:03:54,www.ncbi.nlm.nih.gov
2014-02-18 09:03:57,www.ncbi.nlm.nih.gov
2014-02-18 09:03:57,blast.ncbi.nlm.nih.gov
2014-02-18 09:03:58,blast.ncbi.nlm.nih.gov
2014-02-18 09:04:00,blast.ncbi.nlm.nih.gov
2014-02-18 09:04:02,blast.ncbi.nlm.nih.gov
2014-02-18 09:04:34,blast.ncbi.nlm.nih.gov
2014-02-18 09:04:38,blast.ncbi.nlm.nih.gov
2014-02-18 09:04:40,blast.ncbi.nlm.nih.gov
2014-02-18 09:04:42,www.ncbi.nlm.nih.gov
2014-02-18 09:04:43,blast.ncbi.nlm.nih.gov
2014-02-18 09:04:45,www.ncbi.nlm.nih.gov
2014-02-18 09:04:45,blast.ncbi.nlm.nih.gov
2014-02-18 09:04:46,blast.ncbi.nlm.nih.gov
2014-02-18 09:04:57,blast.ncbi.nlm.nih.gov
2014-02-18 09:06:04,blast.ncbi.nlm.nih.gov
2014-02-18 09:07:07,blast.ncbi.nlm.nih.gov
2014-02-18 09:07:12,blast.ncbi.nlm.nih.gov
2014-02-18 09:07:14,www.ncbi.nlm.nih.gov
2014-02-18 09:07:14,static.pubmed.gov
2014-02-18 09:07:15,www.ncbi.nlm.nih.gov
2014-02-18 09:09:46,blast.ncbi.nlm.nih.gov
2014-02-18 09:09:47,blast.ncbi.nlm.nih.gov
2014-02-18 09:11:30,www.ncbi.nlm.nih.gov
2014-02-18 09:11:30,blast.ncbi.nlm.nih.gov
2014-02-18 09:11:32,www.ncbi.nlm.nih.gov
2014-02-18 09:11:49,www.ncbi.nlm.nih.gov
2014-02-18 09:11:52,blast.ncbi.nlm.nih.gov
2014-02-18 09:11:53,www.ncbi.nlm.nih.gov
2014-02-18 09:11:54,www.ncbi.nlm.nih.gov
2014-02-18 09:14:44,static.pubmed.gov
2014-02-18 09:14:52,blast.ncbi.nlm.nih.gov
2014-02-18 09:15:04,blast.ncbi.nlm.nih.gov
2014-02-18 09:15:06,www.ncbi.nlm.nih.gov
2014-02-18 09:15:08,www.ncbi.nlm.nih.gov
2014-02-18 09:15:08,static.pubmed.gov
2014-02-18 09:26:45,blast.ncbi.nlm.nih.gov
2014-02-18 09:26:45,www.ncbi.nlm.nih.gov
2014-02-18 09:26:46,blast.ncbi.nlm.nih.gov
2014-02-18 09:26:52,blast.ncbi.nlm.nih.gov
2014-02-18 09:26:53,blast.ncbi.nlm.nih.gov
2014-02-18 09:27:19,www.bing.com
2014-02-18 09:27:20,www.bing.com
2014-02-18 09:27:21,login.live.com
2014-02-18 09:29:24,blast.ncbi.nlm.nih.gov
2014-02-18 09:29:26,www.ncbi.nlm.nih.gov
2014-02-18 09:31:14,blast.ncbi.nlm.nih.gov
2014-02-18 09:35:50,blast.ncbi.nlm.nih.gov
2014-02-18 09:35:51,blast.ncbi.nlm.nih.gov
2014-02-18 09:35:54,blast.ncbi.nlm.nih.gov
2014-02-18 09:35:55,blast.ncbi.nlm.nih.gov
2014-02-18 09:35:56,blast.ncbi.nlm.nih.gov
2014-02-18 09:35:57,blast.ncbi.nlm.nih.gov
2014-02-18 09:36:28,blast.ncbi.nlm.nih.gov
2014-02-18 09:36:31,blast.ncbi.nlm.nih.gov
2014-02-18 09:36:33,blast.ncbi.nlm.nih.gov
2014-02-18 09:36:35,www.ncbi.nlm.nih.gov
2014-02-18 09:36:35,blast.ncbi.nlm.nih.gov
2014-02-18 09:36:37,blast.ncbi.nlm.nih.gov
2014-02-18 09:36:37,www.ncbi.nlm.nih.gov
2014-02-18 09:36:39,www.ncbi.nlm.nih.gov
2014-02-18 09:36:40,blast.ncbi.nlm.nih.gov
2014-02-18 09:36:42,www.ncbi.nlm.nih.gov
2014-02-18 09:36:42,blast.ncbi.nlm.nih.gov
2014-02-18 09:36:44,www.ncbi.nlm.nih.gov
2014-02-18 09:36:50,blast.ncbi.nlm.nih.gov
2014-02-18 09:36:52,www.ncbi.nlm.nih.gov
2014-02-18 09:37:03,blast.ncbi.nlm.nih.gov
2014-02-18 09:37:04,blast.ncbi.nlm.nih.gov
2014-02-18 09:37:04,www.ncbi.nlm.nih.gov
2014-02-18 09:37:05,blast.ncbi.nlm.nih.gov
2014-02-18 09:37:15,blast.ncbi.nlm.nih.gov
2014-02-18 09:37:50,blast.ncbi.nlm.nih.gov
2014-02-18 09:37:52,static.pubmed.gov
2014-02-18 09:37:52,www.ncbi.nlm.nih.gov
2014-02-18 09:40:12,blast.ncbi.nlm.nih.gov
2014-02-18 09:43:34,www.bing.com
2014-02-18 09:43:35,www.bing.com
2014-02-18 09:43:36,www.bing.com
2014-02-18 09:43:36,www.hotmail.com
2014-02-18 09:43:43,www.hotmail.com
2014-02-18 09:43:46,login.live.com
2014-02-18 09:43:48,login.live.com
2014-02-18 09:43:54,login.live.com
2014-02-18 09:44:29,windowslive.tt.omtrdc.net
2014-02-18 09:44:41,windowslive.tt.omtrdc.net
2014-02-18 09:44:43,login.live.com
2014-02-18 09:44:44,login.live.com
2014-02-18 09:44:52,mail.live.com
2014-02-18 09:44:52,dub109.mail.live.com
2014-02-18 09:44:55,cid-626f777e57f659c4.users.storage.live.com
2014-02-18 09:44:56,dub109.mail.live.com
2014-02-18 09:44:56,js.live.net
2014-02-18 09:44:56,h2.msn.com
2014-02-18 09:44:57,g.msn.com
2014-02-18 09:44:57,h2.msn.com
2014-02-18 09:44:58,go.trouter.io
2014-02-18 09:44:59,storage.live.com
2014-02-18 09:44:59,secure.shared.live.com
2014-02-18 09:45:00,secure.shared.live.com
2014-02-18 09:45:00,blufiles.storage.msn.com
2014-02-18 09:45:00,people.directory.live.com
2014-02-18 09:45:02,h.live.com
2014-02-18 09:45:04,dub109.mail.live.com
2014-02-18 09:45:05,byfiles.storage.msn.com
2014-02-18 09:45:05,h.live.com
2014-02-18 09:45:07,by3302files.storage.live.com
2014-02-18 09:45:24,go.trouter.io
2014-02-18 09:45:25,h.live.com
2014-02-18 09:45:25,dub109.mail.live.com
2014-02-18 09:45:25,p.sfx.ms
2014-02-18 09:45:25,blufiles.storage.msn.com
2014-02-18 09:45:25,blufiles.storage.live.com
2014-02-25 07:57:59,www.bing.com
2014-02-25 07:58:00,www.bing.com
2014-02-25 07:58:01,login.live.com
2014-02-25 07:58:01,www.bing.com
2014-02-25 07:58:01,cms.abmr.net
2014-02-25 07:58:33,player.vimeo.com
2014-02-25 08:00:25,api.bing.com
2014-02-25 08:00:25,www.bing.com
2014-02-25 08:00:27,ieonline.microsoft.com
2014-02-25 08:00:27,www.bing.com
2014-02-25 08:00:27,blast.ncbi.nlm.nih.gov
2014-02-25 08:00:27,www.ncbi.nlm.nih.gov
2014-02-25 08:00:28,blast.ncbi.nlm.nih.gov
2014-02-25 08:00:36,login.live.com
2014-02-25 08:00:47,blast.ncbi.nlm.nih.gov
2014-02-25 08:00:47,www.ncbi.nlm.nih.gov
2014-02-25 08:00:48,blast.ncbi.nlm.nih.gov
2014-02-25 08:02:20,www.bing.com
2014-02-25 08:02:22,www.bing.com
2014-02-25 08:02:22,www.hotmail.com
2014-02-25 08:02:22,login.live.com
2014-02-25 08:02:30,www.bing.com
2014-02-25 08:02:35,login.live.com
2014-02-25 08:02:42,login.live.com
2014-02-25 08:03:12,login.live.com
2014-02-25 08:03:13,login.live.com
2014-02-25 08:03:23,dub109.mail.live.com
2014-02-25 08:03:23,mail.live.com
2014-02-25 08:03:28,people.directory.live.com
2014-02-25 08:03:28,cid-626f777e57f659c4.users.storage.live.com
2014-02-25 08:03:28,dub109.mail.live.com
2014-02-25 08:03:30,h.live.com
2014-02-25 08:03:30,go.trouter.io
2014-02-25 08:03:31,storage.live.com
2014-02-25 08:03:31,h.live.com
2014-02-25 08:03:32,dub109.mail.live.com
2014-02-25 08:03:32,js.live.net
2014-02-25 08:03:32,blufiles.storage.msn.com
2014-02-25 08:03:33,dub109.mail.live.com
2014-02-25 08:03:35,dub109.mail.live.com
2014-02-25 08:03:35,secure.shared.live.com
2014-02-25 08:03:36,h.live.com
2014-02-25 08:03:40,secure.shared.live.com
2014-02-25 08:03:40,dub109.mail.live.com
2014-02-25 08:03:41,cid-626f777e57f659c4.users.storage.live.com
2014-02-25 08:03:43,dub109.mail.live.com
2014-02-25 08:03:43,h.live.com
2014-02-25 08:04:00,dl.patchbeam.com
2014-02-25 08:04:38,dub109.mail.live.com
2014-02-25 08:04:44,p.sfx.ms
2014-02-25 08:04:45,login.live.com
2014-02-25 08:04:47,dub109.afx.ms
2014-02-25 08:05:13,dub109.mail.live.com
2014-02-25 08:05:13,p.sfx.ms
2014-02-25 08:05:35,cid-626f777e57f659c4.users.storage.live.com
2014-02-25 08:06:16,go.trouter.io
2014-02-25 08:09:16,blast.ncbi.nlm.nih.gov
2014-02-25 08:09:17,blast.ncbi.nlm.nih.gov
2014-02-25 08:09:21,blast.ncbi.nlm.nih.gov
2014-02-25 08:09:22,blast.ncbi.nlm.nih.gov
2014-02-25 08:09:23,blast.ncbi.nlm.nih.gov
2014-02-25 08:09:25,www.ncbi.nlm.nih.gov
2014-02-25 08:09:26,blast.ncbi.nlm.nih.gov
2014-02-25 08:09:27,www.ncbi.nlm.nih.gov
2014-02-25 08:09:28,blast.ncbi.nlm.nih.gov
2014-02-25 08:09:30,www.ncbi.nlm.nih.gov
2014-02-25 08:09:30,blast.ncbi.nlm.nih.gov
2014-02-25 08:09:34,www.ncbi.nlm.nih.gov
2014-02-25 08:09:35,blast.ncbi.nlm.nih.gov
2014-02-25 08:09:37,www.ncbi.nlm.nih.gov
2014-02-25 08:09:43,blast.ncbi.nlm.nih.gov
2014-02-25 08:09:43,www.ncbi.nlm.nih.gov
2014-02-25 08:09:44,blast.ncbi.nlm.nih.gov
2014-02-25 08:09:45,blast.ncbi.nlm.nih.gov
2014-02-25 08:09:45,www.ncbi.nlm.nih.gov
2014-02-25 08:09:46,www.ncbi.nlm.nih.gov
2014-02-25 08:09:46,blast.ncbi.nlm.nih.gov
2014-02-25 08:09:48,www.ncbi.nlm.nih.gov
2014-02-25 08:09:49,blast.ncbi.nlm.nih.gov
2014-02-25 08:09:50,blast.ncbi.nlm.nih.gov
2014-02-25 08:09:51,blast.ncbi.nlm.nih.gov
2014-02-25 08:10:25,gtssl-ocsp.geotrust.com
2014-02-25 08:10:25,clients1.google.com
2014-02-25 08:10:25,gtglobal-ocsp.geotrust.com
2014-02-25 08:10:28,fxfeeds.mozilla.com
2014-02-25 08:10:28,www.lemonde.fr
2014-02-25 08:10:28,rss.lemonde.fr
2014-02-25 08:10:30,geo.mozilla.org
2014-02-25 08:10:31,portableapps.com
2014-02-25 08:10:31,feeds.feedburner.com
2014-02-25 08:10:54,blast.ncbi.nlm.nih.gov
2014-02-25 08:10:57,safebrowsing.clients.google.com
2014-02-25 08:10:57,safebrowsing-cache.google.com
2014-02-25 08:10:58,safebrowsing-cache.google.com
2014-02-25 08:10:59,safebrowsing-cache.google.com
2014-02-25 08:11:01,safebrowsing-cache.google.com
2014-02-25 08:11:02,safebrowsing-cache.google.com
2014-02-25 08:11:10,blast.ncbi.nlm.nih.gov
2014-02-25 08:11:11,blast.ncbi.nlm.nih.gov
2014-02-25 08:11:16,blast.ncbi.nlm.nih.gov
2014-02-25 08:12:02,safebrowsing-cache.google.com
2014-02-25 08:12:03,safebrowsing-cache.google.com
2014-02-25 08:12:04,safebrowsing-cache.google.com
2014-02-25 08:12:20,sb-ssl.google.com
2014-02-25 08:19:46,blast.ncbi.nlm.nih.gov
2014-02-25 08:19:46,www.ncbi.nlm.nih.gov
2014-02-25 08:19:47,www.ncbi.nlm.nih.gov
2014-02-25 08:19:53,blast.ncbi.nlm.nih.gov
2014-02-25 08:19:53,www.ncbi.nlm.nih.gov
2014-02-25 08:19:54,blast.ncbi.nlm.nih.gov
2014-02-25 08:20:25,blast.ncbi.nlm.nih.gov
2014-02-25 08:21:44,www.ncbi.nlm.nih.gov
2014-02-25 08:21:44,blast.ncbi.nlm.nih.gov
2014-02-25 08:21:45,www.ncbi.nlm.nih.gov
2014-02-25 08:21:50,www.ncbi.nlm.nih.gov
2014-02-25 08:21:51,blast.ncbi.nlm.nih.gov
2014-02-25 08:22:04,blast.ncbi.nlm.nih.gov
2014-02-25 08:22:05,blast.ncbi.nlm.nih.gov
2014-02-25 08:22:13,blast.ncbi.nlm.nih.gov
2014-02-25 08:22:14,blast.ncbi.nlm.nih.gov
2014-02-25 08:23:27,blast.ncbi.nlm.nih.gov
2014-02-25 08:23:34,blast.ncbi.nlm.nih.gov
2014-02-25 08:23:34,www.ncbi.nlm.nih.gov
2014-02-25 08:23:35,www.ncbi.nlm.nih.gov
2014-02-25 08:23:37,static.pubmed.gov
2014-02-25 08:23:37,www.ncbi.nlm.nih.gov
2014-02-25 08:23:45,static.pubmed.gov
2014-02-25 08:23:49,www.ncbi.nlm.nih.gov
2014-02-25 08:23:49,static.pubmed.gov
2014-02-25 08:23:50,static.pubmed.gov
2014-02-25 08:23:57,www.ncbi.nlm.nih.gov
2014-02-25 08:24:03,www.ncbi.nlm.nih.gov
2014-02-25 08:24:03,static.pubmed.gov
2014-02-25 08:24:04,static.pubmed.gov
2014-02-25 08:24:04,www.ncbi.nlm.nih.gov
2014-02-25 08:24:58,www.ncbi.nlm.nih.gov
2014-02-25 08:24:59,www.ncbi.nlm.nih.gov
2014-02-25 08:24:59,static.pubmed.gov
2014-02-25 08:25:05,www.ncbi.nlm.nih.gov
2014-02-25 08:25:11,www.ncbi.nlm.nih.gov
2014-02-25 08:25:12,www.ncbi.nlm.nih.gov
2014-02-25 08:26:02,www.ncbi.nlm.nih.gov
2014-02-25 08:26:06,www.ncbi.nlm.nih.gov
2014-02-25 08:26:07,www.ncbi.nlm.nih.gov
2014-02-25 08:26:27,update.megasoftware.net
2014-02-25 08:27:18,gtssl-ocsp.geotrust.com
2014-02-25 08:27:19,clients1.google.com
2014-02-25 08:27:19,gtglobal-ocsp.geotrust.com
2014-02-25 08:27:21,www.squid-cache.org
2014-02-25 08:27:22,fxfeeds.mozilla.com
2014-02-25 08:27:22,www.lemonde.fr
2014-02-25 08:27:22,rss.lemonde.fr
2014-02-25 08:27:23,geo.mozilla.org
2014-02-25 08:27:25,portableapps.com
2014-02-25 08:27:25,feeds.feedburner.com
2014-02-25 08:27:38,www.google.fr
2014-02-25 08:27:38,www.google.com
2014-02-25 08:27:39,clients1.google.com
2014-02-25 08:27:42,www.google.fr
2014-02-25 08:27:43,www.ncbi.nlm.nih.gov
2014-02-25 08:27:44,www.ncbi.nlm.nih.gov
2014-02-25 08:27:44,static.pubmed.gov
2014-02-25 08:28:00,www.ncbi.nlm.nih.gov
2014-02-25 08:28:00,blast.ncbi.nlm.nih.gov
2014-02-25 08:28:01,blast.ncbi.nlm.nih.gov
2014-02-25 08:28:03,blast.ncbi.nlm.nih.gov
2014-02-25 08:28:03,www.ncbi.nlm.nih.gov
2014-02-25 08:28:04,blast.ncbi.nlm.nih.gov
2014-02-25 08:28:04,www.ncbi.nlm.nih.gov
2014-02-25 08:28:21,blast.ncbi.nlm.nih.gov
2014-02-25 08:28:26,blast.ncbi.nlm.nih.gov
2014-02-25 08:28:27,blast.ncbi.nlm.nih.gov
2014-02-25 08:28:29,www.ncbi.nlm.nih.gov
2014-02-25 08:28:30,blast.ncbi.nlm.nih.gov
2014-02-25 08:28:31,www.ncbi.nlm.nih.gov
2014-02-25 08:28:32,blast.ncbi.nlm.nih.gov
2014-02-25 08:28:34,www.ncbi.nlm.nih.gov
2014-02-25 08:28:35,blast.ncbi.nlm.nih.gov
2014-02-25 08:28:37,www.ncbi.nlm.nih.gov
2014-02-25 08:28:37,blast.ncbi.nlm.nih.gov
2014-02-25 08:28:39,www.ncbi.nlm.nih.gov
2014-02-25 08:28:45,blast.ncbi.nlm.nih.gov
2014-02-25 08:28:45,www.ncbi.nlm.nih.gov
2014-02-25 08:28:46,blast.ncbi.nlm.nih.gov
2014-02-25 08:28:47,blast.ncbi.nlm.nih.gov
2014-02-25 08:28:47,www.ncbi.nlm.nih.gov
2014-02-25 08:28:48,blast.ncbi.nlm.nih.gov
2014-02-25 08:28:51,blast.ncbi.nlm.nih.gov
2014-02-25 08:28:52,blast.ncbi.nlm.nih.gov
2014-02-25 08:28:53,blast.ncbi.nlm.nih.gov
2014-02-25 08:28:54,blast.ncbi.nlm.nih.gov
2014-02-25 08:29:00,blast.ncbi.nlm.nih.gov
2014-02-25 08:29:05,blast.ncbi.nlm.nih.gov
2014-02-25 08:29:05,www.ncbi.nlm.nih.gov
2014-02-25 08:29:06,static.pubmed.gov
2014-02-25 08:29:07,static.pubmed.gov
2014-02-25 08:29:07,www.ncbi.nlm.nih.gov
2014-02-25 08:29:13,blast.ncbi.nlm.nih.gov
2014-02-25 08:29:13,www.ncbi.nlm.nih.gov
2014-02-25 08:29:14,www.ncbi.nlm.nih.gov
2014-02-25 08:29:14,sb-ssl.google.com
2014-02-25 08:29:15,www.ncbi.nlm.nih.gov
2014-02-25 08:29:16,www.ncbi.nlm.nih.gov
2014-02-25 08:29:18,www.ncbi.nlm.nih.gov
2014-02-25 08:29:35,www.google.com
2014-02-25 08:29:35,www.google.fr
2014-02-25 08:29:41,blast.ncbi.nlm.nih.gov
2014-02-25 08:29:44,blast.ncbi.nlm.nih.gov
2014-02-25 08:29:49,www.ncbi.nlm.nih.gov
2014-02-25 08:29:49,blast.ncbi.nlm.nih.gov
2014-02-25 08:29:50,www.ncbi.nlm.nih.gov
2014-02-25 08:29:51,www.ncbi.nlm.nih.gov
2014-02-25 08:29:52,www.ncbi.nlm.nih.gov
2014-02-25 08:29:57,www.ncbi.nlm.nih.gov
2014-02-25 08:29:57,static.pubmed.gov
2014-02-25 08:30:08,static.pubmed.gov
2014-02-25 08:30:08,www.ncbi.nlm.nih.gov
2014-02-25 08:30:09,www.ncbi.nlm.nih.gov
2014-02-25 08:30:13,static.pubmed.gov
2014-02-25 08:30:13,www.ncbi.nlm.nih.gov
2014-02-25 08:30:14,static.pubmed.gov
2014-02-25 08:30:14,www.ncbi.nlm.nih.gov
2014-02-25 08:30:42,static.pubmed.gov
2014-02-25 08:30:42,www.ncbi.nlm.nih.gov
2014-02-25 08:30:43,www.ncbi.nlm.nih.gov
2014-02-25 08:30:55,www.ncbi.nlm.nih.gov
2014-02-25 08:31:00,www.ncbi.nlm.nih.gov
2014-02-25 08:31:25,www.megasoftware.net
2014-02-25 08:32:05,safebrowsing.clients.google.com
2014-02-25 08:32:05,safebrowsing-cache.google.com
2014-02-25 08:32:06,safebrowsing-cache.google.com
2014-02-25 08:32:07,safebrowsing-cache.google.com
2014-02-25 08:32:08,safebrowsing-cache.google.com
2014-02-25 08:32:09,safebrowsing-cache.google.com
2014-02-25 08:32:10,safebrowsing-cache.google.com
2014-02-25 08:39:19,player.vimeo.com
2014-02-25 08:40:19,www.ncbi.nlm.nih.gov
2014-02-25 08:40:26,www.ncbi.nlm.nih.gov
2014-02-25 08:40:53,www.ncbi.nlm.nih.gov
2014-02-25 08:40:57,www.ncbi.nlm.nih.gov
2014-02-25 08:42:26,rss.lemonde.fr
2014-02-25 08:42:26,fxfeeds.mozilla.com
2014-02-25 08:42:26,www.lemonde.fr
2014-02-25 08:42:29,portableapps.com
2014-02-25 08:42:29,feeds.feedburner.com
2014-02-25 08:44:04,www.ncbi.nlm.nih.gov
2014-02-25 08:44:05,www.ncbi.nlm.nih.gov
2014-02-25 08:44:05,static.pubmed.gov
2014-02-25 08:44:06,www.ncbi.nlm.nih.gov
2014-02-25 08:44:08,www.ncbi.nlm.nih.gov
2014-02-25 08:44:09,www.ncbi.nlm.nih.gov
2014-02-25 08:44:16,blast.ncbi.nlm.nih.gov
2014-02-25 08:44:18,blast.ncbi.nlm.nih.gov
2014-02-25 08:44:18,www.ncbi.nlm.nih.gov
2014-02-25 08:44:19,www.ncbi.nlm.nih.gov
2014-02-25 08:44:20,www.ncbi.nlm.nih.gov
2014-02-25 08:44:21,www.ncbi.nlm.nih.gov
2014-02-25 08:44:27,www.ncbi.nlm.nih.gov
2014-02-25 08:44:33,www.ncbi.nlm.nih.gov
2014-02-25 08:44:34,www.ncbi.nlm.nih.gov
2014-02-25 08:46:12,www.ncbi.nlm.nih.gov
2014-02-25 08:46:13,www.ncbi.nlm.nih.gov
2014-02-25 08:46:56,www.ncbi.nlm.nih.gov
2014-02-25 08:47:05,www.ncbi.nlm.nih.gov
2014-02-25 08:48:03,www.google.fr
2014-02-25 08:48:03,www.google.com
2014-02-25 08:48:05,www.google.fr
2014-02-25 08:48:05,www.phylogeny.fr
2014-02-25 08:48:49,www.phylogeny.fr
2014-02-25 08:48:56,www.phylogeny.fr
2014-02-25 08:48:57,www.phylogeny.fr
2014-02-25 08:49:56,www.phylogeny.fr
2014-02-25 08:49:58,www.google.fr
2014-02-25 08:57:28,rss.lemonde.fr
2014-02-25 08:57:28,fxfeeds.mozilla.com
2014-02-25 08:57:28,www.lemonde.fr
2014-02-25 08:57:31,feeds.feedburner.com
2014-02-25 08:57:31,portableapps.com
2014-02-25 08:58:16,www.phylogeny.fr
2014-02-25 09:00:09,blast.ncbi.nlm.nih.gov
2014-02-25 09:04:24,safebrowsing.clients.google.com
2014-02-25 09:04:24,safebrowsing-cache.google.com
2014-02-25 09:04:25,safebrowsing-cache.google.com
2014-02-25 09:04:26,safebrowsing-cache.google.com
2014-02-25 09:04:27,safebrowsing-cache.google.com
2014-02-25 09:04:28,safebrowsing-cache.google.com
2014-02-25 09:04:31,www.phylogeny.fr
2014-02-25 09:04:37,www.phylogeny.fr
2014-02-25 09:06:23,www.phylogeny.fr
2014-02-25 09:06:38,www.phylogeny.fr
2014-02-25 09:06:41,www.phylogeny.fr
2014-02-25 09:06:42,www.phylogeny.fr
2014-02-25 09:06:45,www.phylogeny.fr
2014-02-25 09:06:47,www.phylogeny.fr
2014-02-25 09:06:48,www.phylogeny.fr
2014-02-25 09:06:52,www.phylogeny.fr
2014-02-25 09:07:42,www.phylogeny.fr
2014-02-25 09:08:41,www.phylogeny.fr
2014-02-25 09:08:45,www.phylogeny.fr
2014-02-25 09:08:48,www.phylogeny.fr
2014-02-25 09:08:50,www.phylogeny.fr
2014-02-25 09:08:53,www.phylogeny.fr
2014-02-25 09:08:56,www.phylogeny.fr
2014-02-25 09:08:58,www.phylogeny.fr
2014-02-25 09:09:01,www.phylogeny.fr
2014-02-25 09:09:04,www.phylogeny.fr
2014-02-25 09:09:07,www.phylogeny.fr
2014-02-25 09:09:10,www.phylogeny.fr
2014-02-25 09:09:13,www.phylogeny.fr
2014-02-25 09:09:14,www.phylogeny.fr
2014-02-25 09:09:15,www.phylogeny.fr
2014-02-25 09:09:17,www.phylogeny.fr
2014-02-25 09:10:25,www.phylogeny.fr
2014-02-25 09:10:42,www.phylogeny.fr
2014-02-25 09:10:44,www.phylogeny.fr
2014-02-25 09:10:56,www.phylogeny.fr
2014-02-25 09:11:24,www.phylogeny.fr
2014-02-25 09:11:51,www.phylogeny.fr
2014-02-25 09:11:59,www.phylogeny.fr
2014-02-25 09:12:00,www.phylogeny.fr
2014-02-25 09:12:03,www.phylogeny.fr
2014-02-25 09:12:05,www.phylogeny.fr
2014-02-25 09:12:08,www.phylogeny.fr
2014-02-25 09:12:14,www.phylogeny.fr
2014-02-25 09:12:15,www.phylogeny.fr
2014-02-25 09:12:16,www.phylogeny.fr
2014-02-25 09:12:31,www.lemonde.fr
2014-02-25 09:12:31,fxfeeds.mozilla.com
2014-02-25 09:12:32,rss.lemonde.fr
2014-02-25 09:12:36,feeds.feedburner.com
2014-02-25 09:12:36,portableapps.com
2014-02-25 09:13:31,www.phylogeny.fr
2014-02-25 09:13:44,www.phylogeny.fr
2014-02-25 09:13:57,www.phylogeny.fr
2014-02-25 09:13:58,www.phylogeny.fr
2014-02-25 09:14:40,www.phylogeny.fr
2014-02-25 09:17:11,www.phylogeny.fr
2014-02-25 09:17:29,www.phylogeny.fr
2014-02-25 09:27:35,fxfeeds.mozilla.com
2014-02-25 09:27:35,www.lemonde.fr
2014-02-25 09:27:35,rss.lemonde.fr
2014-02-25 09:27:38,portableapps.com
2014-02-25 09:27:38,feeds.feedburner.com
2014-02-25 09:28:02,www.phylogeny.fr
2014-02-25 09:28:24,www.phylogeny.fr
2014-02-25 09:28:42,www.phylogeny.fr
2014-02-25 09:28:51,www.phylogeny.fr
2014-02-25 09:28:53,www.phylogeny.fr
2014-02-25 09:29:01,www.phylogeny.fr
2014-02-25 09:29:06,www.phylogeny.fr
2014-02-25 09:29:33,www.phylogeny.fr
2014-02-25 09:29:43,www.phylogeny.fr
2014-02-25 09:29:46,www.phylogeny.fr
2014-02-25 09:29:48,www.phylogeny.fr
2014-02-25 09:29:51,www.phylogeny.fr
2014-02-25 09:29:57,www.phylogeny.fr
2014-02-25 09:29:58,www.phylogeny.fr
2014-02-25 09:29:59,www.phylogeny.fr
2014-02-25 09:30:53,www.phylogeny.fr
2014-02-25 09:31:22,www.phylogeny.fr
2014-02-25 09:31:40,www.phylogeny.fr
2014-02-25 09:31:53,www.phylogeny.fr
2014-02-25 09:32:06,www.phylogeny.fr
2014-02-25 09:32:07,www.phylogeny.fr
2014-02-25 09:32:14,www.phylogeny.fr
2014-02-25 09:32:15,www.phylogeny.fr
2014-02-25 09:32:17,www.phylogeny.fr
2014-02-25 09:32:45,www.phylogeny.fr
2014-02-25 09:32:46,www.phylogeny.fr
2014-02-25 09:33:13,www.phylogeny.fr
2014-02-25 09:33:27,www.phylogeny.fr
2014-02-25 09:33:50,www.phylogeny.fr
2014-02-25 09:34:02,www.phylogeny.fr
2014-02-25 09:34:03,www.phylogeny.fr
2014-02-25 09:34:05,www.phylogeny.fr
2014-02-25 09:34:08,www.phylogeny.fr
2014-02-25 09:34:14,www.phylogeny.fr
2014-02-25 09:34:26,www.phylogeny.fr
2014-02-25 09:34:27,www.phylogeny.fr
2014-02-25 09:34:28,www.phylogeny.fr
2014-02-25 09:34:29,www.phylogeny.fr
2014-02-25 09:35:05,www.phylogeny.fr
2014-02-25 09:35:27,www.phylogeny.fr
2014-02-25 09:35:47,www.phylogeny.fr
2014-02-25 09:36:19,safebrowsing.clients.google.com
2014-02-25 09:36:19,safebrowsing-cache.google.com
2014-02-25 09:36:20,safebrowsing-cache.google.com
2014-02-25 09:36:24,www.phylogeny.fr
2014-02-25 09:36:32,www.phylogeny.fr
2014-02-25 09:36:33,www.phylogeny.fr
2014-02-25 09:36:47,www.phylogeny.fr
2014-02-25 09:36:48,www.phylogeny.fr
2014-02-25 09:36:49,www.phylogeny.fr
2014-02-25 09:36:50,www.phylogeny.fr
2014-02-25 09:37:15,www.phylogeny.fr
2014-02-25 09:37:28,safebrowsing-cache.google.com
2014-02-25 09:37:29,safebrowsing-cache.google.com
2014-02-25 09:37:30,safebrowsing-cache.google.com
2014-02-25 09:37:31,safebrowsing-cache.google.com
2014-02-25 09:37:32,safebrowsing-cache.google.com
2014-02-25 09:38:54,www.phylogeny.fr
2014-02-25 09:41:37,www.phylogeny.fr
2014-02-25 09:41:41,www.phylogeny.fr
2014-02-25 09:41:42,www.phylogeny.fr
2014-02-25 09:42:33,www.phylogeny.fr
2014-02-25 09:42:35,www.phylogeny.fr
2014-02-25 09:42:38,fxfeeds.mozilla.com
2014-02-25 09:42:38,rss.lemonde.fr
2014-02-25 09:42:38,www.lemonde.fr
2014-02-25 09:42:40,www.phylogeny.fr
2014-02-25 09:42:41,portableapps.com
2014-02-25 09:42:41,feeds.feedburner.com
2014-02-25 09:42:46,www.phylogeny.fr
2014-02-25 09:43:18,www.phylogeny.fr
2014-02-25 09:43:24,www.phylogeny.fr
2014-02-25 09:43:27,www.phylogeny.fr
2014-02-25 09:43:29,www.phylogeny.fr
2014-02-25 09:43:35,www.phylogeny.fr
2014-02-25 09:43:36,www.phylogeny.fr
2014-02-25 09:43:37,www.phylogeny.fr
2014-02-25 09:43:38,www.phylogeny.fr
2014-02-25 09:43:39,www.phylogeny.fr
2014-02-25 09:51:31,www.google.com
2014-02-25 09:51:31,www.google.fr
2014-02-25 09:51:38,www.google.fr
2014-02-25 09:51:39,www.atgc-montpellier.fr
2014-02-25 09:53:26,www.google.fr
2014-02-25 09:57:00,www.google.fr
2014-02-25 09:57:00,www.google.com
2014-02-25 09:57:03,www.google.fr
2014-02-25 09:57:07,www.phylogeny.fr
2014-02-25 09:57:11,www.phylogeny.fr
2014-02-25 09:57:17,www.phylogeny.fr
2014-02-25 09:57:40,fxfeeds.mozilla.com
2014-02-25 09:57:40,www.lemonde.fr
2014-02-25 09:57:40,rss.lemonde.fr
2014-02-25 09:57:44,portableapps.com
2014-02-25 09:57:44,feeds.feedburner.com
2014-02-25 09:58:11,www.phylogeny.fr
2014-02-25 09:58:17,www.phylogeny.fr
2014-02-25 09:58:20,www.phylogeny.fr
2014-02-25 09:58:23,www.phylogeny.fr
2014-02-25 09:58:25,www.phylogeny.fr
2014-02-25 09:58:31,www.phylogeny.fr
2014-02-25 09:58:32,www.phylogeny.fr
2014-02-25 09:58:33,www.phylogeny.fr
2014-02-25 09:58:34,www.phylogeny.fr
2014-02-25 09:58:56,www.google.fr
2014-02-25 10:00:56,blast.ncbi.nlm.nih.gov
2014-03-17 13:35:40,go.microsoft.com
2014-03-17 13:35:41,www.iegallery.com
2014-03-17 13:35:43,api.bing.com
2014-03-17 13:35:43,www.iegallery.com
2014-03-17 13:35:44,www.iegallery.com
2014-03-17 13:35:44,api.bing.com
2014-03-17 13:35:45,www.iegallery.com
2014-03-17 13:35:45,api.bing.com
2014-03-17 13:35:46,www.iegallery.com
2014-03-17 13:35:47,www.bing.com
2014-03-17 13:35:48,www.bing.com
2014-03-17 13:35:48,cms.abmr.net
2014-03-17 13:35:49,www.bing.com
2014-03-17 13:35:51,www.bing.com
2014-03-17 13:35:51,2428091.r.msn.com
2014-03-17 13:35:51,r9.fir.telecharger-ici.com
2014-03-17 13:35:52,ajax.googleapis.com
2014-03-17 13:35:52,html5shim.googlecode.com
2014-03-17 13:35:52,code.jquery.com
2014-03-17 13:35:52,r9.fir.telecharger-ici.com
2014-03-17 13:35:53,r9.fir.telecharger-ici.com
2014-03-17 13:35:54,v2.r9.fir.telecharger-ici.com
2014-03-17 13:35:54,r9.fir.telecharger-ici.com
2014-03-17 13:35:54,stats.telecharger-ici.com
2014-03-17 13:35:55,r9.fir.telecharger-ici.com
2014-03-17 13:35:58,stats.telecharger-ici.com
2014-03-17 13:35:59,login.live.com
2014-03-17 13:36:02,r9.fir.telecharger-ici.com
2014-03-17 13:36:05,r9.fir.telecharger-ici.com
2014-03-17 13:36:06,r9.fir.telecharger-ici.com
2014-03-17 13:36:07,r9.fir.telecharger-ici.com
2014-03-17 13:36:08,r9.fir.telecharger-ici.com
2014-03-17 13:36:12,r9.fir.telecharger-ici.com
2014-03-17 13:36:29,r9.fir.telecharger-ici.com
2014-03-17 13:36:34,stats.telecharger-ici.com
2014-03-17 13:36:35,r9.fir.telecharger-ici.com
2014-03-17 13:36:45,api.bing.com
2014-03-17 13:36:48,api.bing.com
2014-03-17 13:36:49,www.bing.com
2014-03-17 13:36:50,www.bing.com
2014-03-17 13:36:50,api.bing.com
2014-03-17 13:36:51,www.bing.com
2014-03-17 13:36:51,login.live.com
2014-03-17 13:37:01,api.bing.com
2014-03-17 13:37:02,api.bing.com
2014-03-17 13:37:05,api.bing.com
2014-03-17 13:37:06,api.bing.com
2014-03-17 13:37:07,api.bing.com
2014-03-17 13:37:09,www.bing.com
2014-03-17 13:37:10,www.bing.com
2014-03-17 13:37:16,annotathon.org
2014-03-17 13:37:21,login.live.com
2014-03-17 13:37:29,annotathon.org
2014-03-17 13:37:34,annotathon.org
2014-03-17 13:37:35,annotathon.org
2014-03-17 13:37:43,annotathon.org
2014-03-17 13:37:43,annotathon.univ-mrs.fr
2014-03-17 13:38:13,annotathon.org
2014-03-17 13:38:30,annotathon.org
2014-03-17 13:38:43,annotathon.org
2014-03-17 13:38:45,api.bing.com
2014-03-17 13:38:46,api.bing.com
2014-03-17 13:38:47,www.bing.com
2014-03-17 13:38:50,www.bing.com
2014-03-17 13:38:51,blast.ncbi.nlm.nih.gov
2014-03-17 13:38:51,www.ncbi.nlm.nih.gov
2014-03-17 13:38:52,blast.ncbi.nlm.nih.gov
2014-03-17 13:38:58,login.live.com
2014-03-17 13:39:13,annotathon.org
2014-03-17 13:39:36,blast.ncbi.nlm.nih.gov
2014-03-17 13:39:37,blast.ncbi.nlm.nih.gov
2014-03-17 13:39:37,www.ncbi.nlm.nih.gov
2014-03-17 13:39:38,blast.ncbi.nlm.nih.gov
2014-03-17 13:39:39,blast.ncbi.nlm.nih.gov
2014-03-17 13:39:43,www.ncbi.nlm.nih.gov
2014-03-17 13:39:43,annotathon.org
2014-03-17 13:39:58,api.bing.com
2014-03-17 13:39:59,api.bing.com
2014-03-17 13:40:00,api.bing.com
2014-03-17 13:40:01,blast.ncbi.nlm.nih.gov
2014-03-17 13:40:01,www.bing.com
2014-03-17 13:40:02,www.bing.com
2014-03-17 13:40:04,www.bing.com
2014-03-17 13:40:04,www.ncbi.nlm.nih.gov
2014-03-17 13:40:13,login.live.com
2014-03-17 13:40:13,annotathon.org
2014-03-17 13:40:16,www.ncbi.nlm.nih.gov
2014-03-17 13:40:22,www.ncbi.nlm.nih.gov
2014-03-17 13:40:23,www.ncbi.nlm.nih.gov
2014-03-17 13:40:25,www.ncbi.nlm.nih.gov
2014-03-17 13:40:26,blast.ncbi.nlm.nih.gov
2014-03-17 13:40:35,blast.ncbi.nlm.nih.gov
2014-03-17 13:40:42,www.ncbi.nlm.nih.gov
2014-03-17 13:40:43,annotathon.org
2014-03-17 13:40:43,www.ncbi.nlm.nih.gov
2014-03-17 13:40:51,www.ncbi.nlm.nih.gov
2014-03-17 13:40:53,www.ncbi.nlm.nih.gov
2014-03-17 13:40:54,www.ncbi.nlm.nih.gov
2014-03-17 13:40:56,www.ncbi.nlm.nih.gov
2014-03-17 13:40:58,www.ncbi.nlm.nih.gov
2014-03-17 13:40:59,www.ncbi.nlm.nih.gov
2014-03-17 13:41:01,www.ncbi.nlm.nih.gov
2014-03-17 13:41:02,www.ncbi.nlm.nih.gov
2014-03-17 13:41:04,www.ncbi.nlm.nih.gov
2014-03-17 13:41:09,www.ncbi.nlm.nih.gov
2014-03-17 13:41:13,annotathon.org
2014-03-17 13:41:22,www.ncbi.nlm.nih.gov
2014-03-17 13:41:40,www.ncbi.nlm.nih.gov
2014-03-17 13:41:43,annotathon.org
2014-03-17 13:42:02,www.ncbi.nlm.nih.gov
2014-03-17 13:42:14,annotathon.org
2014-03-17 13:42:15,annotathon.org
2014-03-17 13:42:31,www.ncbi.nlm.nih.gov
2014-03-17 13:42:32,www.ncbi.nlm.nih.gov
2014-03-17 13:42:33,www.ncbi.nlm.nih.gov
2014-03-17 13:42:43,annotathon.org
2014-03-17 13:42:45,annotathon.org
2014-03-17 13:43:04,www.ncbi.nlm.nih.gov
2014-03-17 13:43:05,www.ncbi.nlm.nih.gov
2014-03-17 13:43:08,www.ncbi.nlm.nih.gov
2014-03-17 13:43:09,www.ncbi.nlm.nih.gov
2014-03-17 13:43:10,www.ncbi.nlm.nih.gov
2014-03-17 13:43:11,www.ncbi.nlm.nih.gov
2014-03-17 13:43:12,www.ncbi.nlm.nih.gov
2014-03-17 13:43:13,annotathon.org
2014-03-17 13:43:15,annotathon.org
2014-03-17 13:43:43,annotathon.org
2014-03-17 13:43:45,annotathon.org
2014-03-17 13:44:13,annotathon.org
2014-03-17 13:44:15,annotathon.org
2014-03-17 13:44:43,annotathon.org
2014-03-17 13:44:45,annotathon.org
2014-03-17 13:45:13,annotathon.org
2014-03-17 13:45:15,annotathon.org
2014-03-17 13:45:43,annotathon.org
2014-03-17 13:45:45,annotathon.org
2014-03-17 13:46:13,annotathon.org
2014-03-17 13:46:15,annotathon.org
2014-03-17 13:46:43,annotathon.org
2014-03-17 13:46:45,annotathon.org
2014-03-17 13:47:13,annotathon.org
2014-03-17 13:47:15,annotathon.org
2014-03-17 13:47:43,annotathon.org
2014-03-17 13:47:45,annotathon.org
2014-03-17 13:48:13,annotathon.org
2014-03-17 13:48:15,annotathon.org
2014-03-17 13:48:43,annotathon.org
2014-03-17 13:48:45,annotathon.org
2014-03-17 13:49:13,annotathon.org
2014-03-17 13:49:15,annotathon.org
2014-03-17 13:49:43,annotathon.org
2014-03-17 13:49:45,annotathon.org
2014-03-17 13:50:13,annotathon.org
2014-03-17 13:50:15,annotathon.org
2014-03-17 13:50:43,annotathon.org
2014-03-17 13:50:45,annotathon.org
2014-03-17 13:51:13,annotathon.org
2014-03-17 13:51:15,annotathon.org
2014-03-17 13:51:43,annotathon.org
2014-03-17 13:51:45,annotathon.org
2014-03-17 13:52:13,annotathon.org
2014-03-17 13:52:15,annotathon.org
2014-03-17 13:52:43,annotathon.org
2014-03-17 13:52:45,annotathon.org
2014-03-17 13:53:13,annotathon.org
2014-03-17 13:53:15,annotathon.org
2014-03-17 13:53:43,annotathon.org
2014-03-17 13:53:45,annotathon.org
2014-03-17 13:54:13,annotathon.org
2014-03-17 13:54:15,annotathon.org
2014-03-17 13:54:43,annotathon.org
2014-03-17 13:54:45,annotathon.org
2014-03-17 13:55:11,annotathon.org
2014-03-17 13:55:11,annotathon.univ-mrs.fr
2014-03-17 13:55:15,annotathon.org
2014-03-17 13:55:26,annotathon.univ-mrs.fr
2014-03-17 13:55:26,annotathon.org
2014-03-17 13:55:45,annotathon.org
2014-03-17 13:55:56,annotathon.org
2014-03-17 13:56:03,annotathon.org
2014-03-17 13:56:07,annotathon.univ-mrs.fr
2014-03-17 13:56:07,annotathon.org
2014-03-17 13:56:11,annotathon.org
2014-03-17 13:56:11,annotathon.univ-mrs.fr
2014-03-17 13:56:12,annotathon.org
2014-03-17 13:56:15,annotathon.org
2014-03-17 13:56:42,annotathon.org
2014-03-17 13:56:45,annotathon.org
2014-03-17 13:57:12,annotathon.org
2014-03-17 13:57:15,annotathon.org
2014-03-17 13:57:42,annotathon.org
2014-03-17 13:57:45,annotathon.org
2014-03-17 13:58:12,annotathon.org
2014-03-17 13:58:15,annotathon.org
2014-03-17 13:58:42,annotathon.org
2014-03-17 13:58:45,annotathon.org
2014-03-17 13:59:12,annotathon.org
2014-03-17 13:59:15,annotathon.org
2014-03-17 13:59:42,annotathon.org
2014-03-17 13:59:45,annotathon.org
2014-03-17 14:00:12,annotathon.org
2014-03-17 14:00:15,annotathon.org
2014-03-17 14:00:42,annotathon.org
2014-03-17 14:00:45,annotathon.org
2014-03-17 14:01:12,annotathon.org
2014-03-17 14:01:15,annotathon.org
2014-03-17 14:01:42,annotathon.org
2014-03-17 14:01:45,annotathon.org
2014-03-17 14:02:04,api.bing.com
2014-03-17 14:02:05,api.bing.com
2014-03-17 14:02:06,api.bing.com
2014-03-17 14:02:07,api.bing.com
2014-03-17 14:02:07,www.bing.com
2014-03-17 14:02:08,www.bing.com
2014-03-17 14:02:09,www.bing.com
2014-03-17 14:02:12,annotathon.org
2014-03-17 14:02:14,www.bing.com
2014-03-17 14:02:15,annotathon.org
2014-03-17 14:02:18,www.bing.com
2014-03-17 14:02:19,login.live.com
2014-03-17 14:02:20,login.live.com
2014-03-17 14:02:24,wiki.hpcc.msu.edu
2014-03-17 14:02:24,www.bing.com
2014-03-17 14:02:27,www.bing.com
2014-03-17 14:02:28,www.bing.com
2014-03-17 14:02:42,annotathon.org
2014-03-17 14:02:45,annotathon.org
2014-03-17 14:03:12,annotathon.org
2014-03-17 14:03:15,annotathon.org
2014-03-17 14:03:42,annotathon.org
2014-03-17 14:03:45,annotathon.org
2014-03-17 14:04:12,annotathon.org
2014-03-17 14:04:15,annotathon.org
2014-03-17 14:04:42,annotathon.org
2014-03-17 14:04:45,annotathon.org
2014-03-17 14:05:12,annotathon.org
2014-03-17 14:05:15,annotathon.org
2014-03-17 14:05:42,annotathon.org
2014-03-17 14:05:46,annotathon.org
2014-03-17 14:06:12,annotathon.org
2014-03-17 14:06:16,annotathon.org
2014-03-17 14:06:42,annotathon.org
2014-03-17 14:06:46,annotathon.org
2014-03-17 14:07:12,annotathon.org
2014-03-17 14:07:16,annotathon.org
2014-03-17 14:07:42,annotathon.org
2014-03-17 14:07:46,annotathon.org
2014-03-17 14:08:12,annotathon.org
2014-03-17 14:08:16,annotathon.org
2014-03-17 14:08:42,annotathon.org
2014-03-17 14:08:46,annotathon.org
2014-03-17 14:09:12,annotathon.org
2014-03-17 14:09:16,annotathon.org
2014-03-17 14:09:42,annotathon.org
2014-03-17 14:09:46,annotathon.org
2014-03-17 14:10:12,annotathon.org
2014-03-17 14:10:16,annotathon.org
2014-03-17 14:10:42,annotathon.org
2014-03-17 14:10:46,annotathon.org
2014-03-17 14:11:12,annotathon.org
2014-03-17 14:11:16,annotathon.org
2014-03-17 14:11:42,annotathon.org
2014-03-17 14:11:46,annotathon.org
2014-03-17 14:12:12,annotathon.org
2014-03-17 14:12:16,annotathon.org
2014-03-17 14:12:42,annotathon.org
2014-03-17 14:12:46,annotathon.org
2014-03-17 14:13:00,annotathon.org
2014-03-17 14:13:00,annotathon.univ-mrs.fr
2014-03-17 14:13:16,annotathon.org
2014-03-17 14:13:30,annotathon.org
2014-03-17 14:13:46,annotathon.org
2014-03-17 14:14:00,annotathon.org
2014-03-17 14:14:16,annotathon.org
2014-03-17 14:14:30,annotathon.org
2014-03-17 14:14:46,annotathon.org
2014-03-17 14:15:00,annotathon.org
2014-03-17 14:15:16,annotathon.org
2014-03-17 14:15:30,annotathon.org
2014-03-17 14:15:46,annotathon.org
2014-03-17 14:16:00,annotathon.org
2014-03-17 14:16:16,annotathon.org
2014-03-17 14:16:30,annotathon.org
2014-03-17 14:16:46,annotathon.org
2014-03-17 14:17:00,annotathon.org
2014-03-17 14:17:16,annotathon.org
2014-03-17 14:17:30,annotathon.org
2014-03-17 14:17:46,annotathon.org
2014-03-17 14:18:00,annotathon.org
2014-03-17 14:18:16,annotathon.org
2014-03-17 14:18:30,annotathon.org
2014-03-17 14:18:46,annotathon.org
2014-03-17 14:19:00,annotathon.org
2014-03-17 14:19:16,annotathon.org
2014-03-17 14:19:30,annotathon.org
2014-03-17 14:19:46,annotathon.org
2014-03-17 14:20:00,annotathon.org
2014-03-17 14:20:16,annotathon.org
2014-03-17 14:20:30,annotathon.org
2014-03-17 14:20:46,annotathon.org
2014-03-17 14:21:00,annotathon.org
2014-03-17 14:21:16,annotathon.org
2014-03-17 14:21:30,annotathon.org
2014-03-17 14:21:46,annotathon.org
2014-03-17 14:22:00,annotathon.org
2014-03-17 14:22:16,annotathon.org
2014-03-17 14:22:30,annotathon.org
2014-03-17 14:22:46,annotathon.org
2014-03-17 14:23:01,annotathon.org
2014-03-17 14:23:16,annotathon.org
2014-03-17 14:23:31,annotathon.org
2014-03-17 14:23:46,annotathon.org
2014-03-17 14:24:01,annotathon.org
2014-03-17 14:24:16,annotathon.org
2014-03-17 14:24:31,annotathon.org
2014-03-17 14:24:46,annotathon.org
2014-03-17 14:25:01,annotathon.org
2014-03-17 14:25:16,annotathon.org
2014-03-17 14:25:31,annotathon.org
2014-03-17 14:25:46,annotathon.org
2014-03-17 14:26:01,annotathon.org
2014-03-17 14:26:16,annotathon.org
2014-03-17 14:26:31,annotathon.org
2014-03-17 14:26:46,annotathon.org
2014-03-17 14:27:01,annotathon.org
2014-03-17 14:27:16,annotathon.org
2014-03-17 14:27:31,annotathon.org
2014-03-17 14:27:46,annotathon.org
2014-03-17 14:28:01,annotathon.org
2014-03-17 14:28:16,annotathon.org
2014-03-17 14:28:31,annotathon.org
2014-03-17 14:28:46,annotathon.org
2014-03-17 14:29:01,annotathon.org
2014-03-17 14:29:16,annotathon.org
2014-03-17 14:29:31,annotathon.org
2014-03-17 14:29:46,annotathon.org
2014-03-17 14:30:01,annotathon.org
2014-03-17 14:30:16,annotathon.org
2014-03-17 14:30:31,annotathon.org
2014-03-17 14:30:46,annotathon.org
2014-03-17 14:31:01,annotathon.org
2014-03-17 14:31:16,annotathon.org
2014-03-17 14:31:30,platform.twitter.com
2014-03-17 14:31:31,annotathon.org
2014-03-17 14:31:46,annotathon.org
2014-03-17 14:32:01,annotathon.org
2014-03-17 14:32:16,annotathon.org
2014-03-17 14:32:31,annotathon.org
2014-03-17 14:32:46,annotathon.org
2014-03-17 14:33:01,annotathon.org
2014-03-17 14:33:16,annotathon.org
2014-03-17 14:33:31,annotathon.org
2014-03-17 14:33:46,annotathon.org
2014-03-17 14:34:01,annotathon.org
2014-03-17 14:34:16,annotathon.org
2014-03-17 14:34:31,annotathon.org
2014-03-17 14:34:46,annotathon.org
2014-03-17 14:35:01,annotathon.org
2014-03-17 14:35:16,annotathon.org
2014-03-17 14:35:31,annotathon.org
2014-03-17 14:35:46,annotathon.org
2014-03-17 14:36:01,annotathon.org
2014-03-17 14:36:16,annotathon.org
2014-03-17 14:36:31,annotathon.org
2014-03-17 14:36:46,annotathon.org
2014-03-17 14:37:01,annotathon.org
2014-03-17 14:37:16,annotathon.org
2014-03-17 14:37:21,platform.twitter.com
2014-03-17 14:37:31,annotathon.org
2014-03-17 14:37:46,annotathon.org
2014-03-17 14:38:01,annotathon.org
2014-03-17 14:38:16,annotathon.org
2014-03-17 14:38:31,annotathon.org
2014-03-17 14:38:46,annotathon.org
2014-03-17 14:38:47,annotathon.org
2014-03-17 14:38:47,annotathon.univ-mrs.fr
2014-03-17 14:39:16,annotathon.org
2014-03-17 14:39:17,annotathon.org
2014-03-17 14:39:46,annotathon.org
2014-03-17 14:39:48,annotathon.org
2014-03-17 14:40:16,annotathon.org
2014-03-17 14:40:19,annotathon.org
2014-03-17 14:40:46,annotathon.org
2014-03-17 14:40:49,annotathon.org
2014-03-17 14:41:16,annotathon.org
2014-03-17 14:41:19,annotathon.org
2014-03-17 14:41:19,annotathon.univ-mrs.fr
2014-03-17 14:41:46,www.ncbi.nlm.nih.gov
2014-03-17 14:41:46,annotathon.org
2014-03-17 14:41:47,www.ncbi.nlm.nih.gov
2014-03-17 14:41:49,annotathon.org
2014-03-17 14:42:11,www.ncbi.nlm.nih.gov
2014-03-17 14:42:12,www.ncbi.nlm.nih.gov
2014-03-17 14:42:13,www.ncbi.nlm.nih.gov
2014-03-17 14:42:17,annotathon.org
2014-03-17 14:42:19,annotathon.org
2014-03-17 14:42:28,www.ncbi.nlm.nih.gov
2014-03-17 14:42:29,www.ncbi.nlm.nih.gov
2014-03-17 14:42:34,www.ncbi.nlm.nih.gov
2014-03-17 14:42:35,www.ncbi.nlm.nih.gov
2014-03-17 14:42:37,www.ncbi.nlm.nih.gov
2014-03-17 14:42:40,www.ncbi.nlm.nih.gov
2014-03-17 14:42:42,www.ncbi.nlm.nih.gov
2014-03-17 14:42:45,www.ncbi.nlm.nih.gov
2014-03-17 14:42:47,annotathon.org
2014-03-17 14:42:49,annotathon.org
2014-03-17 14:42:52,www.ncbi.nlm.nih.gov
2014-03-17 14:43:05,www.ncbi.nlm.nih.gov
2014-03-17 14:43:06,www.ncbi.nlm.nih.gov
2014-03-17 14:43:07,www.ncbi.nlm.nih.gov
2014-03-17 14:43:08,www.ncbi.nlm.nih.gov
2014-03-17 14:43:10,www.ncbi.nlm.nih.gov
2014-03-17 14:43:11,www.ncbi.nlm.nih.gov
2014-03-17 14:43:17,annotathon.org
2014-03-17 14:43:19,annotathon.org
2014-03-17 14:43:40,api.bing.com
2014-03-17 14:43:42,api.bing.com
2014-03-17 14:43:43,www.bing.com
2014-03-17 14:43:45,blast.ncbi.nlm.nih.gov
2014-03-17 14:43:45,login.live.com
2014-03-17 14:43:45,www.bing.com
2014-03-17 14:43:46,blast.ncbi.nlm.nih.gov
2014-03-17 14:43:47,annotathon.org
2014-03-17 14:43:49,annotathon.org
2014-03-17 14:44:17,annotathon.org
2014-03-17 14:44:19,annotathon.org
2014-03-17 14:44:23,blast.ncbi.nlm.nih.gov
2014-03-17 14:44:24,blast.ncbi.nlm.nih.gov
2014-03-17 14:44:25,blast.ncbi.nlm.nih.gov
2014-03-17 14:44:26,blast.ncbi.nlm.nih.gov
2014-03-17 14:44:28,blast.ncbi.nlm.nih.gov
2014-03-17 14:44:31,blast.ncbi.nlm.nih.gov
2014-03-17 14:44:32,blast.ncbi.nlm.nih.gov
2014-03-17 14:44:33,blast.ncbi.nlm.nih.gov
2014-03-17 14:44:34,blast.ncbi.nlm.nih.gov
2014-03-17 14:44:47,annotathon.org
2014-03-17 14:44:49,annotathon.org
2014-03-17 14:45:16,blast.ncbi.nlm.nih.gov
2014-03-17 14:45:17,blast.ncbi.nlm.nih.gov
2014-03-17 14:45:17,annotathon.org
2014-03-17 14:45:19,blast.ncbi.nlm.nih.gov
2014-03-17 14:45:19,annotathon.org
2014-03-17 14:45:22,blast.ncbi.nlm.nih.gov
2014-03-17 14:45:27,blast.ncbi.nlm.nih.gov
2014-03-17 14:45:28,blast.ncbi.nlm.nih.gov
2014-03-17 14:45:30,www.ncbi.nlm.nih.gov
2014-03-17 14:45:31,blast.ncbi.nlm.nih.gov
2014-03-17 14:45:33,blast.ncbi.nlm.nih.gov
2014-03-17 14:45:36,blast.ncbi.nlm.nih.gov
2014-03-17 14:45:38,blast.ncbi.nlm.nih.gov
2014-03-17 14:45:46,blast.ncbi.nlm.nih.gov
2014-03-17 14:45:47,annotathon.org
2014-03-17 14:45:49,annotathon.org
2014-03-17 14:45:58,blast.ncbi.nlm.nih.gov
2014-03-17 14:46:16,blast.ncbi.nlm.nih.gov
2014-03-17 14:46:17,blast.ncbi.nlm.nih.gov
2014-03-17 14:46:17,annotathon.org
2014-03-17 14:46:18,blast.ncbi.nlm.nih.gov
2014-03-17 14:46:19,annotathon.org
2014-03-17 14:46:20,blast.ncbi.nlm.nih.gov
2014-03-17 14:46:21,blast.ncbi.nlm.nih.gov
2014-03-17 14:46:47,annotathon.org
2014-03-17 14:46:49,annotathon.org
2014-03-17 14:47:17,annotathon.org
2014-03-17 14:47:19,annotathon.org
2014-03-17 14:47:47,annotathon.org
2014-03-17 14:47:49,annotathon.org
2014-03-17 14:48:17,annotathon.org
2014-03-17 14:48:19,annotathon.org
2014-03-17 14:48:47,annotathon.org
2014-03-17 14:48:50,annotathon.org
2014-03-17 14:49:17,annotathon.org
2014-03-17 14:49:23,annotathon.org
2014-03-17 14:49:47,annotathon.org
2014-03-17 14:49:49,annotathon.org
2014-03-17 14:49:50,annotathon.univ-mrs.fr
2014-03-17 14:49:50,annotathon.org
2014-03-17 14:50:17,annotathon.org
2014-03-17 14:50:18,annotathon.org
2014-03-17 14:50:18,annotathon.univ-mrs.fr
2014-03-17 14:50:35,annotathon.org
2014-03-17 14:50:47,annotathon.org
2014-03-17 14:50:48,annotathon.org
2014-03-17 14:50:54,annotathon.org
2014-03-17 14:51:17,annotathon.org
2014-03-17 14:51:18,annotathon.org
2014-03-17 14:51:24,annotathon.org
2014-03-17 14:51:47,annotathon.org
2014-03-17 14:51:48,annotathon.org
2014-03-17 14:51:54,annotathon.org
2014-03-17 14:52:17,annotathon.org
2014-03-17 14:52:18,annotathon.org
2014-03-17 14:52:24,annotathon.org
2014-03-17 14:52:47,annotathon.org
2014-03-17 14:52:48,annotathon.org
2014-03-17 14:52:54,annotathon.org
2014-03-17 14:53:17,annotathon.org
2014-03-17 14:53:18,annotathon.org
2014-03-17 14:53:24,blast.ncbi.nlm.nih.gov
2014-03-17 14:53:24,annotathon.org
2014-03-17 14:53:26,www.ncbi.nlm.nih.gov
2014-03-17 14:53:27,www.ncbi.nlm.nih.gov
2014-03-17 14:53:27,static.pubmed.gov
2014-03-17 14:53:28,www.ncbi.nlm.nih.gov
2014-03-17 14:53:28,static.pubmed.gov
2014-03-17 14:53:29,www.ncbi.nlm.nih.gov
2014-03-17 14:53:29,static.pubmed.gov
2014-03-17 14:53:47,annotathon.org
2014-03-17 14:53:48,annotathon.org
2014-03-17 14:53:55,annotathon.org
2014-03-17 14:54:17,annotathon.org
2014-03-17 14:54:18,annotathon.org
2014-03-17 14:54:25,annotathon.org
2014-03-17 14:54:47,annotathon.org
2014-03-17 14:54:48,annotathon.org
2014-03-17 14:54:55,annotathon.org
2014-03-17 14:55:06,blast.ncbi.nlm.nih.gov
2014-03-17 14:55:15,blast.ncbi.nlm.nih.gov
2014-03-17 14:55:17,annotathon.org
2014-03-17 14:55:18,annotathon.org
2014-03-17 14:55:25,blast.ncbi.nlm.nih.gov
2014-03-17 14:55:25,annotathon.org
2014-03-17 14:55:32,blast.ncbi.nlm.nih.gov
2014-03-17 14:55:35,blast.ncbi.nlm.nih.gov
2014-03-17 14:55:38,blast.ncbi.nlm.nih.gov
2014-03-17 14:55:39,blast.ncbi.nlm.nih.gov
2014-03-17 14:55:40,blast.ncbi.nlm.nih.gov
2014-03-17 14:55:41,blast.ncbi.nlm.nih.gov
2014-03-17 14:55:43,blast.ncbi.nlm.nih.gov
2014-03-17 14:55:44,blast.ncbi.nlm.nih.gov
2014-03-17 14:55:45,blast.ncbi.nlm.nih.gov
2014-03-17 14:55:46,blast.ncbi.nlm.nih.gov
2014-03-17 14:55:47,blast.ncbi.nlm.nih.gov
2014-03-17 14:55:47,annotathon.org
2014-03-17 14:55:48,blast.ncbi.nlm.nih.gov
2014-03-17 14:55:48,annotathon.org
2014-03-17 14:55:49,blast.ncbi.nlm.nih.gov
2014-03-17 14:55:51,blast.ncbi.nlm.nih.gov
2014-03-17 14:55:55,annotathon.org
2014-03-17 14:55:56,blast.ncbi.nlm.nih.gov
2014-03-17 14:55:57,blast.ncbi.nlm.nih.gov
2014-03-17 14:55:58,blast.ncbi.nlm.nih.gov
2014-03-17 14:55:59,blast.ncbi.nlm.nih.gov
2014-03-17 14:56:00,blast.ncbi.nlm.nih.gov
2014-03-17 14:56:01,blast.ncbi.nlm.nih.gov
2014-03-17 14:56:02,blast.ncbi.nlm.nih.gov
2014-03-17 14:56:04,blast.ncbi.nlm.nih.gov
2014-03-17 14:56:05,blast.ncbi.nlm.nih.gov
2014-03-17 14:56:06,blast.ncbi.nlm.nih.gov
2014-03-17 14:56:07,blast.ncbi.nlm.nih.gov
2014-03-17 14:56:08,blast.ncbi.nlm.nih.gov
2014-03-17 14:56:09,blast.ncbi.nlm.nih.gov
2014-03-17 14:56:10,blast.ncbi.nlm.nih.gov
2014-03-17 14:56:11,blast.ncbi.nlm.nih.gov
2014-03-17 14:56:12,blast.ncbi.nlm.nih.gov
2014-03-17 14:56:13,blast.ncbi.nlm.nih.gov
2014-03-17 14:56:14,blast.ncbi.nlm.nih.gov
2014-03-17 14:56:15,blast.ncbi.nlm.nih.gov
2014-03-17 14:56:16,blast.ncbi.nlm.nih.gov
2014-03-17 14:56:17,annotathon.org
2014-03-17 14:56:18,annotathon.org
2014-03-17 14:56:22,blast.ncbi.nlm.nih.gov
2014-03-17 14:56:25,annotathon.org
2014-03-17 14:56:47,annotathon.org
2014-03-17 14:56:48,annotathon.org
2014-03-17 14:56:49,blast.ncbi.nlm.nih.gov
2014-03-17 14:56:55,annotathon.org
2014-03-17 14:57:17,annotathon.org
2014-03-17 14:57:18,annotathon.org
2014-03-17 14:57:25,annotathon.org
2014-03-17 14:57:47,annotathon.org
2014-03-17 14:57:49,annotathon.org
2014-03-17 14:57:55,annotathon.org
2014-03-17 14:58:17,annotathon.org
2014-03-17 14:58:19,annotathon.org
2014-03-17 14:58:25,annotathon.org
2014-03-17 14:58:26,blast.ncbi.nlm.nih.gov
2014-03-17 14:58:47,annotathon.org
2014-03-17 14:58:49,annotathon.org
2014-03-17 14:58:55,annotathon.org
2014-03-17 14:59:17,annotathon.org
2014-03-17 14:59:19,annotathon.org
2014-03-17 14:59:25,annotathon.org
2014-03-17 14:59:47,annotathon.org
2014-03-17 14:59:49,annotathon.org
2014-03-17 14:59:55,annotathon.org
2014-03-17 15:00:02,blast.ncbi.nlm.nih.gov
2014-03-17 15:00:17,annotathon.org
2014-03-17 15:00:19,annotathon.org
2014-03-17 15:00:25,annotathon.org
2014-03-17 15:00:47,annotathon.org
2014-03-17 15:00:49,annotathon.org
2014-03-17 15:00:55,annotathon.org
2014-03-17 15:00:59,annotathon.org
2014-03-17 15:00:59,annotathon.univ-mrs.fr
2014-03-17 15:01:17,annotathon.org
2014-03-17 15:01:18,www.ncbi.nlm.nih.gov
2014-03-17 15:01:18,blast.ncbi.nlm.nih.gov
2014-03-17 15:01:19,www.ncbi.nlm.nih.gov
2014-03-17 15:01:20,www.ncbi.nlm.nih.gov
2014-03-17 15:01:25,annotathon.org
2014-03-17 15:01:29,annotathon.org
2014-03-17 15:01:47,annotathon.org
2014-03-17 15:01:55,annotathon.org
2014-03-17 15:01:59,annotathon.org
2014-03-17 15:02:17,annotathon.org
2014-03-17 15:02:25,annotathon.org
2014-03-17 15:02:29,annotathon.org
2014-03-17 15:02:47,annotathon.org
2014-03-17 15:02:55,annotathon.org
2014-03-17 15:02:59,annotathon.org
2014-03-17 15:03:17,annotathon.org
2014-03-17 15:03:25,annotathon.org
2014-03-17 15:03:29,annotathon.org
2014-03-17 15:03:47,annotathon.org
2014-03-17 15:03:55,annotathon.org
2014-03-17 15:03:59,annotathon.org
2014-03-17 15:04:17,annotathon.org
2014-03-17 15:04:25,annotathon.org
2014-03-17 15:04:29,annotathon.org
2014-03-17 15:04:47,annotathon.org
2014-03-17 15:04:55,annotathon.org
2014-03-17 15:04:59,annotathon.org
2014-03-17 15:05:17,annotathon.org
2014-03-17 15:05:25,annotathon.org
2014-03-17 15:05:29,annotathon.org
2014-03-17 15:05:31,annotathon.org
2014-03-17 15:05:31,annotathon.univ-mrs.fr
2014-03-17 15:05:47,annotathon.org
2014-03-17 15:05:55,annotathon.org
2014-03-17 15:06:01,annotathon.org
2014-03-17 15:06:17,annotathon.org
2014-03-17 15:06:25,annotathon.org
2014-03-17 15:06:31,annotathon.org
2014-03-17 15:06:47,annotathon.org
2014-03-17 15:06:55,annotathon.org
2014-03-17 15:07:01,annotathon.org
2014-03-17 15:07:17,annotathon.org
2014-03-17 15:07:25,annotathon.org
2014-03-17 15:07:31,annotathon.org
2014-03-17 15:07:47,annotathon.org
2014-03-17 15:07:55,annotathon.org
2014-03-17 15:08:01,annotathon.org
2014-03-17 15:08:17,annotathon.org
2014-03-17 15:08:25,annotathon.org
2014-03-17 15:08:31,annotathon.org
2014-03-17 15:08:47,annotathon.org
2014-03-17 15:08:55,annotathon.org
2014-03-17 15:09:01,annotathon.org
2014-03-17 15:09:17,annotathon.org
2014-03-17 15:09:25,annotathon.org
2014-03-17 15:09:31,annotathon.org
2014-03-17 15:09:47,annotathon.org
2014-03-17 15:09:55,annotathon.org
2014-03-17 15:10:01,annotathon.org
2014-03-17 15:10:17,annotathon.org
2014-03-17 15:10:25,annotathon.org
2014-03-17 15:10:31,annotathon.org
2014-03-17 15:10:47,annotathon.org
2014-03-17 15:10:55,annotathon.org
2014-03-17 15:11:01,annotathon.org
2014-03-17 15:11:17,annotathon.org
2014-03-17 15:11:25,annotathon.org
2014-03-17 15:11:31,annotathon.org
2014-03-17 15:11:38,blast.ncbi.nlm.nih.gov
2014-03-17 15:11:39,www.ncbi.nlm.nih.gov
2014-03-17 15:11:42,www.ncbi.nlm.nih.gov
2014-03-17 15:11:47,annotathon.org
2014-03-17 15:11:55,annotathon.org
2014-03-17 15:12:01,annotathon.org
2014-03-17 15:12:17,annotathon.org
2014-03-17 15:12:25,annotathon.org
2014-03-17 15:12:31,annotathon.org
2014-03-17 15:12:47,annotathon.org
2014-03-17 15:12:55,annotathon.org
2014-03-17 15:13:01,annotathon.org
2014-03-17 15:13:17,annotathon.org
2014-03-17 15:13:25,annotathon.org
2014-03-17 15:13:31,annotathon.org
2014-03-17 15:13:47,annotathon.org
2014-03-17 15:13:55,annotathon.org
2014-03-17 15:14:01,annotathon.org
2014-03-17 15:14:08,blast.ncbi.nlm.nih.gov
2014-03-17 15:14:08,www.ncbi.nlm.nih.gov
2014-03-17 15:14:09,www.ncbi.nlm.nih.gov
2014-03-17 15:14:10,www.ncbi.nlm.nih.gov
2014-03-17 15:14:17,annotathon.org
2014-03-17 15:14:25,annotathon.org
2014-03-17 15:14:31,annotathon.org
2014-03-17 15:14:47,annotathon.org
2014-03-17 15:14:55,annotathon.org
2014-03-17 15:15:01,annotathon.org
2014-03-17 15:15:17,annotathon.org
2014-03-17 15:15:25,annotathon.org
2014-03-17 15:15:31,annotathon.org
2014-03-17 15:15:47,annotathon.org
2014-03-17 15:15:55,annotathon.org
2014-03-17 15:16:01,annotathon.org
2014-03-17 15:16:17,annotathon.org
2014-03-17 15:16:25,annotathon.org
2014-03-17 15:16:31,annotathon.org
2014-03-17 15:16:47,annotathon.org
2014-03-17 15:16:55,annotathon.org
2014-03-17 15:17:01,annotathon.org
2014-03-17 15:17:16,blast.ncbi.nlm.nih.gov
2014-03-17 15:17:16,www.ncbi.nlm.nih.gov
2014-03-17 15:17:17,static.pubmed.gov
2014-03-17 15:17:17,www.ncbi.nlm.nih.gov
2014-03-17 15:17:17,annotathon.org
2014-03-17 15:17:18,static.pubmed.gov
2014-03-17 15:17:18,www.ncbi.nlm.nih.gov
2014-03-17 15:17:20,www.ncbi.nlm.nih.gov
2014-03-17 15:17:25,annotathon.org
2014-03-17 15:17:28,www.ncbi.nlm.nih.gov
2014-03-17 15:17:29,www.ncbi.nlm.nih.gov
2014-03-17 15:17:31,annotathon.org
2014-03-17 15:17:36,blast.ncbi.nlm.nih.gov
2014-03-17 15:17:36,www.ncbi.nlm.nih.gov
2014-03-17 15:17:38,www.ncbi.nlm.nih.gov
2014-03-17 15:17:38,static.pubmed.gov
2014-03-17 15:17:40,www.ncbi.nlm.nih.gov
2014-03-17 15:17:47,annotathon.org
2014-03-17 15:17:55,annotathon.org
2014-03-17 15:18:01,annotathon.org
2014-03-17 15:18:18,annotathon.org
2014-03-17 15:18:25,annotathon.org
2014-03-17 15:18:31,annotathon.org
2014-03-17 15:18:48,annotathon.org
2014-03-17 15:18:55,annotathon.org
2014-03-17 15:19:01,annotathon.org
2014-03-17 15:19:18,annotathon.org
2014-03-17 15:19:25,annotathon.org
2014-03-17 15:19:31,annotathon.org
2014-03-17 15:19:48,annotathon.org
2014-03-17 15:19:55,annotathon.org
2014-03-17 15:20:01,annotathon.org
2014-03-17 15:20:18,annotathon.org
2014-03-17 15:20:25,annotathon.org
2014-03-17 15:20:31,annotathon.org
2014-03-17 15:20:48,annotathon.org
2014-03-17 15:20:52,annotathon.org
2014-03-17 15:20:53,annotathon.univ-mrs.fr
2014-03-17 15:20:53,annotathon.org
2014-03-17 15:20:55,annotathon.org
2014-03-17 15:21:18,annotathon.org
2014-03-17 15:21:23,annotathon.org
2014-03-17 15:21:25,annotathon.org
2014-03-17 15:21:48,annotathon.org
2014-03-17 15:21:53,annotathon.org
2014-03-17 15:21:55,annotathon.org
2014-03-17 15:22:18,annotathon.org
2014-03-17 15:22:23,annotathon.org
2014-03-17 15:22:25,annotathon.org
2014-03-17 15:22:48,annotathon.org
2014-03-17 15:22:53,annotathon.org
2014-03-17 15:22:55,annotathon.org
2014-03-17 15:23:18,annotathon.org
2014-03-17 15:23:23,annotathon.org
2014-03-17 15:23:25,annotathon.org
2014-03-17 15:23:48,annotathon.org
2014-03-17 15:23:53,annotathon.org
2014-03-17 15:23:55,annotathon.org
2014-03-17 15:24:18,annotathon.org
2014-03-17 15:24:23,annotathon.org
2014-03-17 15:24:25,annotathon.org
2014-03-17 15:24:48,annotathon.org
2014-03-17 15:24:53,annotathon.org
2014-03-17 15:24:55,annotathon.org
2014-03-17 15:25:18,annotathon.org
2014-03-17 15:25:23,annotathon.org
2014-03-17 15:25:25,annotathon.org
2014-03-17 15:25:35,annotathon.org
2014-03-17 15:25:36,annotathon.org
2014-03-17 15:25:36,annotathon.univ-mrs.fr
2014-03-17 15:25:39,annotathon.univ-mrs.fr
2014-03-17 15:25:39,annotathon.org
2014-03-17 15:25:46,www.ncbi.nlm.nih.gov
2014-03-17 15:25:46,blast.ncbi.nlm.nih.gov
2014-04-22 15:20:22,login.live.com
2014-04-22 15:21:01,login.live.com
2014-04-22 15:22:04,ssl.bing.com
