timestamp,site
2013-09-12 13:55:40,client85.dropbox.com
2013-09-12 13:55:40,d.dropbox.com
2013-09-12 13:55:51,client56.dropbox.com
2013-09-12 13:55:52,client24.dropbox.com
2013-09-12 13:55:56,client85.dropbox.com
2013-09-12 13:55:57,d.dropbox.com
2013-09-12 14:02:51,client22.dropbox.com
2013-09-12 14:02:51,d.dropbox.com
2013-09-12 14:02:52,d.dropbox.com
2013-09-12 14:02:52,client22.dropbox.com
2013-09-12 14:03:07,client25.dropbox.com
2013-09-12 14:03:14,d.dropbox.com
2013-09-12 14:03:14,client22.dropbox.com
2013-11-19 08:34:11,notify2.dropbox.com
2013-11-19 08:34:59,notify2.dropbox.com
2013-11-19 08:36:08,d.dropbox.com
2013-11-19 08:36:58,notify2.dropbox.com
2013-11-19 08:39:15,d.dropbox.com
2013-11-19 08:39:15,client43.dropbox.com
2013-11-19 08:41:31,notify2.dropbox.com
2013-11-19 08:46:04,d.dropbox.com
2013-11-19 08:46:04,client-lb.dropbox.com
2013-11-19 08:46:18,client-lb.dropbox.com
2013-11-19 08:46:59,client-lb.dropbox.com
2013-12-17 15:02:15,d.dropbox.com
2013-12-17 15:02:15,client39.dropbox.com
2013-12-17 15:02:15,client51.dropbox.com
2013-12-17 15:02:17,client85.dropbox.com
2013-12-17 15:02:17,client26.dropbox.com
2013-12-17 15:02:32,client45.dropbox.com
2013-12-17 15:02:32,client61.dropbox.com
2013-12-17 15:02:35,client82.dropbox.com
2013-12-17 15:02:35,client45.dropbox.com
2013-12-17 15:02:35,client89.dropbox.com
2013-12-17 15:02:35,client61.dropbox.com
2013-12-17 15:02:36,client82.dropbox.com
2013-12-17 15:02:36,client70.dropbox.com
2013-12-17 15:02:36,client89.dropbox.com
2013-12-17 15:02:36,client31.dropbox.com
2013-12-17 15:02:40,client31.dropbox.com
2013-12-17 15:02:40,client75.dropbox.com
2013-12-17 15:02:40,client70.dropbox.com
2013-12-17 15:02:40,client43.dropbox.com
2013-12-17 15:02:47,client58.dropbox.com
2013-12-17 15:02:47,client86.dropbox.com
2013-12-17 15:02:47,client14.dropbox.com
2013-12-17 15:02:47,client9.dropbox.com
2013-12-17 15:02:47,client35.dropbox.com
2013-12-17 15:02:47,client96.dropbox.com
2013-12-17 15:02:47,client43.dropbox.com
2013-12-17 15:02:47,client47.dropbox.com
2013-12-17 15:02:47,client75.dropbox.com
2013-12-17 15:02:47,client22.dropbox.com
2013-12-17 15:03:02,client56.dropbox.com
2013-12-17 15:03:02,client97.dropbox.com
2013-12-17 15:03:07,d.dropbox.com
2013-12-17 15:11:58,d.dropbox.com
2013-12-17 15:11:58,client64.dropbox.com
2013-12-17 15:12:01,client94.dropbox.com
2013-12-17 15:12:16,client71.dropbox.com
2013-12-17 15:12:31,client71.dropbox.com
2013-12-17 15:12:31,client20.dropbox.com
2013-12-17 15:12:36,client64.dropbox.com
2013-12-17 15:12:36,d.dropbox.com
2013-12-17 15:12:52,client65.dropbox.com
2013-12-17 15:12:52,d.dropbox.com
2013-12-17 15:13:00,d.dropbox.com
2013-12-17 15:13:00,client65.dropbox.com
2013-12-17 15:47:09,client50.dropbox.com
2013-12-17 15:47:09,d.dropbox.com
2013-12-17 15:47:24,client48.dropbox.com
2013-12-17 15:47:30,client50.dropbox.com
2013-12-17 15:47:30,d.dropbox.com
2013-12-17 20:50:44,client56.dropbox.com
2013-12-17 20:50:44,d.dropbox.com
2013-12-17 20:50:54,client56.dropbox.com
2013-12-17 20:50:54,d.dropbox.com
2013-12-18 14:16:43,d.dropbox.com
2013-12-18 14:16:43,client53.dropbox.com
2013-12-18 14:16:44,client53.dropbox.com
2013-12-18 14:16:44,d.dropbox.com
2013-12-18 14:16:52,client53.dropbox.com
2013-12-18 14:16:53,d.dropbox.com
2014-01-04 13:08:34,client19.dropbox.com
2014-01-04 13:08:35,client19.dropbox.com
2014-01-04 13:08:35,d.dropbox.com
2014-01-04 13:08:38,d.dropbox.com
2014-01-04 13:08:38,client19.dropbox.com
2014-02-19 15:37:37,d.dropbox.com
2014-02-19 15:37:37,client56.dropbox.com
2014-02-19 15:37:52,client48.dropbox.com
2014-02-19 15:37:55,d.dropbox.com
2014-02-19 15:37:55,client56.dropbox.com
2014-02-19 15:40:22,client94.dropbox.com
2014-03-03 13:39:22,client36.dropbox.com
2014-03-03 13:39:22,d.dropbox.com
2014-03-03 13:39:37,client89.dropbox.com
2014-03-03 13:39:51,client36.dropbox.com
2014-03-03 13:39:51,d.dropbox.com
2014-03-19 08:17:35,client52.dropbox.com
2014-03-19 08:17:35,d.dropbox.com
2014-03-19 08:17:36,d.dropbox.com
2014-03-19 08:17:36,client52.dropbox.com
2014-03-19 08:17:41,d.dropbox.com
2014-03-19 08:17:41,client52.dropbox.com
2014-03-19 08:17:42,d.dropbox.com
2014-03-31 13:32:59,d.dropbox.com
2014-03-31 13:32:59,client66.dropbox.com
2014-03-31 13:33:00,client66.dropbox.com
2014-03-31 13:33:00,d.dropbox.com
2014-03-31 13:33:08,client66.dropbox.com
2014-03-31 13:33:08,d.dropbox.com
2014-04-03 17:23:50,notify7.dropbox.com
2014-04-03 17:24:13,notify7.dropbox.com
2014-04-03 17:25:01,notify7.dropbox.com
2014-04-03 17:26:50,d.dropbox.com
2014-04-03 17:27:30,notify7.dropbox.com
2014-04-03 17:31:34,notify7.dropbox.com
2014-04-17 12:07:58,client27.dropbox.com
2014-04-17 12:07:58,d.dropbox.com
2014-04-17 12:08:05,d.dropbox.com
2014-04-17 12:08:05,client27.dropbox.com
2014-04-25 13:42:47,d.dropbox.com
2014-04-25 13:42:47,client51.dropbox.com
2014-04-25 13:42:50,d.dropbox.com
2014-04-25 13:42:50,client51.dropbox.com
2014-04-25 13:43:00,client51.dropbox.com
2014-04-25 13:43:01,d.dropbox.com
