timestamp,site
2013-05-12 12:09:44,fpdownload2.macromedia.com
2013-11-15 14:09:14,dl.javafx.com
2013-11-16 14:54:48,javadl-esd-secure.oracle.com
2013-11-16 14:54:49,javadl-esd-secure.oracle.com
2013-11-16 15:05:13,javadl-esd-secure.oracle.com
2013-11-16 16:02:37,javadl-esd-secure.oracle.com
2013-11-16 16:02:38,javadl-esd-secure.oracle.com
2013-11-17 15:49:12,javadl-esd-secure.oracle.com
2013-11-17 15:49:13,javadl-esd-secure.oracle.com
2013-11-17 19:11:25,javadl-esd-secure.oracle.com
2013-11-17 19:11:28,javadl-esd-secure.oracle.com
2013-11-17 21:44:30,javadl-esd-secure.oracle.com
2013-11-17 21:44:31,javadl-esd-secure.oracle.com
2013-11-17 23:06:05,javadl-esd-secure.oracle.com
2013-11-18 19:49:20,javadl-esd-secure.oracle.com
2013-11-19 18:57:21,javadl-esd-secure.oracle.com
2013-11-19 20:03:28,javadl-esd-secure.oracle.com
2013-11-19 21:21:38,javadl-esd-secure.oracle.com
2013-11-19 22:03:59,javadl-esd-secure.oracle.com
2013-11-20 12:09:06,fpdownload2.macromedia.com
2013-11-20 12:09:14,www.gmail.com
2013-11-20 12:09:14,mail.google.com
2013-11-20 12:09:26,accounts.google.com
2013-11-20 12:09:28,mail.google.com
2013-11-20 12:09:28,accounts.google.com
2013-11-20 12:09:28,www.google.com
2013-11-20 12:09:31,www.google.com
2013-11-20 12:09:31,mail.google.com
2013-11-20 12:09:33,apis.google.com
2013-11-20 12:09:33,www.google.com
2013-11-20 12:09:34,mail.google.com
2013-11-20 12:09:34,www.google.com
2013-11-20 12:09:36,apis.google.com
2013-11-20 12:09:36,accounts.google.com
2013-11-20 12:09:36,mail.google.com
2013-11-20 12:09:45,accounts.youtube.com
2013-11-20 12:10:43,accounts.google.fr
2013-11-20 12:10:45,plus.google.com
2013-11-20 12:10:45,accounts.google.com
2013-11-20 12:10:45,accounts.youtube.com
2013-11-20 12:10:45,accounts.google.fr
2013-11-20 12:10:45,mail.google.com
2013-11-20 12:10:45,clients2.google.com
2013-11-20 12:10:45,apis.google.com
2013-11-20 12:10:45,www.google.com
2013-11-20 12:10:46,apis.google.com
2013-11-20 12:10:46,clients2.google.com
2013-11-20 12:10:46,talkgadget.google.com
2013-11-20 12:10:47,mail.google.com
2013-11-20 12:10:47,talkgadget.google.com
2013-11-20 12:10:47,clients6.google.com
2013-11-20 12:10:47,plus.google.com
2013-11-20 12:10:50,accounts.google.com
2013-11-20 12:10:51,apis.google.com
2013-11-20 12:10:52,clients6.google.com
2013-11-20 12:11:04,clients6.google.com
2013-11-20 12:11:09,plus.google.com
2013-11-20 12:11:21,talkgadget.google.com
2013-11-20 12:11:21,clients6.google.com
2013-11-20 12:11:21,plus.google.com
2013-11-20 12:14:46,mail.google.com
2013-11-20 12:14:47,talkgadget.google.com
2013-11-20 12:16:46,mail.google.com
2013-11-20 12:16:47,clients6.google.com
2013-11-20 12:18:46,mail.google.com
2013-11-20 12:21:07,mail.google.com
2013-11-20 12:23:07,mail.google.com
2013-11-20 12:24:47,clients6.google.com
2013-11-20 12:24:51,plus.google.com
2013-11-20 12:25:01,plus.google.com
2013-11-20 12:25:07,mail.google.com
2013-11-20 12:25:17,talkgadget.google.com
2013-11-20 12:27:07,mail.google.com
2013-11-20 12:29:08,mail.google.com
2013-11-20 12:32:08,mail.google.com
2013-11-20 12:32:12,talkgadget.google.com
2013-11-20 12:34:47,clients6.google.com
2013-11-20 12:35:08,mail.google.com
2013-11-20 12:36:17,talkgadget.google.com
2013-11-20 12:39:09,mail.google.com
2013-11-20 12:40:47,clients6.google.com
2013-11-20 12:43:32,talkgadget.google.com
2013-11-20 12:44:09,mail.google.com
2013-11-20 12:44:47,clients6.google.com
2013-11-20 12:45:01,plus.google.com
2013-11-20 12:49:09,mail.google.com
2013-11-20 12:50:59,talkgadget.google.com
2013-11-20 12:54:08,mail.google.com
2013-11-20 12:54:17,talkgadget.google.com
2013-11-20 12:55:10,mail.google.com
2013-11-20 12:55:12,clients6.google.com
2013-11-20 12:55:42,mail.google.com
2013-11-20 12:55:42,talkgadget.google.com
2013-11-20 23:13:59,javadl-esd.sun.com
2013-11-21 15:14:34,www.google.fr
2013-11-21 15:14:34,www.googl.com
2013-11-21 15:14:34,www.google.com
2013-11-21 15:14:40,www.google.com
2013-11-21 15:14:40,www.google.fr
2013-11-21 15:14:46,www.google.fr
2013-11-21 15:14:47,www.google.com
2013-11-21 15:14:47,www.google.fr
2013-11-21 15:14:48,apis.google.com
2013-11-21 15:14:50,www.google.com
2013-11-21 15:14:56,apis.google.com
2013-11-21 15:14:57,plus.google.com
2013-11-21 15:15:01,accounts.google.com
2013-11-21 15:16:00,www.google.com
2013-11-21 15:16:00,plus.google.com
2013-11-21 15:16:00,apis.google.com
2013-11-21 15:16:09,accounts.google.com
2013-11-21 15:16:24,www.google.fr
2013-11-21 15:16:29,www.google.fr
2013-11-22 14:09:35,dl.javafx.com
2013-11-24 20:36:04,javadl-esd.sun.com
2013-11-25 15:42:59,javadl-esd.sun.com
2013-11-25 19:02:28,javadl-esd.sun.com
2013-11-26 12:44:31,javadl-esd.sun.com
2013-11-26 12:53:05,javadl-esd.sun.com
2013-11-26 15:45:51,javadl-esd.sun.com
2013-11-28 15:55:50,sb-ssl.google.com
2013-12-12 13:55:36,fpdownload2.macromedia.com
2013-12-12 13:58:06,dl.patchbeam.com
2013-12-12 13:58:06,www.powerarchiver.com
2013-12-12 16:17:34,www.hotmail.com
2013-12-12 16:17:44,login.live.com
2013-12-12 16:17:57,login.live.com
2013-12-12 16:18:16,login.live.com
2013-12-12 16:18:16,signup.live.com
2013-12-12 16:18:29,login.live.com
2013-12-12 16:18:59,login.live.com
2013-12-12 16:19:23,login.live.com
2013-12-12 16:20:33,c.live.com
2013-12-12 16:21:20,signup.live.com
2013-12-19 14:35:17,fpdownload2.macromedia.com
2014-01-04 15:52:37,www.gmail.com
2014-01-04 15:52:37,mail.google.com
2014-01-04 15:52:51,accounts.google.com
2014-01-04 15:52:53,accounts.youtube.com
2014-01-04 15:52:58,mail.google.com
2014-01-04 15:53:05,accounts.google.fr
2014-01-04 15:53:10,accounts.google.com
2014-01-04 15:53:10,accounts.youtube.com
2014-01-04 15:53:10,accounts.google.fr
2014-01-04 15:53:10,mail.google.com
2014-01-04 15:53:11,mail.google.com
2014-01-04 15:53:12,apis.google.com
2014-01-04 15:53:12,talkgadget.google.com
2014-01-04 15:53:12,plus.google.com
2014-01-04 15:53:12,mail.google.com
2014-01-04 15:53:13,clients2.google.com
2014-01-04 15:53:13,www.google.com
2014-01-04 15:53:13,talkgadget.google.com
2014-01-04 15:53:13,mail.google.com
2014-01-04 15:53:13,clients6.google.com
2014-01-04 15:53:14,talkgadget.google.com
2014-01-04 15:53:14,accounts.google.com
2014-01-04 15:53:14,www.google.com
2014-01-04 15:53:14,mail.google.com
2014-01-04 15:53:14,apis.google.com
2014-01-04 15:53:14,plus.google.com
2014-01-04 15:53:15,plus.google.com
2014-01-04 15:53:16,mail.google.com
2014-01-04 15:53:18,apis.google.com
2014-01-04 15:53:34,apis.google.com
2014-01-04 15:53:34,plus.google.com
2014-01-04 15:53:34,mail.google.com
2014-01-04 15:53:34,talkgadget.google.com
2014-01-04 15:53:35,talkgadget.google.com
2014-01-04 15:53:36,talkgadget.google.com
2014-01-04 15:53:38,talkgadget.google.com
2014-01-04 15:53:38,mail.google.com
2014-01-04 15:53:40,apis.google.com
2014-01-04 15:53:40,plus.google.com
2014-01-04 15:53:40,clients6.google.com
2014-01-04 15:53:44,talkgadget.google.com
2014-01-04 15:53:44,plus.google.com
2014-01-04 15:53:44,clients6.google.com
2014-01-04 15:53:49,clients6.google.com
2014-01-04 15:53:50,clients6.google.com
2014-01-04 15:53:50,plus.google.com
2014-01-04 15:53:50,talkgadget.google.com
2014-01-04 15:53:50,mail.google.com
2014-01-04 15:53:51,talkgadget.google.com
2014-01-04 15:53:52,ieonline.microsoft.com
2014-01-15 15:06:36,sites.google.com
2014-01-15 15:06:38,sites.google.com
2014-01-15 15:07:01,www.google.fr
2014-01-15 15:07:12,www.google.fr
2014-01-15 15:07:13,apis.google.com
2014-01-15 15:07:16,www.google.com
2014-01-15 15:07:16,ieonline.microsoft.com
2014-01-15 15:08:31,sites.google.com
2014-01-15 15:08:32,www.google.fr
2014-01-15 15:08:44,www.google.com
2014-01-15 15:08:44,docs.google.com
2014-01-15 15:08:45,apis.google.com
2014-01-15 15:08:45,gg.google.com
2014-01-15 15:08:45,translate.google.com
2014-01-15 15:08:45,sites.google.com
2014-01-15 15:08:47,sites.google.com
2014-01-15 15:08:47,translate.googleapis.com
2014-01-15 15:09:33,sites.google.com
2014-01-15 15:09:34,sites.google.com
2014-01-15 15:09:35,www.google.com
2014-01-15 15:09:35,translate.googleapis.com
2014-01-15 15:09:35,translate.google.com
2014-01-15 15:09:35,gg.google.com
2014-01-15 15:13:35,docs.google.com
2014-01-15 15:13:36,www.google.com
2014-01-15 15:13:40,docs.google.com
2014-01-18 10:34:30,armmf.adobe.com
2014-01-18 10:34:32,armmf.adobe.com
2014-01-18 10:34:33,armmf.adobe.com
2014-01-18 10:34:35,armmf.adobe.com
2014-01-18 10:34:38,armdl.adobe.com
2014-01-18 10:39:18,javadl-esd-secure.oracle.com
2014-01-18 20:09:55,www.google.com
2014-01-18 20:12:12,ieonline.microsoft.com
2014-01-18 20:12:12,go.microsoft.com
2014-01-19 16:25:46,fpdownload2.macromedia.com
2014-01-19 16:25:46,www.hotmail.com
2014-01-19 16:25:47,login.live.com
2014-01-19 16:25:50,login.live.com
2014-01-19 16:25:52,windowslive.tt.omtrdc.net
2014-01-19 16:26:04,windowslive.tt.omtrdc.net
2014-01-19 16:26:06,login.live.com
2014-01-19 16:26:07,login.live.com
2014-01-19 16:26:14,mail.live.com
2014-01-19 16:26:14,h.live.com
2014-01-19 16:26:15,h.live.com
2014-01-19 16:26:15,cid-336092d397b98bdd.users.storage.live.com
2014-01-19 16:26:15,people.directory.live.com
2014-01-19 16:26:16,h.live.com
2014-01-19 16:26:16,dub110.mail.live.com
2014-01-19 16:26:17,dub110.mail.live.com
2014-01-19 16:26:18,dub110.mail.live.com
2014-01-19 16:26:18,secure.shared.live.com
2014-01-19 16:26:19,h.live.com
2014-01-19 16:26:19,js.live.net
2014-01-19 16:26:19,windowslive.tt.omtrdc.net
2014-01-19 16:26:20,login.live.com
2014-01-19 16:26:22,dub110.mail.live.com
2014-01-19 16:26:22,go.trouter.io
2014-01-19 16:26:22,prod.registrar.skype.com
2014-01-19 16:26:23,prod.registrar.skype.com
2014-01-19 16:26:36,go.trouter.io
2014-01-19 16:27:23,storage.live.com
2014-01-19 16:27:24,dub110.mail.live.com
2014-01-19 16:27:46,h.live.com
2014-01-19 16:28:08,dub110.mail.live.com
2014-01-19 16:28:35,ieonline.microsoft.com
2014-01-19 16:29:18,dub110.mail.live.com
2014-01-19 16:29:45,api.skype.com
2014-01-19 16:32:19,proxy-bay-people.directory.live.com
2014-01-19 16:34:41,secure.shared.live.com
2014-01-19 16:41:31,proxy-bay-people.directory.live.com
2014-01-19 16:41:42,cid-336092d397b98bdd.users.storage.live.com
2014-01-19 16:46:33,proxy-bay-people.directory.live.com
2014-01-19 17:02:23,proxy-bay-people.directory.live.com
2014-01-19 17:07:24,proxy-bay-people.directory.live.com
2014-01-19 17:40:35,proxy-bay-people.directory.live.com
2014-01-19 17:45:37,proxy-bay-people.directory.live.com
2014-01-19 18:07:24,proxy-bay-people.directory.live.com
2014-01-19 18:07:29,blufiles.storage.msn.com
2014-01-19 18:07:31,byfiles.storage.msn.com
2014-01-19 18:07:32,bn1303files.storage.live.com
2014-01-19 18:07:33,byfiles.storage.msn.com
2014-01-19 18:08:00,h.live.com
2014-01-19 18:08:15,dub110.mail.live.com
2014-01-19 18:08:20,p.sfx.ms
2014-01-19 18:09:20,dub110.mail.live.com
2014-01-19 18:09:30,h.live.com
2014-01-19 18:09:32,dub110.mail.live.com
2014-01-19 18:12:11,p.sfx.ms
2014-01-19 18:12:20,proxy-bay-people.directory.live.com
2014-01-19 18:17:27,proxy-bay-people.directory.live.com
2014-01-19 18:41:41,proxy-bay-people.directory.live.com
2014-01-19 18:42:33,h.live.com
2014-01-19 18:42:43,dub110.mail.live.com
2014-01-19 18:45:32,h.live.com
2014-01-19 18:46:44,proxy-bay-people.directory.live.com
2014-01-19 18:47:02,dub110.mail.live.com
2014-01-19 18:47:02,h.live.com
2014-01-19 18:51:42,proxy-bay-people.directory.live.com
2014-01-19 18:51:57,h.live.com
2014-01-19 18:54:17,h.live.com
2014-01-19 18:54:43,dub110.mail.live.com
2014-01-19 18:56:44,proxy-bay-people.directory.live.com
2014-01-19 18:59:13,h.live.com
2014-01-19 18:59:24,dub110.mail.live.com
2014-01-19 19:01:44,proxy-bay-people.directory.live.com
2014-01-19 19:03:36,h.live.com
2014-01-19 19:03:50,dub110.mail.live.com
2014-01-19 19:06:44,proxy-bay-people.directory.live.com
2014-01-19 19:10:26,h.live.com
2014-01-19 19:10:27,dub110.mail.live.com
2014-01-19 19:11:43,proxy-bay-people.directory.live.com
2014-01-19 19:14:59,h.live.com
2014-01-19 19:15:35,dub110.mail.live.com
2014-01-19 19:16:46,proxy-bay-people.directory.live.com
2014-01-19 19:25:30,proxy-bay-people.directory.live.com
2014-01-19 19:30:30,proxy-bay-people.directory.live.com
2014-01-27 08:25:22,fpdownload2.macromedia.com
2014-01-27 08:28:40,ieonline.microsoft.com
2014-01-27 08:45:38,www.google.com
2014-01-27 08:45:38,www.google.fr
2014-01-27 08:45:52,www.google.fr
2014-01-27 08:45:53,apis.google.com
2014-01-27 08:45:55,www.google.com
2014-01-27 08:46:17,translate.google.fr
2014-01-27 08:46:25,translate.google.fr
2014-01-27 08:46:25,apis.google.com
2014-01-27 08:46:25,www.google.fr
2014-01-27 08:46:25,www.google.com
2014-01-27 08:47:42,translate.google.fr
2014-01-27 08:49:48,translate.google.fr
2014-01-27 08:53:48,translate.google.fr
2014-01-31 13:03:06,ieonline.microsoft.com
2014-02-05 14:19:13,armmf.adobe.com
2014-02-05 14:19:15,armmf.adobe.com
2014-02-05 14:23:26,dl.javafx.com
2014-02-05 14:24:45,sci.sciences.univ-bpclermont.fr
2014-02-05 14:25:21,www.gmail.com
2014-02-05 14:25:22,www.google.com
2014-02-05 14:26:30,ieonline.microsoft.com
2014-02-05 14:26:30,go.microsoft.com
2014-02-05 14:27:13,sci.sciences.univ-bpclermont.fr
2014-02-05 14:27:25,www.gmail.com
2014-02-05 15:26:09,sci.sciences.univ-bpclermont.fr
2014-02-05 15:26:10,www.gmail.com
2014-02-05 15:26:10,sci.sciences.univ-bpclermont.fr
2014-02-05 15:26:13,mail.google.com
2014-02-05 15:26:13,accounts.google.com
2014-02-05 15:26:14,accounts.youtube.com
2014-02-05 15:26:20,accounts.google.fr
2014-02-05 15:26:25,accounts.google.com
2014-02-05 15:26:25,accounts.youtube.com
2014-02-05 15:26:26,accounts.google.fr
2014-02-05 15:26:26,mail.google.com
2014-02-05 15:26:26,www.google.com
2014-02-05 15:26:26,clients2.google.com
2014-02-05 15:26:27,clients2.google.com
2014-02-05 15:26:27,apis.google.com
2014-02-05 15:26:27,plus.google.com
2014-02-05 15:26:28,clients6.google.com
2014-02-05 15:26:28,plus.google.com
2014-02-05 15:26:28,www.google.com
2014-02-05 15:26:29,talkgadget.google.com
2014-02-05 15:26:30,plus.google.com
2014-02-05 15:26:30,talkgadget.google.com
2014-02-05 15:26:30,accounts.google.com
2014-02-05 15:26:31,mail.google.com
2014-02-05 15:26:31,clients6.google.com
2014-02-05 15:26:31,plus.google.com
2014-02-05 15:26:31,talkgadget.google.com
2014-02-05 15:26:31,apis.google.com
2014-02-05 15:26:31,accounts.google.com
2014-02-05 15:26:33,apis.google.com
2014-02-05 15:26:37,clients6.google.com
2014-02-05 15:26:37,apis.google.com
2014-02-05 15:26:37,talkgadget.google.com
2014-02-05 15:26:38,apis.google.com
2014-02-05 15:26:38,mail.google.com
2014-02-05 15:26:41,clients6.google.com
2014-02-05 15:26:41,plus.google.com
2014-02-05 15:26:42,clients6.google.com
2014-02-05 15:27:23,mail.google.com
2014-02-05 15:27:32,talkgadget.google.com
2014-02-05 15:28:37,mail.google.com
2014-02-05 15:28:58,ieonline.microsoft.com
2014-02-05 15:29:31,plus.google.com
2014-02-05 15:29:35,talkgadget.google.com
2014-02-05 15:29:37,mail.google.com
2014-02-05 15:29:37,plus.google.com
2014-02-05 15:29:37,apis.google.com
2014-02-05 15:29:37,clients6.google.com
2014-02-05 15:29:37,talkgadget.google.com
2014-02-13 11:56:41,dl.patchbeam.com
2014-02-13 11:56:41,www.powerarchiver.com
2014-02-13 11:59:43,ieonline.microsoft.com
2014-02-13 14:00:25,www.oracle.com
2014-02-13 14:00:26,apex.oracle.com
2014-02-13 14:00:26,www.oracle.com
2014-02-13 14:02:32,javadl-esd-secure.oracle.com
2014-02-13 14:05:25,javadl-esd-secure.oracle.com
2014-02-13 14:17:33,ieonline.microsoft.com
2014-02-13 14:17:36,www.google.com
2014-02-13 14:17:47,www.gmail.com
2014-02-13 14:17:47,mail.google.com
2014-02-13 14:18:03,accounts.google.com
2014-02-13 14:18:04,accounts.youtube.com
2014-02-13 14:18:04,mail.google.com
2014-02-13 14:18:18,www.google.com
2014-02-13 14:18:18,www.google.fr
2014-02-13 14:18:20,www.google.fr
2014-02-13 14:18:22,www.google.com
2014-02-13 14:18:22,apis.google.com
2014-02-13 14:18:22,accounts.youtube.com
2014-02-13 14:18:39,accounts.google.com
2014-02-13 14:18:39,www.ibm.com
2014-02-13 14:18:40,apis.google.com
2014-02-13 14:18:40,www.google.com
2014-02-13 14:18:40,1.www.s81c.com
2014-02-13 14:18:40,mail.google.com
2014-02-13 14:18:40,www.google.fr
2014-02-13 14:18:45,www.ibm.com
2014-02-13 14:18:45,1.www.s81c.com
2014-02-13 14:18:45,www.google.fr
2014-02-13 14:18:46,dw1.s81c.com
2014-02-13 14:18:46,www.ibm.com
2014-02-13 14:18:46,pt200204.unica.com
2014-02-13 14:18:47,www.ibm.com
2014-02-13 14:18:47,1.www.s81c.com
2014-02-13 14:18:47,pt200204.unica.com
2014-02-13 14:18:47,dw1.s81c.com
2014-02-13 14:19:29,go.microsoft.com
2014-02-13 14:20:25,1.www.s81c.com
2014-02-13 14:20:34,ieonline.microsoft.com
2014-02-13 14:21:05,www.ibm.com
2014-02-13 14:21:06,www.ibm.com
2014-02-13 14:21:20,dw1.s81c.com
2014-02-13 14:21:20,www.ibm.com
2014-02-13 14:21:20,1.www.s81c.com
2014-02-13 14:28:34,www-01.ibm.com
2014-02-13 14:28:34,www.google.fr
2014-02-13 14:28:35,www-01.ibm.com
2014-02-13 14:28:36,www-01.ibm.com
2014-02-13 14:28:44,www-01.ibm.com
2014-02-13 14:28:45,www-01.ibm.com
2014-02-13 14:28:45,www.google.fr
2014-02-13 14:28:46,www-01.ibm.com
2014-02-13 14:28:47,pt200204.unica.com
2014-02-13 14:28:47,www.ibm.com
2014-02-13 14:28:47,1.www.s81c.com
2014-02-13 14:28:47,www-01.ibm.com
2014-02-13 14:29:28,www.smart-doc.org
2014-02-13 14:29:28,www.google.fr
2014-02-13 14:30:33,www.google.fr
2014-02-13 14:30:47,www.google.com
2014-02-13 14:30:47,www.google.fr
2014-02-13 14:30:49,www.google.fr
2014-02-13 14:30:50,apis.google.com
2014-02-13 14:30:50,www.google.com
2014-02-13 14:31:08,apis.google.com
2014-02-13 14:31:08,www.google.com
2014-02-13 14:31:08,www.google.fr
2014-02-13 14:31:08,www.smart-doc.org
2014-02-13 14:31:09,www.smart-doc.org
2014-02-13 14:31:09,www.honcode.ch
2014-02-13 14:31:58,tutoriel-opl.e-monsite.com
2014-02-13 14:31:58,static.e-monsite.com
2014-02-13 14:31:58,shea.swelen.com
2014-02-13 14:31:58,www.google.fr
2014-02-13 14:33:02,www.e-monsite.com
2014-02-13 14:33:02,nb-commons.storage.googleapis.com
2014-02-13 14:33:02,tutoriel-opl.e-monsite.com
2014-02-13 14:33:03,tutoriel-opl.e-monsite.com
2014-02-13 14:33:04,ce.lijit.com
2014-02-13 14:33:04,y.one.impact-ad.jp
2014-02-13 14:33:04,www.facebook.com
2014-02-13 14:35:04,fpdownload2.macromedia.com
2014-02-13 14:37:04,tutoriel-opl.e-monsite.com
2014-02-13 16:29:13,dl.javafx.com
2014-02-20 09:26:31,armmf.adobe.com
2014-02-20 09:26:33,armmf.adobe.com
2014-02-20 09:27:31,player.vimeo.com
2014-02-20 09:27:54,player.vimeo.com
2014-02-20 09:34:26,player.vimeo.com
2014-02-20 09:36:08,ieonline.microsoft.com
2014-02-20 09:41:50,javadl-esd-secure.oracle.com
2014-02-20 12:07:42,javadl-esd-secure.oracle.com
2014-02-20 14:09:16,www.oracle.com
2014-02-20 14:09:17,apex.oracle.com
2014-02-20 14:09:17,www.oracle.com
2014-02-20 14:12:46,javadl-esd-secure.oracle.com
2014-02-24 12:55:40,mail.google.com
2014-02-24 12:55:40,www.gmail.com
2014-02-24 12:55:53,accounts.google.com
2014-02-24 12:55:57,accounts.youtube.com
2014-02-24 12:56:11,mail.google.com
2014-02-24 12:56:24,accounts.google.fr
2014-02-24 12:56:26,apis.google.com
2014-02-24 12:56:26,mail.google.com
2014-02-24 12:56:26,accounts.youtube.com
2014-02-24 12:56:26,accounts.google.com
2014-02-24 12:56:26,accounts.google.fr
2014-02-24 12:56:27,plus.google.com
2014-02-24 12:56:27,apis.google.com
2014-02-24 12:56:27,clients2.google.com
2014-02-24 12:56:27,mail.google.com
2014-02-24 12:56:28,talkgadget.google.com
2014-02-24 12:56:28,accounts.google.com
2014-02-24 12:56:28,mail.google.com
2014-02-24 12:56:29,plus.google.com
2014-02-24 12:56:29,clients6.google.com
2014-02-24 12:56:29,mail.google.com
2014-02-24 12:56:29,talkgadget.google.com
2014-02-24 12:56:29,apis.google.com
2014-02-24 12:56:29,www.google.com
2014-02-24 12:56:30,apis.google.com
2014-02-24 12:56:32,www.google.com
2014-02-24 12:56:32,accounts.google.com
2014-02-24 12:56:34,clients6.google.com
2014-02-24 12:56:34,mail.google.com
2014-02-24 12:56:34,apis.google.com
2014-02-24 12:56:34,drive.google.com
2014-02-24 12:56:34,talkgadget.google.com
2014-02-24 12:56:34,plus.google.com
2014-02-24 12:56:35,clients6.google.com
2014-02-24 12:56:35,talkgadget.google.com
2014-02-24 12:56:39,drive.google.com
2014-02-24 12:56:40,mail.google.com
2014-02-24 12:57:24,drive.google.com
2014-02-24 12:57:27,clients6.google.com
2014-02-24 12:57:27,plus.google.com
2014-02-24 12:58:28,clients6.google.com
2014-02-24 12:58:41,talkgadget.google.com
2014-02-24 12:58:43,ieonline.microsoft.com
2014-02-24 12:58:47,apis.google.com
2014-02-24 12:58:47,mail.google.com
2014-02-24 13:00:42,drive.google.com
2014-02-24 13:00:42,plus.google.com
2014-02-24 13:00:42,clients6.google.com
2014-02-24 13:01:14,player.vimeo.com
2014-02-24 13:02:41,talkgadget.google.com
2014-02-24 13:02:55,mail.google.com
2014-02-24 13:04:42,drive.google.com
2014-02-24 13:04:56,mail.google.com
2014-02-24 13:06:08,talkgadget.google.com
2014-02-24 13:06:09,talkgadget.google.com
2014-02-24 13:06:09,clients6.google.com
2014-02-24 13:06:09,apis.google.com
2014-02-24 13:06:09,mail.google.com
2014-02-24 14:42:24,armmf.adobe.com
2014-02-24 14:42:27,armmf.adobe.com
2014-02-24 14:43:10,armmf.adobe.com
2014-02-24 14:43:12,armmf.adobe.com
2014-02-24 14:44:50,www.google.com
2014-02-24 14:45:11,player.vimeo.com
2014-02-24 14:45:12,livepassdl.conviva.com
2014-02-24 14:45:13,livepassdl.conviva.com
2014-02-24 14:45:14,pings.conviva.com
2014-02-24 14:45:19,pings.conviva.com
2014-02-24 14:46:31,javadl-esd-secure.oracle.com
2014-02-24 14:46:37,javadl-esd-secure.oracle.com
2014-02-24 14:46:42,go.microsoft.com
2014-02-24 14:46:42,ieonline.microsoft.com
2014-02-24 14:47:52,ieonline.microsoft.com
2014-02-28 15:21:14,ieonline.microsoft.com
2014-03-17 15:49:01,ieonline.microsoft.com
2014-03-17 15:56:15,www.hotmail.com
2014-03-17 15:56:18,www.hotmail.com
2014-03-17 15:56:25,login.live.com
2014-03-17 15:56:27,login.live.com
2014-03-17 15:56:35,login.live.com
2014-03-17 15:57:11,windowslive.tt.omtrdc.net
2014-03-17 15:57:23,windowslive.tt.omtrdc.net
2014-03-17 16:11:54,login.live.com
2014-03-17 16:12:05,windowslive.tt.omtrdc.net
2014-03-26 13:57:01,ieonline.microsoft.com
2014-03-28 09:39:49,www.hotmail.com
2014-03-28 09:40:01,login.live.com
2014-03-28 09:40:19,login.live.com
2014-03-28 09:40:40,login.live.com
2014-03-28 09:40:46,dub121.mail.live.com
2014-03-28 09:40:46,mail.live.com
2014-03-28 09:40:54,cid-436e991f5d765518.users.storage.live.com
2014-03-28 09:40:54,people.directory.live.com
2014-03-28 09:40:55,dub121.mail.live.com
2014-03-28 09:40:55,p.sfx.ms
2014-03-28 09:40:55,go.trouter.io
2014-03-28 09:40:57,dub121.mail.live.com
2014-03-28 09:40:58,h.live.com
2014-03-28 09:40:58,secure.shared.live.com
2014-03-28 09:40:58,blufiles.storage.msn.com
2014-03-28 09:40:58,js.live.net
2014-03-28 09:40:59,secure.shared.live.com
2014-03-28 09:40:59,storage.live.com
2014-03-28 09:40:59,h.bing.com
2014-03-28 09:40:59,h.live.com
2014-03-28 09:42:00,h.live.com
2014-03-28 09:42:01,h.bing.com
2014-03-28 09:42:02,dub121.mail.live.com
2014-03-28 09:42:03,dub121.afx.ms
2014-03-28 09:42:06,dub121.mail.live.com
2014-03-28 09:42:32,ieonline.microsoft.com
2014-03-28 09:42:48,dub121.mail.live.com
2014-03-28 09:44:01,dub121.mail.live.com
2014-03-28 09:46:58,people.directory.live.com
2014-03-28 09:47:00,dub121.mail.live.com
2014-03-28 10:00:23,dub121.mail.live.com
2014-03-28 10:34:07,people.directory.live.com
2014-03-28 10:34:15,dub121.mail.live.com
2014-03-28 11:14:25,dub121.mail.live.com
2014-03-28 11:15:12,go.trouter.io
2014-03-28 11:49:51,people.directory.live.com
2014-03-28 11:49:59,dub121.mail.live.com
2014-03-28 11:55:12,dub121.mail.live.com
2014-03-28 11:55:13,people.directory.live.com
2014-03-28 12:00:17,dub121.mail.live.com
2014-03-28 12:00:18,people.directory.live.com
2014-03-28 12:05:20,dub121.mail.live.com
2014-03-28 12:05:21,proxy-bay-people.directory.live.com
2014-03-28 12:10:20,dub121.mail.live.com
2014-03-28 12:10:21,proxy-bay-people.directory.live.com
2014-03-28 12:12:46,cid-436e991f5d765518.users.storage.live.com
2014-03-28 12:15:23,dub121.mail.live.com
2014-03-28 12:15:23,proxy-bay-people.directory.live.com
2014-03-28 12:20:19,go.trouter.io
2014-04-03 12:54:43,www.foxitsoftware.com
2014-04-03 12:54:43,ad.foxitsoftware.com
2014-04-17 14:54:39,armmf.adobe.com
2014-04-17 14:54:42,armmf.adobe.com
2014-04-17 14:55:24,armmf.adobe.com
2014-04-17 14:55:27,armmf.adobe.com
2014-04-17 14:58:55,javadl-esd-secure.oracle.com
2014-04-20 15:30:04,armmf.adobe.com
2014-04-20 15:30:06,armmf.adobe.com
2014-04-20 15:30:50,armmf.adobe.com
2014-04-20 15:30:52,armmf.adobe.com
2014-04-20 18:31:38,www.google.com
2014-04-20 18:33:33,ieonline.microsoft.com
2014-04-20 18:33:33,go.microsoft.com
2014-04-20 20:47:04,dl.javafx.com
2014-04-21 13:10:19,javadl-esd-secure.oracle.com
2014-04-21 13:24:13,javadl-esd-secure.oracle.com
2014-04-22 08:34:25,ieonline.microsoft.com
2014-04-22 08:41:52,mail.google.com
2014-04-22 08:41:52,accounts.google.com
2014-04-22 08:41:53,accounts.youtube.com
2014-04-22 08:42:01,accounts.google.fr
2014-04-22 08:42:05,accounts.google.com
2014-04-22 08:42:05,accounts.youtube.com
2014-04-22 08:42:06,accounts.google.fr
2014-04-22 08:42:06,clients2.google.com
2014-04-22 08:42:06,mail.google.com
2014-04-22 08:42:06,www.google.com
2014-04-22 08:42:07,clients2.google.com
2014-04-22 08:42:07,mail.google.com
2014-04-22 08:42:07,plus.google.com
2014-04-22 08:42:07,clients6.google.com
2014-04-22 08:42:07,apis.google.com
2014-04-22 08:42:08,accounts.google.com
2014-04-22 08:42:08,talkgadget.google.com
2014-04-22 08:42:08,www.google.com
2014-04-22 08:42:08,mail.google.com
2014-04-22 08:42:09,mail.google.com
2014-04-22 08:42:09,clients6.google.com
2014-04-22 08:42:09,talkgadget.google.com
2014-04-22 08:42:09,plus.google.com
2014-04-22 08:42:10,apis.google.com
2014-04-22 08:42:11,clients6.google.com
2014-04-22 08:42:11,talkgadget.google.com
2014-04-22 08:42:11,mail.google.com
2014-04-22 08:42:13,accounts.google.com
2014-04-22 08:42:14,apis.google.com
2014-04-22 08:42:31,clients6.google.com
2014-04-22 08:42:31,plus.google.com
2014-04-22 08:44:12,mail.google.com
2014-04-22 08:45:02,talkgadget.google.com
2014-04-22 08:45:29,clients6.google.com
2014-04-22 08:46:14,plus.google.com
2014-04-22 08:46:30,talkgadget.google.com
2014-04-22 08:46:31,mail.google.com
2014-04-22 08:46:31,clients6.google.com
2014-04-22 08:46:31,apis.google.com
2014-04-22 08:46:31,talkgadget.google.com
2014-04-24 10:31:27,armmf.adobe.com
2014-04-24 10:31:29,armmf.adobe.com
2014-04-24 10:36:26,javadl-esd-secure.oracle.com
2014-04-24 16:25:03,javadl-esd-secure.oracle.com
2014-04-25 09:29:10,javadl-esd-secure.oracle.com
2014-04-25 10:53:39,javadl-esd-secure.oracle.com
2014-04-25 11:00:07,javadl-esd-secure.oracle.com
2014-04-25 11:35:12,javadl-esd-secure.oracle.com
2014-04-25 11:40:41,javadl-esd-secure.oracle.com
