timestamp,site
2013-03-12 08:19:27,www.squid-cache.org
2013-03-12 08:19:35,www.google.com
2013-03-12 08:22:16,ieonline.microsoft.com
2013-03-12 08:22:20,go.microsoft.com
2013-03-12 08:24:19,dl.javafx.com
2013-03-12 08:27:00,www.google.fr
2013-03-12 08:27:01,apis.google.com
2013-03-12 08:27:01,www.google.fr
2013-03-12 08:27:02,www.google.com
2013-03-12 08:27:04,maps.google.fr
2013-03-12 08:27:05,mts1.google.com
2013-03-12 08:27:05,mts0.google.com
2013-03-12 08:27:05,www.google.fr
2013-03-12 08:27:05,apis.google.com
2013-03-12 08:27:05,www.google.com
2013-03-12 08:27:05,maps.google.fr
2013-03-12 08:27:06,mts1.google.com
2013-03-12 08:27:06,mts0.google.com
2013-03-12 08:27:07,mts0.google.com
2013-03-12 08:28:59,javadl-esd-secure.oracle.com
2013-03-12 08:29:11,maps.google.fr
2013-03-12 08:29:11,mts0.google.com
2013-03-12 08:29:11,mts1.google.com
2013-03-12 08:32:01,javadl-esd-secure.oracle.com
2013-03-12 10:47:22,mts1.google.com
2013-03-12 10:47:22,mts0.google.com
2013-03-12 10:47:22,maps.google.fr
2013-03-12 10:47:23,mts0.google.com
2013-03-12 10:47:23,mts1.google.com
2013-03-12 10:47:23,maps.google.fr
2013-03-12 10:47:26,mts0.google.com
2013-03-12 10:47:27,maps.google.fr
2013-03-12 10:47:27,mts1.google.com
2013-03-12 10:47:27,mts0.google.com
2013-03-12 10:47:28,khms1.google.fr
2013-03-12 10:47:28,khms0.google.fr
2013-03-12 10:47:29,khms0.google.fr
2013-03-12 10:47:29,khms1.google.fr
2013-03-12 10:47:29,mts0.google.com
2013-03-12 10:47:30,khms0.google.fr
2013-03-12 10:47:30,khms1.google.fr
2013-03-12 10:47:31,mts1.google.com
2013-03-12 10:47:32,mts1.google.com
2013-03-12 10:47:32,mts0.google.com
2013-03-12 10:47:33,mts0.google.com
2013-03-12 10:47:33,mts1.google.com
2013-03-12 10:47:33,khms0.google.fr
2013-03-12 10:47:33,khms1.google.fr
2013-03-12 10:47:34,mts1.google.com
2013-03-12 10:47:34,khms0.google.fr
2013-03-12 10:47:34,mts0.google.com
2013-03-12 10:47:34,khms1.google.fr
2013-03-12 10:47:35,mts1.google.com
2013-03-12 10:47:35,mts0.google.com
2013-03-12 10:47:35,khms0.google.fr
2013-03-12 10:47:35,khms1.google.fr
2013-03-12 10:47:36,mts1.google.com
2013-03-12 10:47:36,mts0.google.com
2013-03-12 10:47:36,khms0.google.fr
2013-03-12 10:47:37,mts1.google.com
2013-03-12 10:47:37,mts0.google.com
2013-03-12 10:47:37,khms1.google.fr
2013-03-12 10:47:37,khms0.google.fr
2013-03-12 10:47:38,mts0.google.com
2013-03-12 10:47:38,mts1.google.com
2013-03-12 10:47:38,khms1.google.fr
2013-03-12 10:47:38,khms0.google.fr
2013-03-12 10:47:39,mts1.google.com
2013-03-12 10:47:39,maps.google.fr
2013-03-12 10:47:39,mts0.google.com
2013-03-12 10:47:39,khms1.google.fr
2013-03-12 10:47:39,khms0.google.fr
2013-03-12 10:47:40,mts0.google.com
2013-03-12 10:47:40,mts1.google.com
2013-03-12 10:47:40,khms1.google.fr
2013-03-12 10:47:40,khms0.google.fr
2013-03-12 10:47:41,khms1.google.fr
2013-03-12 10:47:41,mts1.google.com
2013-03-12 10:47:41,mts0.google.com
2013-03-12 10:47:41,khms0.google.fr
2013-03-12 10:47:42,maps.google.fr
2013-03-12 10:47:42,mts1.google.com
2013-03-12 10:47:42,khms1.google.fr
2013-03-12 10:47:42,mts0.google.com
2013-03-12 10:47:42,khms0.google.fr
2013-03-12 10:47:43,mts1.google.com
2013-03-12 10:47:43,maps.google.fr
2013-03-12 10:47:43,mts0.google.com
2013-03-12 10:47:44,mts1.google.com
2013-03-12 10:47:44,mts0.google.com
2013-03-12 10:47:44,khms0.google.fr
2013-03-12 10:47:44,khms1.google.fr
2013-03-12 10:47:45,khms0.google.fr
2013-03-12 10:47:45,khms1.google.fr
2013-03-12 10:47:45,mts0.google.com
2013-03-12 10:47:46,mts1.google.com
2013-03-12 10:47:46,mts0.google.com
2013-03-12 10:47:47,khms0.google.fr
2013-03-12 10:47:47,mts0.google.com
2013-03-12 10:47:47,khms1.google.fr
2013-03-12 10:47:47,mts1.google.com
2013-03-12 10:47:48,khms1.google.fr
2013-03-12 10:47:48,khms0.google.fr
2013-03-12 10:47:48,mts0.google.com
2013-03-12 10:47:48,maps.google.fr
2013-03-12 10:47:48,mts1.google.com
2013-03-12 10:47:49,mts1.google.com
2013-03-12 10:47:49,khms0.google.fr
2013-03-12 10:47:49,mts0.google.com
2013-03-12 10:47:49,khms1.google.fr
2013-03-12 10:47:50,khms0.google.fr
2013-03-12 10:47:50,khms1.google.fr
2013-03-12 10:47:51,khms1.google.fr
2013-03-12 10:47:51,mts0.google.com
2013-03-12 10:47:52,maps.google.fr
2013-03-12 10:47:52,mts0.google.com
2013-03-12 10:47:52,mts1.google.com
2013-03-12 10:47:53,khms1.google.fr
2013-03-12 10:47:53,khms0.google.fr
2013-03-12 10:47:53,mts0.google.com
2013-03-12 10:47:53,mts1.google.com
2013-03-12 10:47:54,khms1.google.fr
2013-03-12 10:47:54,khms0.google.fr
2013-03-12 10:47:56,khms0.google.fr
2013-03-12 10:47:57,khms1.google.fr
2013-03-12 10:47:59,khms0.google.fr
2013-03-12 10:47:59,khms1.google.fr
2013-03-12 10:47:59,mts1.google.com
2013-03-12 10:48:00,maps.google.fr
2013-03-12 10:48:00,mts1.google.com
2013-03-12 10:48:02,mts0.google.com
2013-03-12 10:48:09,mts1.google.com
2013-03-12 10:48:10,mts1.google.com
2013-03-12 10:48:12,mts1.google.com
2013-03-12 10:48:12,khms1.google.fr
2013-03-12 10:48:12,khms0.google.fr
2013-03-12 10:48:12,maps.google.fr
2013-03-12 10:48:12,mts0.google.com
2013-03-12 10:48:13,mts1.google.com
2013-03-12 10:48:13,mts0.google.com
2013-03-12 10:48:15,mts1.google.com
2013-03-12 10:48:15,mts0.google.com
2013-03-12 10:48:15,maps.google.fr
2013-03-12 10:48:17,mts0.google.com
2013-03-12 10:48:17,mts1.google.com
2013-03-12 10:48:19,maps.google.fr
2013-03-12 10:48:19,khms1.google.fr
2013-03-12 10:48:19,mts1.google.com
2013-03-12 10:48:19,mts0.google.com
2013-03-12 10:48:20,mts1.google.com
2013-03-12 10:48:20,khms0.google.fr
2013-03-12 10:48:20,khms1.google.fr
2013-03-12 10:48:20,mts0.google.com
2013-03-12 10:48:21,khms0.google.fr
2013-03-12 10:48:21,khms1.google.fr
2013-03-12 10:48:22,khms1.google.fr
2013-03-12 10:48:33,khms1.google.fr
2013-03-12 10:48:44,www.google.fr
2013-03-12 10:49:00,khms1.google.fr
2013-03-12 10:49:02,khms0.google.fr
2013-03-12 10:49:02,maps.google.fr
2013-03-12 10:49:02,khms1.google.fr
2013-03-12 10:49:02,mts1.google.com
2013-03-12 10:49:02,mts0.google.com
2013-03-12 10:49:04,khms0.google.fr
2013-03-12 10:49:04,maps.google.fr
2013-03-12 10:49:04,mts0.google.com
2013-03-12 10:49:04,khms1.google.fr
2013-03-12 10:49:04,mts1.google.com
2013-03-12 10:49:05,khms1.google.fr
2013-03-12 10:49:05,mts0.google.com
2013-03-12 10:49:05,khms0.google.fr
2013-03-12 10:49:06,mts1.google.com
2013-03-12 10:49:07,khms1.google.fr
2013-03-12 10:49:08,khms0.google.fr
2013-03-12 10:49:08,khms1.google.fr
2013-03-12 10:49:08,mts1.google.com
2013-03-12 10:49:08,mts0.google.com
2013-03-12 10:49:08,maps.google.fr
2013-03-12 10:49:09,khms0.google.fr
2013-03-12 10:49:09,khms1.google.fr
2013-03-12 10:49:19,www.google.fr
2013-03-12 10:49:20,www.google.fr
2013-03-12 10:49:20,fr.wikipedia.org
2013-03-12 10:49:21,bits.wikimedia.org
2013-03-12 10:49:22,khms1.google.fr
2013-03-12 10:49:23,khms1.google.fr
2013-03-12 10:49:24,bits.wikimedia.org
2013-03-12 10:49:24,fr.wikipedia.org
2013-03-12 10:49:24,meta.wikimedia.org
2013-03-12 10:49:24,khms0.google.fr
2013-03-12 10:49:25,fr.wikipedia.org
2013-03-12 10:49:25,meta.wikimedia.org
2013-03-12 10:49:25,login.wikimedia.org
2013-03-12 10:49:26,bits.wikimedia.org
2013-03-12 10:49:31,khms1.google.fr
2013-03-12 10:49:31,khms0.google.fr
2013-03-12 10:49:31,maps.google.fr
2013-03-12 10:49:31,mts0.google.com
2013-03-12 10:49:32,mts1.google.com
2013-03-12 10:49:32,mts0.google.com
2013-03-12 10:49:32,khms0.google.fr
2013-03-12 10:49:32,khms1.google.fr
2013-03-12 10:49:33,khms0.google.fr
2013-03-12 10:49:33,mts0.google.com
2013-03-12 10:49:33,khms1.google.fr
2013-03-12 10:49:34,mts1.google.com
2013-03-12 10:49:34,khms0.google.fr
2013-03-12 10:49:34,mts0.google.com
2013-03-12 10:49:34,khms1.google.fr
2013-03-12 10:49:34,maps.google.fr
2013-03-12 10:49:35,mts0.google.com
2013-03-12 10:49:35,mts1.google.com
2013-03-12 10:49:35,khms1.google.fr
2013-03-12 10:49:35,khms0.google.fr
2013-03-12 10:49:36,mts1.google.com
2013-03-12 10:49:36,khms0.google.fr
2013-03-12 10:49:36,khms1.google.fr
2013-03-12 10:49:36,mts0.google.com
2013-03-12 10:49:37,mts0.google.com
2013-03-12 10:49:37,khms0.google.fr
2013-03-12 10:49:37,khms1.google.fr
2013-03-12 10:49:37,mts1.google.com
2013-03-12 10:49:38,khms0.google.fr
2013-03-12 10:49:38,khms1.google.fr
2013-03-12 10:49:39,maps.google.fr
2013-03-12 10:49:39,mts1.google.com
2013-03-12 10:49:39,khms0.google.fr
2013-03-12 10:49:39,khms1.google.fr
2013-03-12 10:49:39,mts0.google.com
2013-03-12 10:49:40,maps.google.fr
2013-03-12 10:49:40,mts1.google.com
2013-03-12 10:49:40,mts0.google.com
2013-03-12 10:49:40,khms1.google.fr
2013-03-12 10:49:40,khms0.google.fr
2013-03-12 10:49:41,mts1.google.com
2013-03-12 10:49:41,mts0.google.com
2013-03-12 10:49:41,khms1.google.fr
2013-03-12 10:49:41,khms0.google.fr
2013-03-12 10:49:42,khms0.google.fr
2013-03-12 10:49:42,khms1.google.fr
2013-03-12 10:49:43,khms0.google.fr
2013-03-12 10:49:44,khms0.google.fr
2013-03-12 10:49:45,khms0.google.fr
2013-03-12 10:49:51,khms0.google.fr
2013-03-12 10:49:51,maps.google.fr
2013-03-12 10:50:09,khms0.google.fr
2013-03-12 10:50:13,khms1.google.fr
2013-03-12 10:50:13,mts0.google.com
2013-03-12 10:50:13,mts1.google.com
2013-03-12 10:50:16,khms1.google.fr
2013-03-12 10:50:16,khms0.google.fr
2013-03-12 10:50:17,mts0.google.com
2013-03-12 10:50:17,maps.google.fr
2013-03-12 10:50:17,mts1.google.com
2013-03-12 10:50:17,mts2.google.com
2013-03-12 10:50:17,mts3.google.com
2013-03-12 10:50:18,mts3.google.com
2013-03-12 10:50:18,mts2.google.com
2013-03-12 10:50:26,login.wikimedia.org
2013-03-12 10:50:26,fr.wikipedia.org
2013-03-12 10:50:26,bits.wikimedia.org
2013-03-12 10:50:30,maps.google.fr
2013-03-12 10:50:30,mts1.google.com
2013-03-12 10:50:30,mts3.google.com
2013-03-12 10:50:30,mts2.google.com
2013-03-12 10:50:31,khms1.google.fr
2013-03-12 10:50:31,mts0.google.com
2013-03-12 10:50:31,mts1.google.com
2013-03-12 10:50:31,khms0.google.fr
2013-03-12 10:50:32,mts3.google.com
2013-03-12 10:50:32,mts1.google.com
2013-03-12 10:50:32,khms0.google.fr
2013-03-12 10:50:32,mts0.google.com
2013-03-12 10:50:32,khms1.google.fr
2013-03-12 10:50:32,mts2.google.com
2013-03-12 10:50:33,mts2.google.com
2013-03-12 10:50:33,mts1.google.com
2013-03-12 10:50:33,mts3.google.com
2013-03-12 10:50:34,mts3.google.com
2013-03-12 10:50:34,maps.google.fr
2013-03-12 10:50:34,khms1.google.fr
2013-03-12 10:50:34,khms0.google.fr
2013-03-12 10:50:34,mts2.google.com
2013-03-12 10:50:35,mts1.google.com
2013-03-12 10:50:35,mts0.google.com
2013-03-12 10:50:36,mts0.google.com
2013-03-12 10:50:36,khms1.google.fr
2013-03-12 10:50:36,mts1.google.com
2013-03-12 10:50:36,khms0.google.fr
2013-03-12 10:50:37,khms1.google.fr
2013-03-12 10:50:37,mts1.google.com
2013-03-12 10:50:37,khms0.google.fr
2013-03-12 10:50:37,mts0.google.com
2013-03-12 10:50:37,mts2.google.com
2013-03-12 10:50:37,maps.google.fr
2013-03-12 10:50:38,mts1.google.com
2013-03-12 10:50:38,mts0.google.com
2013-03-12 10:50:38,maps.google.fr
2013-03-12 10:50:38,khms1.google.fr
2013-03-12 10:50:38,khms0.google.fr
2013-03-12 10:50:39,khms0.google.fr
2013-03-12 10:50:39,khms1.google.fr
2013-03-12 10:50:40,mts3.google.com
2013-03-12 10:50:40,mts2.google.com
2013-03-12 10:50:40,maps.google.fr
2013-03-12 10:50:40,khms0.google.fr
2013-03-12 10:50:55,khms1.google.fr
2013-03-12 10:50:56,khms0.google.fr
2013-03-12 10:50:56,khms1.google.fr
2013-03-12 10:50:56,mts0.google.com
2013-03-12 10:50:56,mts1.google.com
2013-03-12 10:50:57,mts0.google.com
2013-03-12 10:50:57,khms0.google.fr
2013-03-12 10:50:57,khms1.google.fr
2013-03-12 10:50:58,mts1.google.com
2013-03-12 10:50:58,khms1.google.fr
2013-03-12 10:50:58,khms0.google.fr
2013-03-12 10:50:58,mts0.google.com
2013-03-12 10:50:59,mts1.google.com
2013-03-12 10:50:59,mts0.google.com
2013-03-12 10:50:59,maps.google.fr
2013-03-12 10:51:00,mts1.google.com
2013-03-12 10:51:00,mts0.google.com
2013-03-12 10:51:00,khms0.google.fr
2013-03-12 10:51:00,khms1.google.fr
2013-03-12 10:51:01,khms1.google.fr
2013-03-12 10:51:01,khms0.google.fr
2013-03-12 10:51:01,maps.google.fr
2013-03-12 10:51:01,mts0.google.com
2013-03-12 10:51:01,mts1.google.com
2013-03-12 10:51:02,mts0.google.com
2013-03-12 10:51:02,khms0.google.fr
2013-03-12 10:51:02,khms1.google.fr
2013-03-12 10:51:02,mts1.google.com
2013-03-12 10:51:03,mts1.google.com
2013-03-12 10:51:03,khms0.google.fr
2013-03-12 10:51:03,mts0.google.com
2013-03-12 10:51:04,mts1.google.com
2013-03-12 10:51:04,mts0.google.com
2013-03-12 10:51:05,maps.google.fr
2013-03-12 10:51:05,mts1.google.com
2013-03-12 10:51:05,mts0.google.com
2013-03-12 10:51:05,khms1.google.fr
2013-03-12 10:51:05,khms0.google.fr
2013-03-12 10:51:06,khms0.google.fr
2013-03-12 10:51:06,khms1.google.fr
2013-03-12 10:51:09,khms1.google.fr
2013-03-12 10:51:09,mts1.google.com
2013-03-12 10:51:09,mts0.google.com
2013-03-12 10:51:09,maps.google.fr
2013-03-12 10:51:09,khms0.google.fr
2013-03-12 10:51:10,khms0.google.fr
2013-03-12 10:51:10,khms1.google.fr
2013-03-12 10:51:11,khms1.google.fr
2013-03-12 10:51:17,khms1.google.fr
2013-03-12 10:51:24,mts1.google.com
2013-03-12 10:51:24,khms1.google.fr
2013-03-12 10:51:24,khms0.google.fr
2013-03-12 10:51:24,mts0.google.com
2013-03-12 10:51:24,maps.google.fr
2013-03-12 10:51:25,khms0.google.fr
2013-03-12 10:51:25,khms1.google.fr
2013-03-12 10:51:26,khms0.google.fr
2013-03-12 10:51:30,khms0.google.fr
2013-03-12 10:51:31,khms0.google.fr
2013-03-12 10:51:31,khms1.google.fr
2013-03-12 10:51:31,mts0.google.com
2013-03-12 10:51:31,mts1.google.com
2013-03-12 10:51:33,maps.google.fr
2013-03-12 10:51:34,mts1.google.com
2013-03-12 10:51:34,khms0.google.fr
2013-03-12 10:51:36,khms0.google.fr
2013-03-12 10:53:49,mts1.google.com
2013-03-12 10:53:49,khms1.google.fr
2013-03-12 10:53:49,mts0.google.com
2013-03-12 10:53:49,maps.google.fr
2013-03-12 10:53:49,khms0.google.fr
2013-03-12 10:54:38,mts0.google.com
2013-03-12 10:54:44,maps.google.fr
2013-03-12 10:54:44,mts0.google.com
2013-03-12 10:54:44,mts1.google.com
2013-03-12 10:54:45,mts1.google.com
2013-03-12 10:54:45,mts0.google.com
2013-03-12 10:54:45,khms1.google.fr
2013-03-12 10:54:45,khms0.google.fr
2013-03-12 10:54:46,khms1.google.fr
2013-03-12 10:54:46,khms0.google.fr
2013-03-12 10:54:58,khms1.google.fr
2013-03-12 10:54:58,maps.google.fr
2013-03-12 10:54:58,khms0.google.fr
2013-03-12 10:54:58,mts1.google.com
2013-03-12 10:54:58,mts0.google.com
2013-03-12 10:54:59,khms0.google.fr
2013-03-12 10:54:59,mts1.google.com
2013-03-12 10:54:59,mts0.google.com
2013-03-12 10:54:59,khms1.google.fr
2013-03-12 10:55:00,khms1.google.fr
2013-03-12 10:55:00,khms0.google.fr
2013-03-12 10:55:01,khms1.google.fr
2013-03-12 10:55:03,khms1.google.fr
2013-03-12 10:55:03,maps.google.fr
2013-03-12 10:55:04,khms0.google.fr
2013-03-12 10:55:04,mts1.google.com
2013-03-12 10:55:04,mts0.google.com
2013-03-12 10:55:05,khms0.google.fr
2013-03-12 10:55:05,khms1.google.fr
2013-03-12 10:55:05,mts1.google.com
2013-03-12 10:55:05,mts0.google.com
2013-03-12 10:55:06,khms1.google.fr
2013-03-12 10:55:06,mts1.google.com
2013-03-12 10:55:06,mts0.google.com
2013-03-12 10:55:06,khms0.google.fr
2013-03-12 10:55:12,maps.google.fr
2013-03-12 10:55:12,mts1.google.com
2013-03-12 10:55:12,mts0.google.com
2013-03-12 10:55:13,mts0.google.com
2013-03-12 10:55:13,khms0.google.fr
2013-03-12 10:55:13,khms1.google.fr
2013-03-12 10:55:13,maps.google.fr
2013-03-12 10:55:13,mts1.google.com
2013-03-12 10:55:14,khms0.google.fr
2013-03-12 10:55:14,khms1.google.fr
2013-03-12 10:55:14,mts0.google.com
2013-03-12 10:55:14,mts1.google.com
2013-03-12 10:55:15,khms0.google.fr
2013-03-12 10:55:18,khms0.google.fr
2013-03-12 10:55:18,khms1.google.fr
2013-03-12 10:55:18,mts0.google.com
2013-03-12 10:55:18,mts1.google.com
2013-03-12 10:55:19,mts0.google.com
2013-03-12 10:55:19,khms1.google.fr
2013-03-12 10:55:19,khms0.google.fr
2013-03-12 10:55:20,khms0.google.fr
2013-03-12 10:55:21,khms0.google.fr
2013-03-12 10:57:51,mts1.google.com
2013-03-12 10:57:51,mts0.google.com
2013-03-12 10:57:51,khms0.google.fr
2013-03-12 10:57:51,khms1.google.fr
2013-03-12 10:57:51,maps.google.fr
2013-03-12 10:57:54,mts1.google.com
2013-03-12 10:57:54,mts0.google.com
2013-03-12 10:57:55,mts0.google.com
2013-03-12 10:57:55,mts1.google.com
2013-03-12 10:58:07,maps.google.fr
2013-03-12 10:58:07,mts1.google.com
2013-03-12 10:58:07,www.google.com
2013-03-12 10:58:08,mts1.google.com
2013-03-12 10:58:08,mts0.google.com
2013-03-12 10:58:08,mts2.google.com
2013-03-12 10:58:08,mts3.google.com
2013-03-12 10:58:09,mts3.google.com
2013-03-12 10:58:09,mts2.google.com
2013-03-12 10:58:09,mts0.google.com
2013-03-12 10:58:11,mts0.google.com
2013-03-12 10:58:22,mw2.google.com
2013-03-12 10:58:22,mts2.google.com
2013-03-12 10:58:33,mts0.google.com
2013-03-12 10:58:34,mts0.google.com
2013-03-12 10:58:34,mts2.google.com
2013-03-12 10:58:34,mts1.google.com
2013-03-12 10:58:35,maps.google.fr
2013-03-12 10:58:35,geo1.ggpht.com
2013-03-12 10:58:35,geo3.ggpht.com
2013-03-12 10:58:35,geo2.ggpht.com
2013-03-12 10:58:35,geo0.ggpht.com
2013-03-12 10:58:35,mts0.google.com
2013-03-12 10:58:35,mts1.google.com
2013-03-12 10:58:35,mts3.google.com
2013-03-12 10:58:35,mts2.google.com
2013-03-12 10:58:35,mw2.google.com
2013-03-12 10:58:36,static.panoramio.com.storage.googleapis.com
2013-03-12 10:58:49,geo2.ggpht.com
2013-03-12 10:58:50,geo1.ggpht.com
2013-03-12 10:58:50,geo3.ggpht.com
2013-03-12 10:58:50,mw2.google.com
2013-03-12 10:58:57,mw2.google.com
2013-03-12 10:58:57,static.panoramio.com.storage.googleapis.com
2013-03-12 10:58:57,geo0.ggpht.com
2013-03-12 10:58:57,khms1.google.fr
2013-03-12 10:58:57,khms0.google.fr
2013-03-12 10:58:57,maps.google.fr
2013-03-12 10:58:57,mts1.google.com
2013-03-12 10:58:57,mts0.google.com
2013-03-12 10:58:57,mts3.google.com
2013-03-12 10:58:57,mts2.google.com
2013-03-12 10:58:57,www.google.com
2013-03-12 10:58:58,mts3.google.com
2013-03-12 10:58:58,mts0.google.com
2013-03-12 10:58:58,mts2.google.com
2013-03-12 10:58:58,mts1.google.com
2013-03-12 10:58:58,maps.google.fr
2013-03-12 10:58:59,maps.google.fr
2013-03-12 10:59:14,mts1.google.com
2013-03-12 10:59:14,mw2.google.com
2013-03-12 10:59:14,maps.google.fr
2013-03-12 10:59:16,mts3.google.com
2013-03-12 10:59:23,mts2.google.com
2013-03-12 10:59:24,mts0.google.com
2013-03-12 10:59:24,mts3.google.com
2013-03-12 10:59:24,khms0.google.fr
2013-03-12 10:59:34,mts2.google.com
2013-03-12 10:59:38,khms1.google.fr
2013-03-12 10:59:38,static.panoramio.com.storage.googleapis.com
2013-03-12 10:59:38,maps.google.fr
2013-03-12 10:59:38,geo0.ggpht.com
2013-03-12 10:59:38,mw2.google.com
2013-03-12 10:59:38,www.google.com
2013-03-12 10:59:39,khms0.google.fr
2013-03-12 10:59:40,mts2.google.com
2013-03-12 10:59:42,mts3.google.com
2013-03-12 10:59:43,maps.google.fr
2013-03-12 10:59:43,mts0.google.com
2013-03-12 10:59:43,mts1.google.com
2013-03-12 11:00:01,mts2.google.com
2013-03-12 11:00:01,maps.google.fr
2013-03-12 11:00:12,mts3.google.com
2013-03-12 11:00:12,mw2.google.com
2013-03-12 11:00:12,www.google.com
2013-03-12 11:00:13,static.panoramio.com.storage.googleapis.com
2013-03-12 11:00:13,geo0.ggpht.com
2013-03-12 11:00:13,maps.google.fr
2013-03-12 11:00:13,khms0.google.fr
2013-03-12 11:00:13,mts1.google.com
2013-03-12 11:00:13,mts0.google.com
2013-03-12 11:00:14,khms0.google.fr
2013-03-12 11:00:14,khms1.google.fr
2013-03-12 11:00:14,mts0.google.com
2013-03-12 11:00:14,mts1.google.com
2013-03-12 11:00:15,khms1.google.fr
2013-03-12 11:00:15,khms0.google.fr
2013-03-12 11:00:16,khms0.google.fr
2013-03-12 11:00:18,khms0.google.fr
2013-03-12 11:00:18,mts3.google.com
2013-03-12 11:00:18,mts2.google.com
2013-03-12 11:00:18,khms1.google.fr
2013-03-12 11:00:18,mts0.google.com
2013-03-12 11:00:18,mts1.google.com
2013-03-12 11:00:18,maps.google.fr
2013-03-12 11:00:19,mts1.google.com
2013-03-12 11:00:19,mts2.google.com
2013-03-12 11:00:19,maps.google.fr
2013-03-12 11:00:19,mts3.google.com
2013-03-12 11:00:19,mts0.google.com
2013-03-12 11:00:36,maps.google.fr
2013-03-12 11:00:50,maps.google.fr
2013-03-12 11:00:50,mts2.google.com
2013-03-12 11:00:50,mts0.google.com
2013-03-12 11:00:50,mts1.google.com
2013-03-12 11:00:50,khms1.google.fr
2013-03-12 11:00:50,khms0.google.fr
2013-03-12 11:00:50,mts3.google.com
2013-03-12 11:00:51,mts1.google.com
2013-03-12 11:00:51,khms1.google.fr
2013-03-12 11:00:51,mts0.google.com
2013-03-12 11:00:51,khms0.google.fr
2013-03-12 11:00:52,mts0.google.com
2013-03-12 11:00:52,mts1.google.com
2013-03-12 11:00:52,khms0.google.fr
2013-03-12 11:00:52,khms1.google.fr
2013-03-12 11:00:53,khms1.google.fr
2013-03-12 11:00:53,khms0.google.fr
2013-03-12 11:00:53,mts0.google.com
2013-03-12 11:00:54,mts1.google.com
2013-03-12 11:00:55,mts0.google.com
2013-03-12 11:01:18,mts2.google.com
2013-03-12 11:01:18,mts3.google.com
2013-03-12 11:01:18,khms0.google.fr
2013-03-12 11:01:18,khms1.google.fr
2013-03-12 11:01:18,mts0.google.com
2013-03-12 11:01:18,maps.google.fr
2013-03-12 11:01:18,mts1.google.com
2013-03-12 11:01:19,mts2.google.com
2013-03-12 11:01:19,mts1.google.com
2013-03-12 11:01:19,mts3.google.com
2013-03-12 11:01:21,mts0.google.com
2013-03-12 11:01:32,mts0.google.com
2013-03-12 11:01:32,mts3.google.com
2013-03-12 11:01:32,maps.google.fr
2013-03-12 11:01:33,maps.google.fr
2013-03-12 11:01:33,mts3.google.com
2013-03-12 11:01:33,mts2.google.com
2013-03-12 11:01:39,www.google.com
2013-03-12 11:01:39,khms1.google.fr
2013-03-12 11:01:39,static.panoramio.com.storage.googleapis.com
2013-03-12 11:01:39,mts1.google.com
2013-03-12 11:01:39,maps.google.fr
2013-03-12 11:01:39,mw2.google.com
2013-03-12 11:01:39,geo0.ggpht.com
2013-03-12 11:01:48,khms0.google.fr
2013-03-12 11:01:53,mts0.google.com
2013-03-12 11:01:53,khms0.google.fr
2013-03-12 11:01:53,mts1.google.com
2013-03-12 11:01:53,khms1.google.fr
2013-03-12 11:01:53,maps.google.fr
2013-03-12 11:01:53,mts2.google.com
2013-03-12 11:01:53,mts3.google.com
2013-03-12 11:01:54,mts2.google.com
2013-03-12 11:01:54,mts0.google.com
2013-03-12 11:01:54,mts3.google.com
2013-03-12 11:01:54,mts1.google.com
2013-03-12 11:01:55,mts0.google.com
2013-03-12 11:01:57,mts2.google.com
2013-03-12 11:01:59,mts1.google.com
2013-03-12 11:01:59,mts0.google.com
2013-03-12 11:02:00,mts2.google.com
2013-03-12 11:02:00,mts3.google.com
2013-03-12 11:02:24,mts2.google.com
2013-03-12 11:02:24,mts3.google.com
2013-03-12 11:02:24,maps.google.fr
2013-03-12 11:02:25,mts1.google.com
2013-03-12 11:02:25,mts0.google.com
2013-03-12 11:02:25,static.panoramio.com.storage.googleapis.com
2013-03-12 11:02:25,mw2.google.com
2013-03-12 11:02:25,geo0.ggpht.com
2013-03-12 11:02:25,maps.google.fr
2013-03-12 11:02:25,www.google.com
2013-03-12 11:02:49,khms0.google.fr
2013-03-12 11:02:49,mts0.google.com
2013-03-12 11:02:49,khms1.google.fr
2013-03-12 11:02:54,khms1.google.fr
2013-03-12 11:02:55,maps.google.fr
2013-03-12 11:02:58,mts0.google.com
2013-03-12 11:02:58,mts3.google.com
2013-03-12 11:02:58,khms0.google.fr
2013-03-12 11:02:58,maps.google.fr
2013-03-12 11:02:58,mts2.google.com
2013-03-12 11:02:58,mts1.google.com
2013-03-12 11:03:06,mts2.google.com
2013-03-12 11:03:07,maps.google.fr
2013-03-12 11:05:09,geo0.ggpht.com
2013-03-12 11:05:09,khms1.google.fr
2013-03-12 11:05:09,khms0.google.fr
2013-03-12 11:05:09,mts1.google.com
2013-03-12 11:05:09,mts0.google.com
2013-03-12 11:05:09,static.panoramio.com.storage.googleapis.com
2013-03-12 11:05:09,www.google.com
2013-03-12 11:05:09,mw2.google.com
2013-03-12 11:19:11,mts0.google.com
2013-03-12 11:19:11,maps.google.fr
2013-06-12 07:57:41,www.google.com
2013-06-12 07:58:14,www.google.fr
2013-06-12 07:58:15,apis.google.com
2013-06-12 07:58:16,www.google.com
2013-06-12 07:58:21,www.google.com
2013-06-12 07:58:21,www.google.fr
2013-06-12 07:58:21,apis.google.com
2013-06-12 08:00:24,ieonline.microsoft.com
2013-06-12 08:00:25,go.microsoft.com
2013-06-12 08:01:50,javadl-esd-secure.oracle.com
2013-06-12 08:04:09,javadl-esd-secure.oracle.com
2013-06-12 09:58:16,www.google.fr
2013-06-12 09:58:17,www.google.fr
2013-06-12 09:58:19,www.google.com
2013-06-12 09:58:21,maps.google.fr
2013-06-12 09:58:22,mts1.google.com
2013-06-12 09:58:22,maps.google.fr
2013-06-12 09:58:22,www.google.com
2013-06-12 09:58:22,mts0.google.com
2013-06-12 09:58:22,www.google.fr
2013-06-12 09:58:23,mts1.google.com
2013-06-12 09:58:23,mts0.google.com
2013-06-12 09:58:24,mts1.google.com
2013-06-12 09:58:24,mts0.google.com
2013-06-12 09:59:09,maps.google.fr
2013-06-12 09:59:09,mts0.google.com
2013-06-12 09:59:10,mts0.google.com
2013-06-12 09:59:10,mts1.google.com
2013-06-12 09:59:11,maps.google.fr
2013-06-12 09:59:11,mts0.google.com
2013-06-12 09:59:11,mts1.google.com
2013-06-12 09:59:14,mts1.google.com
2013-06-12 09:59:14,maps.google.fr
2013-06-12 09:59:14,mts0.google.com
2013-06-12 09:59:15,khms0.google.fr
2013-06-12 09:59:15,khms1.google.fr
2013-06-12 09:59:15,mts0.google.com
2013-06-12 09:59:15,mts1.google.com
2013-06-12 09:59:16,khms1.google.fr
2013-06-12 09:59:18,mts1.google.com
2013-06-12 09:59:18,mts0.google.com
2013-06-12 09:59:18,maps.google.fr
2013-06-12 09:59:18,khms0.google.fr
2013-06-12 09:59:18,khms1.google.fr
2013-06-12 09:59:19,khms1.google.fr
2013-06-12 09:59:19,khms0.google.fr
2013-06-12 09:59:19,mts0.google.com
2013-06-12 09:59:19,mts1.google.com
2013-06-12 09:59:20,khms0.google.fr
2013-06-12 09:59:21,khms0.google.fr
2013-06-12 09:59:43,mts0.google.com
2013-06-12 09:59:43,maps.google.fr
2013-06-12 09:59:43,mts1.google.com
2013-06-12 09:59:43,khms1.google.fr
2013-06-12 09:59:43,khms0.google.fr
2013-06-12 09:59:44,khms0.google.fr
2013-06-12 09:59:51,maps.google.fr
2013-06-12 09:59:54,khms0.google.fr
2013-06-12 09:59:54,khms1.google.fr
2013-06-12 09:59:54,maps.google.fr
2013-06-12 09:59:54,mts1.google.com
2013-06-12 09:59:54,mts0.google.com
2013-06-12 09:59:55,khms1.google.fr
2013-06-12 09:59:55,mts0.google.com
2013-06-12 09:59:55,khms0.google.fr
2013-06-12 09:59:55,mts1.google.com
2013-06-12 09:59:56,khms0.google.fr
2013-06-12 09:59:56,mts0.google.com
2013-06-12 09:59:56,khms1.google.fr
2013-06-12 09:59:57,khms0.google.fr
2013-06-12 09:59:57,mts1.google.com
2013-06-12 09:59:57,khms1.google.fr
2013-06-12 10:00:09,khms0.google.fr
2013-06-12 10:00:09,mts1.google.com
2013-06-12 10:00:09,mts0.google.com
2013-06-12 10:00:09,khms1.google.fr
2013-06-12 10:00:11,mts1.google.com
2013-06-12 10:00:11,mts0.google.com
2013-06-12 10:00:11,maps.google.fr
2013-06-12 10:00:11,www.google.com
2013-06-12 10:00:13,mts1.google.com
2013-06-12 10:00:16,mts1.google.com
2013-06-12 10:00:20,mts1.google.com
2013-06-12 10:00:35,mts1.google.com
2013-06-12 10:01:08,mts0.google.com
2013-06-12 10:01:34,maps.google.fr
2013-06-12 10:01:34,khms1.google.fr
2013-06-12 10:01:34,khms0.google.fr
2013-06-12 10:01:34,mts1.google.com
2013-06-12 10:01:34,mts0.google.com
2013-06-12 10:01:35,khms0.google.fr
2013-06-12 10:02:01,mts1.google.com
2013-06-12 10:02:01,maps.google.fr
2013-06-12 10:02:01,mts0.google.com
2013-06-12 10:02:01,khms0.google.fr
2013-06-12 10:02:01,khms1.google.fr
2013-06-12 10:02:02,khms1.google.fr
2013-06-12 10:02:02,khms0.google.fr
2013-06-12 10:02:02,mts0.google.com
2013-06-12 10:02:02,mts1.google.com
2013-06-12 10:02:02,maps.google.fr
2013-06-12 10:02:03,mts0.google.com
2013-06-12 10:02:03,mts1.google.com
2013-06-12 10:02:03,khms0.google.fr
2013-06-12 10:02:03,khms1.google.fr
2013-06-12 10:02:04,khms0.google.fr
2013-06-12 10:02:04,khms1.google.fr
2013-06-12 10:02:04,mts0.google.com
2013-06-12 10:02:04,maps.google.fr
2013-06-12 10:02:07,khms1.google.fr
2013-06-12 10:02:07,khms0.google.fr
2013-06-12 10:02:07,mts1.google.com
2013-06-12 10:02:07,mts0.google.com
2013-06-12 10:02:08,mts1.google.com
2013-06-12 10:02:08,mts0.google.com
2013-06-12 10:02:08,khms0.google.fr
2013-06-12 10:02:08,khms1.google.fr
2013-06-12 10:02:09,khms1.google.fr
2013-06-12 10:02:13,maps.google.fr
2013-06-12 10:02:13,khms0.google.fr
2013-06-12 10:02:13,khms1.google.fr
2013-06-12 10:02:14,mts1.google.com
2013-06-12 10:04:14,mts1.google.com
2013-06-12 10:04:15,khms1.google.fr
2013-06-12 10:04:15,mts0.google.com
2013-06-12 10:04:15,maps.google.fr
2013-06-12 10:04:15,khms0.google.fr
2013-06-12 10:04:15,mts1.google.com
2013-06-12 10:04:16,mts0.google.com
2013-06-12 10:04:16,mts1.google.com
2013-06-12 10:04:16,maps.google.fr
2013-06-12 10:04:16,khms1.google.fr
2013-06-12 10:04:16,khms0.google.fr
2013-06-12 10:04:17,khms0.google.fr
2013-06-12 10:04:17,khms1.google.fr
2013-06-12 10:04:17,mts0.google.com
2013-06-12 10:04:17,mts1.google.com
2013-06-12 10:04:17,maps.google.fr
2013-06-12 10:04:18,mts1.google.com
2013-06-12 10:04:18,mts0.google.com
2013-06-12 10:04:18,khms0.google.fr
2013-06-12 10:04:18,khms1.google.fr
2013-06-12 10:04:19,khms1.google.fr
2013-06-12 10:04:19,khms0.google.fr
2013-06-12 10:04:19,mts0.google.com
2013-06-12 10:04:19,maps.google.fr
2013-06-12 10:04:19,mts1.google.com
2013-06-12 10:04:20,mts0.google.com
2013-06-12 10:04:20,khms1.google.fr
2013-06-12 10:04:25,khms1.google.fr
2013-06-12 10:04:25,khms0.google.fr
2013-06-12 10:04:25,maps.google.fr
2013-06-12 10:04:25,mts1.google.com
2013-06-12 10:04:25,mts0.google.com
2013-06-12 10:04:26,mts1.google.com
2013-06-12 10:04:26,khms1.google.fr
2013-06-12 10:04:27,mts0.google.com
2013-06-12 10:05:30,mts0.google.com
2013-06-12 10:06:14,maps.google.fr
2013-06-12 10:06:15,khms1.google.fr
2013-06-12 10:06:15,mts1.google.com
2013-06-12 10:06:16,khms1.google.fr
2013-06-12 10:06:16,khms0.google.fr
2013-06-12 10:06:16,mts0.google.com
2013-06-12 10:06:16,maps.google.fr
2013-06-12 10:06:16,mts1.google.com
2013-06-12 10:06:17,mts1.google.com
2013-06-12 10:06:17,mts0.google.com
2013-06-12 10:06:17,khms0.google.fr
2013-06-12 10:06:17,khms1.google.fr
2013-06-12 10:06:18,khms0.google.fr
2013-06-12 10:06:18,khms1.google.fr
2013-06-12 10:06:18,mts0.google.com
2013-06-12 10:06:18,mts1.google.com
2013-06-12 10:06:18,maps.google.fr
2013-06-12 10:06:19,khms1.google.fr
2013-06-12 10:06:19,mts0.google.com
2013-06-12 10:06:19,mts1.google.com
2013-06-12 10:06:19,maps.google.fr
2013-06-12 10:06:19,khms0.google.fr
2013-06-12 10:06:20,mts0.google.com
2013-06-12 10:06:20,mts1.google.com
2013-06-12 10:06:20,khms1.google.fr
2013-06-12 10:06:20,khms0.google.fr
2013-06-12 10:06:20,maps.google.fr
2013-06-12 10:06:21,khms0.google.fr
2013-06-12 10:06:21,khms1.google.fr
2013-06-12 10:06:21,mts1.google.com
2013-06-12 10:06:21,mts0.google.com
2013-06-12 10:06:22,mts0.google.com
2013-06-12 10:06:22,khms0.google.fr
2013-06-12 10:06:22,mts1.google.com
2013-06-12 10:06:22,khms1.google.fr
2013-06-12 10:06:22,maps.google.fr
2013-06-12 10:06:23,khms0.google.fr
2013-06-12 10:06:23,mts1.google.com
2013-06-12 10:06:23,khms1.google.fr
2013-06-12 10:06:23,mts0.google.com
2013-06-12 10:06:24,maps.google.fr
2013-06-12 10:06:24,mts0.google.com
2013-06-12 10:06:24,khms0.google.fr
2013-06-12 10:06:24,mts1.google.com
2013-06-12 10:06:24,khms1.google.fr
2013-06-12 10:06:25,khms0.google.fr
2013-06-12 10:06:25,khms1.google.fr
2013-06-12 10:06:27,maps.google.fr
2013-06-12 10:06:27,mts1.google.com
2013-06-12 10:06:39,mts0.google.com
2013-06-12 10:06:39,maps.google.fr
2013-06-12 10:06:39,khms0.google.fr
2013-06-12 10:06:39,khms1.google.fr
2013-06-12 10:06:39,mts1.google.com
2013-06-12 10:06:40,mts0.google.com
2013-06-12 10:06:40,mts1.google.com
2013-06-12 10:06:41,khms1.google.fr
2013-06-12 10:06:41,khms0.google.fr
2013-06-12 10:06:41,mts1.google.com
2013-06-12 10:06:41,mts0.google.com
2013-06-12 10:06:41,maps.google.fr
2013-06-12 10:06:42,khms1.google.fr
2013-06-12 10:06:42,khms0.google.fr
2013-06-12 10:06:47,khms1.google.fr
2013-06-12 10:06:47,khms0.google.fr
2013-06-12 10:06:47,maps.google.fr
2013-06-12 10:06:47,mts1.google.com
2013-06-12 10:06:47,mts0.google.com
2013-06-12 10:08:49,maps.google.fr
2013-06-12 10:08:49,mts0.google.com
2013-06-12 10:08:49,khms1.google.fr
2013-06-12 10:08:49,mts1.google.com
2013-06-12 10:08:49,khms0.google.fr
2013-06-12 10:18:18,khms1.google.fr
2013-06-12 10:18:18,maps.google.fr
2013-06-12 10:18:18,mts0.google.com
2013-06-12 10:18:18,mts1.google.com
2013-06-12 10:18:18,khms0.google.fr
2013-06-12 10:18:19,khms0.google.fr
2013-06-12 10:18:19,khms1.google.fr
2013-06-12 10:20:19,mts1.google.com
2013-06-12 10:20:19,khms1.google.fr
2013-06-12 10:20:19,maps.google.fr
2013-06-12 10:20:19,mts0.google.com
2013-06-12 10:20:19,khms0.google.fr
2013-06-12 10:44:55,www.google.fr
2013-06-12 10:45:03,www.google.fr
2013-06-12 10:45:06,www.google.fr
2013-06-12 10:45:06,forums.france2.fr
2013-06-12 10:45:07,www.francetv.fr
2013-06-12 10:45:07,forums.france2.fr
2013-06-12 10:45:07,image.noelshack.com
2013-06-12 10:45:07,images-ftvi.mesdiscussions.net
2013-06-12 10:45:07,www.noelshack.com
2013-06-12 10:45:07,static.francetv.fr
2013-06-12 10:45:08,srv.francetv.fr
2013-06-12 10:45:08,forums.france2.fr
2013-06-12 10:45:08,www.france2.fr
2013-06-12 10:45:08,static.francetv.fr
2013-06-12 10:45:09,www.france2.fr
2013-06-12 10:45:09,static.francetv.fr
2013-06-12 10:45:10,fpdownload2.macromedia.com
2013-06-12 10:45:10,static.francetv.fr
2013-06-12 10:45:10,www.google.com
2013-06-12 10:45:10,www.google.fr
2013-06-12 10:45:10,d16s8pqtk4uodx.cloudfront.net
2013-06-12 10:45:10,www.francetv.fr
2013-06-12 10:45:10,its.tradelab.fr
2013-06-12 10:46:20,d16s8pqtk4uodx.cloudfront.net
2013-06-12 11:39:01,khms1.google.fr
2013-06-12 11:39:01,mts0.google.com
2013-06-12 11:39:01,maps.google.fr
2013-06-12 11:39:01,mts1.google.com
2013-06-12 11:39:02,khms1.google.fr
2013-06-12 11:39:02,khms0.google.fr
2013-06-12 11:39:02,maps.google.fr
2013-06-12 11:39:03,khms1.google.fr
2013-06-12 11:39:04,khms1.google.fr
2013-06-12 11:39:05,mts1.google.com
2013-06-12 11:39:05,khms1.google.fr
2013-06-12 11:39:05,maps.google.fr
2013-06-12 11:39:05,khms0.google.fr
2013-06-12 11:39:05,mts0.google.com
2013-06-12 11:39:06,khms1.google.fr
2013-06-12 11:39:06,khms0.google.fr
2013-06-12 11:39:06,mts1.google.com
2013-06-12 11:39:06,mts0.google.com
2013-06-12 11:39:07,khms1.google.fr
2013-06-12 11:39:07,mts0.google.com
2013-06-12 11:39:07,khms0.google.fr
2013-06-12 11:39:07,mts1.google.com
2013-06-12 11:39:07,maps.google.fr
2013-06-12 11:39:08,mts0.google.com
2013-06-12 11:39:08,khms0.google.fr
2013-06-12 11:39:08,khms1.google.fr
2013-06-12 11:39:11,maps.google.fr
2013-06-12 11:39:11,khms1.google.fr
2013-06-12 11:39:11,mts1.google.com
2013-06-12 11:39:11,mts0.google.com
2013-06-12 11:39:11,khms0.google.fr
2013-06-12 11:39:12,khms1.google.fr
2013-06-12 11:39:15,mts1.google.com
2013-06-12 11:39:15,khms1.google.fr
2013-06-12 11:39:15,mts0.google.com
2013-06-12 11:39:15,khms0.google.fr
2013-06-12 11:39:15,maps.google.fr
2013-06-12 11:39:16,khms0.google.fr
2013-06-12 11:39:16,khms1.google.fr
2013-06-12 11:39:16,maps.google.fr
2013-06-12 11:39:16,mts1.google.com
2013-06-12 11:39:16,mts0.google.com
2013-06-12 11:39:17,mts1.google.com
2013-06-12 11:39:17,mts0.google.com
2013-06-12 11:39:17,khms1.google.fr
2013-06-12 11:39:17,khms0.google.fr
2013-06-12 11:39:18,khms0.google.fr
2013-06-12 11:39:18,mts1.google.com
2013-06-12 11:39:18,mts0.google.com
2013-06-12 11:39:18,khms1.google.fr
2013-06-12 11:39:21,khms0.google.fr
2013-06-12 11:39:21,mts1.google.com
2013-06-12 11:39:21,khms1.google.fr
2013-06-12 11:39:22,maps.google.fr
2013-06-12 11:39:22,mts1.google.com
2013-06-12 11:39:22,mts0.google.com
2013-06-12 11:39:22,khms1.google.fr
2013-06-12 11:39:23,mts0.google.com
2013-06-12 11:39:23,khms1.google.fr
2013-06-12 11:39:23,mts1.google.com
2013-06-12 11:39:23,khms0.google.fr
2013-06-12 11:39:24,khms0.google.fr
2013-06-12 11:39:24,mts1.google.com
2013-06-12 11:39:24,mts0.google.com
2013-06-12 11:39:24,khms1.google.fr
2013-06-12 11:39:33,mts1.google.com
2013-06-12 11:39:33,mts0.google.com
2013-06-12 11:39:33,maps.google.fr
2013-06-12 11:39:33,khms0.google.fr
2013-06-12 11:39:33,khms1.google.fr
2013-06-12 11:39:34,mts0.google.com
2013-06-12 11:39:34,khms1.google.fr
2013-06-12 11:39:34,khms0.google.fr
2013-06-12 11:39:34,mts1.google.com
2013-06-12 11:39:35,mts0.google.com
2013-06-12 11:39:35,mts1.google.com
2013-06-12 11:39:35,maps.google.fr
2013-06-12 11:39:35,khms0.google.fr
2013-06-12 11:39:35,khms1.google.fr
2013-06-12 11:39:36,khms0.google.fr
2013-06-12 11:39:36,khms1.google.fr
2013-06-12 11:39:38,mts0.google.com
2013-06-12 11:39:38,khms0.google.fr
2013-06-12 11:39:38,khms1.google.fr
2013-06-12 11:39:38,maps.google.fr
2013-06-12 11:39:38,mts1.google.com
2013-06-12 11:39:39,khms0.google.fr
2013-06-12 11:39:39,khms1.google.fr
2013-06-12 11:39:52,khms1.google.fr
2013-06-12 11:39:52,khms0.google.fr
2013-06-12 11:39:52,maps.google.fr
2013-06-12 11:39:52,mts1.google.com
2013-06-12 11:39:52,mts0.google.com
2013-06-12 11:39:53,mts1.google.com
2013-06-12 11:39:55,khms1.google.fr
2013-06-12 11:39:55,maps.google.fr
2013-06-12 11:39:55,mts0.google.com
2013-06-12 11:39:55,khms0.google.fr
2013-06-12 11:39:55,mts1.google.com
2013-06-12 11:39:56,khms0.google.fr
2013-06-12 11:39:56,khms1.google.fr
2013-06-12 11:39:56,mts1.google.com
2013-06-12 11:39:56,mts0.google.com
2013-06-12 11:39:57,mts1.google.com
2013-06-12 11:39:57,mts0.google.com
2013-06-12 11:39:57,maps.google.fr
2013-06-12 11:39:57,khms0.google.fr
2013-06-12 11:39:57,khms1.google.fr
2013-06-12 11:39:58,mts0.google.com
2013-06-12 11:39:58,khms1.google.fr
2013-06-12 11:39:58,khms0.google.fr
2013-06-12 11:39:58,mts1.google.com
2013-06-12 11:39:59,khms1.google.fr
2013-06-12 11:39:59,khms0.google.fr
2013-06-12 11:39:59,mts0.google.com
2013-06-12 11:40:00,mts0.google.com
2013-06-12 11:40:00,mts1.google.com
2013-06-12 11:40:00,khms0.google.fr
2013-06-12 11:40:01,mts1.google.com
2013-06-12 11:40:01,maps.google.fr
2013-06-12 11:40:01,mts0.google.com
2013-06-12 11:40:01,khms1.google.fr
2013-06-12 11:40:01,khms0.google.fr
2013-06-12 11:40:01,geo2.ggpht.com
2013-06-12 11:40:01,geo3.ggpht.com
2013-06-12 11:40:01,geo0.ggpht.com
2013-06-12 11:40:01,geo1.ggpht.com
2013-06-12 11:40:02,maps.google.fr
2013-06-12 11:40:02,mts0.google.com
2013-06-12 11:40:02,geo2.ggpht.com
2013-06-12 11:40:02,geo1.ggpht.com
2013-06-12 11:40:02,geo0.ggpht.com
2013-06-12 11:40:02,geo3.ggpht.com
2013-06-12 11:40:02,mts2.google.com
2013-06-12 11:40:05,mts0.google.com
2013-06-12 11:41:23,www.google.com
2013-06-12 11:41:23,geo0.ggpht.com
2013-06-12 11:41:23,geo1.ggpht.com
2013-06-12 11:41:23,geo2.ggpht.com
2013-06-12 11:41:23,geo3.ggpht.com
2013-06-12 11:41:23,khms0.google.fr
2013-06-12 11:41:23,mts2.google.com
2013-10-12 09:45:17,www.google.fr
2013-10-12 09:45:18,apis.google.com
2013-10-12 09:45:19,www.google.com
2013-10-12 09:45:22,mts0.google.com
2013-10-12 09:45:22,www.google.fr
2013-10-12 09:45:22,apis.google.com
2013-10-12 09:45:22,mts1.google.com
2013-10-12 09:45:22,maps.google.fr
2013-10-12 09:45:22,www.google.com
2013-10-12 09:45:23,mts1.google.com
2013-10-12 09:45:23,mts0.google.com
2013-10-12 09:45:24,mts1.google.com
2013-10-12 09:45:24,mts0.google.com
2013-10-12 09:45:25,mts1.google.com
2013-10-12 09:45:35,mts0.google.com
2013-10-12 09:45:35,maps.google.fr
2013-10-12 09:45:35,mts1.google.com
2013-10-12 09:45:37,mts1.google.com
2013-10-12 09:45:37,mts0.google.com
2013-10-12 09:45:37,maps.google.fr
2013-10-12 09:45:38,maps.google.fr
2013-10-12 09:45:38,khms0.google.fr
2013-10-12 09:45:38,khms1.google.fr
2013-10-12 09:45:38,mts0.google.com
2013-10-12 09:45:39,khms1.google.fr
2013-10-12 09:45:39,khms0.google.fr
2013-10-12 09:45:40,khms1.google.fr
2013-10-12 09:46:42,mts0.google.com
2013-10-12 09:46:42,maps.google.fr
2013-10-12 09:46:42,khms0.google.fr
2013-10-12 09:46:42,mts1.google.com
2013-10-12 09:46:42,khms1.google.fr
2013-10-12 09:46:43,khms0.google.fr
2013-10-12 09:46:43,khms1.google.fr
2013-10-12 09:46:44,khms1.google.fr
2013-10-12 09:46:58,khms1.google.fr
2013-10-12 09:46:58,khms0.google.fr
2013-10-12 09:46:58,maps.google.fr
2013-10-12 09:46:58,mts1.google.com
2013-10-12 09:46:58,mts0.google.com
2013-10-12 09:46:59,khms0.google.fr
2013-10-12 09:46:59,mts0.google.com
2013-10-12 09:46:59,mts1.google.com
2013-10-12 09:46:59,maps.google.fr
2013-10-12 09:46:59,khms1.google.fr
2013-10-12 09:47:02,khms0.google.fr
2013-10-12 09:47:04,khms0.google.fr
2013-10-12 09:47:16,khms0.google.fr
2013-10-12 09:47:16,khms1.google.fr
2013-10-12 09:47:35,khms1.google.fr
2013-10-12 09:47:35,maps.google.fr
2013-10-12 09:47:35,khms0.google.fr
2013-10-12 09:47:35,mts1.google.com
2013-10-12 09:47:35,mts0.google.com
2013-10-12 09:47:36,mts0.google.com
2013-10-12 09:47:36,khms1.google.fr
2013-10-12 09:47:36,khms0.google.fr
2013-10-12 09:47:36,mts1.google.com
2013-10-12 09:47:37,mts1.google.com
2013-10-12 09:47:37,mts0.google.com
2013-10-12 09:47:40,maps.google.fr
2013-10-12 09:47:40,khms1.google.fr
2013-10-12 09:47:40,khms0.google.fr
2013-10-12 09:47:40,mts0.google.com
2013-10-12 09:47:40,mts1.google.com
2013-10-12 09:47:42,mts0.google.com
2013-10-12 09:47:46,mts0.google.com
2013-10-12 09:47:46,maps.google.fr
2013-10-12 09:47:46,mts1.google.com
2013-10-12 09:47:46,mts3.google.com
2013-10-12 09:47:46,mts2.google.com
2013-10-12 09:47:47,mts1.google.com
2013-10-12 09:47:47,mts3.google.com
2013-10-12 09:47:47,mts2.google.com
2013-10-12 09:47:47,mts0.google.com
2013-10-12 09:47:50,mts2.google.com
2013-10-12 09:47:51,mts2.google.com
2013-10-12 09:47:51,mw2.google.com
2013-10-12 09:47:59,mts0.google.com
2013-10-12 09:48:00,mts0.google.com
2013-10-12 09:48:00,mts2.google.com
2013-10-12 09:48:00,mts1.google.com
2013-10-12 09:48:00,mts3.google.com
2013-10-12 09:48:01,geo0.ggpht.com
2013-10-12 09:48:01,geo2.ggpht.com
2013-10-12 09:48:01,geo3.ggpht.com
2013-10-12 09:48:01,geo1.ggpht.com
2013-10-12 09:48:01,mw2.google.com
2013-10-12 09:48:01,maps.google.fr
2013-10-12 09:48:01,static.panoramio.com.storage.googleapis.com
2013-10-12 09:48:11,geo2.ggpht.com
2013-10-12 09:48:11,geo3.ggpht.com
2013-10-12 09:48:11,geo1.ggpht.com
2013-10-12 09:48:41,khms1.google.fr
2013-10-12 09:48:41,mts1.google.com
2013-10-12 09:48:41,mts0.google.com
2013-10-12 09:48:41,mw2.google.com
2013-10-12 09:48:41,khms0.google.fr
2013-10-12 09:48:41,www.google.com
2013-10-12 09:48:41,geo0.ggpht.com
2013-10-12 09:48:41,maps.google.fr
2013-10-12 09:48:41,static.panoramio.com.storage.googleapis.com
2013-10-12 09:48:42,mts0.google.com
2013-10-12 09:48:42,mts1.google.com
2013-10-12 09:48:42,khms1.google.fr
2013-10-12 09:48:42,khms0.google.fr
2013-10-12 09:48:43,mts0.google.com
2013-10-12 09:49:09,khms0.google.fr
2013-10-12 09:49:09,mts0.google.com
2013-10-12 09:49:09,maps.google.fr
2013-10-12 09:49:10,mts1.google.com
2013-10-12 09:49:10,khms1.google.fr
2013-10-12 09:49:11,mts1.google.com
2013-10-12 09:50:46,khms0.google.fr
2013-10-12 09:50:46,maps.google.fr
2013-10-12 09:50:46,mts1.google.com
2013-10-12 09:50:46,mts0.google.com
2013-10-12 09:50:46,khms1.google.fr
2013-10-12 09:50:47,mts1.google.com
2013-10-12 09:50:47,maps.google.fr
2013-10-12 09:50:47,khms1.google.fr
2013-10-12 09:50:47,mts0.google.com
2013-10-12 09:50:47,khms0.google.fr
2013-10-12 09:50:48,mts1.google.com
2013-10-12 09:50:48,khms0.google.fr
2013-10-12 09:50:48,mts0.google.com
2013-10-12 09:50:49,mts0.google.com
2013-10-12 09:50:49,khms1.google.fr
2013-10-12 09:50:49,mts1.google.com
2013-10-12 09:50:49,maps.google.fr
2013-10-12 09:50:49,khms0.google.fr
2013-10-12 09:50:50,mts1.google.com
2013-10-12 09:50:50,mts0.google.com
2013-10-12 09:50:50,khms1.google.fr
2013-10-12 09:50:50,khms0.google.fr
2013-10-12 09:50:51,khms0.google.fr
2013-10-12 09:50:55,mts0.google.com
2013-10-12 09:50:55,mts1.google.com
2013-10-12 09:50:55,khms1.google.fr
2013-10-12 09:50:55,khms0.google.fr
2013-10-12 09:50:55,maps.google.fr
2013-10-12 09:50:56,khms0.google.fr
2013-10-12 09:50:56,khms1.google.fr
2013-10-12 09:50:57,khms0.google.fr
2013-10-12 09:50:57,khms1.google.fr
2013-10-12 09:50:57,maps.google.fr
2013-10-12 09:50:57,mts0.google.com
2013-10-12 09:50:57,mts1.google.com
2013-10-12 09:50:58,mts0.google.com
2013-10-12 09:50:58,khms1.google.fr
2013-10-12 09:50:58,khms0.google.fr
2013-10-12 09:50:59,khms1.google.fr
2013-10-12 09:51:00,khms1.google.fr
2013-10-12 09:51:06,khms1.google.fr
2013-10-12 09:51:15,khms1.google.fr
2013-10-12 09:51:15,maps.google.fr
2013-10-12 09:51:16,khms1.google.fr
2013-10-12 09:51:16,maps.google.fr
2013-10-12 09:51:16,khms0.google.fr
2013-10-12 09:51:16,mts0.google.com
2013-10-12 09:51:16,mts1.google.com
2013-10-12 09:51:17,khms1.google.fr
2013-10-12 09:51:17,khms0.google.fr
2013-10-12 09:51:17,mts0.google.com
2013-10-12 09:51:18,khms1.google.fr
2013-10-12 09:51:18,khms0.google.fr
2013-10-12 09:51:18,maps.google.fr
2013-10-12 09:51:18,mts0.google.com
2013-10-12 09:51:18,mts1.google.com
2013-10-12 09:51:19,khms1.google.fr
2013-10-12 09:52:25,khms0.google.fr
2013-10-12 09:52:25,mts1.google.com
2013-10-12 09:52:25,khms1.google.fr
2013-10-12 09:52:25,mts0.google.com
2013-10-12 09:52:25,maps.google.fr
2013-10-12 09:52:26,mts3.google.com
2013-10-12 09:52:26,mts2.google.com
2013-10-12 09:52:26,mts1.google.com
2013-10-12 09:52:26,maps.google.fr
2013-10-12 09:52:26,mts0.google.com
2013-10-12 09:52:27,mts1.google.com
2013-10-12 09:54:12,mts0.google.com
2013-10-12 09:54:17,maps.google.fr
2013-10-12 09:54:17,mts2.google.com
2013-10-12 09:54:17,mts1.google.com
2013-10-12 09:54:17,mts3.google.com
2013-10-12 09:54:17,mw2.google.com
2013-10-12 09:54:18,mts2.google.com
2013-10-12 09:54:18,mts0.google.com
2013-10-12 09:54:18,mts1.google.com
2013-10-12 09:54:18,mts3.google.com
2013-10-12 09:54:24,mts2.google.com
2013-10-12 09:54:26,mts3.google.com
2013-10-12 09:54:34,mts3.google.com
2013-10-12 09:54:35,mts0.google.com
2013-10-12 09:54:35,mts2.google.com
2013-10-12 09:54:36,mts2.google.com
2013-10-12 09:54:36,mts3.google.com
2013-10-12 09:54:42,khms1.google.fr
2013-10-12 09:54:42,mw2.google.com
2013-10-12 09:54:42,mts3.google.com
2013-10-12 09:54:42,maps.google.fr
2013-10-12 09:54:42,mts1.google.com
2013-10-12 09:54:45,www.google.com
2013-10-12 09:54:48,geo0.ggpht.com
2013-10-12 09:54:52,static.panoramio.com.storage.googleapis.com
2013-10-12 09:54:52,mts2.google.com
2013-10-12 09:54:53,mts2.google.com
2013-10-12 09:54:54,mts3.google.com
2013-10-12 09:54:55,mts1.google.com
2013-10-12 09:54:55,khms0.google.fr
2013-10-12 09:54:59,mts2.google.com
2013-10-12 09:57:17,mts0.google.com
2013-10-12 09:57:19,maps.google.fr
2013-10-12 09:57:21,khms0.google.fr
2013-10-12 09:57:22,mts1.google.com
2013-10-12 09:57:22,khms1.google.fr
2013-10-12 09:57:22,static.panoramio.com.storage.googleapis.com
2013-10-12 09:57:22,mts3.google.com
2013-10-12 09:57:29,www.google.com
2013-10-12 09:57:29,geo0.ggpht.com
2013-10-12 09:57:29,mts0.google.com
2013-10-12 09:57:29,khms0.google.fr
2013-10-12 09:57:29,maps.google.fr
2013-10-12 09:57:29,mw2.google.com
2013-10-12 09:57:31,mts1.google.com
2013-10-12 09:57:31,khms0.google.fr
2013-10-12 09:57:59,khms1.google.fr
2013-10-12 09:57:59,maps.google.fr
2013-10-12 09:57:59,khms0.google.fr
2013-10-12 09:58:00,mts1.google.com
2013-10-12 09:58:00,khms1.google.fr
2013-10-12 09:58:00,khms0.google.fr
2013-10-12 09:58:00,mts0.google.com
2013-10-12 09:58:01,khms0.google.fr
2013-10-12 09:58:01,khms1.google.fr
2013-10-12 09:58:01,maps.google.fr
2013-10-12 09:58:02,khms1.google.fr
2013-10-12 09:58:02,mts0.google.com
2013-10-12 09:58:02,mts1.google.com
2013-10-12 09:58:02,khms0.google.fr
2013-10-12 09:58:03,khms0.google.fr
2013-10-12 09:58:03,khms1.google.fr
2013-10-12 09:58:03,mts1.google.com
2013-10-12 09:58:03,mts0.google.com
2013-10-12 09:58:05,mts0.google.com
2013-10-12 09:58:05,khms1.google.fr
2013-10-12 09:58:05,khms0.google.fr
2013-10-12 09:58:05,maps.google.fr
2013-10-12 09:58:05,mts1.google.com
2013-10-12 09:58:06,khms0.google.fr
2013-10-12 09:58:06,khms1.google.fr
2013-10-12 09:58:06,mts1.google.com
2013-10-12 09:58:06,mts0.google.com
2013-10-12 09:58:07,mts1.google.com
2013-10-12 09:58:07,mts0.google.com
2013-10-12 09:58:31,maps.google.fr
2013-10-12 09:58:31,khms1.google.fr
2013-10-12 09:58:31,khms0.google.fr
2013-10-12 09:58:31,mts0.google.com
2013-10-12 09:58:31,mts1.google.com
2013-10-12 09:58:32,khms1.google.fr
2013-10-12 09:58:32,khms0.google.fr
2013-10-12 09:58:45,mts1.google.com
2013-10-12 09:58:45,maps.google.fr
2013-10-12 09:58:45,mts0.google.com
2013-10-12 09:58:45,khms0.google.fr
2013-10-12 09:58:45,khms1.google.fr
2013-10-12 09:58:46,khms1.google.fr
2013-10-12 09:58:46,khms0.google.fr
2013-10-12 09:58:47,khms0.google.fr
2013-10-12 09:58:54,mts0.google.com
2013-10-12 09:58:54,mts1.google.com
2013-10-12 09:58:54,khms0.google.fr
2013-10-12 09:58:54,maps.google.fr
2013-10-12 09:58:54,khms1.google.fr
2013-10-12 09:58:55,khms0.google.fr
2013-10-12 09:58:55,khms1.google.fr
2013-10-12 09:59:02,khms0.google.fr
2013-10-12 09:59:02,mts1.google.com
2013-10-12 09:59:02,mts0.google.com
2013-10-12 09:59:02,khms1.google.fr
2013-10-12 09:59:02,maps.google.fr
2013-10-12 09:59:03,mts0.google.com
2013-10-12 09:59:03,khms0.google.fr
2013-10-12 09:59:03,khms1.google.fr
2013-10-12 09:59:03,mts1.google.com
2013-10-12 09:59:04,mts1.google.com
2013-10-12 09:59:04,mts0.google.com
2013-10-12 09:59:04,maps.google.fr
2013-10-12 09:59:04,khms0.google.fr
2013-10-12 09:59:06,mts3.google.com
2013-10-12 09:59:06,mts0.google.com
2013-10-12 09:59:06,mts1.google.com
2013-10-12 09:59:06,khms1.google.fr
2013-10-12 09:59:06,maps.google.fr
2013-10-12 09:59:06,mts2.google.com
2013-10-12 09:59:06,khms0.google.fr
2013-10-12 09:59:07,mts3.google.com
2013-10-12 09:59:12,mts2.google.com
2013-10-12 09:59:14,mts3.google.com
2013-10-12 09:59:14,mts0.google.com
2013-10-12 09:59:15,mts0.google.com
2013-10-12 09:59:15,mts2.google.com
2013-10-12 09:59:16,mts2.google.com
2013-10-12 09:59:16,mts3.google.com
2013-10-12 09:59:16,maps.google.fr
2013-10-12 09:59:24,maps.google.fr
2013-10-12 09:59:25,maps.google.fr
2013-10-12 09:59:25,mw2.google.com
2013-10-12 09:59:28,www.google.com
2013-10-12 09:59:32,mts0.google.com
2013-10-12 09:59:32,maps.google.fr
2013-10-12 09:59:32,mts1.google.com
2013-10-12 09:59:32,mw2.google.com
2013-10-12 09:59:32,mts2.google.com
2013-10-12 09:59:32,khms0.google.fr
2013-10-12 09:59:32,geo0.ggpht.com
2013-10-12 09:59:32,khms1.google.fr
2013-10-12 09:59:32,static.panoramio.com.storage.googleapis.com
2013-10-12 09:59:35,khms1.google.fr
2013-10-12 09:59:35,mts1.google.com
2013-10-12 09:59:36,mts2.google.com
2013-10-12 09:59:36,mts3.google.com
2013-10-12 09:59:36,khms1.google.fr
2013-10-12 09:59:36,mts1.google.com
2013-10-12 09:59:41,mts3.google.com
2013-10-12 09:59:42,mts2.google.com
2013-10-12 09:59:42,maps.google.fr
2013-10-12 09:59:43,maps.google.fr
2013-10-12 09:59:43,mw2.google.com
2013-10-12 09:59:44,geo0.ggpht.com
2013-10-12 09:59:46,www.google.com
2013-10-12 09:59:47,static.panoramio.com.storage.googleapis.com
2013-10-12 09:59:48,khms0.google.fr
2013-10-12 09:59:48,khms1.google.fr
2013-10-12 10:00:06,mts0.google.com
2013-10-12 10:00:12,mts3.google.com
2013-10-12 10:00:13,maps.google.fr
2013-10-12 10:00:13,mts3.google.com
2013-10-12 10:00:13,mts0.google.com
2013-10-12 10:00:13,mts1.google.com
2013-10-12 10:00:13,mts2.google.com
2013-10-12 10:00:13,static.panoramio.com.storage.googleapis.com
2013-10-12 10:00:13,geo0.ggpht.com
2013-10-12 10:00:13,www.google.com
2013-10-12 10:00:13,mw2.google.com
2013-10-12 10:00:13,khms0.google.fr
2013-10-12 10:00:14,mts0.google.com
2013-10-12 10:00:14,mts2.google.com
2013-10-12 10:00:14,mts1.google.com
2013-10-12 10:00:15,khms0.google.fr
2013-10-12 10:00:15,mts0.google.com
2013-10-12 10:00:15,maps.google.fr
2013-10-12 10:00:15,mts1.google.com
2013-10-12 10:00:15,mts2.google.com
2013-10-12 10:00:15,mts3.google.com
2013-10-12 10:00:16,khms1.google.fr
2013-10-12 10:00:16,khms0.google.fr
2013-10-12 10:00:16,mts2.google.com
2013-10-12 10:00:16,mts3.google.com
2013-10-12 10:00:16,mts1.google.com
2013-10-12 10:00:16,mts0.google.com
2013-10-12 10:00:17,mts1.google.com
2013-10-12 10:00:17,khms1.google.fr
2013-10-12 10:00:17,mts3.google.com
2013-10-12 10:00:17,mts2.google.com
2013-10-12 10:00:17,khms0.google.fr
2013-10-12 10:00:18,mts0.google.com
2013-10-12 10:00:18,maps.google.fr
2013-10-12 10:00:18,mts2.google.com
2013-10-12 10:00:18,mts3.google.com
2013-10-12 10:00:18,khms0.google.fr
2013-10-12 10:00:18,mts1.google.com
2013-10-12 10:00:18,khms1.google.fr
2013-10-12 10:00:20,mts3.google.com
2013-10-12 10:00:21,mts2.google.com
2013-10-12 10:00:21,mts3.google.com
2013-10-12 10:00:21,maps.google.fr
2013-10-12 10:00:21,mts0.google.com
2013-10-12 10:00:21,mts1.google.com
2013-10-12 10:00:21,khms1.google.fr
2013-10-12 10:00:21,khms0.google.fr
2013-10-12 10:00:22,mts0.google.com
2013-10-12 10:00:22,mts2.google.com
2013-10-12 10:00:23,mts2.google.com
2013-10-12 10:00:23,mts3.google.com
2013-10-12 10:00:23,maps.google.fr
2013-10-12 10:00:23,mts0.google.com
2013-10-12 10:00:23,mts1.google.com
2013-10-12 10:00:23,khms1.google.fr
2013-10-12 10:00:31,mts2.google.com
2013-10-12 10:00:35,mts0.google.com
2013-10-12 10:00:38,mts2.google.com
2013-10-12 10:01:00,mts1.google.com
2013-10-12 10:01:00,mts3.google.com
2013-10-12 10:01:00,khms0.google.fr
2013-10-12 10:01:00,mts2.google.com
2013-10-12 10:01:02,khms0.google.fr
2013-10-12 10:01:02,mts0.google.com
2013-10-12 10:01:02,mts2.google.com
2013-10-12 10:01:03,khms0.google.fr
2013-10-12 10:01:04,mts3.google.com
2013-10-12 10:01:04,khms0.google.fr
2013-10-12 10:01:04,mts1.google.com
2013-10-12 10:01:04,khms1.google.fr
2013-10-12 10:01:04,maps.google.fr
2013-10-12 10:01:04,mts0.google.com
2013-10-12 10:01:04,mts2.google.com
2013-10-12 10:01:05,mts2.google.com
2013-10-12 10:01:05,mts3.google.com
2013-10-12 10:01:05,mts0.google.com
2013-10-12 10:01:06,mts2.google.com
2013-10-12 10:01:07,khms1.google.fr
2013-10-12 10:01:09,khms0.google.fr
2013-10-12 10:01:10,mts3.google.com
2013-10-12 10:01:10,mts0.google.com
2013-10-12 10:01:10,khms0.google.fr
2013-10-12 10:01:16,mts3.google.com
2013-10-12 10:01:16,mw2.google.com
2013-10-12 10:01:16,mts2.google.com
2013-10-12 10:01:16,maps.google.fr
2013-10-12 10:01:19,www.google.com
2013-10-12 10:01:21,geo0.ggpht.com
2013-10-12 10:01:23,static.panoramio.com.storage.googleapis.com
2013-10-12 10:01:24,mts1.google.com
2013-10-12 10:01:25,khms0.google.fr
2013-10-12 10:01:25,khms1.google.fr
2013-10-12 10:01:30,maps.google.fr
2013-10-12 10:01:30,mts3.google.com
2013-10-12 10:01:33,www.google.com
2013-10-12 10:01:33,mw2.google.com
2013-10-12 10:01:53,static.panoramio.com.storage.googleapis.com
2013-10-12 10:01:53,khms0.google.fr
2013-10-12 10:01:53,mts0.google.com
2013-10-12 10:01:53,geo0.ggpht.com
2013-10-12 10:01:53,maps.google.fr
2013-10-12 10:01:53,mts2.google.com
2013-10-12 10:01:53,mts3.google.com
2013-10-12 10:01:53,mw2.google.com
2013-10-12 10:01:59,khms1.google.fr
2013-10-12 10:02:00,mts2.google.com
2013-10-12 10:02:10,mts1.google.com
2013-10-12 10:02:10,khms1.google.fr
2013-10-12 10:02:11,mts3.google.com
2013-10-12 10:02:11,mw2.google.com
2013-10-12 10:02:11,maps.google.fr
2013-10-12 10:02:11,khms0.google.fr
2013-10-12 10:02:11,mts1.google.com
2013-10-12 10:02:11,mts0.google.com
2013-10-12 10:02:11,mts2.google.com
2013-10-12 10:02:12,khms1.google.fr
2013-10-12 10:02:12,mts0.google.com
2013-10-12 10:02:12,khms0.google.fr
2013-10-12 10:02:12,mts2.google.com
2013-10-12 10:02:13,khms1.google.fr
2013-10-12 10:02:13,mts1.google.com
2013-10-12 10:02:13,mts2.google.com
2013-10-12 10:02:14,mts3.google.com
2013-10-12 10:02:14,khms0.google.fr
2013-10-12 10:02:14,mts1.google.com
2013-10-12 10:02:14,khms1.google.fr
2013-10-12 10:02:14,maps.google.fr
2013-10-12 10:02:14,mts0.google.com
2013-10-12 10:02:15,mts2.google.com
2013-10-12 10:02:15,khms0.google.fr
2013-10-12 10:02:19,mts1.google.com
2013-10-12 10:02:19,mw2.google.com
2013-10-12 10:02:19,mts0.google.com
2013-10-12 10:02:19,khms1.google.fr
2013-10-12 10:02:19,khms0.google.fr
2013-10-12 10:02:19,mts2.google.com
2013-10-12 10:02:19,maps.google.fr
2013-10-12 10:02:19,mts3.google.com
2013-10-12 10:02:20,khms1.google.fr
2013-10-12 10:02:20,mts0.google.com
2013-10-12 10:02:20,mts1.google.com
2013-10-12 10:02:20,khms0.google.fr
2013-10-12 10:02:21,khms0.google.fr
2013-10-12 10:02:21,khms1.google.fr
2013-10-12 10:02:21,mts2.google.com
2013-10-12 10:02:21,mts1.google.com
2013-10-12 10:02:21,mts3.google.com
2013-10-12 10:02:21,mts0.google.com
2013-10-12 10:02:21,maps.google.fr
2013-10-12 10:02:22,mts1.google.com
2013-10-12 10:02:23,khms0.google.fr
2013-10-12 10:02:23,khms1.google.fr
2013-10-12 10:02:23,mts3.google.com
2013-10-12 10:02:23,mts2.google.com
2013-10-12 10:02:24,mts3.google.com
2013-10-12 10:02:24,maps.google.fr
2013-10-12 10:02:24,khms1.google.fr
2013-10-12 10:02:24,mts1.google.com
2013-10-12 10:02:24,mts0.google.com
2013-10-12 10:02:24,mts2.google.com
2013-10-12 10:02:24,khms0.google.fr
2013-10-12 10:02:25,mts2.google.com
2013-10-12 10:02:25,mts0.google.com
2013-10-12 10:02:25,mts1.google.com
2013-10-12 10:02:25,mts3.google.com
2013-10-12 10:02:25,khms0.google.fr
2013-10-12 10:02:25,khms1.google.fr
2013-10-12 10:02:25,maps.google.fr
2013-10-12 10:02:26,khms1.google.fr
2013-10-12 10:02:26,khms0.google.fr
2013-10-12 10:02:26,mts0.google.com
2013-10-12 10:02:26,mts3.google.com
2013-10-12 10:02:26,mts1.google.com
2013-10-12 10:02:26,mts2.google.com
2013-10-12 10:02:27,mts0.google.com
2013-10-12 10:02:27,mts1.google.com
2013-10-12 10:02:27,mts2.google.com
2013-10-12 10:02:27,khms1.google.fr
2013-10-12 10:02:27,khms0.google.fr
2013-10-12 10:02:28,mts3.google.com
2013-10-12 10:02:28,mts2.google.com
2013-10-12 10:02:28,khms1.google.fr
2013-10-12 10:02:28,khms0.google.fr
2013-10-12 10:02:28,mts1.google.com
2013-10-12 10:02:28,mts0.google.com
2013-10-12 10:02:28,maps.google.fr
2013-10-12 10:02:29,mts0.google.com
2013-10-12 10:02:29,mts3.google.com
2013-10-12 10:02:29,mts2.google.com
2013-10-12 10:02:29,mts1.google.com
2013-10-12 10:02:29,khms1.google.fr
2013-10-12 10:02:29,khms0.google.fr
2013-10-12 10:02:30,mts1.google.com
2013-10-12 10:02:31,khms1.google.fr
2013-10-12 10:02:31,mts0.google.com
2013-10-12 10:02:32,maps.google.fr
2013-10-12 10:02:32,mts0.google.com
2013-10-12 10:02:33,khms0.google.fr
2013-10-12 10:02:38,khms1.google.fr
2013-10-12 10:02:43,khms0.google.fr
2013-10-12 10:03:09,mts1.google.com
2013-10-12 10:03:09,mts3.google.com
2013-10-12 10:03:09,mts2.google.com
2013-10-12 10:03:10,mts1.google.com
2013-10-12 10:03:10,mts2.google.com
2013-10-12 10:03:10,mts3.google.com
2013-10-12 10:03:10,khms0.google.fr
2013-10-12 10:03:10,maps.google.fr
2013-10-12 10:03:10,khms1.google.fr
2013-10-12 10:03:23,mts3.google.com
2013-10-12 10:03:35,mts0.google.com
2013-10-12 10:03:43,mts2.google.com
2013-10-12 10:03:43,khms0.google.fr
2013-10-12 10:03:43,khms1.google.fr
2013-10-12 10:03:43,mts3.google.com
2013-10-12 10:03:43,maps.google.fr
2013-10-12 10:03:43,mts0.google.com
2013-10-12 10:03:43,mts1.google.com
2013-10-12 10:03:44,mts3.google.com
2013-10-12 10:03:44,mts0.google.com
2013-10-12 10:03:44,mts1.google.com
2013-10-12 10:03:44,khms0.google.fr
2013-10-12 10:03:44,khms1.google.fr
2013-10-12 10:03:44,mts2.google.com
2013-10-12 10:03:45,khms0.google.fr
2013-10-12 10:03:45,khms1.google.fr
2013-10-12 10:03:45,mts0.google.com
2013-10-12 10:03:45,mts2.google.com
2013-10-12 10:03:45,maps.google.fr
2013-10-12 10:03:45,mts3.google.com
2013-10-12 10:03:45,mts1.google.com
2013-10-12 10:03:46,khms0.google.fr
2013-10-12 10:03:46,mts2.google.com
2013-10-12 10:03:46,mts3.google.com
2013-10-12 10:03:47,khms0.google.fr
2013-10-12 10:03:47,mts2.google.com
2013-10-12 10:03:47,mts3.google.com
2013-10-12 10:03:47,khms1.google.fr
2013-10-12 10:03:47,mts0.google.com
2013-10-12 10:03:47,mts1.google.com
2013-10-12 10:03:48,mts3.google.com
2013-10-12 10:03:48,mts1.google.com
2013-10-12 10:03:48,mts2.google.com
2013-10-12 10:03:48,mts0.google.com
2013-10-12 10:03:48,maps.google.fr
2013-10-12 10:03:49,mts0.google.com
2013-10-12 10:03:49,mts3.google.com
2013-10-12 10:03:49,mts2.google.com
2013-10-12 10:03:49,mts1.google.com
2013-10-12 10:03:49,khms1.google.fr
2013-10-12 10:03:49,khms0.google.fr
2013-10-12 10:04:00,mts1.google.com
2013-10-12 10:04:00,khms1.google.fr
2013-10-12 10:04:01,khms0.google.fr
2013-10-12 10:04:02,mts0.google.com
2013-10-12 10:04:09,mts2.google.com
2013-10-12 10:06:15,maps.google.fr
2013-10-12 10:06:15,mts0.google.com
2013-10-12 10:06:15,khms1.google.fr
2013-10-12 10:06:15,mts1.google.com
2013-10-12 10:06:15,khms0.google.fr
2013-10-12 10:06:15,mts3.google.com
2013-10-12 10:06:15,mts2.google.com
2013-10-12 11:53:59,mts0.google.com
2013-10-12 11:53:59,mts1.google.com
2013-10-12 11:53:59,khms0.google.fr
2013-10-12 11:53:59,maps.google.fr
2013-10-12 11:53:59,khms1.google.fr
2013-10-12 11:54:00,khms1.google.fr
2013-10-12 11:54:00,mts1.google.com
2013-10-12 11:54:00,khms0.google.fr
2013-10-12 11:54:00,mts0.google.com
2013-10-12 11:54:01,mts0.google.com
2013-10-12 11:54:01,khms0.google.fr
2013-10-12 11:54:01,khms1.google.fr
2013-10-12 11:54:01,mts1.google.com
2013-10-12 11:54:01,maps.google.fr
2013-10-12 11:54:02,mts0.google.com
2013-10-12 11:54:02,khms0.google.fr
2013-10-12 11:54:02,mts1.google.com
2013-10-12 11:54:02,khms1.google.fr
2013-10-12 11:54:03,mts1.google.com
2013-10-12 11:56:13,maps.google.fr
2013-10-12 11:56:13,mts0.google.com
2013-10-12 11:56:13,khms0.google.fr
2013-10-12 11:56:13,khms1.google.fr
2013-10-12 11:56:13,mts1.google.com
2013-11-19 08:16:38,javadl-esd-secure.oracle.com
2013-11-19 08:17:00,javadl-esd-secure.oracle.com
2013-11-19 09:12:39,javadl-esd-secure.oracle.com
2013-11-19 09:12:44,javadl-esd-secure.oracle.com
2013-11-19 09:29:17,fpdownload2.macromedia.com
2013-11-19 09:32:17,ieonline.microsoft.com
2013-11-19 11:01:24,www.google.fr
2013-11-19 11:01:25,www.google.com
2013-11-19 11:01:25,apis.google.com
2013-11-19 11:01:29,translate.google.fr
2013-11-19 11:01:30,apis.google.com
2013-11-19 11:02:37,translate.google.fr
2013-11-19 11:02:37,www.google.com
2013-11-19 11:02:37,www.google.fr
2013-11-19 11:23:15,onlinestores.metaservices.microsoft.com
2013-11-19 11:23:16,go.microsoft.com
2013-11-22 10:12:21,javadl-esd-secure.oracle.com
2013-11-22 11:27:04,javadl-esd-secure.oracle.com
2013-11-26 08:50:16,www.google.com
2013-11-26 08:52:52,ieonline.microsoft.com
2013-11-26 08:52:53,go.microsoft.com
2013-11-26 08:54:02,javadl-esd-secure.oracle.com
2013-11-26 08:54:32,javadl-esd-secure.oracle.com
2013-11-26 08:55:19,ad.foxitsoftware.com
2013-11-29 09:02:18,fpdownload2.macromedia.com
2013-11-29 09:02:32,www.google.fr
2013-11-29 09:02:32,www.google.com
2013-11-29 09:02:33,www.google.fr
2013-11-29 09:02:34,apis.google.com
2013-11-29 09:02:34,www.google.com
2013-11-29 09:02:57,www.google.com
2013-11-29 09:02:57,apis.google.com
2013-11-29 09:02:57,www.google.fr
2013-11-29 09:05:09,ieonline.microsoft.com
2013-11-29 09:05:09,go.microsoft.com
2013-11-29 09:06:20,javadl-esd-secure.oracle.com
2013-11-29 09:07:08,www.google.fr
2013-11-29 09:07:17,login.live.com
2013-11-29 09:07:18,secure.shared.live.com
2013-11-29 09:07:18,www.google.fr
2013-11-29 09:07:18,login.live.com
2013-11-29 09:07:20,windowslive.tt.omtrdc.net
2013-11-29 09:07:20,p.sfx.ms
2013-11-29 09:07:20,skydrive.live.com
2013-11-29 09:07:28,login.live.com
2013-11-29 09:07:29,secure.shared.live.com
2013-11-29 09:07:30,windowslive.tt.omtrdc.net
2013-11-29 09:07:31,p.sfx.ms
2013-11-29 09:07:31,skydrive.live.com
2013-11-29 09:07:31,people.directory.live.com
2013-11-29 09:07:31,cid-5c67f31e9d0de7a8.users.storage.live.com
2013-11-29 09:07:32,skydrive.live.com
2013-11-29 09:07:33,dm2302files.storage.live.com
2013-11-29 09:07:33,c.live.com
2013-11-29 09:07:33,dm1files.storage.live.com
2013-11-29 09:07:34,dm1files.storage.live.com
2013-11-29 09:07:34,dm2302files.storage.live.com
2013-11-29 09:07:34,dm2301files.storage.live.com
2013-11-29 09:07:36,dm1files.storage.live.com
2013-11-29 09:07:37,dm2301files.storage.live.com
2013-11-29 09:07:37,dm2302files.storage.live.com
2013-11-29 09:07:37,dm1files.storage.live.com
2013-11-29 09:07:38,dm1files.storage.live.com
2013-11-29 09:07:38,dm2301files.storage.live.com
2013-11-29 09:07:38,dm2302files.storage.live.com
2013-11-29 09:07:38,p.sfx.ms
2013-11-29 09:07:38,people.directory.live.com
2013-11-29 09:07:38,skydrive.live.com
2013-11-29 09:07:40,skydrive.live.com
2013-11-29 09:07:40,go.trouter.io
2013-11-29 09:07:41,p.sfx.ms
2013-11-29 09:07:41,dm2302files.storage.live.com
2013-11-29 09:07:41,dm1files.storage.live.com
2013-11-29 09:07:41,secure.shared.live.com
2013-11-29 09:07:41,go.trouter.io
2013-11-29 09:07:42,p.sfx.ms
2013-11-29 09:07:42,dm2302files.storage.live.com
2013-11-29 09:07:45,ecn.dev.virtualearth.net
2013-11-29 09:08:03,p.sfx.ms
2013-11-29 09:08:03,skydrive.live.com
2013-11-29 09:08:10,dm2302files.storage.live.com
2013-11-29 09:08:10,dm2301files.storage.live.com
2013-11-29 09:08:10,p.sfx.ms
2013-11-29 09:08:10,skydrive.live.com
2013-11-29 09:08:10,dm1files.storage.live.com
2013-11-29 09:08:10,cid-5c67f31e9d0de7a8.users.storage.live.com
2013-11-29 09:08:11,dm2301files.storage.live.com
2013-11-29 09:08:13,dm2302files.storage.live.com
2013-11-29 09:08:21,dm2301files.storage.live.com
2013-11-29 09:08:22,dm2302files.storage.live.com
2013-11-29 09:08:22,go.trouter.io
2013-11-29 09:08:24,p.sfx.ms
2013-11-29 09:08:24,skydrive.live.com
2013-11-29 09:08:24,dm2301files.storage.live.com
2013-11-29 09:08:24,dm1files.storage.live.com
2013-11-29 09:08:24,cid-5c67f31e9d0de7a8.users.storage.live.com
2013-11-29 09:08:24,dm2302files.storage.live.com
2014-01-27 13:21:38,cnfg.toolbarservices.com
2014-01-27 13:21:39,www.google.com
2014-01-27 13:21:40,fpdownload2.macromedia.com
2014-01-27 13:21:40,utils.delta-search.com
2014-01-27 13:21:40,ajax.googleapis.com
2014-01-27 13:21:41,ajax.googleapis.com
2014-01-27 13:21:42,ajax.googleapis.com
2014-01-27 13:21:42,img.babylon.com
2014-01-27 13:21:46,www.google.com
2014-01-27 13:21:48,www.google.fr
2014-01-27 13:21:50,www.google.com
2014-01-27 13:21:50,apis.google.com
2014-01-27 13:21:58,www.google.com
2014-01-27 13:21:58,www.google.fr
2014-01-27 13:21:59,www.lequipe.fr
2014-01-27 13:21:59,apis.google.com
2014-01-27 13:21:59,www.google.fr
2014-01-27 13:21:59,medias.lequipe.fr
2014-01-27 13:21:59,static.lequipe.fr
2014-01-27 13:21:59,sa.kewego.com
2014-01-27 13:22:00,static.lequipe.fr
2014-01-27 13:22:00,widget.achetezfacile.com
2014-01-27 13:22:00,www.lequipe.fr
2014-01-27 13:22:00,medias.lequipe.fr
2014-01-27 13:22:01,www.lequipe.fr
2014-01-27 13:22:01,www.facebook.com
2014-01-27 13:22:01,s.kewego.com
2014-01-27 13:22:02,platform.twitter.com
2014-01-27 13:22:02,www.lequipe.fr
2014-01-27 13:22:02,netstorage.lequipe.fr
2014-01-27 13:22:02,foglio.basilic.io
2014-01-27 13:22:02,widget.achetezfacile.com
2014-01-27 13:22:03,netstorage.lequipe.fr
2014-01-27 13:22:03,apis.google.com
2014-01-27 13:22:03,i.htfacile.fr
2014-01-27 13:22:03,ajax.googleapis.com
2014-01-27 13:22:03,static.lequipe.fr
2014-01-27 13:22:04,www.facebook.com
2014-01-27 13:22:04,ce.lijit.com
2014-01-27 13:22:04,netstorage.lequipe.fr
2014-01-27 13:22:05,epromo.tf1.fr
2014-01-27 13:22:06,img.babylon.com
2014-01-27 13:22:24,www.lequipe.fr
2014-01-27 13:22:24,static.lequipe.fr
2014-01-27 13:22:25,www.lequipe.fr
2014-01-27 13:22:25,d2yp9b3a29g3i2.cloudfront.net
2014-01-27 13:22:26,www.lequipe.fr
2014-01-27 13:22:26,static.lequipe.fr
2014-01-27 13:22:29,www.lequipe.fr
2014-01-27 13:22:29,static.lequipe.fr
2014-01-27 13:22:29,plus.google.com
2014-01-27 13:22:31,accounts.google.com
2014-01-27 13:22:45,plus.google.com
2014-01-27 13:22:45,apis.google.com
2014-01-27 13:22:45,accounts.google.com
2014-01-27 13:22:45,www.lequipe.fr
2014-01-27 13:22:45,static.lequipe.fr
2014-01-27 13:22:46,static.lequipe.fr
2014-01-27 13:22:46,www.lequipe.fr
2014-01-27 13:22:59,www.lequipe.fr
2014-01-27 13:22:59,img.babylon.com
2014-01-27 13:22:59,ajax.googleapis.com
2014-01-27 13:23:00,online.fr.milibris.com
2014-01-27 13:23:01,online.fr.milibris.com
2014-01-27 13:23:02,online.fr.milibris.com
2014-01-27 13:23:03,online.fr.milibris.com
2014-01-27 13:23:04,online.fr.milibris.com
2014-01-27 13:23:05,online.fr.milibris.com
2014-01-27 13:23:06,online.fr.milibris.com
2014-01-27 13:23:07,online.fr.milibris.com
2014-01-27 13:23:08,online.fr.milibris.com
2014-01-27 13:23:09,online.fr.milibris.com
2014-01-27 13:23:10,online.fr.milibris.com
2014-01-27 13:23:12,milibris.com
2014-01-27 13:23:12,www.milibris.com
2014-01-27 13:23:13,milibris.com
2014-01-27 13:23:13,img.babylon.com
2014-01-27 13:23:18,img.babylon.com
2014-01-27 13:23:47,www.lequipe.fr
2014-01-27 13:23:47,img.babylon.com
2014-01-27 13:23:48,medias.lequipe.fr
2014-01-27 13:23:48,www.lequipe.fr
2014-01-27 13:23:48,static.lequipe.fr
2014-01-27 13:23:48,www.facebook.com
2014-01-27 13:23:49,www.lequipe.fr
2014-01-27 13:23:50,apis.google.com
2014-01-27 13:23:50,twitter.com
2014-01-27 13:23:51,apis.google.com
2014-01-27 13:23:53,www.lequipe.fr
2014-01-27 13:23:53,apis.google.com
2014-01-27 13:23:53,twitter.com
2014-01-27 13:23:54,apis.google.com
2014-01-27 13:23:54,static.lequipe.fr
2014-01-27 13:23:54,www.lequipe.fr
2014-01-27 13:23:55,apis.google.com
2014-01-27 13:23:55,d2yp9b3a29g3i2.cloudfront.net
2014-01-27 13:23:55,www.lequipe.fr
2014-01-27 13:23:56,static.lequipe.fr
2014-01-27 13:23:56,www.lequipe.fr
2014-01-27 13:24:18,img.babylon.com
2014-01-27 13:24:29,ieonline.microsoft.com
2014-01-27 13:24:30,go.microsoft.com
2014-01-27 13:24:48,www.lequipe.fr
2014-01-27 13:25:45,www.lequipe.fr
2014-01-27 13:25:45,img.babylon.com
2014-01-27 13:25:45,online.fr.milibris.com
2014-01-27 13:25:46,online.fr.milibris.com
2014-01-27 13:25:47,online.fr.milibris.com
2014-01-27 13:25:48,online.fr.milibris.com
2014-01-27 13:25:50,www.lequipe.fr
2014-01-27 13:26:34,online.fr.milibris.com
2014-01-27 13:26:35,online.fr.milibris.com
2014-01-27 13:26:50,www.lequipe.fr
2014-01-27 13:27:09,online.fr.milibris.com
2014-01-27 13:27:17,online.fr.milibris.com
2014-01-27 13:27:19,www.lequipe.fr
2014-01-27 13:27:19,static.lequipe.fr
2014-01-27 13:27:20,img.babylon.com
2014-01-27 13:27:21,www.lequipe.fr
2014-01-27 13:27:24,static.lequipe.fr
2014-01-27 13:27:24,d2yp9b3a29g3i2.cloudfront.net
2014-01-27 13:27:24,www.lequipe.fr
2014-01-27 13:27:25,www.lequipe.fr
2014-03-02 13:06:19,cnfg.toolbarservices.com
2014-03-02 13:06:20,www.google.com
2014-03-02 13:06:20,utils.delta-search.com
2014-03-02 13:06:21,ajax.googleapis.com
2014-03-02 13:06:22,img.babylon.com
2014-03-02 13:06:22,ajax.googleapis.com
2014-03-02 13:07:03,www.google.com
2014-03-02 13:07:17,www.google.fr
2014-03-02 13:07:18,apis.google.com
2014-03-02 13:07:19,www.google.com
2014-03-02 13:07:48,www.google.com
2014-03-02 13:07:48,www.google.fr
2014-03-02 13:07:48,apis.google.com
2014-03-02 13:07:51,www.google.fr
2014-03-02 13:07:51,www.cantalpassion.com
2014-03-02 13:07:52,www.cantalpassion.com
2014-03-02 13:07:53,connect.facebook.net
2014-03-02 13:07:53,www.cantalpassion.com
2014-03-02 13:07:53,apis.google.com
2014-03-02 13:07:53,platform.twitter.com
2014-03-02 13:07:54,s-static.ak.facebook.com
2014-03-02 13:07:54,apis.google.com
2014-03-02 13:07:54,platform.twitter.com
2014-03-02 13:07:54,static.ak.facebook.com
2014-03-02 13:07:55,twitter.com
2014-03-02 13:07:55,apis.google.com
2014-03-02 13:07:55,www.facebook.com
2014-03-02 13:07:55,www.cantalpassion.com
2014-03-02 13:07:55,accounts.google.com
2014-03-02 13:08:21,www.google.fr
2014-03-02 13:08:21,accounts.google.com
2014-03-02 13:08:21,www.bureau-puymary.com
2014-03-02 13:08:21,twitter.com
2014-03-02 13:08:22,apis.google.com
2014-03-02 13:08:22,www.bureau-puymary.com
2014-03-02 13:08:23,apis.google.com
2014-03-02 13:08:23,www.bureau-puymary.com
2014-03-02 13:08:23,accounts.google.com
2014-03-02 13:08:34,www.tracegps.com
2014-03-02 13:08:34,www.google.fr
2014-03-02 13:08:35,widget.ovni9.com
2014-03-02 13:08:35,api.ign.fr
2014-03-02 13:08:35,www.tracegps.com
2014-03-02 13:08:36,api.ign.fr
2014-03-02 13:08:36,widget.ovni9.com
2014-03-02 13:08:36,ecx.images-amazon.com
2014-03-02 13:08:36,gpp3-wxs.ign.fr
2014-03-02 13:08:36,www.tracegps.com
2014-03-02 13:08:37,wxs.ign.fr
2014-03-02 13:08:37,www.tracegps.com
2014-03-02 13:08:37,www.google.com
2014-03-02 13:08:37,api.ign.fr
2014-03-02 13:08:38,wxs.ign.fr
2014-03-02 13:08:39,wxs.ign.fr
2014-03-02 13:08:40,www.tracegps2.com
2014-03-02 13:08:40,www.tracegps.com
2014-03-02 13:08:40,wxs.ign.fr
2014-03-02 13:08:40,widget.ovni9.com
2014-03-02 13:08:44,wxs.ign.fr
2014-03-02 13:09:11,ieonline.microsoft.com
2014-03-02 13:09:12,go.microsoft.com
2014-03-02 13:09:14,www.tracegps.com
2014-03-02 13:09:14,widget.ovni9.com
2014-03-02 13:09:14,api.ign.fr
2014-03-02 13:09:15,ecx.images-amazon.com
2014-03-02 13:09:15,www.tracegps.com
2014-03-02 13:09:16,widget.ovni9.com
2014-03-02 13:09:16,wxs.ign.fr
2014-03-02 13:09:17,www.tracegps.com
2014-03-02 13:09:17,widget.ovni9.com
2014-03-02 13:09:17,wxs.ign.fr
2014-03-02 13:09:18,wxs.ign.fr
2014-03-02 13:09:23,www.tracegps2.com
2014-03-02 13:09:23,widget.ovni9.com
2014-03-02 13:09:38,www.tracegps2.com
2014-03-02 13:09:38,www.tracegps.com
2014-03-02 13:09:38,widget.ovni9.com
2014-03-02 13:09:53,widget.ovni9.com
2014-03-02 13:09:53,www.tracegps.com
2014-03-02 13:09:54,ecx.images-amazon.com
2014-03-02 13:09:54,www.tracegps.com
2014-03-02 13:09:55,ecx.images-amazon.com
2014-03-02 13:09:55,widget.ovni9.com
2014-03-02 13:09:55,www.tracegps.com
2014-03-02 13:09:56,www.tracegps.com
2014-03-02 13:09:56,wxs.ign.fr
2014-03-02 13:09:57,wxs.ign.fr
2014-03-02 13:09:57,www.tracegps.com
2014-03-02 13:09:59,wxs.ign.fr
2014-03-02 13:10:00,wxs.ign.fr
2014-03-02 13:10:00,widget.ovni9.com
2014-03-02 13:10:00,www.tracegps2.com
2014-03-02 13:10:00,www.tracegps.com
2014-03-02 13:10:01,wxs.ign.fr
2014-03-02 13:10:01,widget.ovni9.com
2014-03-02 13:10:02,wxs.ign.fr
2014-03-02 13:10:03,wxs.ign.fr
2014-03-02 13:10:04,wxs.ign.fr
2014-03-02 13:10:06,www.tracegps.com
2014-03-02 13:10:07,img.babylon.com
2014-03-02 13:10:07,www.tracegps2.com
2014-03-02 13:10:11,www.tracegps2.com
2014-03-02 13:10:11,www.tracegps.com
2014-03-02 13:10:12,img.babylon.com
2014-03-02 13:10:30,widget.ovni9.com
2014-03-02 13:10:38,widget.ovni9.com
2014-03-02 13:10:47,www.tracegps.com
2014-03-02 13:10:47,widget.ovni9.com
2014-03-02 13:10:48,ecx.images-amazon.com
2014-03-02 13:10:48,www.tracegps.com
2014-03-02 13:10:49,widget.ovni9.com
2014-03-02 13:10:49,www.tracegps.com
2014-03-02 13:10:50,wxs.ign.fr
2014-03-02 13:10:50,www.tracegps.com
2014-03-02 13:10:51,wxs.ign.fr
2014-03-02 13:10:54,wxs.ign.fr
2014-03-02 13:10:54,www.tracegps2.com
2014-03-02 13:10:54,widget.ovni9.com
2014-03-02 13:10:55,wxs.ign.fr
2014-03-02 13:10:55,widget.ovni9.com
2014-03-02 13:10:55,www.tracegps2.com
2014-03-02 13:11:04,img.babylon.com
2014-03-02 13:11:04,www.tracegps2.com
2014-03-02 13:11:04,www.tracegps.com
2014-03-02 13:11:10,wxs.ign.fr
2014-03-02 13:11:11,wxs.ign.fr
2014-03-20 16:15:08,ieonline.microsoft.com
2014-03-20 16:15:08,go.microsoft.com
2014-03-20 18:46:04,ieonline.microsoft.com
2014-03-20 18:46:09,ieonline.microsoft.com
2014-03-20 19:04:30,go.microsoft.com
2014-03-20 19:05:21,ieonline.microsoft.com
