timestamp,site
2014-01-29 08:10:03,go.microsoft.com
2014-01-29 08:10:03,www.iegallery.com
2014-01-29 08:10:04,www.iegallery.com
2014-01-29 08:10:05,www.iegallery.com
2014-01-29 08:10:06,www.iegallery.com
2014-01-29 08:10:07,www.bing.com
2014-01-29 08:10:08,www.iegallery.com
2014-01-29 08:10:09,www.iegallery.com
2014-01-29 08:10:16,api.bing.com
2014-01-29 08:10:17,api.bing.com
2014-01-29 08:10:18,www.bing.com
2014-01-29 08:10:19,www.bing.com
2014-01-29 08:10:20,www.bing.com
2014-01-29 08:10:20,cms.abmr.net
2014-01-29 08:10:21,login.live.com
2014-01-29 08:10:21,www.bing.com
2014-01-29 08:11:07,ieonline.microsoft.com
2014-02-04 10:04:22,gmail.com
2014-02-04 10:04:22,mail.google.com
2014-02-04 10:04:36,accounts.google.com
2014-02-04 10:04:38,accounts.youtube.com
2014-02-04 10:04:43,mail.google.com
2014-02-04 10:05:10,accounts.google.fr
2014-02-04 10:05:12,accounts.google.com
2014-02-04 10:05:12,accounts.youtube.com
2014-02-04 10:05:12,accounts.google.fr
2014-02-04 10:05:13,clients2.google.com
2014-02-04 10:05:13,mail.google.com
2014-02-04 10:05:13,apis.google.com
2014-02-04 10:05:14,clients2.google.com
2014-02-04 10:05:15,www.google.com
2014-02-04 10:05:16,chatenabled.mail.google.com
2014-02-04 10:05:16,mail.google.com
2014-02-04 10:05:22,accounts.google.com
2014-02-04 10:05:35,mail.google.com
2014-02-04 10:05:40,drive.google.com
2014-02-04 10:05:41,apis.google.com
2014-02-04 10:05:41,drive.google.com
2014-02-04 10:05:43,0.drive.google.com
2014-02-04 10:05:44,0.drive.google.com
2014-02-04 10:05:46,apis.google.com
2014-02-04 10:05:46,drive.google.com
2014-02-04 10:05:58,docs.google.com
2014-02-04 10:06:02,docs.google.com
2014-02-04 10:06:03,docs.google.com
2014-02-04 10:06:04,www.google.com
2014-02-04 10:06:04,docs.google.com
2014-02-04 10:06:06,0.docs.google.com
2014-02-04 10:06:07,0.docs.google.com
2014-02-04 10:06:16,apis.google.com
2014-02-04 10:06:41,gg.google.com
2014-02-04 10:06:52,ieonline.microsoft.com
2014-02-04 10:09:16,chatenabled.mail.google.com
2014-02-04 10:09:22,apis.google.com
2014-02-04 10:09:28,www.google.com
2014-02-04 10:09:47,drive.google.com
2014-02-04 10:09:58,docs.google.com
2014-02-04 10:10:01,drive.google.com
2014-02-04 10:10:04,www.google.com
2014-02-04 10:10:06,docs.google.com
2014-02-04 10:10:41,gg.google.com
2014-02-04 10:11:18,mail.google.com
2014-02-04 10:11:22,mail.google.com
2014-02-04 10:11:29,docs.google.com
2014-02-04 10:11:29,plus.google.com
2014-02-04 10:11:29,mail.google.com
2014-02-04 10:11:30,plus.google.com
2014-02-04 10:11:30,mail.google.com
2014-02-04 10:11:30,lh5.google.com
2014-02-04 10:11:31,plus.google.com
2014-02-04 10:11:31,docs.google.com
2014-02-04 10:11:32,lh5.google.com
2014-02-04 10:11:34,1.docs.google.com
2014-02-04 10:11:36,1.docs.google.com
2014-02-04 10:11:37,1.talkgadget.google.com
2014-02-04 10:11:38,docs.google.com
2014-02-04 10:11:47,clients6.google.com
2014-02-04 10:11:53,docs.google.com
2014-02-04 10:12:02,docs.google.com
2014-02-04 10:12:14,docs.google.com
2014-02-04 10:12:38,1.talkgadget.google.com
2014-02-04 10:13:30,0.drive.google.com
2014-02-04 10:13:31,mail.google.com
2014-02-04 10:13:49,plus.google.com
2014-02-04 10:13:49,apis.google.com
2014-02-04 10:13:49,clients6.google.com
2014-02-04 10:13:59,www.google.com
2014-02-04 10:13:59,gg.google.com
2014-02-04 10:14:29,0.docs.google.com
2014-02-04 10:14:29,docs.google.com
2014-02-04 10:14:30,drive.google.com
2014-02-04 10:16:13,docs.google.com
2014-02-04 10:16:23,drive.google.com
2014-02-04 10:16:26,1.drive.google.com
2014-02-04 10:16:32,www.google.com
2014-02-04 10:16:32,mail.google.com
2014-02-04 10:16:32,gg.google.com
2014-02-04 10:16:32,1.docs.google.com
2014-02-04 10:16:34,2.docs.google.com
2014-02-04 10:16:35,2.docs.google.com
2014-02-04 10:16:40,docs.google.com
2014-02-04 10:17:23,gg.google.com
2014-02-04 10:17:31,docs.google.com
2014-02-04 10:20:23,drive.google.com
2014-02-04 10:20:29,drive.google.com
2014-02-04 10:20:32,docs.google.com
2014-02-04 10:20:33,accounts.google.com
2014-02-04 10:20:35,apis.google.com
2014-02-04 10:20:35,clients6.google.com
2014-02-04 10:20:40,docs.google.com
2014-02-04 10:20:44,drive.google.com
2014-02-04 10:21:23,gg.google.com
2014-02-04 10:26:24,drive.google.com
2014-02-04 10:30:24,drive.google.com
2014-02-04 10:36:24,drive.google.com
2014-02-04 10:37:06,www.bing.com
2014-02-04 10:37:06,1.drive.google.com
2014-02-04 10:37:07,www.bing.com
2014-02-04 10:37:08,cms.abmr.net
2014-02-04 10:37:08,www.bing.com
2014-02-04 10:37:09,www.bing.com
2014-02-04 10:37:10,www.lexilogos.com
2014-02-04 10:37:12,translate.google.fr
2014-02-04 10:37:13,www.google.com
2014-02-04 10:37:13,translate.google.fr
2014-02-04 10:37:17,translate.google.fr
2014-02-04 10:37:18,login.live.com
2014-02-04 10:37:22,translate.google.fr
2014-02-04 10:39:35,www.bing.com
2014-02-04 10:39:40,www.bing.com
2014-02-04 10:39:42,en.wikipedia.org
2014-02-04 10:39:42,bits.wikimedia.org
2014-02-04 10:39:42,login.wikimedia.org
2014-02-04 10:39:42,meta.wikimedia.org
2014-02-04 10:39:43,bits.wikimedia.org
2014-02-04 10:39:46,login.live.com
2014-02-04 11:03:06,drive.google.com
2014-02-04 11:03:07,drive.google.com
2014-02-04 11:03:31,mail.google.com
2014-02-04 11:03:36,accounts.google.com
2014-02-04 11:03:36,drive.google.com
2014-02-04 11:03:39,mail.google.com
2014-02-04 11:03:42,clients2.google.com
2014-02-04 11:03:44,www.google.com
2014-02-04 11:03:52,accounts.google.com
2014-02-04 11:03:52,clients2.google.com
2014-02-04 11:03:56,apis.google.com
2014-02-04 11:03:56,chatenabled.mail.google.com
2014-02-04 11:03:57,mail.google.com
2014-02-04 11:04:00,docs.google.com
2014-02-04 11:04:03,clients2.google.com
2014-02-04 11:04:06,3.docs.google.com
2014-02-04 11:04:07,3.docs.google.com
2014-02-04 11:04:08,clients2.google.com
2014-02-04 11:04:14,clients6.google.com
2014-02-04 11:04:15,3.talkgadget.google.com
2014-02-04 11:04:15,docs.google.com
2014-02-04 11:04:20,apis.google.com
2014-02-04 11:04:21,docs.google.com
2014-02-04 11:04:21,plus.google.com
2014-02-04 11:04:33,docs.google.com
2014-02-04 11:04:55,docs.google.com
2014-02-04 11:05:21,docs.google.com
2014-02-04 11:05:25,www.google.com
2014-02-04 11:07:44,www.google.com
2014-02-04 11:07:45,mail.google.com
2014-02-04 11:07:47,mail.google.com
2014-02-04 11:07:56,chatenabled.mail.google.com
2014-02-04 11:07:56,apis.google.com
2014-02-04 11:08:15,3.talkgadget.google.com
2014-02-04 11:08:20,apis.google.com
2014-02-04 11:08:20,3.talkgadget.google.com
2014-02-04 11:08:21,plus.google.com
2014-02-04 11:09:26,www.google.com
2014-02-04 11:17:24,docs.google.com
2014-02-04 11:18:11,2.docs.google.com
2014-02-04 11:19:45,docs.google.com
2014-02-04 11:22:46,mail.google.com
2014-02-04 11:27:46,mail.google.com
2014-02-04 11:31:29,mail.google.com
2014-02-04 11:31:29,docs.google.com
2014-02-04 11:31:30,3.docs.google.com
2014-02-04 11:31:30,docs.google.com
2014-02-04 11:31:30,2.docs.google.com
2014-03-19 10:10:36,www.bing.com
2014-03-19 10:10:37,www.bing.com
2014-03-19 10:10:38,mail.google.com
2014-03-19 10:10:38,cms.abmr.net
2014-03-19 10:10:38,login.live.com
2014-03-19 10:10:38,www.bing.com
2014-03-19 10:10:42,mail.google.com
2014-03-19 10:10:52,accounts.google.com
2014-03-19 10:10:54,accounts.google.com
2014-03-19 10:10:56,accounts.youtube.com
2014-03-19 10:11:08,mail.google.com
2014-03-19 10:11:18,plus.google.com
2014-03-19 10:11:28,accounts.google.fr
2014-03-19 10:11:30,plus.google.com
2014-03-19 10:11:30,accounts.google.com
2014-03-19 10:11:30,accounts.youtube.com
2014-03-19 10:11:31,accounts.google.fr
2014-03-19 10:11:31,mail.google.com
2014-03-19 10:11:31,clients2.google.com
2014-03-19 10:11:31,apis.google.com
2014-03-19 10:11:32,clients2.google.com
2014-03-19 10:11:33,www.google.com
2014-03-19 10:11:34,chatenabled.mail.google.com
2014-03-19 10:11:35,mail.google.com
2014-03-19 10:11:50,drive.google.com
2014-03-19 10:11:51,apis.google.com
2014-03-19 10:11:51,drive.google.com
2014-03-19 10:11:53,apis.google.com
2014-03-19 10:11:54,0.drive.google.com
2014-03-19 10:11:56,drive.google.com
2014-03-19 10:12:08,docs.google.com
2014-03-19 10:12:34,docs.google.com
2014-03-19 10:12:38,apis.google.com
2014-03-19 10:12:38,docs.google.com
2014-03-19 10:12:39,docs.google.com
2014-03-19 10:12:39,clients6.google.com
2014-03-19 10:12:39,www.google.com
2014-03-19 10:12:40,0.docs.google.com
2014-03-19 10:12:41,accounts.google.com
2014-03-19 10:12:41,0.docs.google.com
2014-03-19 10:12:51,gg.google.com
2014-03-19 10:13:37,docs.google.com
2014-03-19 10:13:40,ieonline.microsoft.com
2014-03-19 10:13:51,drive.google.com
2014-03-19 10:14:17,docs.google.com
2014-03-19 10:14:37,docs.google.com
2014-03-19 10:14:41,mail.google.com
2014-03-19 10:14:44,gg.google.com
2014-03-19 10:14:44,docs.google.com
2014-03-19 10:14:44,mail.google.com
2014-03-19 10:14:44,0.docs.google.com
2014-03-19 10:14:44,chatenabled.mail.google.com
2014-03-19 10:14:44,accounts.google.com
2014-03-19 10:14:44,apis.google.com
2014-03-19 10:14:44,clients6.google.com
2014-03-19 10:14:44,0.drive.google.com
2014-03-19 10:14:44,drive.google.com
2014-03-19 10:14:44,www.google.com
2014-03-19 10:15:43,www.bing.com
2014-03-19 10:15:44,www.bing.com
2014-03-19 10:15:45,www.bing.com
2014-03-19 10:15:54,www.lexilogos.com
2014-03-19 10:15:54,www.bing.com
2014-03-19 10:15:55,login.live.com
2014-03-19 10:15:55,www.lexilogos.com
2014-03-19 10:16:00,translate.google.fr
2014-03-19 10:16:01,translate.google.fr
2014-03-19 10:16:01,www.google.com
2014-03-19 10:16:01,fpdownload2.macromedia.com
2014-03-19 10:16:11,translate.google.fr
2014-03-19 10:16:12,apis.google.com
2014-03-19 10:16:12,translate.google.fr
2014-03-19 10:16:13,translate.google.fr
2014-03-19 10:16:18,translate.google.fr
2014-03-19 10:16:22,translate.google.fr
2014-03-19 10:16:23,translate.google.fr
2014-03-19 10:16:24,translate.google.fr
2014-03-19 10:16:25,translate.google.fr
2014-03-19 10:16:30,translate.google.fr
2014-03-19 10:16:41,apis.google.com
2014-03-19 10:23:11,mail.google.com
2014-03-19 10:23:11,www.gmail.com
2014-03-19 10:23:23,accounts.google.com
2014-03-19 10:23:26,mail.google.com
2014-03-19 10:23:28,mail.google.com
2014-03-19 10:23:28,accounts.google.com
2014-03-19 10:23:29,mail.google.com
2014-03-19 10:23:30,www.google.com
2014-03-19 10:23:30,clients2.google.com
2014-03-19 10:23:30,mail.google.com
2014-03-19 10:23:38,apis.google.com
2014-03-19 10:23:41,chatenabled.mail.google.com
2014-03-19 10:23:42,mail.google.com
2014-03-19 10:25:00,accounts.google.com
2014-03-19 10:25:23,apis.google.com
2014-03-19 10:25:23,chatenabled.mail.google.com
2014-03-19 10:25:23,www.google.com
2014-03-19 10:25:24,mail.google.com
2014-03-19 10:25:29,plus.google.com
2014-03-19 10:25:29,lh3.google.com
2014-03-19 10:25:40,docs.google.com
2014-03-19 10:25:47,0.docs.google.com
2014-03-19 10:25:48,0.docs.google.com
2014-03-19 10:25:49,docs.google.com
2014-03-19 10:25:54,mail.google.com
2014-03-19 10:25:54,clients6.google.com
2014-03-19 10:25:58,0.talkgadget.google.com
2014-03-19 10:25:59,apis.google.com
2014-03-19 10:26:01,apis.google.com
2014-03-19 10:26:02,plus.google.com
2014-03-19 10:26:39,www.bing.com
2014-03-19 10:26:40,www.bing.com
2014-03-19 10:26:40,dev.virtualearth.net
2014-03-19 10:26:41,www.bing.com
2014-03-19 10:26:42,www.bing.com
2014-03-19 10:26:51,www.bing.com
2014-03-19 10:26:52,login.live.com
2014-03-19 10:26:54,www.bing.com
2014-03-19 10:27:02,0.talkgadget.google.com
2014-03-19 10:27:07,www.google.com
2014-03-19 10:27:14,drive.google.com
2014-03-19 10:27:14,mail.google.com
2014-03-19 10:27:14,plus.google.com
2014-03-19 10:27:14,lh3.google.com
2014-03-19 10:27:15,apis.google.com
2014-03-19 10:27:15,clients6.google.com
2014-03-19 10:27:15,mail.google.com
2014-03-19 10:27:15,www.google.com
2014-03-19 10:27:15,drive.google.com
2014-03-19 10:27:16,apis.google.com
2014-03-19 10:27:18,0.drive.google.com
2014-03-19 10:27:19,0.drive.google.com
2014-03-19 10:27:21,drive.google.com
2014-03-19 10:27:21,docs.google.com
2014-03-19 10:27:22,docs.google.com
2014-03-19 10:27:31,docs.google.com
2014-03-19 10:27:36,clients2.google.com
2014-03-19 10:27:37,docs.google.com
2014-03-19 10:27:37,apis.google.com
2014-03-19 10:27:37,clients2.google.com
2014-03-19 10:27:38,www.google.com
2014-03-19 10:27:38,docs.google.com
2014-03-19 10:27:39,1.docs.google.com
2014-03-19 10:27:40,1.docs.google.com
2014-03-19 10:27:50,accounts.google.com
2014-03-19 10:27:51,docs.google.com
2014-03-19 10:27:53,clients6.google.com
2014-03-19 10:28:15,gg.google.com
2014-03-19 10:28:55,www.google.com
2014-03-19 10:28:55,apis.google.com
2014-03-19 10:28:55,plus.google.com
2014-03-19 10:28:55,0.talkgadget.google.com
2014-03-19 10:28:57,ssl.bing.com
2014-03-19 10:28:58,2.docs.google.com
2014-03-19 10:29:00,clients6.google.com
2014-03-19 10:29:00,2.docs.google.com
2014-03-19 10:29:09,docs.google.com
2014-03-19 10:29:10,0.drive.google.com
2014-03-19 10:29:11,docs.google.com
2014-03-19 10:29:12,mail.google.com
2014-03-19 10:30:02,docs.google.com
2014-03-19 10:30:11,apis.google.com
2014-03-19 10:30:11,accounts.google.com
2014-03-19 10:30:11,docs.google.com
2014-03-19 10:30:11,1.docs.google.com
2014-03-19 10:30:11,www.google.com
2014-03-19 10:30:13,mail.google.com
2014-03-19 10:30:13,drive.google.com
2014-03-19 10:30:13,docs.google.com
2014-03-19 10:30:13,gg.google.com
2014-03-19 10:30:50,www.bing.com
2014-03-19 10:30:51,www.bing.com
2014-03-19 10:30:53,www.bing.com
2014-03-19 10:30:53,www.lexilogos.com
2014-03-19 10:30:55,translate.google.fr
2014-03-19 10:30:57,translate.google.fr
2014-03-19 10:30:57,www.google.com
2014-03-19 10:30:58,translate.google.fr
2014-03-19 10:31:01,translate.google.fr
2014-03-19 10:31:02,login.live.com
2014-03-19 10:31:06,translate.google.fr
2014-03-19 10:31:09,translate.google.fr
2014-03-19 10:31:10,translate.google.fr
2014-03-19 10:31:13,translate.google.fr
2014-03-19 10:31:14,translate.google.fr
2014-03-19 10:31:15,translate.google.fr
2014-03-19 10:31:16,translate.google.fr
2014-03-19 10:31:19,translate.google.fr
2014-03-19 10:31:35,translate.google.fr
2014-03-19 10:31:36,translate.google.fr
2014-03-19 10:31:37,translate.google.fr
2014-03-19 10:31:38,translate.google.fr
2014-03-19 10:31:39,translate.google.fr
2014-03-19 10:31:41,translate.google.fr
2014-03-19 10:31:42,translate.google.fr
2014-03-19 10:31:49,translate.google.fr
2014-03-19 10:31:59,translate.google.fr
2014-03-19 10:32:00,translate.google.fr
2014-03-19 10:32:03,translate.google.fr
2014-03-19 10:32:05,translate.google.fr
2014-03-19 10:32:07,translate.google.fr
2014-03-19 10:32:09,translate.google.fr
2014-03-19 10:32:12,translate.google.fr
2014-03-19 10:32:21,inputtools.google.com
2014-03-19 10:32:40,translate.google.fr
2014-03-19 10:32:41,translate.google.fr
2014-03-19 10:32:42,translate.google.fr
2014-03-19 10:32:43,translate.google.fr
2014-03-19 10:32:45,translate.google.fr
2014-03-19 10:32:46,translate.google.fr
2014-03-19 10:32:51,translate.google.fr
2014-03-19 10:32:52,translate.google.fr
2014-03-19 10:32:54,docs.google.com
2014-03-19 10:32:55,apis.google.com
2014-03-19 10:32:56,translate.google.fr
2014-03-19 10:33:02,translate.google.fr
2014-03-19 10:33:03,translate.google.fr
2014-03-19 10:33:11,0.docs.google.com
2014-03-19 10:33:41,translate.google.fr
2014-03-19 10:33:43,translate.google.fr
2014-03-19 10:33:48,translate.google.fr
2014-03-19 10:33:57,translate.google.fr
2014-03-19 10:33:58,translate.google.fr
2014-03-19 10:33:59,translate.google.fr
2014-03-19 10:34:00,translate.google.fr
2014-03-19 10:34:03,inputtools.google.com
2014-03-19 10:34:04,translate.google.fr
2014-03-19 10:34:05,translate.google.fr
2014-03-19 10:34:10,translate.google.fr
2014-03-19 10:35:37,translate.google.fr
2014-03-19 10:35:38,translate.google.fr
2014-03-19 10:35:39,translate.google.fr
2014-03-19 10:35:43,translate.google.fr
2014-03-19 10:36:13,translate.google.fr
2014-03-19 10:36:14,translate.google.fr
2014-03-19 10:36:15,translate.google.fr
2014-03-19 10:36:16,translate.google.fr
2014-03-19 10:36:18,translate.google.fr
2014-03-19 10:36:20,translate.google.fr
2014-03-19 10:36:21,translate.google.fr
2014-03-19 10:36:22,translate.google.fr
2014-03-19 10:36:23,translate.google.fr
2014-03-19 10:36:27,translate.google.fr
2014-03-19 10:36:28,translate.google.fr
2014-03-19 10:36:29,translate.google.fr
2014-03-19 10:36:30,translate.google.fr
2014-03-19 10:36:35,translate.google.fr
2014-03-19 10:37:09,translate.google.fr
2014-03-19 10:37:11,translate.google.fr
2014-03-19 10:37:12,translate.google.fr
2014-03-19 10:37:13,translate.google.fr
2014-03-19 10:37:16,translate.google.fr
2014-03-19 10:37:17,translate.google.fr
2014-03-19 10:37:18,translate.google.fr
2014-03-19 10:37:20,translate.google.fr
2014-03-19 10:37:22,translate.google.fr
2014-03-19 10:37:23,translate.google.fr
2014-03-19 10:37:24,translate.google.fr
2014-03-19 10:37:47,translate.google.fr
2014-03-19 10:37:48,translate.google.fr
2014-03-19 10:37:49,translate.google.fr
2014-03-19 10:37:50,translate.google.fr
2014-03-19 10:37:51,translate.google.fr
2014-03-19 10:37:52,translate.google.fr
2014-03-19 10:37:53,translate.google.fr
2014-03-19 10:37:57,translate.google.fr
2014-03-19 10:37:58,translate.google.fr
2014-03-19 10:38:01,translate.google.fr
2014-03-19 10:38:02,translate.google.fr
2014-03-19 10:38:05,translate.google.fr
2014-03-19 10:38:07,translate.google.fr
2014-03-19 10:39:18,translate.google.fr
2014-03-19 10:39:19,translate.google.fr
2014-03-19 10:39:21,translate.google.fr
2014-03-19 10:39:26,translate.google.fr
2014-03-19 10:40:57,translate.google.fr
2014-03-19 10:40:59,translate.google.fr
2014-03-19 10:41:00,translate.google.fr
2014-03-19 10:41:02,translate.google.fr
2014-03-19 10:41:05,translate.google.fr
2014-03-19 10:41:06,translate.google.fr
2014-03-19 10:41:07,translate.google.fr
2014-03-19 10:41:08,translate.google.fr
2014-03-19 10:41:35,translate.google.fr
2014-03-19 10:41:37,translate.google.fr
2014-03-19 10:41:39,translate.google.fr
2014-03-19 10:41:41,translate.google.fr
2014-03-19 10:41:43,translate.google.fr
2014-03-19 10:41:48,translate.google.fr
2014-03-19 10:41:51,translate.google.fr
2014-03-19 10:41:53,translate.google.fr
2014-03-19 10:41:56,translate.google.fr
2014-03-19 10:42:26,inputtools.google.com
2014-03-19 10:42:26,translate.google.fr
2014-03-19 10:42:27,translate.google.fr
2014-03-19 10:42:29,translate.google.fr
2014-03-19 10:42:31,translate.google.fr
2014-03-19 10:42:34,translate.google.fr
2014-03-19 10:42:36,translate.google.fr
2014-03-19 10:43:29,docs.google.com
2014-03-19 10:43:37,translate.google.fr
2014-03-19 10:43:42,translate.google.fr
2014-03-19 10:43:49,translate.google.fr
2014-03-19 10:43:50,translate.google.fr
2014-03-19 10:43:51,translate.google.fr
2014-03-19 10:43:52,translate.google.fr
2014-03-19 10:43:53,translate.google.fr
2014-03-19 10:43:57,translate.google.fr
2014-03-19 10:43:58,translate.google.fr
2014-03-19 10:44:01,translate.google.fr
2014-03-19 10:44:03,translate.google.fr
2014-03-19 10:44:04,translate.google.fr
2014-03-19 10:44:07,translate.google.fr
2014-03-19 10:44:08,translate.google.fr
2014-03-19 10:44:09,translate.google.fr
2014-03-19 10:45:01,inputtools.google.com
2014-03-19 10:45:01,translate.google.fr
2014-03-19 10:45:03,translate.google.fr
2014-03-19 10:45:04,translate.google.fr
2014-03-19 10:45:05,translate.google.fr
2014-03-19 10:45:07,translate.google.fr
2014-03-19 10:45:08,translate.google.fr
2014-03-19 10:45:11,translate.google.fr
2014-03-19 10:45:13,translate.google.fr
2014-03-19 10:47:13,docs.google.com
2014-03-19 10:48:15,translate.google.fr
2014-03-19 10:48:20,translate.google.fr
2014-03-19 10:49:56,docs.google.com
2014-03-19 10:50:53,translate.google.fr
2014-03-19 10:50:58,translate.google.fr
2014-03-19 10:52:03,translate.google.fr
2014-03-19 10:52:05,translate.google.fr
2014-03-19 10:52:09,translate.google.fr
2014-03-19 10:52:10,translate.google.fr
2014-03-19 10:52:11,translate.google.fr
2014-03-19 10:52:15,translate.google.fr
2014-03-19 10:53:49,docs.google.com
2014-03-19 10:54:07,translate.google.fr
2014-03-19 10:54:09,translate.google.fr
2014-03-19 10:54:14,translate.google.fr
2014-03-19 10:54:15,translate.google.fr
2014-03-19 10:54:17,translate.google.fr
2014-03-19 10:54:19,translate.google.fr
2014-03-19 10:54:50,translate.google.fr
2014-03-19 10:54:51,translate.google.fr
2014-03-19 10:54:53,translate.google.fr
2014-03-19 10:54:58,translate.google.fr
2014-03-19 10:57:09,translate.google.fr
2014-03-19 10:57:14,translate.google.fr
2014-03-19 10:57:16,translate.google.fr
2014-03-19 10:57:21,translate.google.fr
2014-03-19 10:57:27,translate.google.fr
2014-03-19 10:57:30,translate.google.fr
2014-03-19 10:57:31,translate.google.fr
2014-03-19 10:57:32,translate.google.fr
2014-03-19 10:57:37,translate.google.fr
2014-03-19 10:57:38,translate.google.fr
2014-03-19 10:57:39,translate.google.fr
2014-03-19 10:57:44,translate.google.fr
2014-03-19 10:58:31,docs.google.com
2014-03-19 10:59:20,gg.google.com
2014-03-19 10:59:44,inputtools.google.com
2014-03-19 11:01:01,docs.google.com
2014-03-19 11:03:26,gg.google.com
2014-03-19 11:05:01,docs.google.com
2014-03-19 11:09:22,www.bing.com
2014-03-19 11:09:22,www.ncsu.edu
2014-03-19 11:09:23,bulletin.ncsu.edu
2014-03-19 11:09:23,www.ncsu.edu
2014-03-19 11:09:24,www.ncsu.edu
2014-03-19 11:09:25,www.ncsu.edu
2014-03-19 11:09:32,www.ncsu.edu
2014-03-19 11:09:43,www.ncsu.edu
2014-03-19 11:09:44,www.ncsu.edu
2014-03-19 11:12:04,www.ncsu.edu
2014-03-19 11:12:05,www.bing.com
2014-03-19 11:12:12,www.bing.com
2014-03-19 11:12:13,fr.wikipedia.org
2014-03-19 11:12:13,bits.wikimedia.org
2014-03-19 11:12:13,login.wikimedia.org
2014-03-19 11:12:13,meta.wikimedia.org
2014-03-19 11:12:14,bits.wikimedia.org
2014-03-19 11:14:29,www.bing.com
2014-03-19 11:14:29,dev.virtualearth.net
2014-03-19 11:14:33,www.bing.com
2014-03-19 11:14:33,bits.wikimedia.org
2014-03-19 11:14:34,en.wikipedia.org
2014-03-19 11:14:34,bits.wikimedia.org
2014-03-19 11:14:34,login.wikimedia.org
2014-03-19 11:14:34,meta.wikimedia.org
2014-03-19 11:14:40,login.live.com
2014-03-19 11:15:49,translate.google.fr
2014-03-19 11:15:50,translate.google.fr
2014-03-19 11:15:51,translate.google.fr
2014-03-19 11:15:52,translate.google.fr
2014-03-19 11:15:56,translate.google.fr
2014-03-19 11:15:58,translate.google.fr
2014-03-19 11:16:03,translate.google.fr
2014-03-19 11:16:15,translate.google.fr
2014-03-19 11:17:16,www.bing.com
2014-03-19 11:17:18,www.bing.com
2014-03-19 11:17:18,www.ncsu.edu
2014-03-19 11:17:19,www.ncsu.edu
2014-03-19 11:17:27,login.live.com
2014-03-19 11:17:31,www.bing.com
2014-03-19 11:17:33,login.live.com
2014-03-19 11:17:41,www.bing.com
2014-03-19 11:17:54,docs.google.com
2014-03-19 11:18:08,www.bing.com
2014-03-19 11:18:11,www.bing.com
2014-03-19 11:18:22,www.bing.com
2014-03-19 11:18:23,www.bing.com
2014-03-19 11:18:23,login.live.com
2014-03-19 11:18:31,www.bing.com
2014-03-19 11:18:32,dev.virtualearth.net
2014-03-19 11:18:34,login.live.com
2014-03-19 11:18:34,www.bing.com
2014-03-19 11:18:38,www.bing.com
2014-03-19 11:18:39,www.microsofttranslator.com
2014-03-19 11:18:40,www.bing.com
2014-03-19 11:18:40,bits.wikimedia.org
2014-03-19 11:18:40,www.microsofttranslator.com
2014-03-19 11:18:41,login.wikimedia.org
2014-03-19 11:18:41,bits.wikimedia.org
2014-03-19 11:18:41,meta.wikimedia.org
2014-03-19 11:18:42,meta.wikimedia.org
2014-03-19 11:18:42,en.wikipedia.org
2014-03-19 11:18:43,www.microsofttranslator.com
2014-03-19 11:18:45,www.microsofttranslator.com
2014-03-19 11:18:45,api.microsofttranslator.com
2014-03-19 11:18:45,ssl.bing.com
2014-03-19 11:18:46,api.microsofttranslator.com
2014-03-19 11:18:46,www.bing.com
2014-03-19 11:18:47,api.microsofttranslator.com
2014-03-19 11:18:48,api.microsofttranslator.com
2014-03-19 11:18:49,api.microsofttranslator.com
2014-03-19 11:18:50,api.microsofttranslator.com
2014-03-19 11:18:51,api.microsofttranslator.com
2014-03-19 11:18:52,api.microsofttranslator.com
2014-03-19 11:18:53,api.microsofttranslator.com
2014-03-19 11:18:54,api.microsofttranslator.com
2014-03-19 11:18:55,api.microsofttranslator.com
2014-03-19 11:18:56,api.microsofttranslator.com
2014-03-19 11:18:57,api.microsofttranslator.com
2014-03-19 11:18:58,api.microsofttranslator.com
2014-03-19 11:18:59,api.microsofttranslator.com
2014-03-19 11:19:00,api.microsofttranslator.com
2014-03-19 11:19:01,api.microsofttranslator.com
2014-03-19 11:19:02,www.microsofttranslator.com
2014-03-19 11:19:02,api.microsofttranslator.com
2014-03-19 11:19:03,www.microsofttranslator.com
2014-03-19 11:19:37,www.microsofttranslator.com
2014-03-19 11:19:42,www.microsofttranslator.com
2014-03-19 11:19:51,www.bing.com
2014-03-19 11:19:53,www.bing.com
2014-03-19 11:19:53,en.wikipedia.org
2014-03-19 11:19:54,meta.wikimedia.org
2014-03-19 11:19:54,en.wikipedia.org
2014-03-19 11:20:03,bits.wikimedia.org
2014-03-19 11:20:03,en.wikipedia.org
2014-03-19 11:20:03,commons.wikimedia.org
2014-03-19 11:20:04,en.wikipedia.org
2014-03-19 11:20:04,meta.wikimedia.org
2014-03-19 11:20:10,en.wikipedia.org
2014-03-19 11:20:10,meta.wikimedia.org
2014-03-19 11:21:13,www.bing.com
2014-03-19 11:21:13,dev.virtualearth.net
2014-03-19 11:21:14,www.bing.com
2014-03-19 11:21:15,login.live.com
2014-03-19 11:21:15,mc1.maps.live.com
2014-03-19 11:21:15,ak.dynamic.t2.tiles.virtualearth.net
2014-03-19 11:21:15,ecn.dev.virtualearth.net
2014-03-19 11:21:15,ak.dynamic.t1.tiles.virtualearth.net
2014-03-19 11:21:15,ak.dynamic.t3.tiles.virtualearth.net
2014-03-19 11:21:15,www.bing.com
2014-03-19 11:21:15,ak.dynamic.t0.tiles.virtualearth.net
2014-03-19 11:21:16,ak.t2.tiles.virtualearth.net
2014-03-19 11:21:16,www.bing.com
2014-03-19 11:21:16,mc1.maps.live.com
2014-03-19 11:21:16,ecn.dev.virtualearth.net
2014-03-19 11:21:16,ak.dynamic.t1.tiles.virtualearth.net
2014-03-19 11:21:16,dev.virtualearth.net
2014-03-19 11:21:16,ak.dynamic.t2.tiles.virtualearth.net
2014-03-19 11:21:16,ak.dynamic.t3.tiles.virtualearth.net
2014-03-19 11:21:16,ak.dynamic.t0.tiles.virtualearth.net
2014-03-19 11:21:16,ak.t3.tiles.virtualearth.net
2014-03-19 11:21:17,ak.dynamic.t0.tiles.virtualearth.net
2014-03-19 11:21:17,www.bing.com
2014-03-19 11:21:17,ak.t0.tiles.virtualearth.net
2014-03-19 11:21:17,ak.t1.tiles.virtualearth.net
2014-03-19 11:21:17,ecn.dev.virtualearth.net
2014-03-19 11:21:17,ak.dynamic.t1.tiles.virtualearth.net
2014-03-19 11:21:17,ak.dynamic.t3.tiles.virtualearth.net
2014-03-19 11:21:17,ak.dynamic.t2.tiles.virtualearth.net
2014-03-19 11:21:17,dev.virtualearth.net
2014-03-19 11:21:18,dev.virtualearth.net
2014-03-19 11:21:18,ak.t1.tiles.virtualearth.net
2014-03-19 11:21:18,ak.dynamic.t3.tiles.virtualearth.net
2014-03-19 11:21:18,ak.dynamic.t1.tiles.virtualearth.net
2014-03-19 11:21:18,ak.dynamic.t2.tiles.virtualearth.net
2014-03-19 11:21:18,ak.t3.tiles.virtualearth.net
2014-03-19 11:21:18,ak.dynamic.t0.tiles.virtualearth.net
2014-03-19 11:21:18,www.bing.com
2014-03-19 11:21:19,www.bing.com
2014-03-19 11:21:19,dev.virtualearth.net
2014-03-19 11:21:22,ecn.dev.virtualearth.net
2014-03-19 11:21:23,ak.t2.tiles.virtualearth.net
2014-03-19 11:21:23,ak.dynamic.t2.tiles.virtualearth.net
2014-03-19 11:21:23,ak.t0.tiles.virtualearth.net
2014-03-19 11:21:23,ak.dynamic.t0.tiles.virtualearth.net
2014-03-19 11:21:23,ak.dynamic.t1.tiles.virtualearth.net
2014-03-19 11:21:23,ak.dynamic.t3.tiles.virtualearth.net
2014-03-19 11:21:24,ak.dynamic.t1.tiles.virtualearth.net
2014-03-19 11:21:24,ak.dynamic.t3.tiles.virtualearth.net
2014-03-19 11:21:24,ak.dynamic.t0.tiles.virtualearth.net
2014-03-19 11:21:24,ak.dynamic.t2.tiles.virtualearth.net
2014-03-19 11:21:24,ak.t2.tiles.virtualearth.net
2014-03-19 11:21:25,ak.dynamic.t2.tiles.virtualearth.net
2014-03-19 11:21:25,ak.dynamic.t0.tiles.virtualearth.net
2014-03-19 11:21:25,ak.dynamic.t1.tiles.virtualearth.net
2014-03-19 11:21:25,ak.dynamic.t3.tiles.virtualearth.net
2014-03-19 11:21:25,ak.t3.tiles.virtualearth.net
2014-03-19 11:21:25,www.bing.com
2014-03-19 11:21:25,dev.virtualearth.net
2014-03-19 11:21:26,ak.dynamic.t2.tiles.virtualearth.net
2014-03-19 11:21:26,ak.dynamic.t1.tiles.virtualearth.net
2014-03-19 11:21:26,ak.dynamic.t0.tiles.virtualearth.net
2014-03-19 11:21:26,ak.dynamic.t3.tiles.virtualearth.net
2014-03-19 11:21:26,ak.t0.tiles.virtualearth.net
2014-03-19 11:21:26,ak.t1.tiles.virtualearth.net
2014-03-19 11:21:26,dev.virtualearth.net
2014-03-19 11:21:27,www.bing.com
2014-03-19 11:21:27,dev.virtualearth.net
2014-03-19 11:21:28,login.live.com
2014-03-19 11:21:28,dev.virtualearth.net
2014-03-19 11:21:31,ak.dynamic.t0.tiles.virtualearth.net
2014-03-19 11:21:31,ak.dynamic.t3.tiles.virtualearth.net
2014-03-19 11:21:31,ssl.bing.com
2014-03-19 11:21:31,ak.dynamic.t1.tiles.virtualearth.net
2014-03-19 11:21:31,ak.dynamic.t2.tiles.virtualearth.net
2014-03-19 11:21:31,www.bing.com
2014-03-19 11:21:32,ak.dynamic.t1.tiles.virtualearth.net
2014-03-19 11:21:32,ak.dynamic.t0.tiles.virtualearth.net
2014-03-19 11:21:32,ak.dynamic.t3.tiles.virtualearth.net
2014-03-19 11:21:32,ak.dynamic.t2.tiles.virtualearth.net
2014-03-19 11:21:32,dev.virtualearth.net
2014-03-19 11:21:33,ak.dynamic.t2.tiles.virtualearth.net
2014-03-19 11:21:33,www.bing.com
2014-03-19 11:21:33,ak.t2.tiles.virtualearth.net
2014-03-19 11:21:34,dev.virtualearth.net
2014-03-19 11:21:39,ak.dynamic.t2.tiles.virtualearth.net
2014-03-19 11:21:39,ak.dynamic.t1.tiles.virtualearth.net
2014-03-19 11:21:39,ak.dynamic.t3.tiles.virtualearth.net
2014-03-19 11:21:39,ak.dynamic.t0.tiles.virtualearth.net
2014-03-19 11:21:40,ak.dynamic.t0.tiles.virtualearth.net
2014-03-19 11:21:40,ak.dynamic.t3.tiles.virtualearth.net
2014-03-19 11:21:40,ak.dynamic.t1.tiles.virtualearth.net
2014-03-19 11:21:40,www.bing.com
2014-03-19 11:21:41,ak.dynamic.t3.tiles.virtualearth.net
2014-03-19 11:21:41,ak.dynamic.t1.tiles.virtualearth.net
2014-03-19 11:21:41,ak.dynamic.t0.tiles.virtualearth.net
2014-03-19 11:21:41,ak.dynamic.t2.tiles.virtualearth.net
2014-03-19 11:21:42,ak.t1.tiles.virtualearth.net
2014-03-19 11:21:42,ak.t3.tiles.virtualearth.net
2014-03-19 11:21:42,ak.t0.tiles.virtualearth.net
2014-03-19 11:21:42,www.bing.com
2014-03-19 11:21:42,ak.dynamic.t2.tiles.virtualearth.net
2014-03-19 11:21:42,ak.dynamic.t3.tiles.virtualearth.net
2014-03-19 11:21:42,ak.dynamic.t1.tiles.virtualearth.net
2014-03-19 11:21:42,dev.virtualearth.net
2014-03-19 11:21:42,ak.dynamic.t0.tiles.virtualearth.net
2014-03-19 11:21:43,ak.t2.tiles.virtualearth.net
2014-03-19 11:21:43,ak.t1.tiles.virtualearth.net
2014-03-19 11:21:43,ak.t3.tiles.virtualearth.net
2014-03-19 11:21:43,www.bing.com
2014-03-19 11:21:43,ak.t0.tiles.virtualearth.net
2014-03-19 11:21:45,ak.dynamic.t1.tiles.virtualearth.net
2014-03-19 11:21:45,ak.dynamic.t3.tiles.virtualearth.net
2014-03-19 11:21:45,ak.dynamic.t0.tiles.virtualearth.net
2014-03-19 11:21:45,ak.dynamic.t2.tiles.virtualearth.net
2014-03-19 11:21:46,dev.virtualearth.net
2014-03-19 11:21:46,www.bing.com
2014-03-19 11:21:47,www.bing.com
2014-03-19 11:21:53,ak.dynamic.t2.tiles.virtualearth.net
2014-03-19 11:21:53,ak.dynamic.t0.tiles.virtualearth.net
2014-03-19 11:21:53,ak.dynamic.t3.tiles.virtualearth.net
2014-03-19 11:21:53,ak.dynamic.t1.tiles.virtualearth.net
2014-03-19 11:21:54,www.bing.com
2014-03-19 11:21:54,ak.dynamic.t0.tiles.virtualearth.net
2014-03-19 11:21:54,ak.dynamic.t2.tiles.virtualearth.net
2014-03-19 11:21:54,ak.dynamic.t1.tiles.virtualearth.net
2014-03-19 11:21:54,dev.virtualearth.net
2014-03-19 11:21:54,ak.dynamic.t3.tiles.virtualearth.net
2014-03-19 11:21:55,ak.t3.tiles.virtualearth.net
2014-03-19 11:21:55,ak.dynamic.t3.tiles.virtualearth.net
2014-03-19 11:21:55,ak.dynamic.t0.tiles.virtualearth.net
2014-03-19 11:21:55,ak.dynamic.t2.tiles.virtualearth.net
2014-03-19 11:21:55,ak.dynamic.t1.tiles.virtualearth.net
2014-03-19 11:21:55,ak.t2.tiles.virtualearth.net
2014-03-19 11:21:55,ak.t0.tiles.virtualearth.net
2014-03-19 11:21:55,ak.t1.tiles.virtualearth.net
2014-03-19 11:21:56,dev.virtualearth.net
2014-03-19 11:21:56,www.bing.com
2014-03-19 11:21:57,www.bing.com
2014-03-19 11:21:57,dev.virtualearth.net
2014-03-19 11:21:59,ak.dynamic.t3.tiles.virtualearth.net
2014-03-19 11:21:59,ak.dynamic.t2.tiles.virtualearth.net
2014-03-19 11:22:01,ecn.dev.virtualearth.net
2014-03-19 11:22:02,ak.dynamic.t1.tiles.virtualearth.net
2014-03-19 11:22:02,ak.dynamic.t3.tiles.virtualearth.net
2014-03-19 11:22:02,ak.dynamic.t2.tiles.virtualearth.net
2014-03-19 11:22:02,ak.dynamic.t0.tiles.virtualearth.net
2014-03-19 11:22:02,dev.virtualearth.net
2014-03-19 11:22:04,ak.dynamic.t1.tiles.virtualearth.net
2014-03-19 11:22:04,ak.dynamic.t0.tiles.virtualearth.net
2014-03-19 11:22:05,dev.virtualearth.net
2014-03-19 11:22:05,ak.dynamic.t2.tiles.virtualearth.net
2014-03-19 11:22:05,ak.dynamic.t3.tiles.virtualearth.net
2014-03-19 11:22:06,ak.dynamic.t1.tiles.virtualearth.net
2014-03-19 11:22:06,ak.dynamic.t3.tiles.virtualearth.net
2014-03-19 11:22:06,dev.virtualearth.net
2014-03-19 11:22:06,ak.dynamic.t2.tiles.virtualearth.net
2014-03-19 11:22:07,dev.virtualearth.net
2014-03-19 11:22:08,ak.dynamic.t1.tiles.virtualearth.net
2014-03-19 11:22:08,www.bing.com
2014-03-19 11:22:08,ak.dynamic.t0.tiles.virtualearth.net
2014-03-19 11:22:08,ak.dynamic.t3.tiles.virtualearth.net
2014-03-19 11:22:08,ak.dynamic.t2.tiles.virtualearth.net
2014-03-19 11:22:09,ak.dynamic.t0.tiles.virtualearth.net
2014-03-19 11:22:09,ak.dynamic.t1.tiles.virtualearth.net
2014-03-19 11:22:09,ak.dynamic.t3.tiles.virtualearth.net
2014-03-19 11:22:11,dev.virtualearth.net
2014-03-19 11:22:18,ak.dynamic.t2.tiles.virtualearth.net
2014-03-19 11:22:18,ak.dynamic.t1.tiles.virtualearth.net
2014-03-19 11:22:18,ak.dynamic.t0.tiles.virtualearth.net
2014-03-19 11:22:18,ak.dynamic.t3.tiles.virtualearth.net
2014-03-19 11:22:19,ak.dynamic.t1.tiles.virtualearth.net
2014-03-19 11:22:19,ak.dynamic.t3.tiles.virtualearth.net
2014-03-19 11:22:19,ak.dynamic.t2.tiles.virtualearth.net
2014-03-19 11:22:19,ak.dynamic.t0.tiles.virtualearth.net
2014-03-19 11:22:20,ak.dynamic.t1.tiles.virtualearth.net
2014-03-19 11:22:20,ak.dynamic.t3.tiles.virtualearth.net
2014-03-19 11:22:20,ak.dynamic.t0.tiles.virtualearth.net
2014-03-19 11:22:20,ak.dynamic.t2.tiles.virtualearth.net
2014-03-19 11:22:21,ak.dynamic.t3.tiles.virtualearth.net
2014-03-19 11:22:21,ak.dynamic.t1.tiles.virtualearth.net
2014-03-19 11:22:21,ak.dynamic.t0.tiles.virtualearth.net
2014-03-19 11:22:21,ak.dynamic.t2.tiles.virtualearth.net
2014-03-19 11:22:22,ak.dynamic.t2.tiles.virtualearth.net
2014-03-19 11:22:22,dev.virtualearth.net
2014-03-19 11:22:22,ak.dynamic.t1.tiles.virtualearth.net
2014-03-19 11:22:22,ak.dynamic.t0.tiles.virtualearth.net
2014-03-19 11:22:22,ak.dynamic.t3.tiles.virtualearth.net
2014-03-19 11:22:24,dev.virtualearth.net
2014-03-19 11:22:30,ak.dynamic.t1.tiles.virtualearth.net
2014-03-19 11:22:30,ak.dynamic.t2.tiles.virtualearth.net
2014-03-19 11:22:30,ak.dynamic.t3.tiles.virtualearth.net
2014-03-19 11:22:30,ak.dynamic.t0.tiles.virtualearth.net
2014-03-19 11:22:31,ak.dynamic.t1.tiles.virtualearth.net
2014-03-19 11:22:31,ak.dynamic.t0.tiles.virtualearth.net
2014-03-19 11:22:31,ak.dynamic.t2.tiles.virtualearth.net
2014-03-19 11:22:31,ak.dynamic.t3.tiles.virtualearth.net
2014-03-19 11:22:32,ak.dynamic.t3.tiles.virtualearth.net
2014-03-19 11:22:32,ak.dynamic.t1.tiles.virtualearth.net
2014-03-19 11:22:32,ak.dynamic.t0.tiles.virtualearth.net
2014-03-19 11:22:32,ak.t1.tiles.virtualearth.net
2014-03-19 11:22:32,ak.t0.tiles.virtualearth.net
2014-03-19 11:22:32,ak.dynamic.t2.tiles.virtualearth.net
2014-03-19 11:22:33,dev.virtualearth.net
2014-03-19 11:22:36,translate.google.fr
2014-03-19 11:23:03,www.bing.com
2014-03-19 11:23:04,www.bing.com
2014-03-19 11:23:05,www.bing.com
2014-03-19 11:23:07,www.bing.com
2014-03-19 11:23:10,www.bing.com
2014-03-19 11:23:12,www.bing.com
2014-03-19 11:23:13,www.bing.com
2014-03-19 11:23:14,login.live.com
2014-03-19 11:23:14,www.bing.com
2014-03-19 11:23:15,www.bing.com
2014-03-19 11:23:15,ts3.mm.bing.net
2014-03-19 11:23:15,ts4.mm.bing.net
2014-03-19 11:23:15,ts1.mm.bing.net
2014-03-19 11:23:15,ts2.mm.bing.net
2014-03-19 11:23:16,ts1.mm.bing.net
2014-03-19 11:23:16,ts4.mm.bing.net
2014-03-19 11:23:16,www.bing.com
2014-03-19 11:23:16,ts2.mm.bing.net
2014-03-19 11:23:16,ts3.mm.bing.net
2014-03-19 11:23:17,ts1.mm.bing.net
2014-03-19 11:23:17,ts4.mm.bing.net
2014-03-19 11:23:17,ts2.mm.bing.net
2014-03-19 11:23:17,ts3.mm.bing.net
2014-03-19 11:23:17,www.bing.com
2014-03-19 11:23:17,api.bing.com
2014-03-19 11:23:18,ts2.mm.bing.net
2014-03-19 11:23:18,ts3.mm.bing.net
2014-03-19 11:23:18,ts4.mm.bing.net
2014-03-19 11:23:18,www.bing.com
2014-03-19 11:23:18,ts1.mm.bing.net
2014-03-19 11:23:19,www.bing.com
2014-03-19 11:23:22,www.bing.com
2014-03-19 11:23:23,www.bing.com
2014-03-19 11:23:23,ts1.mm.bing.net
2014-03-19 11:23:23,ts3.mm.bing.net
2014-03-19 11:23:23,colleges.usnews.rankingsandreviews.com
2014-03-19 11:23:25,www.trekaroo.com
2014-03-19 11:23:25,ts1.mm.bing.net
2014-03-19 11:23:25,www.north-carolina-travel-guide.com
2014-03-19 11:23:26,images.raleighskyline.com
2014-03-19 11:23:26,architype.org
2014-03-19 11:23:26,www.thenumber1.com
2014-03-19 11:23:26,www.highlandmint.com
2014-03-19 11:23:28,www.bing.com
2014-03-19 11:23:29,ts1.mm.bing.net
2014-03-19 11:23:31,ts1.mm.bing.net
2014-03-19 11:23:47,www.bing.com
2014-03-19 11:23:50,www.bing.com
2014-03-19 11:23:51,ts1.mm.bing.net
2014-03-19 11:24:21,ts1.mm.bing.net
2014-03-19 11:24:22,ts1.mm.bing.net
2014-03-19 11:24:22,www.bing.com
2014-03-19 11:24:24,www.bing.com
2014-03-19 11:24:25,www.bing.com
2014-03-19 11:24:26,ts1.mm.bing.net
2014-03-19 11:24:27,ts1.mm.bing.net
2014-03-19 11:24:27,media.glassdoor.com
2014-03-19 11:24:27,w3.campusexplorer.com
2014-03-19 11:24:28,www.bing.com
2014-03-19 11:24:29,www.bing.com
2014-03-19 11:24:29,images1.fanpop.com
2014-03-19 11:24:30,www.bing.com
2014-03-19 11:26:48,translate.google.fr
2014-03-19 11:26:49,translate.google.fr
2014-03-19 11:26:52,translate.google.fr
2014-03-19 11:26:58,translate.google.fr
2014-03-19 11:27:55,docs.google.com
2014-03-19 11:29:52,2.docs.google.com
2014-03-19 11:30:55,docs.google.com
2014-03-19 11:34:27,docs.google.com
2014-03-19 11:36:26,docs.google.com
2014-03-19 11:37:37,2.docs.google.com
2014-03-19 11:37:47,mail.google.com
2014-03-19 11:37:58,accounts.google.com
2014-03-19 11:38:01,mail.google.com
2014-03-19 11:38:06,clients2.google.com
2014-03-19 11:38:08,mail.google.com
2014-03-19 11:38:08,chatenabled.mail.google.com
2014-03-19 11:38:22,drive.google.com
2014-03-19 11:38:25,1.drive.google.com
2014-03-19 11:38:26,1.drive.google.com
2014-03-19 11:38:40,docs.google.com
2014-03-19 11:38:43,docs.google.com
2014-03-19 11:38:48,docs.google.com
2014-03-19 11:38:48,apis.google.com
2014-03-19 11:38:51,3.docs.google.com
2014-03-19 11:38:54,3.docs.google.com
2014-03-19 11:38:59,apis.google.com
2014-03-19 11:39:05,clients6.google.com
2014-03-19 11:39:18,1.drive.google.com
2014-03-19 11:39:19,mail.google.com
2014-03-19 11:40:20,www.google.com
2014-03-19 11:40:20,mail.google.com
2014-03-19 11:40:20,docs.google.com
2014-03-19 11:40:20,chatenabled.mail.google.com
2014-03-19 11:40:20,accounts.google.com
2014-03-19 11:40:20,clients2.google.com
2014-03-19 11:41:18,docs.google.com
2014-03-19 11:41:18,drive.google.com
2014-03-19 11:41:28,docs.google.com
2014-03-19 11:44:10,docs.google.com
2014-03-19 11:46:23,www.bing.com
2014-03-19 11:46:32,www.bing.com
2014-03-19 11:46:34,login.live.com
2014-03-19 11:46:37,www.bing.com
2014-03-19 11:46:43,www.bing.com
2014-03-19 11:48:28,docs.google.com
2014-03-19 11:48:37,ssl.bing.com
2014-03-19 11:54:23,docs.google.com
2014-03-19 11:54:25,3.docs.google.com
2014-03-26 10:00:35,www.squid-cache.org
2014-03-26 10:00:40,gmail.com
2014-03-26 10:00:40,mail.google.com
2014-03-26 10:00:57,accounts.google.com
2014-03-26 10:00:59,accounts.youtube.com
2014-03-26 10:01:04,mail.google.com
2014-03-26 10:01:51,accounts.google.fr
2014-03-26 10:01:53,mail.google.com
2014-03-26 10:01:53,accounts.google.fr
2014-03-26 10:01:53,accounts.youtube.com
2014-03-26 10:01:53,accounts.google.com
2014-03-26 10:01:53,clients2.google.com
2014-03-26 10:01:54,mail.google.com
2014-03-26 10:01:54,apis.google.com
2014-03-26 10:01:54,clients2.google.com
2014-03-26 10:01:55,www.google.com
2014-03-26 10:01:57,mail.google.com
2014-03-26 10:01:57,chatenabled.mail.google.com
2014-03-26 10:02:29,mail.google.com
2014-03-26 10:02:35,apis.google.com
2014-03-26 10:02:35,accounts.google.com
2014-03-26 10:02:35,www.google.com
2014-03-26 10:02:35,chatenabled.mail.google.com
2014-03-26 10:02:35,mail.google.com
2014-03-26 10:02:50,ieonline.microsoft.com
2014-03-26 10:35:48,gmail.com
2014-03-26 10:35:48,mail.google.com
2014-03-26 10:36:12,accounts.google.com
2014-03-26 10:36:14,mail.google.com
2014-03-26 10:36:17,accounts.google.com
2014-03-26 10:36:17,mail.google.com
2014-03-26 10:36:19,mail.google.com
2014-03-26 10:36:19,clients2.google.com
2014-03-26 10:36:19,www.google.com
2014-03-26 10:36:26,apis.google.com
2014-03-26 10:36:27,clients2.google.com
2014-03-26 10:36:30,chatenabled.mail.google.com
2014-03-26 10:36:30,mail.google.com
2014-03-26 10:36:36,www.google.com
2014-03-26 10:40:26,apis.google.com
2014-03-26 10:40:27,apis.google.com
2014-03-26 10:40:27,accounts.google.com
2014-03-26 10:40:30,chatenabled.mail.google.com
2014-03-26 10:44:35,drive.google.com
2014-03-26 10:44:36,apis.google.com
2014-03-26 10:44:36,drive.google.com
2014-03-26 10:44:37,drive.google.com
2014-03-26 10:44:39,0.drive.google.com
2014-03-26 10:44:40,0.drive.google.com
2014-03-26 10:44:42,drive.google.com
2014-03-26 10:44:42,apis.google.com
2014-03-26 10:44:53,docs.google.com
2014-03-26 10:44:57,docs.google.com
2014-03-26 10:44:58,docs.google.com
2014-03-26 10:44:59,docs.google.com
2014-03-26 10:45:00,docs.google.com
2014-03-26 10:45:00,www.google.com
2014-03-26 10:45:01,docs.google.com
2014-03-26 10:45:08,www.google.com
2014-03-26 10:45:11,0.docs.google.com
2014-03-26 10:45:11,apis.google.com
2014-03-26 10:45:12,0.docs.google.com
2014-03-26 10:45:13,0.docs.google.com
2014-03-26 10:45:14,0.docs.google.com
2014-03-26 10:45:36,gg.google.com
2014-03-26 10:45:46,docs.google.com
2014-03-26 10:45:50,www.google.com
2014-03-26 10:45:50,mail.google.com
2014-03-26 10:45:51,docs.google.com
2014-03-26 10:45:52,docs.google.com
2014-03-26 10:45:53,docs.google.com
2014-03-26 10:45:53,clients6.google.com
2014-03-26 10:45:53,1.docs.google.com
2014-03-26 10:45:54,docs.google.com
2014-03-26 10:45:54,1.docs.google.com
2014-03-26 10:46:20,docs.google.com
2014-03-26 10:46:41,docs.google.com
2014-03-26 10:46:53,docs.google.com
2014-03-26 10:46:53,0.docs.google.com
2014-03-26 10:46:55,0.drive.google.com
2014-03-26 10:47:04,mail.google.com
2014-03-26 10:47:04,docs.google.com
2014-03-26 10:47:04,apis.google.com
2014-03-26 10:47:04,clients6.google.com
2014-03-26 10:47:04,accounts.google.com
2014-03-26 10:47:05,docs.google.com
2014-03-26 10:47:05,mail.google.com
2014-03-26 10:47:05,www.bing.com
2014-03-26 10:47:06,www.bing.com
2014-03-26 10:47:07,www.bing.com
2014-03-26 10:47:07,cms.abmr.net
2014-03-26 10:47:08,www.bing.com
2014-03-26 10:47:09,dev.virtualearth.net
2014-03-26 10:47:16,login.live.com
2014-03-26 10:47:17,login.live.com
2014-03-26 10:47:17,www.bing.com
2014-03-26 10:47:18,www.ncsu.edu
2014-03-26 10:47:19,www.ncsu.edu
2014-03-26 10:47:19,bulletin.ncsu.edu
2014-03-26 10:47:19,ssl.bing.com
2014-03-26 10:47:20,www.ncsu.edu
2014-03-26 10:47:21,www.ncsu.edu
2014-03-26 10:47:22,www.ncsu.edu
2014-03-26 10:47:33,www.ncsu.edu
2014-03-26 10:47:34,www.ncsu.edu
2014-03-26 10:47:41,www.ncsu.edu
2014-03-26 10:47:42,www.ncsu.edu
2014-03-26 10:47:54,apis.google.com
2014-03-26 10:47:56,gg.google.com
2014-03-26 10:47:56,drive.google.com
2014-03-26 10:47:56,docs.google.com
2014-03-26 10:49:00,www.ncsu.edu
2014-03-26 10:49:09,www.ncsu.edu
2014-03-26 10:49:27,www.ncsu.edu
2014-03-26 10:49:27,www.bing.com
2014-03-26 10:49:39,www.bing.com
2014-03-26 10:49:48,www.bing.com
2014-03-26 10:50:16,www.bing.com
2014-03-26 10:50:21,www.bing.com
2014-03-26 10:50:22,bits.wikimedia.org
2014-03-26 10:50:22,login.wikimedia.org
2014-03-26 10:50:22,ssl.bing.com
2014-03-26 10:50:22,en.wikipedia.org
2014-03-26 10:50:22,meta.wikimedia.org
2014-03-26 10:50:23,bits.wikimedia.org
2014-03-26 10:58:30,docs.google.com
2014-03-26 11:00:24,bits.wikimedia.org
2014-03-26 11:02:42,dev.virtualearth.net
2014-03-26 11:02:42,www.bing.com
2014-03-26 11:02:44,www.bing.com
2014-03-26 11:02:44,www.ncsu.edu
2014-03-26 11:02:44,login.live.com
2014-03-26 11:02:45,www.ncsu.edu
2014-03-26 11:02:46,www.ncsu.edu
2014-03-26 11:02:49,www.ncsu.edu
2014-03-26 11:02:50,www.ncsu.edu
2014-03-26 11:03:31,www.ncsu.edu
2014-03-26 11:03:32,www.ncsu.edu
2014-03-26 11:03:48,docs.google.com
2014-03-26 11:05:28,www.google.com
2014-03-26 11:05:28,www.ncsu.edu
2014-03-26 11:05:29,www.ncsu.edu
2014-03-26 11:05:40,webauth.ncsu.edu
2014-03-26 11:05:41,webauth.ncsu.edu
2014-03-26 11:05:41,www.ncsu.edu
2014-03-26 11:05:42,www.ncsu.edu
2014-03-26 11:05:43,www.ncsu.edu
2014-03-26 11:06:26,www.bing.com
2014-03-26 11:06:26,docs.google.com
2014-03-26 11:06:37,www.bing.com
2014-03-26 11:06:39,schoolspiritinstyle.com
2014-03-26 11:06:39,login.live.com
2014-03-26 11:06:40,schoolspiritinstyle.com
2014-03-26 11:06:41,schoolspiritinstyle.com
2014-03-26 11:06:42,schoolspiritinstyle.com
2014-03-26 11:06:42,www.facebook.com
2014-03-26 11:06:43,schoolspiritinstyle.com
2014-03-26 11:06:44,s.gravatar.com
2014-03-26 11:06:44,platform.twitter.com
2014-03-26 11:06:44,s0.wp.com
2014-03-26 11:06:44,schoolspiritinstyle.com
2014-03-26 11:06:46,platform.twitter.com
2014-03-26 11:06:48,www.bing.com
2014-03-26 11:06:53,login.live.com
2014-03-26 11:06:53,en.wikipedia.org
2014-03-26 11:06:54,meta.wikimedia.org
2014-03-26 11:06:55,ssl.bing.com
2014-03-26 11:06:56,ajax.googleapis.com
2014-03-26 11:07:22,www.ncsu.edu
2014-03-26 11:07:23,www.ncsu.edu
2014-03-26 11:07:30,www.ncsu.edu
2014-03-26 11:07:36,www.ncsu.edu
2014-03-26 11:07:45,www.ncsu.edu
2014-03-26 11:07:46,www.ncsu.edu
2014-03-26 11:07:48,www.ncsu.edu
2014-03-26 11:11:49,docs.google.com
2014-03-26 11:12:14,www.bing.com
2014-03-26 11:12:17,www.bing.com
2014-03-26 11:12:17,www.lexilogos.com
2014-03-26 11:12:20,translate.google.fr
2014-03-26 11:12:20,www.google.com
2014-03-26 11:12:20,fpdownload2.macromedia.com
2014-03-26 11:12:21,translate.google.fr
2014-03-26 11:12:21,www.google.com
2014-03-26 11:12:23,translate.google.fr
2014-03-26 11:12:24,translate.google.fr
2014-03-26 11:12:25,login.live.com
2014-03-26 11:12:25,translate.google.fr
2014-03-26 11:12:30,translate.google.fr
2014-03-26 11:13:17,docs.google.com
2014-03-26 11:16:21,translate.google.fr
2014-03-26 11:16:22,translate.google.fr
2014-03-26 11:16:23,translate.google.fr
2014-03-26 11:16:24,translate.google.fr
2014-03-26 11:16:29,translate.google.fr
2014-03-26 11:17:18,docs.google.com
2014-03-26 11:17:49,docs.google.com
2014-03-26 11:18:35,translate.google.fr
2014-03-26 11:18:36,translate.google.fr
2014-03-26 11:18:37,translate.google.fr
2014-03-26 11:18:38,translate.google.fr
2014-03-26 11:18:39,translate.google.fr
2014-03-26 11:18:43,translate.google.fr
2014-03-26 11:18:48,translate.google.fr
2014-03-26 11:18:50,inputtools.google.com
2014-03-26 11:19:52,docs.google.com
2014-03-26 11:20:50,inputtools.google.com
2014-03-26 11:23:12,docs.google.com
2014-03-26 11:23:13,1.docs.google.com
2014-03-26 11:24:09,mail.google.com
2014-03-26 11:24:15,mail.google.com
2014-03-26 11:24:30,drive.google.com
2014-03-26 11:24:34,1.drive.google.com
2014-03-26 11:24:35,1.drive.google.com
2014-03-26 11:24:48,docs.google.com
2014-03-26 11:24:49,docs.google.com
2014-03-26 11:24:50,docs.google.com
2014-03-26 11:24:54,docs.google.com
2014-03-26 11:25:04,docs.google.com
2014-03-26 11:25:06,clients2.google.com
2014-03-26 11:25:06,2.docs.google.com
2014-03-26 11:25:07,2.docs.google.com
2014-03-26 11:25:07,apis.google.com
2014-03-26 11:25:31,gg.google.com
2014-03-26 11:26:00,accounts.google.com
2014-03-26 11:26:00,clients2.google.com
2014-03-26 11:26:00,chatenabled.mail.google.com
2014-03-26 11:26:01,www.google.com
2014-03-26 11:26:01,mail.google.com
2014-03-26 11:26:01,apis.google.com
2014-03-26 11:26:03,plus.google.com
2014-03-26 11:26:04,lh3.google.com
2014-03-26 11:26:06,mail.google.com
2014-03-26 11:26:07,mail.google.com
2014-03-26 11:26:08,mail.google.com
2014-03-26 11:26:08,plus.google.com
2014-03-26 11:26:10,plus.google.com
2014-03-26 11:26:10,lh3.google.com
2014-03-26 11:26:14,3.docs.google.com
2014-03-26 11:26:15,3.docs.google.com
2014-03-26 11:26:16,3.talkgadget.google.com
2014-03-26 11:26:17,docs.google.com
2014-03-26 11:26:18,docs.google.com
2014-03-26 11:26:20,docs.google.com
2014-03-26 11:26:24,mail.google.com
2014-03-26 11:26:31,3.talkgadget.google.com
2014-03-26 11:27:10,3.talkgadget.google.com
2014-03-26 11:27:14,apis.google.com
2014-03-26 11:27:18,plus.google.com
2014-03-26 11:27:18,3.talkgadget.google.com
2014-03-26 11:28:31,drive.google.com
2014-03-26 11:28:35,drive.google.com
2014-03-26 11:28:49,docs.google.com
2014-03-26 11:28:52,drive.google.com
2014-03-26 11:28:54,docs.google.com
2014-03-26 11:28:55,docs.google.com
2014-03-26 11:29:06,clients2.google.com
2014-03-26 11:29:31,gg.google.com
2014-03-26 11:30:31,clients6.google.com
2014-03-26 11:30:39,docs.google.com
2014-03-26 11:30:49,docs.google.com
2014-03-26 11:30:49,3.docs.google.com
2014-03-26 11:31:18,www.google.com
2014-03-26 11:38:33,drive.google.com
2014-03-26 11:43:31,1.drive.google.com
2014-03-26 11:43:31,2.docs.google.com
2014-03-26 11:43:31,mail.google.com
2014-03-26 11:43:32,mail.google.com
2014-03-26 11:43:37,docs.google.com
2014-03-26 11:43:37,drive.google.com
2014-04-16 08:04:48,www.bing.com
2014-04-16 08:04:49,www.bing.com
2014-04-16 08:04:49,cms.abmr.net
2014-04-16 08:04:52,www.bing.com
2014-04-16 08:06:18,office14client.microsoft.com
2014-04-16 08:06:18,office.microsoft.com
2014-04-16 08:06:21,office.microsoft.com
2014-04-16 08:07:54,ieonline.microsoft.com
2014-04-16 09:24:38,gmail.com
2014-04-16 09:24:54,mail.google.com
2014-04-16 09:24:56,accounts.google.com
2014-04-16 09:24:59,accounts.youtube.com
2014-04-16 09:25:38,accounts.google.fr
2014-04-16 09:25:57,accounts.google.fr
2014-04-16 09:25:59,mail.google.com
2014-04-16 09:25:59,accounts.google.com
2014-04-16 09:25:59,clients2.google.com
2014-04-16 09:25:59,accounts.google.fr
2014-04-16 09:25:59,accounts.youtube.com
2014-04-16 09:26:00,mail.google.com
2014-04-16 09:26:00,apis.google.com
2014-04-16 09:26:00,clients2.google.com
2014-04-16 09:26:01,www.google.com
2014-04-16 09:26:02,accounts.google.com
2014-04-16 09:26:02,mail.google.com
2014-04-16 09:26:03,mail.google.com
2014-04-16 09:26:03,www.google.com
2014-04-16 09:26:03,apis.google.com
2014-04-16 09:26:03,chatenabled.mail.google.com
2014-04-16 09:26:03,clients6.google.com
2014-04-16 09:26:04,lh5.google.com
2014-04-16 09:26:04,chatenabled.mail.google.com
2014-04-16 09:26:04,plus.google.com
2014-04-16 09:26:16,apis.google.com
2014-04-16 09:26:20,docs.google.com
2014-04-16 09:26:24,docs.google.com
2014-04-16 09:26:33,docs.google.com
2014-04-16 09:26:35,0.docs.google.com
2014-04-16 09:26:38,0.docs.google.com
2014-04-16 09:26:39,0.talkgadget.google.com
2014-04-16 09:26:39,docs.google.com
2014-04-16 09:26:41,apis.google.com
2014-04-16 09:26:42,apis.google.com
2014-04-16 09:26:42,plus.google.com
2014-04-16 09:27:23,0.talkgadget.google.com
2014-04-16 09:27:42,0.talkgadget.google.com
2014-04-16 09:27:45,www.google.com
2014-04-16 09:27:51,docs.google.com
2014-04-16 09:27:51,mail.google.com
2014-04-16 09:27:52,lh5.google.com
2014-04-16 09:27:52,clients6.google.com
2014-04-16 09:27:52,docs.google.com
2014-04-16 09:27:52,www.google.com
2014-04-16 09:27:52,plus.google.com
2014-04-16 09:27:52,0.talkgadget.google.com
2014-04-16 09:27:52,apis.google.com
2014-04-16 09:27:52,mail.google.com
2014-04-16 09:27:52,0.docs.google.com
