timestamp,site
2014-02-19 09:19:37,www.bing.com
2014-02-19 09:19:37,www.google.com
2014-02-19 09:21:31,player.vimeo.com
2014-02-19 09:21:33,livepassdl.conviva.com
2014-02-19 09:21:34,livepassdl.conviva.com
2014-02-19 09:21:35,pings.conviva.com
2014-02-19 09:21:37,go.microsoft.com
2014-02-19 09:21:37,ieonline.microsoft.com
2014-02-19 09:21:41,pings.conviva.com
2014-02-19 09:22:05,livepassdl.conviva.com
2014-02-19 09:24:17,ad.foxitsoftware.com
2014-02-19 09:34:01,www.expertgps.com
2014-02-19 09:34:09,img.expertgps.com
2014-02-19 09:34:09,www.expertgps.com
2014-02-19 09:34:21,www.expertgps.com
2014-02-19 11:44:35,www.expertgps.com
2014-02-19 11:46:40,www.expertgps.com
2014-02-19 11:50:59,dl.patchbeam.com
2014-02-19 11:50:59,www.powerarchiver.com
2014-02-19 11:57:47,www.expertgps.com
2014-03-03 10:02:15,go.microsoft.com
2014-03-03 10:02:15,ieonline.microsoft.com
2014-03-17 09:11:12,www.google.fr
2014-03-17 09:11:43,www.google.fr
2014-03-17 09:11:59,www.google.fr
2014-03-17 09:12:00,apis.google.com
2014-03-17 09:12:02,www.google.com
2014-03-17 09:12:08,www.google.fr
2014-03-17 09:12:09,www.google.fr
2014-03-17 09:12:09,www.google.com
2014-03-17 09:12:09,apis.google.com
2014-03-17 09:14:08,ieonline.microsoft.com
2014-03-26 11:51:03,www.google.fr
2014-03-26 11:51:17,www.google.fr
2014-03-26 11:51:18,apis.google.com
2014-03-26 11:51:20,www.google.com
2014-03-26 11:53:11,www.google.fr
2014-03-26 11:53:18,www.google.com
2014-03-26 11:53:18,apis.google.com
2014-03-26 11:53:18,www.google.fr
2014-03-26 11:54:13,ieonline.microsoft.com
2014-03-26 12:04:29,www.google.fr
2014-03-26 12:04:42,www.google.fr
2014-03-26 12:04:43,apis.google.com
2014-03-26 12:04:45,www.google.com
2014-03-26 12:04:49,apis.google.com
2014-03-26 12:04:49,www.google.com
2014-03-26 12:04:49,www.google.fr
2014-03-26 12:04:50,www.google.fr
2014-03-28 09:46:03,www.google.fr
2014-03-28 09:46:22,www.google.fr
2014-03-28 09:46:23,apis.google.com
2014-03-28 09:46:25,www.google.com
2014-03-28 09:46:42,apis.google.com
2014-03-28 09:46:42,www.google.com
2014-03-28 09:46:42,www.google.fr
2014-03-28 09:49:02,ieonline.microsoft.com
2014-03-28 10:50:43,www.google.fr
2014-03-28 10:51:47,www.google.fr
2014-03-28 10:52:00,www.google.fr
2014-03-28 10:52:01,apis.google.com
2014-03-28 10:52:03,www.google.com
2014-03-28 10:52:09,www.google.fr
2014-03-28 10:52:09,www.google.com
2014-03-28 10:52:09,apis.google.com
2014-04-14 08:31:39,www.google.fr
2014-04-14 08:32:00,www.google.fr
2014-04-14 08:32:01,apis.google.com
2014-04-14 08:32:03,www.google.com
2014-04-14 08:32:21,www.google.fr
2014-04-14 08:32:21,apis.google.com
2014-04-14 08:32:22,www.google.com
2014-04-14 08:32:22,www.google.fr
2014-04-14 08:34:43,ieonline.microsoft.com
2014-04-16 09:01:31,www.google.com
2014-04-16 09:01:33,www.google.fr
2014-04-16 09:01:36,www.google.fr
2014-04-16 09:01:38,www.google.com
2014-04-16 09:01:39,apis.google.com
2014-04-16 09:01:47,www.google.fr
2014-04-16 09:01:47,www.google.com
2014-04-16 09:01:48,www.google.fr
2014-04-16 09:01:48,apis.google.com
2014-04-16 09:03:31,go.microsoft.com
2014-04-16 09:03:31,ieonline.microsoft.com
2014-04-16 09:03:55,ad.foxitsoftware.com
2014-04-16 09:47:11,www.google.fr
2014-04-16 09:47:13,www.google.fr
2014-04-16 09:47:16,accounts.google.com
2014-04-16 09:47:16,www.google.com
2014-04-16 09:47:16,mail.google.com
2014-04-16 09:47:17,accounts.google.com
2014-04-16 09:47:18,accounts.youtube.com
2014-04-16 09:47:35,www.google.com
2014-04-16 09:47:36,accounts.google.fr
2014-04-16 09:47:38,www.google.fr
2014-04-16 09:47:41,accounts.google.com
2014-04-16 09:47:42,accounts.youtube.com
2014-04-16 09:47:42,accounts.google.fr
2014-04-16 09:47:42,mail.google.com
2014-04-16 09:47:42,clients2.google.com
2014-04-16 09:47:44,apis.google.com
2014-04-16 09:47:45,clients6.google.com
2014-04-16 09:47:46,www.google.com
2014-04-16 09:47:52,drive.google.com
2014-04-16 09:47:52,chatenabled.mail.google.com
2014-04-16 09:47:52,clients2.google.com
2014-04-16 09:47:52,accounts.google.com
2014-04-16 09:47:54,mail.google.com
2014-04-16 09:47:57,apis.google.com
2014-04-16 09:48:20,mail.google.com
2014-04-16 09:48:21,mail.google.com
2014-04-16 09:49:11,clients6.google.com
2014-04-16 09:49:11,drive.google.com
2014-04-16 09:49:11,chatenabled.mail.google.com
2014-04-16 09:49:27,mail.google.com
2014-04-16 09:49:27,accounts.youtube.com
2014-04-16 09:49:27,accounts.google.com
2014-04-16 09:49:27,www.google.com
2014-04-23 08:55:17,sci.sciences.univ-bpclermont.fr
2014-04-23 08:55:18,sci.sciences.univ-bpclermont.fr
2014-04-23 08:55:19,sci.sciences.univ-bpclermont.fr
2014-04-23 08:55:24,www.google.com
2014-04-23 08:55:27,www.google.fr
2014-04-23 08:55:29,www.google.fr
2014-04-23 08:55:30,apis.google.com
2014-04-23 08:55:30,www.google.com
2014-04-23 08:55:45,www.google.fr
2014-04-23 08:55:45,ent.univ-bpclermont.fr
2014-04-23 08:55:45,www.univ-bpclermont.fr
2014-04-23 08:55:45,www.google.com
2014-04-23 08:55:45,apis.google.com
2014-04-23 08:55:46,ent.univ-bpclermont.fr
2014-04-23 08:55:49,www.univ-bpclermont.fr
2014-04-23 08:55:59,ent.univ-bpclermont.fr
2014-04-23 08:56:00,www.univ-bpclermont.fr
2014-04-23 08:56:00,ent.univ-bpclermont.fr
2014-04-23 08:56:01,ent.univ-bpclermont.fr
2014-04-23 08:56:07,ent.univ-bpclermont.fr
2014-04-23 08:56:07,www.univ-bpclermont.fr
2014-04-23 08:56:07,claroline.univ-bpclermont.fr
2014-04-23 08:56:09,claroline.univ-bpclermont.fr
2014-04-23 08:56:10,claroline.univ-bpclermont.fr
2014-04-23 08:56:23,claroline.univ-bpclermont.fr
2014-04-23 08:56:25,claroline.univ-bpclermont.fr
2014-04-23 08:56:26,claroline.univ-bpclermont.fr
2014-04-23 08:56:31,claroline.univ-bpclermont.fr
2014-04-23 08:56:41,claroline.univ-bpclermont.fr
2014-04-23 08:57:05,ent.univ-bpclermont.fr
2014-04-23 08:57:20,ieonline.microsoft.com
2014-04-23 08:57:20,go.microsoft.com
2014-04-23 08:58:02,ent.univ-bpclermont.fr
2014-04-23 09:01:07,ent.univ-bpclermont.fr
2014-04-23 11:40:21,www.univ-bpclermont.fr
