timestamp,site
2013-11-12 12:55:47,fpdownload2.macromedia.com
2013-11-12 12:55:59,www.bing.com
2013-11-12 12:56:00,www.bing.com
2013-11-12 12:56:01,www.bing.com
2013-11-12 12:56:02,cms.abmr.net
2013-11-12 12:56:02,www.bing.com
2013-11-12 12:56:03,www.bing.com
2013-11-12 12:56:12,login.live.com
2013-11-12 12:56:15,www.dropbox.com
2013-11-12 12:56:16,www.dropbox.com
2013-11-12 12:56:41,ajax.googleapis.com
2013-11-12 12:56:42,ajax.googleapis.com
2013-11-12 12:57:10,ajax.googleapis.com
2013-11-12 12:57:42,dl-web.dropbox.com
2013-11-12 12:57:43,dl-web.dropbox.com
2013-11-12 12:57:43,www.dropbox.com
2013-11-12 12:57:44,dl-web.dropbox.com
2013-11-12 12:57:51,dl-web.dropbox.com
2013-11-12 12:57:56,dl-web.dropbox.com
2013-11-12 12:58:12,office14client.microsoft.com
2013-11-12 12:58:13,office.microsoft.com
2013-11-12 12:58:14,office.microsoft.com
2013-11-12 12:58:44,dl-web.dropbox.com
2013-11-12 12:58:45,dl-web.dropbox.com
2013-11-12 12:58:46,dl-web.dropbox.com
2013-11-12 12:58:56,dl-web.dropbox.com
2013-11-12 12:59:08,dl-web.dropbox.com
2013-11-12 13:03:52,www.dropbox.com
2013-11-12 13:03:52,dl-web.dropbox.com
2013-11-18 17:16:12,login.live.com
2013-11-18 17:16:15,www.dropbox.com
2013-11-18 17:16:17,www.dropbox.com
2013-11-18 17:16:18,www.dropbox.com
2013-11-18 17:16:44,ajax.googleapis.com
2013-11-18 17:16:45,ajax.googleapis.com
2013-11-18 17:17:02,ajax.googleapis.com
2013-11-18 17:17:41,dl-web.dropbox.com
2013-11-18 17:17:42,dl-web.dropbox.com
2013-11-18 17:17:43,www.dropbox.com
2013-11-18 17:17:43,dl-web.dropbox.com
2013-11-18 17:17:54,dl-web.dropbox.com
2013-11-18 17:18:04,dl-web.dropbox.com
2013-11-18 17:18:43,dl-web.dropbox.com
2013-11-18 17:18:45,dl-web.dropbox.com
2013-11-18 17:18:46,dl-web.dropbox.com
2013-11-18 17:19:04,dl-web.dropbox.com
2013-11-18 17:19:05,dl-web.dropbox.com
2013-11-18 17:19:21,dl-web.dropbox.com
2013-11-18 17:19:22,dl-web.dropbox.com
2013-11-18 17:19:34,dl-web.dropbox.com
2013-11-18 17:19:35,dl-web.dropbox.com
2013-11-18 17:22:44,dl-web.dropbox.com
2013-11-18 17:24:29,dl-web.dropbox.com
2013-11-18 17:25:44,dl-web.dropbox.com
2013-11-18 17:31:31,www.dropbox.com
2013-11-18 17:31:36,www.dropbox.com
2013-11-18 17:31:36,dl-web.dropbox.com
2013-11-19 12:06:10,www.bing.com
2013-11-19 12:06:11,www.bing.com
2013-11-19 12:06:12,www.bing.com
2013-11-19 12:06:13,www.bing.com
2013-11-19 12:06:13,www.dropbox.com
2013-11-19 12:06:22,login.live.com
2013-11-19 12:06:25,www.dropbox.com
2013-11-19 12:06:27,www.dropbox.com
2013-11-19 12:06:29,www.dropbox.com
2013-11-19 12:06:45,www.dropbox.com
2013-11-19 12:06:54,ajax.googleapis.com
2013-11-19 12:06:55,ajax.googleapis.com
2013-11-19 12:07:14,ajax.googleapis.com
2013-11-19 12:07:37,dl-web.dropbox.com
2013-11-19 12:07:39,www.dropbox.com
2013-11-19 12:07:39,dl-web.dropbox.com
2013-11-19 12:07:44,dl-web.dropbox.com
2013-11-19 12:08:39,dl-web.dropbox.com
2013-11-19 12:08:40,dl-web.dropbox.com
2013-11-19 12:08:41,dl-web.dropbox.com
2013-11-19 12:08:42,dl-web.dropbox.com
2013-11-19 12:08:53,dl-web.dropbox.com
2013-11-19 12:11:09,www.dropbox.com
2013-11-19 12:11:10,www.dropbox.com
2013-11-20 13:06:25,www.bing.com
2013-11-20 13:06:26,www.bing.com
2013-11-20 13:06:27,www.bing.com
2013-11-20 13:06:27,login.live.com
2013-11-20 13:06:28,www.dropbox.com
2013-11-20 13:06:40,www.dropbox.com
2013-11-20 13:06:41,www.dropbox.com
2013-11-20 13:06:42,www.dropbox.com
2013-11-20 13:07:08,ajax.googleapis.com
2013-11-20 13:07:10,ajax.googleapis.com
2013-11-20 13:07:25,ajax.googleapis.com
2013-11-20 13:07:51,dl-web.dropbox.com
2013-11-20 13:07:52,www.dropbox.com
2013-11-20 13:07:52,dl-web.dropbox.com
2013-11-20 13:08:25,dl-web.dropbox.com
2013-11-20 13:08:52,dl-web.dropbox.com
2013-11-20 13:08:53,dl-web.dropbox.com
2013-11-20 13:08:54,dl-web.dropbox.com
2013-11-20 13:08:55,dl-web.dropbox.com
2013-11-20 13:09:22,dl-web.dropbox.com
2013-11-20 13:09:26,dl-web.dropbox.com
2013-11-20 13:09:38,www.bing.com
2013-11-20 13:09:39,www.bing.com
2013-11-20 13:09:43,www.bing.com
2013-11-20 13:09:47,www.bing.com
2013-11-20 13:09:50,login.live.com
2013-11-20 13:09:51,www.bing.com
2013-11-20 13:09:52,login.live.com
2013-11-20 13:09:52,static2.viadeo-static.com
2013-11-20 13:09:52,static3.viadeo-static.com
2013-11-20 13:09:52,fr.viadeo.com
2013-11-20 13:09:52,static0.viadeo-static.com
2013-11-20 13:09:52,static1.viadeo-static.com
2013-11-20 13:09:52,join.viadeo.com
2013-11-20 13:09:59,cdns.gigya.com
2013-11-20 13:09:59,static0.viadeo-static.com
2013-11-20 13:09:59,static1.viadeo-static.com
2013-11-20 13:09:59,static9.viadeo-static.com
2013-11-20 13:10:00,static2.viadeo-static.com
2013-11-20 13:10:00,static0.viadeo-static.com
2013-11-20 13:10:00,static3.viadeo-static.com
2013-11-20 13:10:00,static1.viadeo-static.com
2013-11-20 13:10:00,www.viadeo.com
2013-11-20 13:10:01,static2.viadeo-static.com
2013-11-20 13:10:01,cdns.gigya.com
2013-11-20 13:10:08,static1.viadeo-static.com
2013-11-20 13:10:27,secure.viadeo.com
2013-11-20 13:10:30,secure.viadeo.com
2013-11-20 13:10:30,static9.viadeo-static.com
2013-11-20 13:10:30,www.viadeo.com
2013-11-20 13:10:31,www.viadeo.com
2013-11-20 13:10:31,static3.viadeo-static.com
2013-11-20 13:10:31,static9.viadeo-static.com
2013-11-20 13:10:32,www.viadeo.com
2013-11-20 13:10:32,ftn.eulerian.net
2013-11-20 13:10:32,ftn.fortuneo.fr
2013-11-20 13:10:33,static2.viadeo-static.com
2013-11-20 13:10:33,www.viadeo.com
2013-11-20 13:10:34,www.viadeo.com
2013-11-20 13:10:36,i1-js-14-3-01-10169-354099040-i.init.cedexis-radar.net
2013-11-20 13:10:37,www.viadeo.com
2013-11-20 13:10:38,i1.ytimg.com
2013-11-20 13:10:38,static9.viadeo-static.com
2013-11-20 13:10:38,www.edfrecrute.com
2013-11-20 13:10:38,www.viadeo.com
2013-11-20 13:10:43,fastly.cedexis.com
2013-11-20 13:10:47,static3.viadeo-static.com
2013-11-20 13:10:48,www.viadeo.com
2013-11-20 13:10:48,static9.viadeo-static.com
2013-11-20 13:10:49,www.viadeo.com
2013-11-20 13:10:49,static1.viadeo-static.com
2013-11-20 13:10:49,static9.viadeo-static.com
2013-11-20 13:10:50,static9.viadeo-static.com
2013-11-20 13:10:50,www.viadeo.com
2013-11-20 13:10:52,www.viadeo.com
2013-11-20 13:10:52,static9.viadeo-static.com
2013-11-20 13:10:54,i1-js-14-3-01-10169-193711741-i.init.cedexis-radar.net
2013-11-20 13:10:58,ec2-us-east-1a.cedexis.com
2013-11-20 13:11:02,ec2-sa-east-1a.cedexis.com
2013-11-20 13:11:03,ec2-sa-east-1a.cedexis.com
2013-11-20 13:11:09,www.viadeo.com
2013-11-20 13:11:15,static1.viadeo-static.com
2013-11-20 13:11:16,www.viadeo.com
2013-11-20 13:11:17,static2.viadeo-static.com
2013-11-20 13:11:17,static9.viadeo-static.com
2013-11-20 13:11:18,www.viadeo.com
2013-11-20 13:11:21,i1-js-14-3-01-10169-172513177-i.init.cedexis-radar.net
2013-11-20 13:11:30,www.viadeo.com
2013-11-20 13:11:31,static0.viadeo-static.com
2013-11-20 13:11:34,i1-js-14-3-01-10169-428283171-i.init.cedexis-radar.net
2013-11-20 13:11:35,www.viadeo.com
2013-11-20 13:11:40,www.viadeo.com
2013-11-20 13:11:40,static9.viadeo-static.com
2013-11-20 13:11:41,static2.viadeo-static.com
2013-11-20 13:11:42,www.viadeo.com
2013-11-20 13:11:42,static9.viadeo-static.com
2013-11-20 13:11:43,www.viadeo.com
2013-11-20 13:11:43,static9.viadeo-static.com
2013-11-20 13:11:46,i1-js-14-3-01-10169-360669393-i.init.cedexis-radar.net
2013-11-20 13:11:47,www.viadeo.com
2013-11-20 13:11:47,static9.viadeo-static.com
2013-11-20 13:11:51,i1-js-14-3-01-10169-121346842-i.init.cedexis-radar.net
2013-11-20 13:12:07,org-join.viadeo.com
2013-11-20 13:12:10,org-join.viadeo.com
2013-11-20 13:12:52,www.viadeo.com
2013-11-20 13:13:04,www.viadeo.com
2013-11-20 13:13:05,www.viadeo.com
2013-11-20 13:13:07,www.viadeo.com
2013-11-20 13:13:08,i1-js-14-3-01-10169-810513572-i.init.cedexis-radar.net
2013-11-20 13:13:09,sin.savvis.bench.cedexis.com
2013-11-20 13:13:13,sin.savvis.bench.cedexis.com
2013-11-20 13:13:17,i1-js-14-3-01-10169-185370050-i.init.cedexis-radar.net
2013-11-20 13:13:23,www.viadeo.com
2013-11-20 13:13:23,static9.viadeo-static.com
2013-11-20 13:13:24,www.viadeo.com
2013-11-20 13:13:24,static9.viadeo-static.com
2013-11-20 13:13:25,www.viadeo.com
2013-11-20 13:13:25,static9.viadeo-static.com
2013-11-20 13:13:26,static9.viadeo-static.com
2013-11-20 13:13:26,www.viadeo.com
2013-11-20 13:13:27,www.viadeo.com
2013-11-20 13:13:31,i1-js-14-3-01-10169-116026841-i.init.cedexis-radar.net
2013-11-20 13:13:38,probe.cedexis.org
2013-11-20 13:13:39,probe.cedexis.org
2013-11-20 13:13:49,www.viadeo.com
2013-11-20 13:13:50,www.viadeo.com
2013-11-20 13:13:51,www.viadeo.com
2013-11-20 13:13:54,i1-js-14-3-01-10077-840276733-i.init.cedexis-radar.net
2013-11-20 13:13:54,i1-js-14-3-01-10077-662754958-i.init.cedexis-radar.net
2013-11-20 13:13:54,i1-js-14-3-01-10077-375051993-i.init.cedexis-radar.net
2013-11-20 13:13:54,i1-js-14-3-01-10169-254357877-i.init.cedexis-radar.net
2013-11-20 13:13:54,i1-js-14-3-01-10077-371268425-i.init.cedexis-radar.net
2013-11-20 13:13:54,i1-js-14-3-01-10077-587429658-i.init.cedexis-radar.net
2013-11-20 13:13:56,gb2.cedexis.swiftserve.com
2013-11-20 13:13:57,gb2.cedexis.swiftserve.com
2013-11-20 13:13:57,netdna.cedexis.com
2013-11-20 13:13:58,netdna.cedexis.com
2013-11-20 13:13:59,cloudfront.cedexis.com
2013-11-20 13:13:59,netdna.cedexis.com
2013-11-20 13:14:00,cloudfront.cedexis.com
2013-11-20 13:14:01,azionusa.cedexis.com
2013-11-20 13:14:02,azionusa.cedexis.com
2013-11-20 13:14:03,cloudfront.cedexis.com
2013-11-20 13:14:05,zurich.cloudsigma.cedexis.com
2013-11-20 13:14:27,office14client.microsoft.com
2013-11-20 13:14:28,office.microsoft.com
2013-11-20 13:14:29,office.microsoft.com
2013-11-20 13:14:30,office.microsoft.com
2013-11-20 13:15:22,dl-web.dropbox.com
2013-11-20 13:23:41,www.dropbox.com
2014-01-13 13:53:02,www.bing.com
2014-01-13 13:53:03,www.bing.com
2014-01-13 13:53:04,www.bing.com
2014-01-13 13:53:04,cms.abmr.net
2014-01-13 13:53:04,login.live.com
2014-01-13 13:53:05,www.bing.com
2014-01-13 13:53:05,messagerie.orange.fr
2014-01-13 13:53:05,iz.orange.fr
2014-01-13 13:53:05,c.woopic.com
2014-01-13 13:53:05,c.orange.fr
2014-01-13 13:53:08,rms.orange.fr
2014-01-13 13:53:08,webmail1c.orange.fr
2014-01-13 13:53:08,webmail.orange.fr
2014-01-13 13:53:08,r.orange.fr
2014-01-13 13:53:08,c.orange.fr
2014-01-13 13:53:08,messagerie.orange.fr
2014-01-13 13:53:09,id.orange.fr
2014-01-13 13:53:09,iapref.orange.fr
2014-01-13 13:53:09,images.orangepublicite.fr
2014-01-13 13:53:38,webmail1c.orange.fr
2014-01-13 13:53:38,id.orange.fr
2014-01-13 13:53:39,webmail1c.orange.fr
2014-01-13 13:53:39,wassup.orange.fr
2014-01-13 13:53:40,iapref.orange.fr
2014-01-13 13:53:40,iz.orange.fr
2014-01-13 13:53:40,c.woopic.com
2014-01-13 13:53:40,js.wanadoo.fr
2014-01-13 13:53:40,static.wanadoo.fr
2014-01-13 13:53:40,webmail1c.orange.fr
2014-01-13 13:53:41,static.wanadoo.fr
2014-01-13 13:53:41,c.woopic.com
2014-01-13 13:53:41,images.orangepublicite.fr
2014-01-13 13:53:41,www.facebook.com
2014-01-13 13:56:05,ieonline.microsoft.com
2014-01-14 12:54:56,www.bing.com
2014-01-14 12:54:57,www.bing.com
2014-01-14 12:54:58,mail.google.com
2014-01-14 12:54:58,www.bing.com
2014-01-14 12:54:59,www.bing.com
2014-01-14 12:54:59,cms.abmr.net
2014-01-14 12:55:08,login.live.com
2014-01-14 12:55:09,accounts.google.com
2014-01-14 12:55:12,accounts.youtube.com
2014-01-14 12:55:17,mail.google.com
2014-01-14 12:55:22,ssl.bing.com
2014-01-14 12:55:49,plus.google.com
2014-01-14 12:56:01,accounts.google.fr
2014-01-14 12:56:02,plus.google.com
2014-01-14 12:56:03,accounts.google.fr
2014-01-14 12:56:03,accounts.youtube.com
2014-01-14 12:56:03,accounts.google.com
2014-01-14 12:56:03,mail.google.com
2014-01-14 12:56:03,plus.google.com
2014-01-14 12:56:05,www.google.com
2014-01-14 12:56:05,mail.google.com
2014-01-14 12:56:05,apis.google.com
2014-01-14 12:56:05,clients2.google.com
2014-01-14 12:56:07,chatenabled.mail.google.com
2014-01-14 12:56:07,mail.google.com
2014-01-14 12:56:08,apis.google.com
2014-01-14 12:56:09,clients2.google.com
2014-01-14 12:56:09,accounts.google.com
2014-01-14 12:56:10,www.google.com
2014-01-14 12:56:11,gm1.ggpht.com
2014-01-14 12:56:11,chatenabled.mail.google.com
2014-01-14 12:56:11,apis.google.com
2014-01-14 12:56:20,clients6.google.com
2014-01-14 12:56:20,mail.google.com
2014-01-14 12:56:22,mail.google.com
2014-01-14 12:56:25,mail.google.com
2014-01-14 12:56:25,gm2.ggpht.com
2014-01-14 12:56:45,apis.google.com
2014-01-14 12:56:45,gm2.ggpht.com
2014-01-14 12:56:45,gm1.ggpht.com
2014-01-14 12:56:45,mail.google.com
2014-01-14 12:56:45,clients6.google.com
2014-01-14 12:56:46,ieonline.microsoft.com
2014-02-19 15:00:03,www.bing.com
2014-02-19 15:00:04,www.bing.com
2014-02-19 15:00:05,www.bing.com
2014-02-19 15:00:05,mail.google.com
2014-02-19 15:00:06,www.bing.com
2014-02-19 15:00:06,cms.abmr.net
2014-02-19 15:00:07,www.bing.com
2014-02-19 15:00:14,www.bing.com
2014-02-19 15:00:17,login.live.com
2014-02-19 15:00:18,accounts.google.com
2014-02-19 15:00:21,accounts.youtube.com
2014-02-19 15:00:26,mail.google.com
2014-02-19 15:00:31,ssl.bing.com
2014-02-19 15:01:01,accounts.google.fr
2014-02-19 15:01:03,accounts.google.com
2014-02-19 15:01:03,accounts.youtube.com
2014-02-19 15:01:03,accounts.google.fr
2014-02-19 15:01:03,mail.google.com
2014-02-19 15:01:03,clients2.google.com
2014-02-19 15:01:04,apis.google.com
2014-02-19 15:01:04,mail.google.com
2014-02-19 15:01:04,accounts.google.com
2014-02-19 15:01:04,clients2.google.com
2014-02-19 15:01:05,apis.google.com
2014-02-19 15:01:05,mail.google.com
2014-02-19 15:01:06,www.google.com
2014-02-19 15:01:06,drive.google.com
2014-02-19 15:01:06,mail.google.com
2014-02-19 15:01:07,chatenabled.mail.google.com
2014-02-19 15:01:08,mail.google.com
2014-02-19 15:01:09,chatenabled.mail.google.com
2014-02-19 15:01:09,www.google.com
2014-02-19 15:01:18,clients6.google.com
2014-02-19 15:01:21,mail.google.com
2014-02-19 15:01:35,drive.google.com
2014-02-19 15:02:41,clients6.google.com
2014-02-19 15:02:53,ieonline.microsoft.com
2014-02-19 15:03:01,drive.google.com
2014-02-19 15:03:35,drive.google.com
2014-02-19 15:05:02,drive.google.com
2014-02-19 15:05:09,drive.google.com
2014-02-19 15:05:10,drive.google.com
2014-02-19 15:05:21,apis.google.com
2014-02-19 15:05:21,mail.google.com
2014-02-19 15:06:54,www.bing.com
2014-02-19 15:07:03,www.bing.com
2014-02-19 15:07:04,www.bing.com
2014-02-19 15:07:05,login.live.com
2014-02-19 15:07:06,clients6.google.com
2014-02-19 15:07:07,www.bing.com
2014-02-19 15:07:08,www.bing.com
2014-02-19 15:07:08,la-conjugaison.nouvelobs.com
2014-02-19 15:07:08,referentiel.nouvelobs.com
2014-02-19 15:07:08,platform.twitter.com
2014-02-19 15:07:08,programme-tv.nouvelobs.com
2014-02-19 15:07:09,tempsreel.nouvelobs.com
2014-02-19 15:07:09,programme-tv.nouvelobs.com
2014-02-19 15:07:09,la-conjugaison.nouvelobs.com
2014-02-19 15:07:09,referentiel.nouvelobs.com
2014-02-19 15:07:09,apis.google.com
2014-02-19 15:07:09,www.facebook.com
2014-02-19 15:07:09,fpdownload2.macromedia.com
2014-02-19 15:07:10,cshoppingbox.partner.leguide.com
2014-02-19 15:07:10,api.adyoulike.com
2014-02-19 15:07:10,tempsreel.nouvelobs.com
2014-02-19 15:07:10,cimg.leguide.com
2014-02-19 15:07:10,cdnjs.cloudflare.com
2014-02-19 15:07:10,ajax.googleapis.com
2014-02-19 15:07:10,platform.twitter.com
2014-02-19 15:07:11,www.google.com
2014-02-19 15:07:11,api.adyoulike.com
2014-02-19 15:07:11,code.jquery.com
2014-02-19 15:07:11,cimg.leguide.com
2014-02-19 15:07:17,twitter.com
2014-02-19 15:07:20,ssl.bing.com
2014-02-19 15:07:21,apis.google.com
2014-02-19 15:07:24,accounts.google.com
2014-02-19 15:07:48,twitter.com
2014-02-19 15:09:15,accounts.google.com
2014-02-19 15:09:15,apis.google.com
2014-02-19 15:09:16,www.bing.com
2014-02-19 15:09:26,www.bing.com
2014-02-19 15:09:27,login.live.com
2014-02-19 15:09:31,mail.google.com
2014-02-19 15:09:32,ssl.bing.com
2014-02-19 15:09:32,mail.google.com
2014-02-21 13:13:25,www.bing.com
2014-02-21 13:13:26,www.bing.com
2014-02-21 13:13:27,www.bing.com
2014-02-21 13:13:27,cms.abmr.net
2014-02-21 13:13:27,messagerie.orange.fr
2014-02-21 13:13:27,iz.orange.fr
2014-02-21 13:13:27,c.woopic.com
2014-02-21 13:13:27,c.orange.fr
2014-02-21 13:13:28,messagerie.orange.fr
2014-02-21 13:13:28,c.orange.fr
2014-02-21 13:13:28,c.woopic.com
2014-02-21 13:13:29,r.orange.fr
2014-02-21 13:13:29,rms.orange.fr
2014-02-21 13:13:29,id.orange.fr
2014-02-21 13:13:29,webmail.orange.fr
2014-02-21 13:13:29,webmail1p.orange.fr
2014-02-21 13:13:30,id.orange.fr
2014-02-21 13:13:30,iapref.orange.fr
2014-02-21 13:13:31,id.orange.fr
2014-02-21 13:13:31,www.facebook.com
2014-02-21 13:14:01,id.orange.fr
2014-02-21 13:14:02,id.orange.fr
2014-02-21 13:14:02,webmail1p.orange.fr
2014-02-21 13:14:02,wassup.orange.fr
2014-02-21 13:14:03,iapref.orange.fr
2014-02-21 13:14:03,iz.orange.fr
2014-02-21 13:14:03,js.wanadoo.fr
2014-02-21 13:14:03,c.woopic.com
2014-02-21 13:14:03,static.wanadoo.fr
2014-02-21 13:14:03,webmail1p.orange.fr
2014-02-21 13:14:04,static.wanadoo.fr
2014-02-21 13:14:04,c.woopic.com
2014-02-21 13:14:04,listener.ezakus.net
2014-02-21 13:14:07,js.wanadoo.fr
2014-02-21 13:14:07,webmail1p.orange.fr
2014-02-21 13:14:07,c.woopic.com
2014-02-21 13:14:07,iz.orange.fr
2014-02-21 13:14:08,iapref.orange.fr
2014-02-21 13:14:08,static.wanadoo.fr
2014-02-21 13:14:08,webmail1p.orange.fr
2014-02-21 13:14:10,adventori.com
2014-02-21 13:14:16,webmail1p.orange.fr
2014-02-21 13:14:38,webmail1p.orange.fr
2014-02-21 13:14:45,webmail1p.orange.fr
2014-02-21 13:15:01,webmail1p.orange.fr
2014-02-21 13:16:00,webmail1p.orange.fr
2014-02-21 13:16:24,webmail1p.orange.fr
2014-02-21 13:16:31,ieonline.microsoft.com
2014-02-21 13:17:09,images.orangepublicite.fr
2014-02-21 13:17:25,apnx-match.dotomi.com
2014-02-21 13:17:26,dtm.footlocker.com
2014-02-21 13:17:26,apnx-match.dotomi.com
2014-02-21 13:20:09,serving.plexop.net
2014-02-21 13:20:10,um.simpli.fi
2014-02-21 13:21:24,webmail1p.orange.fr
2014-02-21 13:21:52,webmail1p.orange.fr
2014-02-21 13:23:09,images.orangepublicite.fr
2014-02-21 13:26:09,images.orangepublicite.fr
2014-02-26 13:15:49,www.bing.com
2014-02-26 13:15:50,www.bing.com
2014-02-26 13:15:50,cms.abmr.net
2014-02-26 13:15:51,www.bing.com
2014-02-26 13:15:54,www.bing.com
2014-02-26 13:15:54,www.droitissimo.com
2014-02-26 13:15:55,www.droitissimo.com
2014-02-26 13:16:00,login.live.com
2014-02-26 13:16:07,www.droitissimo.com
2014-02-26 13:16:07,www.adobe.com
2014-02-26 13:16:07,wwwimages.adobe.com
2014-02-26 13:16:07,www.facebook.com
2014-02-26 13:16:07,apis.google.com
2014-02-26 13:16:08,www.droitissimo.com
2014-02-26 13:16:08,www.google.com
2014-02-26 13:16:08,apis.google.com
2014-02-26 13:16:10,accounts.google.com
2014-02-26 13:16:13,www.droitissimo.com
2014-02-26 13:16:27,www.droitissimo.com
2014-02-26 13:18:26,accounts.google.com
2014-02-26 13:18:40,ieonline.microsoft.com
