timestamp,site
2013-03-12 14:50:40,dl.javafx.com
2013-03-12 14:55:36,cnfg.toolbarservices.com
2013-03-12 14:55:37,www.google.com
2013-03-12 14:55:37,utils.delta-search.com
2013-03-12 14:55:37,ajax.googleapis.com
2013-03-12 14:55:40,ajax.googleapis.com
2013-03-12 14:55:40,img.babylon.com
2013-03-12 14:55:48,www.google.com
2013-03-12 14:55:52,www.google.fr
2013-03-12 14:55:53,www.google.fr
2013-03-12 14:55:54,apis.google.com
2013-03-12 14:55:55,www.google.com
2013-03-12 14:56:37,apis.google.com
2013-03-12 14:56:40,translate.google.fr
2013-03-12 14:56:40,www.google.fr
2013-03-12 14:56:40,www.google.com
2013-03-12 14:56:41,translate.google.fr
2013-03-12 14:56:41,www.google.fr
2013-03-12 14:56:42,translate.google.fr
2013-03-12 14:56:43,translate.google.fr
2013-03-12 14:56:46,translate.google.fr
2013-03-12 14:56:47,translate.google.fr
2013-03-12 14:56:51,translate.google.fr
2013-03-12 14:57:18,translate.google.fr
2013-03-12 14:58:28,go.microsoft.com
2013-03-12 14:58:28,ieonline.microsoft.com
2013-03-12 14:59:18,www.google.fr
2013-03-12 15:13:38,translate.google.fr
2013-03-12 15:13:39,translate.google.fr
2013-03-12 15:13:41,translate.google.fr
2013-03-12 15:13:43,translate.google.fr
2013-03-12 15:13:46,translate.google.fr
2013-03-12 15:15:46,www.google.fr
2013-03-12 15:28:59,javadl-esd-secure.oracle.com
2013-03-12 15:31:22,javadl-esd-secure.oracle.com
2013-04-12 16:49:37,cnfg.toolbarservices.com
2013-04-12 16:49:38,utils.delta-search.com
2013-04-12 16:49:38,www.google.com
2013-04-12 16:49:38,ajax.googleapis.com
2013-04-12 16:49:47,img.babylon.com
2013-04-12 16:49:47,ajax.googleapis.com
2013-04-12 16:52:31,ieonline.microsoft.com
2013-04-12 16:55:25,www.google.com
2013-04-12 16:57:26,ieonline.microsoft.com
2013-04-12 16:57:26,go.microsoft.com
2013-06-12 16:31:21,cnfg.toolbarservices.com
2013-06-12 16:31:23,www.google.com
2013-06-12 16:31:23,utils.delta-search.com
2013-06-12 16:31:23,ajax.googleapis.com
2013-06-12 16:31:24,ajax.googleapis.com
2013-06-12 16:31:25,img.babylon.com
2013-06-12 16:31:25,ajax.googleapis.com
2013-06-12 16:32:19,www.google.com
2013-06-12 16:32:41,google.fr
2013-06-12 16:32:42,www.google.fr
2013-06-12 16:32:43,apis.google.com
2013-06-12 16:32:45,www.google.com
2013-06-12 16:32:52,www.google.fr
2013-06-12 16:32:52,apis.google.com
2013-06-12 16:32:52,www.google.com
2013-06-12 16:34:18,ieonline.microsoft.com
2013-06-12 16:34:20,go.microsoft.com
2013-06-12 16:35:45,javadl-esd-secure.oracle.com
2013-06-12 16:35:58,ad.foxitsoftware.com
2013-06-12 16:37:24,javadl-esd-secure.oracle.com
2013-11-12 09:19:02,javadl-esd-secure.oracle.com
2013-11-12 09:58:40,javadl-esd-secure.oracle.com
2013-11-12 10:12:30,cnfg.toolbarservices.com
2013-11-12 10:12:33,www.google.com
2013-11-12 10:12:33,fpdownload2.macromedia.com
2013-11-12 10:12:33,ajax.googleapis.com
2013-11-12 10:12:33,utils.delta-search.com
2013-11-12 10:12:34,ajax.googleapis.com
2013-11-12 10:12:34,img.babylon.com
2013-11-12 10:12:40,www.google.com
2013-11-12 10:12:44,google.fr
2013-11-12 10:12:44,www.google.fr
2013-11-12 10:12:45,www.google.fr
2013-11-12 10:12:46,apis.google.com
2013-11-12 10:12:47,www.google.com
2013-11-12 10:12:52,apis.google.com
2013-11-12 10:12:52,www.google.com
2013-11-12 10:12:54,www.google.fr
2013-11-12 10:15:32,ieonline.microsoft.com
2013-11-12 10:15:32,go.microsoft.com
2013-11-12 15:47:00,javadl-esd-secure.oracle.com
2013-11-12 16:15:53,javadl-esd-secure.oracle.com
2013-11-21 08:16:03,dl.javafx.com
2013-12-14 14:47:19,javadl-esd-secure.oracle.com
2013-12-14 14:51:31,javadl-esd-secure.oracle.com
2013-12-14 17:41:37,javadl-esd-secure.oracle.com
2013-12-14 20:54:41,javadl-esd-secure.oracle.com
2013-12-14 21:45:42,javadl-esd-secure.oracle.com
2013-12-15 17:42:15,javadl-esd-secure.oracle.com
2013-12-15 17:54:06,javadl-esd-secure.oracle.com
2013-12-15 20:16:17,dl.javafx.com
2013-12-15 20:33:58,javadl-esd-secure.oracle.com
2013-12-15 22:13:02,cnfg.toolbarservices.com
2013-12-15 22:13:04,ajax.googleapis.com
2013-12-15 22:13:04,www.google.com
2013-12-15 22:13:04,utils.delta-search.com
2013-12-15 22:13:05,ajax.googleapis.com
2013-12-15 22:13:05,img.babylon.com
2013-12-15 22:13:22,www.google.com
2013-12-15 22:13:24,google.fr
2013-12-15 22:13:24,www.google.fr
2013-12-15 22:13:26,apis.google.com
2013-12-15 22:13:27,www.google.com
2013-12-15 22:13:36,www.google.fr
2013-12-15 22:14:01,www.google.com
2013-12-15 22:14:01,apis.google.com
2013-12-15 22:14:01,www.google.fr
2013-12-15 22:15:36,img.babylon.com
2013-12-15 22:15:56,ieonline.microsoft.com
2013-12-15 22:15:56,go.microsoft.com
2013-12-15 22:17:10,javadl-esd-secure.oracle.com
2013-12-15 22:17:23,javadl-esd-secure.oracle.com
2013-12-15 22:17:40,img.babylon.com
2013-12-16 11:09:23,cnfg.toolbarservices.com
2013-12-16 11:09:24,ajax.googleapis.com
2013-12-16 11:09:24,www.google.com
2013-12-16 11:09:25,utils.delta-search.com
2013-12-16 11:09:25,ajax.googleapis.com
2013-12-16 11:09:26,img.babylon.com
2013-12-16 11:09:26,ajax.googleapis.com
2013-12-16 11:09:38,google.fr
2013-12-16 11:09:38,www.google.fr
2013-12-16 11:09:39,www.google.fr
2013-12-16 11:09:40,www.google.com
2013-12-16 11:09:40,apis.google.com
2013-12-16 11:09:46,www.google.fr
2013-12-16 11:09:46,apis.google.com
2013-12-16 11:09:46,www.google.com
2013-12-16 11:09:47,translate.google.fr
2013-12-16 11:09:47,www.google.fr
2013-12-16 11:09:48,translate.google.fr
2013-12-16 11:09:51,translate.google.fr
2013-12-16 11:09:52,translate.google.fr
2013-12-16 11:09:56,translate.google.fr
2013-12-16 11:11:56,www.google.fr
2013-12-16 11:12:00,javadl-esd-secure.oracle.com
2013-12-16 11:12:16,ieonline.microsoft.com
2013-12-16 11:12:45,translate.google.fr
2013-12-16 11:12:46,translate.google.fr
2013-12-16 11:13:06,www.google.fr
2013-12-16 11:13:17,img.babylon.com
2013-12-16 11:13:17,www.google.fr
2013-12-16 11:13:20,www.google.fr
2013-12-16 11:13:20,img.babylon.com
2013-12-16 11:13:21,www.mathworks.com
2013-12-16 11:13:21,mathworks.com
2013-12-16 11:13:22,www.mathworks.com
2013-12-16 11:13:22,mathworks.com
2013-12-16 11:13:22,metrics.mathworks.com
2013-12-16 11:13:34,www.google.fr
2013-12-16 11:13:42,img.babylon.com
2013-12-16 11:13:42,www.google.fr
2013-12-16 11:13:43,metrics.mathworks.com
2013-12-16 11:13:43,www.mathworks.com
2013-12-16 11:15:58,www.mathworks.com
2013-12-16 11:15:59,metrics.mathworks.com
2013-12-16 11:15:59,www.mathworks.com
2013-12-16 11:16:38,www.mathworks.com
2013-12-16 11:16:39,www.mathworks.fr
2013-12-16 11:16:39,www.mathworks.com
2013-12-16 11:16:40,www.mathworks.fr
2013-12-16 11:16:49,www.mathworks.fr
2013-12-16 11:16:49,www.mathworks.com
2013-12-16 11:16:50,metrics.mathworks.com
2013-12-16 11:16:50,www.mathworks.com
2013-12-16 11:19:11,metrics.mathworks.com
2013-12-16 11:19:11,www.mathworks.com
2013-12-16 11:20:11,metrics.mathworks.com
2013-12-16 11:20:11,www.mathworks.com
2013-12-16 11:25:43,www.mathworks.fr
2013-12-16 11:25:43,www.google.fr
2013-12-16 11:25:43,img.babylon.com
2013-12-16 11:25:43,www.mathworks.com
2013-12-16 11:25:44,www.mathworks.fr
2013-12-16 11:25:45,www.mathworks.fr
2013-12-16 11:25:45,p.typekit.net
2013-12-16 11:25:45,metrics.mathworks.com
2013-12-16 11:25:46,www.mathworks.fr
2013-12-16 11:25:48,www.google.fr
2013-12-16 11:25:48,img.babylon.com
2013-12-16 11:25:49,metrics.mathworks.com
2013-12-16 11:25:49,www.mathworks.com
2013-12-16 11:28:25,www.google.fr
2013-12-16 12:08:33,javadl-esd-secure.oracle.com
2013-12-16 12:08:48,javadl-esd-secure.oracle.com
2013-12-16 15:03:33,www.orange.fr
2013-12-16 15:03:34,c.woopic.com
2013-12-16 15:03:35,ap.orange.fr
2013-12-16 15:03:36,ap.orange.fr
2013-12-16 15:03:49,c.woopic.com
2013-12-16 15:03:49,www.orange.fr
2013-12-16 15:03:50,c.woopic.com
2013-12-16 15:03:50,media.actu.woopic.com
2013-12-16 15:03:51,c.woopic.com
2013-12-16 15:03:51,rover.ebay.com
2013-12-16 15:03:52,c.woopic.com
2013-12-16 15:03:52,webmail1n.orange.fr
2013-12-16 15:03:52,webmail.orange.fr
2013-12-16 15:03:52,rms.orange.fr
2013-12-16 15:03:52,r.orange.fr
2013-12-16 15:03:52,iapref.orange.fr
2013-12-16 15:03:53,id.orange.fr
2013-12-16 15:03:53,webmail1n.orange.fr
2013-12-16 15:03:54,c.orange.fr
2013-12-16 15:03:56,id.orange.fr
2013-12-16 15:03:56,c.orange.fr
2013-12-16 15:03:57,id.orange.fr
2013-12-16 15:04:18,id.orange.fr
2013-12-16 15:05:04,id.orange.fr
2013-12-16 15:05:04,webmail1n.orange.fr
2013-12-16 15:05:05,webmail1n.orange.fr
2013-12-16 15:05:06,webmail1n.orange.fr
2013-12-16 15:05:06,wassup.orange.fr
2013-12-16 15:05:09,static.wanadoo.fr
2013-12-16 15:05:09,js.wanadoo.fr
2013-12-16 15:05:09,c.woopic.com
2013-12-16 15:05:09,webmail1n.orange.fr
2013-12-16 15:05:09,iz.orange.fr
2013-12-16 15:05:09,iapref.orange.fr
2013-12-16 15:05:10,c.woopic.com
2013-12-16 15:05:10,static.wanadoo.fr
2013-12-16 15:05:10,www.facebook.com
2013-12-16 15:05:11,fr.pedigree.doggy.dentures-13.06.13.s3.amazonaws.com
2013-12-16 15:05:25,webmail1n.orange.fr
2013-12-16 15:05:26,webmail1n.orange.fr
2013-12-16 15:05:26,c.woopic.com
2013-12-16 15:05:26,iz.orange.fr
2013-12-16 15:05:26,js.wanadoo.fr
2013-12-16 15:05:27,static.wanadoo.fr
2013-12-16 15:05:27,iapref.orange.fr
2013-12-16 15:05:27,webmail1n.orange.fr
2013-12-16 15:05:49,static.wanadoo.fr
2013-12-16 15:05:49,webmail1n.orange.fr
2013-12-16 15:06:18,ieonline.microsoft.com
2013-12-16 15:06:40,javadl-esd-secure.oracle.com
2013-12-16 15:06:40,webmail1n.orange.fr
2013-12-16 15:06:41,webmail1n.orange.fr
2013-12-16 15:06:42,iz.orange.fr
2013-12-16 15:06:42,js.wanadoo.fr
2013-12-16 15:06:42,c.woopic.com
2013-12-16 15:06:42,webmail1n.orange.fr
2013-12-16 15:06:43,iapref.orange.fr
2013-12-16 15:06:43,webmail1n.orange.fr
2013-12-16 15:06:46,js.wanadoo.fr
2013-12-16 15:06:46,webmail1n.orange.fr
2013-12-16 15:06:47,c.woopic.com
2013-12-16 15:06:47,iapref.orange.fr
2013-12-16 15:06:47,webmail1n.orange.fr
2013-12-16 15:06:47,iz.orange.fr
2013-12-16 15:06:47,static.wanadoo.fr
2013-12-16 15:06:50,dtm.urbanoutfitters.com
2013-12-16 15:06:50,apnx-match.dotomi.com
2013-12-16 15:07:15,javadl-esd-secure.oracle.com
2013-12-16 15:09:50,pixel2368.everesttech.net
2013-12-16 15:11:12,pixel2368.everesttech.net
2013-12-16 15:17:15,www.facebook.com
2013-12-16 15:34:35,www.google.fr
2013-12-16 15:34:37,www.google.com
2013-12-16 15:34:37,apis.google.com
2013-12-16 15:34:58,www.google.fr
2013-12-16 15:34:58,apis.google.com
2013-12-16 15:34:58,www.google.com
2013-12-16 15:34:59,www.google.fr
2013-12-16 15:35:00,www.developpez.net
2013-12-16 15:35:00,ajax.googleapis.com
2013-12-16 15:35:00,www.google.com
2013-12-16 15:35:00,www.google.fr
2013-12-16 15:35:01,www.developpez.net
2013-12-16 15:35:01,ajax.googleapis.com
2013-12-16 15:35:01,www.google.com
2013-12-16 15:35:01,premium.hi-mediaserver.com
2013-12-16 15:35:02,www.developpez.net
2013-12-16 15:38:01,www.developpez.net
2013-12-16 15:38:03,www.developpez.net
2013-12-16 15:38:04,www.developpez.net
2013-12-16 15:40:03,www.google.fr
2013-12-16 15:40:03,www.mathworks.com
2013-12-16 15:40:04,www.google.fr
2013-12-16 15:40:04,www.mathworks.com
2013-12-16 15:40:04,www.mathworks.fr
2013-12-16 15:40:05,www.mathworks.fr
2013-12-16 15:40:06,www.mathworks.fr
2013-12-16 15:40:07,www.mathworks.fr
2013-12-16 15:40:07,p.typekit.net
2013-12-16 15:40:08,www.mathworks.fr
2013-12-16 15:40:08,metrics.mathworks.com
2013-12-16 15:41:09,www.google.fr
2013-12-16 15:41:09,stackoverflow.com
2013-12-16 15:41:09,ajax.googleapis.com
2013-12-16 15:41:10,stackoverflow.com
2013-12-16 15:41:10,www.gravatar.com
2013-12-16 15:41:10,www.google.fr
2013-12-16 15:41:11,cdn-careers.sstatic.net
2013-12-16 15:41:11,www.gravatar.com
2013-12-16 15:41:11,stackoverflow.com
2013-12-16 15:41:11,careers.stackoverflow.com
2013-12-16 15:41:12,stackauth.com
2013-12-16 15:41:27,stackauth.com
2013-12-16 15:43:46,www.mathworks.com
2013-12-16 15:43:46,www.google.fr
2013-12-16 15:43:46,www.gravatar.com
2013-12-16 15:43:47,metrics.mathworks.com
2013-12-16 15:43:47,www.mathworks.com
2013-12-16 15:44:42,www.google.fr
2013-12-16 15:44:43,www.mathworks.com
2013-12-16 15:44:43,www.google.fr
2013-12-16 15:44:44,metrics.mathworks.com
2013-12-16 15:44:44,www.mathworks.com
2013-12-17 17:35:51,www.google.fr
2013-12-17 17:35:52,www.google.com
2013-12-17 17:35:53,apis.google.com
2013-12-17 17:35:56,accounts.google.com
2013-12-17 17:35:57,accounts.youtube.com
2013-12-17 17:35:57,apis.google.com
2013-12-17 17:35:58,www.google.fr
2013-12-17 17:36:11,www.google.fr
2013-12-17 17:36:11,accounts.google.fr
2013-12-17 17:36:11,www.google.com
2013-12-17 17:36:15,mail.google.com
2013-12-17 17:36:16,accounts.youtube.com
2013-12-17 17:36:17,accounts.google.fr
2013-12-17 17:36:18,www.google.fr
2013-12-17 17:36:18,accounts.google.com
2013-12-17 17:36:18,mail.google.com
2013-12-17 17:36:18,www.google.com
2013-12-17 17:36:19,clients2.google.com
2013-12-17 17:36:19,mail.google.com
2013-12-17 17:36:22,plus.google.com
2013-12-17 17:36:22,talkgadget.google.com
2013-12-17 17:36:24,accounts.google.com
2013-12-17 17:36:24,clients2.google.com
2013-12-17 17:36:24,talkgadget.google.com
2013-12-17 17:36:25,plus.google.com
2013-12-17 17:36:25,talkgadget.google.com
2013-12-17 17:36:26,talkgadget.google.com
2013-12-17 17:36:26,mail.google.com
2013-12-17 17:36:26,apis.google.com
2013-12-17 17:36:27,apis.google.com
2013-12-17 17:36:28,clients6.google.com
2013-12-17 17:36:28,mail.google.com
2013-12-17 17:36:28,plus.google.com
2013-12-17 17:36:28,talkgadget.google.com
2013-12-17 17:36:29,accounts.google.com
2013-12-17 17:36:29,talkgadget.google.com
2013-12-17 17:36:31,apis.google.com
2013-12-17 17:36:31,clients6.google.com
2013-12-17 17:36:32,clients6.google.com
2013-12-17 17:36:39,clients6.google.com
2013-12-17 17:36:55,plus.google.com
2013-12-17 17:38:19,mail.google.com
2013-12-17 17:38:35,ieonline.microsoft.com
2013-12-17 17:38:35,go.microsoft.com
2013-12-17 17:39:32,clients6.google.com
2013-12-17 17:39:44,talkgadget.google.com
2013-12-17 17:40:15,javadl-esd-secure.oracle.com
2013-12-17 17:40:32,clients6.google.com
2013-12-17 17:40:47,talkgadget.google.com
2013-12-17 17:40:55,apis.google.com
2013-12-17 17:41:32,clients6.google.com
2013-12-17 17:42:19,mail.google.com
2013-12-17 17:42:33,clients6.google.com
2013-12-17 17:43:35,clients6.google.com
2013-12-17 17:43:49,talkgadget.google.com
2013-12-17 17:44:37,clients6.google.com
2013-12-17 17:45:37,clients6.google.com
2013-12-17 17:45:49,talkgadget.google.com
2013-12-17 17:46:37,clients6.google.com
2013-12-17 17:46:50,talkgadget.google.com
2013-12-17 17:47:46,clients6.google.com
2013-12-17 17:49:04,talkgadget.google.com
2013-12-17 17:52:02,talkgadget.google.com
2013-12-17 17:52:22,mail.google.com
2013-12-17 17:54:41,talkgadget.google.com
2013-12-17 17:55:50,clients6.google.com
2013-12-17 17:58:41,talkgadget.google.com
2013-12-17 18:06:31,clients6.google.com
2013-12-17 18:06:43,talkgadget.google.com
2013-12-17 18:10:31,clients6.google.com
2013-12-17 18:10:43,talkgadget.google.com
2013-12-17 18:10:50,mail.google.com
2013-12-17 18:16:06,talkgadget.google.com
2013-12-17 18:19:52,clients6.google.com
2013-12-17 18:20:06,talkgadget.google.com
2013-12-17 18:22:46,mail.google.com
2013-12-17 18:31:52,clients6.google.com
2013-12-17 18:32:04,talkgadget.google.com
2013-12-17 18:36:15,talkgadget.google.com
2013-12-17 18:36:48,clients6.google.com
2013-12-17 18:36:48,talkgadget.google.com
2013-12-17 19:46:37,javadl-esd-secure.oracle.com
2013-12-17 19:51:02,www.google.fr
2013-12-17 19:51:05,www.google.com
2013-12-17 19:51:06,apis.google.com
2013-12-17 19:53:06,www.google.fr
2013-12-17 19:53:06,www.google.com
2013-12-17 19:53:06,apis.google.com
2013-12-17 19:53:58,ieonline.microsoft.com
2013-12-17 19:56:00,www.google.fr
2013-12-17 19:56:01,www.google.fr
2013-12-17 19:56:02,www.gravatar.com
2013-12-17 19:56:03,stackauth.com
2013-12-17 19:56:18,stackauth.com
2013-12-17 19:56:20,adzerk-www.s3.amazonaws.com
2013-12-17 19:56:21,adzerk-www.s3.amazonaws.com
2013-12-17 20:12:28,www.google.fr
2013-12-17 20:14:30,www.google.fr
2013-12-17 20:35:24,www.google.fr
2013-12-17 21:32:19,javadl-esd-secure.oracle.com
2013-12-18 10:37:15,www.google.com
2013-12-18 10:37:15,utils.delta-search.com
2013-12-18 10:37:15,cnfg.toolbarservices.com
2013-12-18 10:37:16,ajax.googleapis.com
2013-12-18 10:37:17,fpdownload2.macromedia.com
2013-12-18 10:37:18,ajax.googleapis.com
2013-12-18 10:37:18,img.babylon.com
2013-12-18 10:37:38,google.fr
2013-12-18 10:37:38,www.google.fr
2013-12-18 10:37:38,www.google.com
2013-12-18 10:37:46,google.fr
2013-12-18 10:37:46,www.google.fr
2013-12-18 10:37:47,www.google.fr
2013-12-18 10:37:48,www.google.com
2013-12-18 10:37:48,apis.google.com
2013-12-18 10:38:59,www.google.fr
2013-12-18 10:39:04,apis.google.com
2013-12-18 10:39:04,www.google.com
2013-12-18 10:39:25,www.google.fr
2013-12-18 10:39:41,www.google.fr
2013-12-18 10:39:41,img.babylon.com
2013-12-18 10:39:42,stackoverflow.com
2013-12-18 10:39:43,careers.stackoverflow.com
2013-12-18 10:39:43,www.gravatar.com
2013-12-18 10:39:43,stackoverflow.com
2013-12-18 10:39:43,cdn-careers.sstatic.net
2013-12-18 10:39:44,stackauth.com
2013-12-18 10:39:44,www.mathworks.com
2013-12-18 10:39:44,careers.stackoverflow.com
2013-12-18 10:39:44,www.google.fr
2013-12-18 10:39:45,www.mathworks.com
2013-12-18 10:39:53,img.babylon.com
2013-12-18 10:39:53,www.google.fr
2013-12-18 10:39:54,www.mathworks.com
2013-12-18 10:39:54,metrics.mathworks.com
2013-12-18 10:39:59,stackauth.com
2013-12-18 10:40:05,adzerk-www.s3.amazonaws.com
2013-12-18 10:40:07,adzerk-www.s3.amazonaws.com
2013-12-18 10:40:08,ieonline.microsoft.com
2013-12-18 10:41:47,www.google.fr
2013-12-18 10:41:50,javadl-esd-secure.oracle.com
2013-12-18 10:42:53,www.gravatar.com
2013-12-18 10:56:20,www.google.fr
2013-12-18 10:57:33,www.mathworks.com
2013-12-18 10:57:33,img.babylon.com
2013-12-18 10:57:33,www.google.fr
2013-12-18 10:57:34,www.mathworks.com
2013-12-18 10:57:34,www.mathworks.fr
2013-12-18 10:57:35,www.mathworks.fr
2013-12-18 10:57:37,www.google.fr
2013-12-18 10:57:37,p.typekit.net
2013-12-18 10:57:37,www.mathworks.fr
2013-12-18 10:57:38,img.babylon.com
2013-12-18 10:57:38,metrics.mathworks.com
2013-12-18 10:57:38,www.mathworks.com
2013-12-18 10:57:38,www.mathworks.fr
2013-12-18 10:57:39,www.mathworks.fr
2013-12-18 10:57:39,metrics.mathworks.com
2013-12-18 10:57:42,img.babylon.com
2013-12-18 10:57:42,www.google.fr
2013-12-18 10:57:43,www.mathworks.com
2013-12-18 10:57:44,metrics.mathworks.com
2013-12-18 10:57:44,www.mathworks.com
2013-12-18 11:11:14,www.mathworks.com
2013-12-18 11:11:14,img.babylon.com
2013-12-18 11:11:15,www.mathworks.com
2013-12-18 11:11:16,metrics.mathworks.com
2013-12-18 11:11:16,www.mathworks.com
2013-12-18 11:17:09,img.babylon.com
2013-12-18 11:17:09,www.mathworks.com
2013-12-18 11:17:10,www.mathworks.com
2013-12-18 11:17:10,metrics.mathworks.com
2013-12-18 11:31:26,img.babylon.com
2013-12-18 11:31:27,www.google.fr
2013-12-18 11:31:28,metrics.mathworks.com
2013-12-18 11:31:28,www.mathworks.com
2013-12-18 11:31:36,www.google.fr
2013-12-18 11:31:37,www.google.fr
2013-12-18 11:31:45,translate.google.fr
2013-12-18 11:31:45,www.google.fr
2013-12-18 11:31:46,translate.google.fr
2013-12-18 11:31:47,translate.google.fr
2013-12-18 11:31:48,translate.google.fr
2013-12-18 11:31:49,translate.google.fr
2013-12-18 11:31:54,translate.google.fr
2013-12-18 11:32:15,www.google.fr
2013-12-18 11:32:18,www.google.fr
2013-12-18 11:32:41,img.babylon.com
2013-12-18 11:32:42,www.google.fr
2013-12-18 11:33:34,www.google.fr
2013-12-18 11:33:34,translate.google.fr
2013-12-18 11:33:35,translate.google.fr
2013-12-18 11:33:37,translate.google.fr
2013-12-18 11:33:38,translate.google.fr
2013-12-18 11:33:41,www.google.com
2013-12-18 11:33:42,translate.google.fr
2013-12-18 11:33:42,www.google.com
2013-12-18 11:33:47,translate.google.fr
2013-12-18 11:34:28,translate.google.fr
2013-12-18 11:34:28,www.google.fr
2013-12-18 11:34:30,translate.google.fr
2013-12-18 11:34:31,translate.google.fr
2013-12-18 11:34:32,translate.google.fr
2013-12-18 11:34:33,www.google.fr
2013-12-18 11:34:37,translate.google.fr
2013-12-18 11:35:04,www.cae.wisc.edu
2013-12-18 11:35:05,kb.wisc.edu
2013-12-18 11:35:07,kb.wisc.edu
2013-12-18 11:35:24,www.cae.wisc.edu
2013-12-18 11:35:49,www.google.fr
2013-12-18 11:35:50,stackoverflow.com
2013-12-18 11:35:50,www.google.fr
2013-12-18 11:35:50,www.gravatar.com
2013-12-18 11:35:50,careers.stackoverflow.com
2013-12-18 11:38:51,www.gravatar.com
2013-12-18 11:43:27,img.babylon.com
2013-12-18 11:43:27,www.google.fr
2013-12-18 11:43:27,www.google.com
2013-12-18 11:43:28,stackoverflow.com
2013-12-18 11:43:29,www.gravatar.com
2013-12-18 11:43:29,careers.stackoverflow.com
2013-12-18 11:43:38,www.google.fr
2013-12-18 11:43:39,www-pord.ucsd.edu
2013-12-18 11:43:40,www-pord.ucsd.edu
2013-12-18 11:44:16,www.google.fr
2013-12-18 11:44:17,metrics.mathworks.com
2013-12-18 11:44:17,www.mathworks.com
2013-12-18 11:46:17,www.google.fr
2013-12-18 11:46:29,www.gravatar.com
2013-12-18 11:49:26,www.google.fr
2013-12-18 11:49:58,www.google.fr
2013-12-18 11:49:59,www.mathworks.fr
2013-12-18 11:49:59,www.mathworks.com
2013-12-18 11:50:00,www.mathworks.fr
2013-12-18 11:50:02,p.typekit.net
2013-12-18 11:50:03,metrics.mathworks.com
2013-12-18 11:50:03,www.mathworks.fr
2013-12-18 11:50:24,www.google.fr
2013-12-18 11:52:03,www.google.fr
2013-12-18 13:14:12,javadl-esd-secure.oracle.com
2013-12-18 13:33:57,javadl-esd-secure.oracle.com
2013-12-18 13:40:16,www.google.com
2013-12-18 13:40:16,cnfg.toolbarservices.com
2013-12-18 13:40:17,ajax.googleapis.com
2013-12-18 13:40:18,ajax.googleapis.com
2013-12-18 13:40:19,img.babylon.com
2013-12-18 13:40:19,ajax.googleapis.com
2013-12-18 13:40:30,www.google.fr
2013-12-18 13:40:30,google.fr
2013-12-18 13:40:32,www.google.com
2013-12-18 13:40:32,apis.google.com
2013-12-18 13:40:48,apis.google.com
2013-12-18 13:40:48,www.google.com
2013-12-18 13:40:48,www.google.fr
2013-12-18 13:40:55,www.google.fr
2013-12-18 13:40:56,www.mathworks.com
2013-12-18 13:40:57,metrics.mathworks.com
2013-12-18 13:40:57,www.mathworks.com
2013-12-18 13:41:00,www.google.fr
2013-12-18 13:41:00,www.mathworks.com
2013-12-18 13:41:01,www.mathworks.com
2013-12-18 13:41:02,metrics.mathworks.com
2013-12-18 13:43:12,www.google.fr
2013-12-18 13:43:20,ieonline.microsoft.com
2013-12-18 13:45:24,www.mathworks.com
2013-12-18 13:45:25,www.mathworks.com
2013-12-18 13:45:26,www.mathworks.com
2013-12-18 13:45:26,metrics.mathworks.com
2013-12-18 13:47:27,www.mathworks.com
2013-12-18 13:47:28,www.mathworks.com
2013-12-18 13:47:28,metrics.mathworks.com
2013-12-18 13:54:23,www.google.fr
2013-12-18 13:54:24,www.gravatar.com
2013-12-18 13:54:24,stackoverflow.com
2013-12-18 13:54:24,cdn-careers.sstatic.net
2013-12-18 13:54:25,stackauth.com
2013-12-18 13:54:25,stackoverflow.com
2013-12-18 13:54:25,cdn-careers.sstatic.net
2013-12-18 13:54:25,careers.stackoverflow.com
2013-12-18 13:54:41,stackauth.com
2013-12-18 13:55:53,www.mathworks.com
2013-12-18 13:55:54,www.mathworks.com
2013-12-18 13:55:54,metrics.mathworks.com
2013-12-18 13:59:00,www.mathworks.com
2013-12-18 13:59:01,www.mathworks.com
2013-12-18 13:59:01,metrics.mathworks.com
2013-12-18 14:00:45,www.mathworks.com
2013-12-18 14:00:45,metrics.mathworks.com
2013-12-18 14:00:46,www.mathworks.com
2013-12-18 14:00:52,stackoverflow.com
2013-12-18 14:00:53,stackoverflow.com
2013-12-18 14:00:53,careers.stackoverflow.com
2013-12-18 14:05:05,stackoverflow.com
2013-12-18 14:05:12,adzerk-www.s3.amazonaws.com
2013-12-18 14:05:14,adzerk-www.s3.amazonaws.com
2013-12-18 14:05:26,www.mathworks.fr
2013-12-18 14:05:26,www.google.fr
2013-12-18 14:05:26,www.mathworks.com
2013-12-18 14:05:27,www.google.fr
2013-12-18 14:05:27,www.mathworks.fr
2013-12-18 14:05:28,www.mathworks.fr
2013-12-18 14:05:28,metrics.mathworks.com
2013-12-18 14:08:31,www.google.fr
2013-12-18 14:13:34,javadl-esd-secure.oracle.com
2013-12-18 15:01:04,www.mathworks.com
2013-12-18 15:01:05,www.mathworks.com
2013-12-18 15:01:06,metrics.mathworks.com
2013-12-18 15:01:25,metrics.mathworks.com
2013-12-18 15:01:25,www.mathworks.com
2013-12-18 15:01:26,www.mathworks.com
2013-12-18 15:13:45,www.mathworks.com
2013-12-18 15:13:46,www.mathworks.com
2013-12-18 15:13:46,metrics.mathworks.com
2013-12-18 15:14:09,www.mathworks.com
2013-12-18 15:14:10,metrics.mathworks.com
2013-12-18 15:15:49,www.mathworks.com
2013-12-18 15:15:50,metrics.mathworks.com
2013-12-18 15:15:50,www.mathworks.com
2013-12-18 15:20:07,www.mathworks.com
2013-12-18 15:20:07,www.google.com
2013-12-18 15:20:08,www.mathworks.com
2013-12-18 15:20:09,metrics.mathworks.com
2013-12-18 15:20:09,www.mathworks.com
2013-12-18 16:32:39,javadl-esd-secure.oracle.com
2013-12-18 16:39:36,cnfg.toolbarservices.com
2013-12-18 16:39:37,www.google.com
2013-12-18 16:39:37,ajax.googleapis.com
2013-12-18 16:39:39,img.babylon.com
2013-12-18 16:39:39,ajax.googleapis.com
2013-12-18 16:39:42,google.fr
2013-12-18 16:39:43,www.google.com
2013-12-18 16:39:43,www.google.fr
2013-12-18 16:39:46,apis.google.com
2013-12-18 16:39:46,www.google.com
2013-12-18 16:40:01,www.google.fr
2013-12-18 16:40:01,www.google.com
2013-12-18 16:40:01,apis.google.com
2013-12-18 16:40:02,ieonline.microsoft.com
2013-12-18 16:40:02,go.microsoft.com
2013-12-18 17:45:51,javadl-esd-secure.oracle.com
2013-12-18 22:05:18,cnfg.toolbarservices.com
2013-12-18 22:05:19,ajax.googleapis.com
2013-12-18 22:05:19,www.google.com
2013-12-18 22:05:20,img.babylon.com
2013-12-18 22:05:20,ajax.googleapis.com
2013-12-18 22:05:30,www.google.com
2013-12-18 22:06:06,www.google.fr
2013-12-18 22:06:06,google.fr
2013-12-18 22:06:08,apis.google.com
2013-12-18 22:06:08,www.google.com
2013-12-18 22:06:15,apis.google.com
2013-12-18 22:06:15,www.google.com
2013-12-18 22:06:15,www.google.fr
2013-12-18 22:06:15,www.hotmail.com
2013-12-18 22:06:17,login.live.com
2013-12-18 22:06:17,www.google.fr
2013-12-18 22:06:18,login.live.com
2013-12-18 22:06:19,windowslive.tt.omtrdc.net
2013-12-18 22:06:30,windowslive.tt.omtrdc.net
2013-12-18 22:06:56,login.live.com
2013-12-18 22:06:57,login.live.com
2013-12-18 22:06:58,mail.live.com
2013-12-18 22:06:59,h2.msn.com
2013-12-18 22:06:59,people.directory.live.com
2013-12-18 22:06:59,dub110.mail.live.com
2013-12-18 22:07:00,dub110.mail.live.com
2013-12-18 22:07:00,cid-b3d2a8a4166f83ca.users.storage.live.com
2013-12-18 22:07:00,windowslive.tt.omtrdc.net
2013-12-18 22:07:01,h.live.com
2013-12-18 22:07:01,h2.msn.com
2013-12-18 22:07:01,g.msn.com
2013-12-18 22:07:02,people.directory.live.com
2013-12-18 22:07:02,h.live.com
2013-12-18 22:07:04,dub110.mail.live.com
2013-12-18 22:07:05,h.live.com
2013-12-18 22:07:05,secure.shared.live.com
2013-12-18 22:07:05,js.live.net
2013-12-18 22:07:06,login.live.com
2013-12-18 22:07:06,api.skype.com
2013-12-18 22:07:06,dub110.mail.live.com
2013-12-18 22:07:06,go.trouter.io
2013-12-18 22:07:06,secure.shared.live.com
2013-12-18 22:07:07,dub110.mail.live.com
2013-12-18 22:07:08,storage.live.com
2013-12-18 22:07:08,word-view.officeapps.live.com
2013-12-18 22:07:08,dub110.mail.live.com
2013-12-18 22:07:08,prod.registrar.skype.com
2013-12-18 22:07:09,api.skype.com
2013-12-18 22:07:09,prod.registrar.skype.com
2013-12-18 22:07:20,login.live.com
2013-12-18 22:07:25,login.live.com
2013-12-18 22:07:29,login.live.com
2013-12-18 22:07:32,login.live.com
2013-12-18 22:07:34,login.live.com
2013-12-18 22:07:49,login.live.com
2013-12-18 22:07:50,api.skype.com
2013-12-18 22:07:51,secure.shared.live.com
2013-12-18 22:07:52,h.live.com
2013-12-18 22:07:52,login.live.com
2013-12-18 22:07:54,api.skype.com
2013-12-18 22:07:54,go.trouter.io
2013-12-18 22:07:54,windowslive.tt.omtrdc.net
2013-12-18 22:08:00,dub110.mail.live.com
2013-12-18 22:08:01,dub110.mail.live.com
2013-12-18 22:08:02,login.live.com
2013-12-18 22:08:03,h.live.com
2013-12-18 22:08:03,prod.registrar.skype.com
2013-12-18 22:08:11,go.trouter.io
2013-12-18 22:08:11,ieonline.microsoft.com
2013-12-18 22:08:11,go.microsoft.com
2013-12-18 22:08:43,storage.live.com
2013-12-18 22:08:44,login.live.com
2013-12-18 22:08:48,login.live.com
2013-12-18 22:08:51,login.live.com
2013-12-18 22:09:05,dub110.mail.live.com
2013-12-18 22:09:13,dub110.afx.ms
2013-12-18 22:09:57,dub110.mail.live.com
2013-12-18 22:11:04,dub110.mail.live.com
2013-12-18 22:12:34,api.skype.com
2013-12-19 08:16:16,dl.javafx.com
2013-12-19 08:31:20,cnfg.toolbarservices.com
2013-12-19 08:31:22,www.google.com
2013-12-19 08:31:22,utils.delta-search.com
2013-12-19 08:31:23,ajax.googleapis.com
2013-12-19 08:31:24,ajax.googleapis.com
2013-12-19 08:31:24,img.babylon.com
2013-12-19 08:33:23,google.fr
2013-12-19 08:33:23,www.google.fr
2013-12-19 08:33:24,www.google.fr
2013-12-19 08:33:25,apis.google.com
2013-12-19 08:33:25,www.google.com
2013-12-19 08:34:12,ieonline.microsoft.com
2013-12-19 08:35:27,www.google.fr
2013-12-19 08:35:27,www.google.com
2013-12-19 08:35:27,apis.google.com
2013-12-19 08:36:38,www.google.fr
2013-12-19 08:36:38,img.babylon.com
2013-12-19 08:36:39,www.developpez.net
2013-12-19 08:36:39,ajax.googleapis.com
2013-12-19 08:36:39,www.google.com
2013-12-19 08:36:39,premium.hi-mediaserver.com
2013-12-19 08:36:40,www.developpez.net
2013-12-19 08:36:41,img.babylon.com
2013-12-19 08:36:41,www.google.fr
2013-12-19 08:36:41,www.mathworks.com
2013-12-19 08:36:42,www.mathworks.fr
2013-12-19 08:36:43,www.mathworks.fr
2013-12-19 08:36:44,www.developpez.com
2013-12-19 08:36:44,img.babylon.com
2013-12-19 08:36:44,matlab.developpez.com
2013-12-19 08:36:44,www.google.fr
2013-12-19 08:36:44,www.mathworks.fr
2013-12-19 08:36:45,www.mathworks.fr
2013-12-19 08:36:45,www.developpez.com
2013-12-19 08:36:45,p.typekit.net
2013-12-19 08:36:45,metrics.mathworks.com
2013-12-19 08:36:45,matlab.developpez.com
2013-12-19 08:36:46,www.mathworks.fr
2013-12-19 08:36:46,www.developpez.com
2013-12-19 08:36:46,matlab.developpez.com
2013-12-19 08:36:46,metrics.mathworks.com
2013-12-19 08:36:47,www.developpez.com
2013-12-19 08:36:47,www.facebook.com
2013-12-19 08:36:48,matlab.developpez.com
2013-12-19 08:37:14,img.babylon.com
2013-12-19 08:37:14,www.mathworks.fr
2013-12-19 08:37:15,metrics.mathworks.com
2013-12-19 08:37:15,p.typekit.net
2013-12-19 08:37:15,www.mathworks.fr
2013-12-19 08:43:23,img.babylon.com
2013-12-19 08:43:23,www.mathworks.fr
2013-12-19 08:43:24,p.typekit.net
2013-12-19 08:43:24,metrics.mathworks.com
2013-12-19 08:43:24,www.mathworks.fr
2013-12-19 10:27:48,cnfg.toolbarservices.com
2013-12-19 10:27:49,www.google.com
2013-12-19 10:27:49,ajax.googleapis.com
2013-12-19 10:27:50,img.babylon.com
2013-12-19 10:27:50,ajax.googleapis.com
2013-12-19 10:28:04,www.google.fr
2013-12-19 10:28:04,google.fr
2013-12-19 10:28:06,apis.google.com
2013-12-19 10:28:06,www.google.com
2013-12-19 10:30:06,apis.google.com
2013-12-19 10:30:06,www.google.fr
2013-12-19 10:30:06,www.google.com
2013-12-19 10:30:42,ieonline.microsoft.com
2013-12-19 10:31:10,www.mathworks.com
2013-12-19 10:31:10,www.google.fr
2013-12-19 10:31:10,img.babylon.com
2013-12-19 10:31:11,www.mathworks.com
2013-12-19 10:31:11,www.mathworks.fr
2013-12-19 10:31:12,www.mathworks.fr
2013-12-19 10:31:13,www.mathworks.fr
2013-12-19 10:31:13,p.typekit.net
2013-12-19 10:31:13,metrics.mathworks.com
2013-12-19 10:31:14,www.mathworks.fr
2013-12-19 10:31:14,www.google.fr
2013-12-19 10:31:14,s.ytimg.com
2013-12-19 10:31:15,www.google.fr
2013-12-19 10:31:15,www.youtube.com
2013-12-19 10:31:15,s.ytimg.com
2013-12-19 10:31:15,r4---sn-gxo5uxg-jqbe.googlevideo.com
2013-12-19 10:31:15,s.youtube.com
2013-12-19 10:31:16,s.ytimg.com
2013-12-19 10:31:16,www.youtube.com
2013-12-19 10:31:16,i1.ytimg.com
2013-12-19 10:31:16,r4---sn-cg07luez.googlevideo.com
2013-12-19 10:31:17,s.youtube.com
2013-12-19 10:31:17,r4---sn-cg07luez.googlevideo.com
2013-12-19 10:31:17,r4---sn-gxo5uxg-jqbe.googlevideo.com
2013-12-19 10:31:18,i1.ytimg.com
2013-12-19 10:31:19,i1.ytimg.com
2013-12-19 10:31:19,www.youtube.com
2013-12-19 10:31:19,apis.google.com
2013-12-19 10:31:23,s.youtube.com
2013-12-19 10:31:25,s.youtube.com
2013-12-19 10:31:33,s.youtube.com
2013-12-19 10:31:43,s.youtube.com
2013-12-19 10:31:55,s.youtube.com
2013-12-19 10:31:56,s.youtube.com
2013-12-19 10:32:05,s.youtube.com
2013-12-19 10:32:16,s.youtube.com
2013-12-19 10:32:18,r4---sn-gxo5uxg-jqbe.googlevideo.com
2013-12-19 10:32:18,r4---sn-cg07luez.googlevideo.com
2013-12-19 10:32:36,s.youtube.com
2013-12-19 10:32:46,s.youtube.com
2013-12-19 10:32:49,r4---sn-gxo5uxg-jqbe.googlevideo.com
2013-12-19 10:32:50,r4---sn-cg07luez.googlevideo.com
2013-12-19 10:33:08,i1.ytimg.com
2013-12-19 10:33:09,www.youtube.com
2013-12-19 10:33:10,plus.googleapis.com
2013-12-19 10:33:16,apis.google.com
2013-12-19 10:33:16,s.youtube.com
2013-12-19 10:33:18,r4---sn-cg07luez.googlevideo.com
2013-12-19 10:33:18,r4---sn-gxo5uxg-jqbe.googlevideo.com
2013-12-19 10:33:26,s.youtube.com
2013-12-19 10:33:56,s.youtube.com
2013-12-19 10:34:36,plus.googleapis.com
2013-12-19 10:34:36,s.youtube.com
2013-12-19 10:34:56,s.youtube.com
2013-12-19 10:35:06,s.youtube.com
2013-12-19 10:35:16,s.youtube.com
2013-12-19 10:35:56,s.youtube.com
2013-12-19 10:43:22,i1.ytimg.com
2013-12-19 10:44:31,s.youtube.com
2013-12-19 10:44:32,www.youtube.com
2013-12-19 10:44:38,s.youtube.com
2013-12-19 10:44:41,s.youtube.com
2013-12-19 10:45:18,s.youtube.com
2013-12-19 10:45:51,apis.google.com
2013-12-19 10:45:51,s.youtube.com
2013-12-19 10:45:58,s.youtube.com
2013-12-19 10:46:00,www.youtube.com
2013-12-19 10:46:00,s.ytimg.com
2013-12-19 10:46:11,s.youtube.com
2013-12-19 10:46:21,s.youtube.com
2013-12-19 10:46:31,s.youtube.com
2013-12-19 10:46:38,s.youtube.com
2013-12-19 10:46:59,r4---sn-cg07luez.googlevideo.com
2013-12-19 10:46:59,r4---sn-gxo5uxg-jqbe.googlevideo.com
2013-12-19 10:47:01,s.ytimg.com
2013-12-19 10:47:01,www.youtube.com
2013-12-19 10:47:01,apis.google.com
2013-12-19 10:47:01,s.youtube.com
2013-12-19 10:47:11,s.youtube.com
2013-12-19 10:47:18,s.youtube.com
2013-12-19 10:47:34,s.ytimg.com
2013-12-19 10:47:34,i1.ytimg.com
2013-12-19 10:47:41,s.youtube.com
2013-12-19 10:47:58,s.youtube.com
2013-12-19 10:48:01,s.youtube.com
2013-12-19 10:48:38,s.youtube.com
2013-12-19 10:49:50,img.babylon.com
2013-12-19 10:49:51,www.google.fr
2013-12-19 10:49:52,www.mathworks.com
2013-12-19 10:49:52,www.mathworks.fr
2013-12-19 10:49:53,metrics.mathworks.com
2013-12-19 10:49:53,www.mathworks.fr
2013-12-19 10:49:54,p.typekit.net
2013-12-19 10:50:15,www.mathworks.fr
2013-12-19 10:50:31,www.google.fr
2013-12-19 10:51:26,img.babylon.com
2013-12-19 10:51:26,www.google.fr
2013-12-19 10:51:26,www.mathworks.com
2013-12-19 10:51:26,www.mathworks.fr
2013-12-19 10:51:27,www.mathworks.fr
2013-12-19 10:51:28,metrics.mathworks.com
2013-12-19 10:51:28,p.typekit.net
2013-12-19 10:51:28,www.mathworks.fr
2013-12-19 10:51:31,www.google.fr
2013-12-19 10:51:31,www.mathworks.com
2013-12-19 10:51:31,img.babylon.com
2013-12-19 10:51:31,www.mathworks.fr
2013-12-19 10:51:32,p.typekit.net
2013-12-19 10:51:32,metrics.mathworks.com
2013-12-19 10:51:32,www.mathworks.fr
2013-12-19 10:51:36,www.google.fr
2013-12-19 10:51:36,img.babylon.com
2013-12-19 10:51:36,stackoverflow.com
2013-12-19 10:51:36,i.stack.imgur.com
2013-12-19 10:51:37,www.gravatar.com
2013-12-19 10:51:37,stackauth.com
2013-12-19 10:51:37,cdn-careers.sstatic.net
2013-12-19 10:51:37,careers.stackoverflow.com
2013-12-19 10:51:37,stackoverflow.com
2013-12-19 10:51:39,adzerk-www.s3.amazonaws.com
2013-12-19 10:51:40,adzerk-www.s3.amazonaws.com
2013-12-19 10:51:53,stackauth.com
2013-12-19 10:53:19,www.google.fr
2013-12-19 10:56:18,img.babylon.com
2013-12-19 10:56:18,www.mathworks.fr
2013-12-19 10:56:19,www.mathworks.fr
2013-12-19 10:56:19,p.typekit.net
2013-12-19 10:56:20,metrics.mathworks.com
2013-12-19 10:56:20,www.mathworks.fr
2013-12-19 10:56:56,www.google.fr
2013-12-19 10:56:57,www.gravatar.com
2013-12-19 10:56:57,i.stack.imgur.com
2013-12-19 10:56:57,stackoverflow.com
2013-12-19 10:56:57,blogs.mathworks.com
2013-12-19 10:56:58,www.gravatar.com
2013-12-19 10:56:58,a248.e.akamai.net
2013-12-19 10:56:58,careers.stackoverflow.com
2013-12-19 11:00:57,a248.e.akamai.net
2014-01-31 13:30:43,cnfg.toolbarservices.com
2014-01-31 13:30:44,www.google.com
2014-01-31 13:30:44,utils.delta-search.com
2014-01-31 13:30:44,ajax.googleapis.com
2014-01-31 13:30:45,ajax.googleapis.com
2014-01-31 13:30:45,img.babylon.com
2014-01-31 13:30:52,www.google.fr
2014-01-31 13:30:52,google.fr
2014-01-31 13:30:53,www.google.fr
2014-01-31 13:30:54,apis.google.com
2014-01-31 13:30:55,www.google.com
2014-01-31 13:30:57,mail.google.com
2014-01-31 13:30:58,accounts.google.com
2014-01-31 13:30:58,www.google.fr
2014-01-31 13:30:58,apis.google.com
2014-01-31 13:30:59,www.google.fr
2014-01-31 13:30:59,accounts.youtube.com
2014-01-31 13:31:17,www.google.com
2014-01-31 13:31:18,accounts.google.fr
2014-01-31 13:31:18,www.google.fr
2014-01-31 13:31:21,accounts.google.com
2014-01-31 13:31:21,accounts.youtube.com
2014-01-31 13:31:21,accounts.google.fr
2014-01-31 13:31:21,mail.google.com
2014-01-31 13:31:21,www.google.com
2014-01-31 13:31:21,clients2.google.com
2014-01-31 13:31:23,mail.google.com
2014-01-31 13:31:24,plus.google.com
2014-01-31 13:31:24,talkgadget.google.com
2014-01-31 13:31:24,clients2.google.com
2014-01-31 13:31:26,mail.google.com
2014-01-31 13:31:27,apis.google.com
2014-01-31 13:31:27,talkgadget.google.com
2014-01-31 13:31:27,accounts.google.com
2014-01-31 13:31:28,talkgadget.google.com
2014-01-31 13:31:28,apis.google.com
2014-01-31 13:31:28,plus.google.com
2014-01-31 13:31:28,clients6.google.com
2014-01-31 13:31:28,mail.google.com
2014-01-31 13:31:29,talkgadget.google.com
2014-01-31 13:31:29,accounts.google.com
2014-01-31 13:31:29,apis.google.com
2014-01-31 13:31:29,clients6.google.com
2014-01-31 13:31:30,clients6.google.com
2014-01-31 13:31:33,mail.google.com
2014-01-31 13:31:38,plus.google.com
2014-01-31 13:31:38,clients6.google.com
2014-01-31 13:31:38,talkgadget.google.com
2014-01-31 13:31:38,apis.google.com
2014-01-31 13:31:39,mail.google.com
2014-01-31 13:31:39,drive.google.com
2014-01-31 13:31:40,mail.google.com
2014-01-31 13:31:48,mail.google.com
2014-01-31 13:31:51,mail.google.com
2014-01-31 13:31:51,talkgadget.google.com
2014-01-31 13:33:00,drive.google.com
2014-01-31 13:33:03,clients6.google.com
2014-01-31 13:33:03,drive.google.com
2014-01-31 13:33:27,mail.google.com
2014-01-31 13:33:27,apis.google.com
2014-01-31 13:33:28,clients6.google.com
2014-01-31 13:33:48,ieonline.microsoft.com
2014-01-31 13:33:48,go.microsoft.com
2014-01-31 13:34:31,mail.google.com
2014-01-31 13:34:38,talkgadget.google.com
2014-01-31 13:35:09,clients6.google.com
2014-01-31 13:35:15,clients6.google.com
2014-01-31 13:35:36,img.babylon.com
2014-01-31 13:35:45,translate.google.com
2014-01-31 13:35:46,fpdownload2.macromedia.com
2014-01-31 13:35:46,translate.google.com
2014-01-31 13:35:49,translate.google.com
2014-01-31 13:35:50,translate.google.com
2014-01-31 13:35:55,translate.google.com
2014-01-31 13:36:00,www.google.com
2014-01-31 13:36:01,translate.google.com
2014-01-31 13:36:01,www.google.com
2014-01-31 13:36:02,translate.google.com
2014-01-31 13:36:07,translate.google.com
2014-01-31 13:36:28,clients6.google.com
2014-01-31 13:36:28,mail.google.com
2014-01-31 13:36:42,talkgadget.google.com
2014-01-31 13:37:25,plus.google.com
2014-01-31 13:37:55,talkgadget.google.com
2014-01-31 13:37:55,clients6.google.com
2014-01-31 13:39:08,apis.google.com
2014-01-31 13:40:19,clients6.google.com
2014-01-31 13:40:26,talkgadget.google.com
2014-01-31 13:41:25,plus.google.com
2014-01-31 13:41:49,talkgadget.google.com
2014-01-31 13:41:49,mail.google.com
2014-01-31 13:41:52,www.google.com
2014-01-31 13:41:52,clients6.google.com
2014-01-31 13:41:52,www.google.fr
2014-01-31 13:41:58,mail.google.com
2014-01-31 13:41:58,accounts.youtube.com
2014-01-31 13:41:58,accounts.google.com
2014-01-31 13:41:58,accounts.google.fr
2014-01-31 13:41:58,talkgadget.google.com
2014-01-31 16:58:33,img.babylon.com
2014-01-31 16:58:33,www.google.com
2014-01-31 16:58:47,www.google.fr
2014-01-31 16:58:52,mw2.google.com
2014-01-31 16:58:53,www.google.fr
2014-01-31 16:58:53,mw2.google.com
2014-01-31 16:58:55,www.google.fr
2014-01-31 16:59:38,img.babylon.com
2014-02-13 13:05:21,armmf.adobe.com
2014-02-13 13:05:23,armmf.adobe.com
2014-02-13 13:10:21,javadl-esd-secure.oracle.com
2014-02-13 14:48:18,www.google.fr
2014-02-13 14:48:20,www.google.fr
2014-02-13 14:48:21,apis.google.com
2014-02-13 14:48:21,www.google.fr
2014-02-13 14:48:21,www.google.com
2014-02-13 14:48:44,javadl-esd-secure.oracle.com
2014-02-13 14:48:56,www.google.fr
2014-02-13 14:48:56,google.fr
2014-02-13 14:48:59,www.google.fr
2014-02-13 14:49:00,www.google.com
2014-02-13 14:49:00,apis.google.com
2014-02-13 14:49:35,www.google.fr
2014-02-13 14:49:38,www.google.fr
2014-02-13 14:49:38,www.google.com
2014-02-13 14:49:39,apis.google.com
2014-02-13 14:51:28,www.google.fr
2014-02-13 14:51:52,www.google.com
2014-02-13 14:51:52,www.google.fr
2014-02-13 14:51:53,apis.google.com
2014-02-13 14:52:59,www.google.fr
2014-02-13 14:53:00,www.google.com
2014-02-13 14:53:38,www.google.fr
2014-02-13 14:53:39,www.google.com
2014-02-13 14:54:36,www.google.fr
2014-02-13 14:54:36,www.google.com
2014-02-13 15:00:59,apis.google.com
2014-02-13 15:03:15,apis.google.com
2014-02-13 15:16:02,dl.javafx.com
2014-02-20 16:00:26,armmf.adobe.com
2014-02-20 16:00:28,armmf.adobe.com
2014-02-20 16:05:25,javadl-esd-secure.oracle.com
2014-02-21 17:48:16,www.google.fr
2014-02-21 17:48:16,www.google.com
2014-02-21 17:48:16,www.bing.com
2014-02-21 17:48:19,www.google.fr
2014-02-21 17:48:21,www.google.com
2014-02-21 17:48:21,apis.google.com
2014-02-21 17:48:28,fr-fr.facebook.com
2014-02-21 17:48:38,fr-fr.facebook.com
2014-02-21 17:48:40,www.google.fr
2014-02-21 17:48:40,apis.google.com
2014-02-21 17:48:40,www.google.com
2014-02-21 17:48:58,ieonline.microsoft.com
2014-02-21 17:48:58,go.microsoft.com
2014-02-21 18:37:58,www.google.fr
2014-02-21 18:37:59,www.google.fr
2014-02-21 18:38:00,apis.google.com
2014-02-21 18:38:00,www.google.com
2014-02-21 18:38:01,mail.google.com
2014-02-21 18:38:02,accounts.google.com
2014-02-21 18:38:02,accounts.youtube.com
2014-02-21 18:38:02,apis.google.com
2014-02-21 18:38:03,www.google.fr
2014-02-21 18:38:15,www.google.fr
2014-02-21 18:38:15,accounts.google.fr
2014-02-21 18:38:16,www.google.com
2014-02-21 18:38:18,accounts.google.fr
2014-02-21 18:38:18,www.google.com
2014-02-21 18:38:18,mail.google.com
2014-02-21 18:38:18,accounts.youtube.com
2014-02-21 18:38:18,clients2.google.com
2014-02-21 18:38:18,accounts.google.com
2014-02-21 18:38:20,plus.google.com
2014-02-21 18:38:21,talkgadget.google.com
2014-02-21 18:38:23,talkgadget.google.com
2014-02-21 18:38:23,clients2.google.com
2014-02-21 18:38:23,mail.google.com
2014-02-21 18:38:23,accounts.google.com
2014-02-21 18:38:23,plus.google.com
2014-02-21 18:38:24,apis.google.com
2014-02-21 18:38:24,clients6.google.com
2014-02-21 18:38:28,apis.google.com
2014-02-21 18:38:28,accounts.google.com
2014-02-21 18:38:29,mail.google.com
2014-02-21 18:38:33,plus.google.com
2014-02-21 18:39:00,mail.google.com
2014-02-21 18:39:00,clients6.google.com
2014-02-21 18:39:02,clients6.google.com
2014-02-21 18:40:52,ieonline.microsoft.com
2014-02-21 18:41:16,mail.google.com
2014-02-21 18:41:33,talkgadget.google.com
2014-02-21 18:41:59,talkgadget.google.com
2014-02-21 18:42:27,talkgadget.google.com
2014-02-21 18:42:28,talkgadget.google.com
2014-02-21 18:42:28,clients6.google.com
2014-02-21 18:42:28,apis.google.com
2014-02-21 18:42:28,mail.google.com
2014-02-21 18:42:28,plus.google.com
2014-02-25 09:24:07,www.google.com
2014-02-25 09:24:10,google.fr
2014-02-25 09:24:10,www.google.fr
2014-02-25 09:24:12,www.google.fr
2014-02-25 09:24:13,apis.google.com
2014-02-25 09:24:13,www.google.com
2014-02-25 09:24:44,www.google.com
2014-02-25 09:24:44,apis.google.com
2014-02-25 09:24:44,www.google.fr
2014-02-25 09:24:45,www.google.fr
2014-02-25 09:25:08,player.vimeo.com
2014-02-25 09:25:08,livepassdl.conviva.com
2014-02-25 09:25:09,livepassdl.conviva.com
2014-02-25 09:25:11,pings.conviva.com
2014-02-25 09:25:12,pings.conviva.com
2014-02-25 09:25:13,livepassdl.conviva.com
2014-02-25 09:25:42,ad.foxitsoftware.com
2014-02-25 09:26:07,go.microsoft.com
2014-02-25 09:26:07,ieonline.microsoft.com
2014-02-25 09:44:07,onlinestores.metaservices.microsoft.com
2014-02-25 09:44:09,go.microsoft.com
2014-02-25 09:44:21,go.microsoft.com
2014-02-25 09:44:21,onlinestores.metaservices.microsoft.com
2014-02-25 09:50:20,toc.music.metaservices.microsoft.com
2014-02-25 09:50:30,info.music.metaservices.microsoft.com
2014-02-25 09:50:33,info.music.metaservices.microsoft.com
2014-02-25 09:50:49,info.music.metaservices.microsoft.com
2014-02-25 09:50:50,info.music.metaservices.microsoft.com
2014-02-25 11:43:48,www.ask.com
2014-02-25 11:43:49,www.search.ask.com
2014-02-25 11:43:49,apnstatic.ask.com
2014-03-18 09:05:07,www.google.com
2014-03-18 09:05:16,www.google.fr
2014-03-18 09:05:16,google.fr
2014-03-18 09:05:19,www.google.fr
2014-03-18 09:05:20,apis.google.com
2014-03-18 09:05:21,www.google.com
2014-03-18 09:05:34,www.google.fr
2014-03-18 09:05:35,www.google.fr
2014-03-18 09:05:35,www.google.com
2014-03-18 09:05:35,apis.google.com
2014-03-18 09:07:04,ieonline.microsoft.com
2014-03-18 09:07:54,ieonline.microsoft.com
2014-03-18 09:08:22,go.microsoft.com
2014-03-18 11:28:44,www.google.fr
2014-03-18 11:28:54,www.google.fr
2014-03-18 11:31:23,www.google.fr
2014-03-18 11:41:10,www.google.fr
2014-03-18 11:41:11,www.google.fr
2014-03-18 11:42:20,www.google.fr
2014-03-18 11:43:47,www.google.fr
2014-03-18 11:43:52,www.google.fr
2014-03-18 11:43:53,www.wordreference.com
2014-03-18 11:43:53,yui.yahooapis.com
2014-03-18 11:43:53,www.google.fr
2014-03-18 11:43:54,www.wordreference.com
2014-03-18 11:43:56,www.wordreference.com
2014-03-18 11:43:58,www.google.com
2014-03-18 11:43:58,www.wordreference.com
2014-03-18 11:43:58,www.google.fr
2014-03-18 11:43:58,apis.google.com
2014-03-18 11:43:59,www.facebook.com
2014-03-18 11:43:59,apis.google.com
2014-03-18 11:43:59,www.wordreference.com
2014-03-18 11:43:59,www2.wordreference.com
2014-03-18 11:44:00,www2.wordreference.com
2014-03-18 11:44:01,www2.wordreference.com
2014-03-18 11:44:01,www.wordreference.com
2014-03-18 11:44:02,choices.truste.com
2014-03-18 11:44:03,fpdownload2.macromedia.com
2014-03-18 11:44:03,www2.wordreference.com
2014-03-18 11:44:04,www.google.com
2014-03-18 11:44:04,choices.truste.com
2014-03-18 11:45:47,apis.google.com
2014-03-18 12:00:01,ad.foxitsoftware.com
2014-03-20 13:07:24,www.google.fr
2014-03-20 13:07:27,www.google.fr
2014-03-20 13:07:29,www.google.com
2014-03-20 13:07:29,apis.google.com
2014-03-20 13:07:55,www.google.com
2014-03-20 13:07:55,www.google.fr
2014-03-20 13:07:56,apis.google.com
2014-03-20 13:07:56,www.google.fr
2014-03-20 13:09:44,ieonline.microsoft.com
2014-03-20 14:17:44,www.google.fr
2014-03-20 14:18:12,www.google.fr
2014-03-20 14:18:13,www.google.fr
2014-03-20 14:20:11,www.google.fr
2014-03-20 14:24:47,www.google.fr
2014-03-20 14:25:30,www.google.fr
2014-03-20 14:25:31,apis.google.com
2014-03-20 14:25:34,s-static.ak.facebook.com
2014-03-20 14:25:34,apis.google.com
2014-03-20 14:25:35,twitter.com
2014-03-20 14:25:36,www.facebook.com
2014-03-20 14:26:06,twitter.com
2014-03-20 14:26:56,platform.twitter.com
2014-03-20 14:27:58,tc.airfrance.com
2014-03-20 14:28:00,s-static.ak.facebook.com
2014-03-20 14:28:32,twitter.com
2014-03-20 14:56:30,www.google.fr
2014-03-20 14:58:21,www.google.fr
2014-03-20 14:58:53,www.google.fr
2014-03-20 15:00:41,www.google.fr
2014-03-20 15:00:42,www.google.fr
2014-03-20 15:01:39,clients1.google.fr
2014-03-20 15:01:39,www.google.fr
2014-03-20 15:02:19,clients1.google.fr
2014-03-20 15:02:20,www.google.fr
2014-03-20 15:02:20,clients1.google.fr
2014-03-20 15:02:46,www.google.fr
2014-03-20 15:03:39,www.google.fr
2014-03-20 15:03:39,clients1.google.fr
2014-03-20 15:04:07,www.google.fr
2014-03-20 15:04:07,clients1.google.fr
2014-03-20 15:04:19,clients1.google.fr
2014-03-20 15:04:19,www.google.fr
2014-03-20 15:04:37,clients1.google.fr
2014-03-20 15:04:37,www.google.fr
2014-03-20 15:04:50,www.google.fr
2014-03-20 15:05:43,clients1.google.fr
2014-03-20 15:05:43,www.google.fr
2014-03-20 15:05:56,www.google.fr
2014-03-20 15:05:57,www.google.fr
2014-03-20 15:06:09,www.google.fr
2014-03-20 15:06:17,www.google.fr
2014-03-20 15:06:36,www.google.fr
2014-03-20 15:07:00,www.google.fr
2014-03-20 15:07:06,clients1.google.fr
2014-03-20 15:07:06,www.google.fr
2014-03-20 15:07:27,clients1.google.fr
2014-03-20 15:07:27,www.google.fr
2014-03-20 15:08:19,www.google.fr
2014-03-20 15:08:19,clients1.google.fr
2014-03-20 15:08:26,www.google.fr
2014-03-20 15:09:00,clients1.google.fr
2014-03-20 15:09:00,www.google.fr
2014-03-20 15:09:01,www.google.fr
2014-03-20 15:09:19,www.google.fr
2014-03-20 15:11:15,www.google.fr
2014-03-20 15:22:16,s-static.ak.facebook.com
2014-03-20 15:22:16,apis.google.com
2014-03-20 15:22:17,apis.google.com
2014-03-20 15:22:17,accounts.google.com
2014-03-20 15:22:18,pixel2368.everesttech.net
2014-03-20 15:22:18,apis.google.com
2014-03-20 15:22:18,accounts.google.com
2014-03-20 15:22:38,pixel2368.everesttech.net
2014-03-20 15:22:39,s-static.ak.facebook.com
2014-03-20 15:22:56,s-static.ak.facebook.com
2014-03-20 15:23:26,s-static.ak.facebook.com
2014-03-20 15:25:23,s-static.ak.facebook.com
2014-03-20 15:29:27,www.google.fr
2014-03-20 15:29:34,www.google.fr
2014-03-20 15:29:35,apis.google.com
2014-03-20 15:29:35,yt3.ggpht.com
2014-03-20 15:29:36,accounts.google.com
2014-03-20 15:29:36,yt3.ggpht.com
2014-03-20 15:29:36,apis.google.com
2014-03-20 15:29:40,yt3.ggpht.com
2014-03-20 15:29:44,yt3.ggpht.com
2014-03-20 15:29:44,apis.google.com
2014-03-20 15:29:44,accounts.google.com
2014-03-20 15:30:10,yt3.ggpht.com
2014-03-20 15:30:11,plus.googleapis.com
2014-03-20 15:30:16,apis.google.com
2014-03-20 15:30:16,plus.googleapis.com
2014-03-20 15:30:22,apis.google.com
2014-03-20 15:30:22,yt3.ggpht.com
2014-03-20 15:30:48,yt3.ggpht.com
2014-03-20 15:30:48,apis.google.com
2014-03-25 09:11:05,www.google.com
2014-03-25 09:11:09,www.google.fr
2014-03-25 09:11:13,www.google.fr
2014-03-25 09:11:16,www.google.com
2014-03-25 09:11:16,apis.google.com
2014-03-25 09:11:24,maps.google.fr
2014-03-25 09:11:24,www.google.com
2014-03-25 09:11:24,apis.google.com
2014-03-25 09:11:25,maps.google.fr
2014-03-25 09:11:26,www.google.fr
2014-03-25 09:11:27,www.google.fr
2014-03-25 09:11:28,www.google.fr
2014-03-25 09:11:31,mt.google.com
2014-03-25 09:11:32,www.google.fr
2014-03-25 09:11:33,geo0.ggpht.com
2014-03-25 09:11:33,mts0.google.com
2014-03-25 09:11:33,mt.google.com
2014-03-25 09:11:33,www.google.fr
2014-03-25 09:11:34,mts0.google.com
2014-03-25 09:11:35,mts0.google.com
2014-03-25 09:11:35,geo0.ggpht.com
2014-03-25 09:11:35,www.google.fr
2014-03-25 09:11:38,mts0.google.com
2014-03-25 09:11:51,mts0.google.com
2014-03-25 09:11:57,mts0.google.com
2014-03-25 09:11:57,maps.google.fr
2014-03-25 09:12:00,mts0.google.com
2014-03-25 09:12:00,maps.google.fr
2014-03-25 09:12:03,www.google.fr
2014-03-25 09:12:04,mts0.google.com
2014-03-25 09:12:04,www.google.fr
2014-03-25 09:12:04,mt.google.com
2014-03-25 09:12:05,mts0.google.com
2014-03-25 09:12:06,mts0.google.com
2014-03-25 09:12:07,mts0.google.com
2014-03-25 09:12:09,mts0.google.com
2014-03-25 09:12:10,www.google.fr
2014-03-25 09:12:10,geo0.ggpht.com
2014-03-25 09:12:10,mts0.google.com
2014-03-25 09:12:11,mts0.google.com
2014-03-25 09:12:12,mts0.google.com
2014-03-25 09:12:13,mts0.google.com
2014-03-25 09:12:14,mts0.google.com
2014-03-25 09:12:14,www.google.fr
2014-03-25 09:12:15,www.google.fr
2014-03-25 09:12:15,mts0.google.com
2014-03-25 09:12:16,www.google.fr
2014-03-25 09:12:21,www.google.fr
2014-03-25 09:12:21,mts0.google.com
2014-03-25 09:12:22,mts0.google.com
2014-03-25 09:12:23,mts0.google.com
2014-03-25 09:12:24,mts0.google.com
2014-03-25 09:12:26,mts0.google.com
2014-03-25 09:12:56,mts0.google.com
2014-03-25 09:13:05,ieonline.microsoft.com
2014-03-25 09:13:05,go.microsoft.com
2014-03-25 09:13:07,mts0.google.com
2014-03-25 09:13:07,www.google.fr
2014-03-25 09:13:16,www.google.fr
2014-03-25 09:13:17,www.google.fr
2014-03-25 09:13:30,www.google.fr
2014-03-25 09:13:31,www.google.fr
2014-03-27 13:42:16,ieonline.microsoft.com
2014-03-27 13:42:18,google.fr
2014-03-27 13:42:18,www.google.fr
2014-03-27 13:42:20,www.google.com
2014-03-27 13:42:21,www.google.fr
2014-03-27 13:42:22,apis.google.com
2014-03-27 13:42:23,www.google.com
2014-03-27 13:42:41,mail.google.com
2014-03-27 13:42:41,www.google.fr
2014-03-27 13:42:41,apis.google.com
2014-03-27 13:42:42,accounts.youtube.com
2014-03-27 13:42:42,accounts.google.com
2014-03-27 13:42:42,www.google.com
2014-03-27 13:42:42,www.google.fr
2014-03-27 13:42:42,mail.google.com
2014-03-27 13:42:43,mail.google.com
2014-03-27 13:42:43,www.google.fr
2014-03-27 13:43:25,accounts.google.fr
2014-03-27 13:43:26,accounts.youtube.com
2014-03-27 13:43:27,www.google.com
2014-03-27 13:43:28,accounts.google.com
2014-03-27 13:43:28,accounts.google.fr
2014-03-27 13:43:28,clients2.google.com
2014-03-27 13:43:28,mail.google.com
2014-03-27 13:43:28,www.google.com
2014-03-27 13:43:30,clients2.google.com
2014-03-27 13:43:31,talkgadget.google.com
2014-03-27 13:43:31,mail.google.com
2014-03-27 13:43:31,plus.google.com
2014-03-27 13:43:32,accounts.google.com
2014-03-27 13:43:32,apis.google.com
2014-03-27 13:43:33,talkgadget.google.com
2014-03-27 13:43:33,apis.google.com
2014-03-27 13:43:33,mail.google.com
2014-03-27 13:43:34,clients6.google.com
2014-03-27 13:43:34,apis.google.com
2014-03-27 13:43:34,talkgadget.google.com
2014-03-27 13:43:34,mail.google.com
2014-03-27 13:43:34,plus.google.com
2014-03-27 13:43:35,accounts.google.com
2014-03-27 13:43:35,talkgadget.google.com
2014-03-27 13:43:38,apis.google.com
2014-03-27 13:44:15,ieonline.microsoft.com
2014-03-27 13:44:15,go.microsoft.com
2014-03-27 13:44:48,clients6.google.com
2014-03-27 13:44:51,mail.google.com
2014-03-27 13:44:51,talkgadget.google.com
2014-03-27 13:44:52,www.google.com
2014-03-27 13:44:52,www.google.fr
2014-03-27 13:44:52,plus.google.com
2014-03-27 13:44:52,clients6.google.com
2014-03-27 13:44:53,mail.google.com
2014-03-27 13:44:53,accounts.youtube.com
2014-03-27 13:44:53,accounts.google.com
2014-03-27 13:44:53,accounts.google.fr
2014-03-27 13:44:54,talkgadget.google.com
2014-04-03 09:07:58,www.google.com
2014-04-03 09:08:01,www.google.fr
2014-04-03 09:08:01,google.fr
2014-04-03 09:08:03,www.google.fr
2014-04-03 09:08:04,apis.google.com
2014-04-03 09:08:05,www.google.com
2014-04-03 09:08:24,apis.google.com
2014-04-03 09:08:24,www.google.fr
2014-04-03 09:08:25,www.google.com
2014-04-03 09:08:25,www.google.fr
2014-04-03 09:09:53,go.microsoft.com
2014-04-03 09:09:53,ieonline.microsoft.com
2014-04-03 10:00:34,www.google.fr
2014-04-03 10:00:42,www.google.fr
2014-04-03 10:00:43,www.google.fr
2014-04-03 10:00:43,connect.facebook.net
2014-04-03 10:00:43,www.covoiturage.fr
2014-04-03 10:00:43,s3-eu-west-1.amazonaws.com
2014-04-03 10:00:43,www.facebook.com
2014-04-03 10:00:43,bbcphotos.s3.amazonaws.com
2014-04-03 10:00:44,www.facebook.com
2014-04-03 10:00:44,s-static.ak.facebook.com
2014-04-03 10:00:44,www.google.com
2014-04-03 10:00:44,static.ak.facebook.com
2014-04-03 10:00:44,www.google.fr
2014-04-03 10:00:47,www.covoiturage.fr
2014-04-03 10:00:51,www.covoiturage.fr
2014-04-03 10:00:52,www.covoiturage.fr
2014-04-03 10:00:53,www.covoiturage.fr
2014-04-03 10:00:55,www.covoiturage.fr
2014-04-03 10:00:56,static.ak.facebook.com
2014-04-03 10:00:56,www.covoiturage.fr
2014-04-03 10:00:56,bbcphotos.s3.amazonaws.com
2014-04-03 10:00:56,www.facebook.com
2014-04-03 10:00:56,s-static.ak.facebook.com
2014-04-03 10:01:07,www.covoiturage.fr
2014-04-03 10:01:10,www.covoiturage.fr
2014-04-03 10:01:12,www.covoiturage.fr
2014-04-03 10:01:17,www.covoiturage.fr
2014-04-03 10:01:17,static.ak.facebook.com
2014-04-03 10:01:17,s-static.ak.facebook.com
2014-04-03 10:01:17,www.facebook.com
2014-04-03 10:01:25,www.covoiturage.fr
2014-04-03 10:01:28,www.covoiturage.fr
2014-04-03 10:01:29,static.ak.facebook.com
2014-04-03 10:01:29,s-static.ak.facebook.com
2014-04-03 10:01:29,www.facebook.com
2014-04-03 10:03:05,www.google.fr
2014-04-03 10:03:06,www.google.fr
2014-04-03 10:03:12,www.wordreference.com
2014-04-03 10:03:12,www.google.fr
2014-04-03 10:03:12,yui.yahooapis.com
2014-04-03 10:03:16,www.wordreference.com
2014-04-03 10:03:21,www.wordreference.com
2014-04-03 10:03:28,spell.wordreference.com
2014-04-03 10:03:28,www.google.fr
2014-04-03 10:03:28,www.facebook.com
2014-04-03 10:03:28,www2.wordreference.com
2014-04-03 10:03:28,apis.google.com
2014-04-03 10:03:28,www.wordreference.com
2014-04-03 10:03:28,www.google.com
2014-04-03 10:03:29,apis.google.com
2014-04-03 10:03:29,www.wordreference.com
2014-04-03 10:03:29,jdn.monster.com
2014-04-03 10:03:29,www2.wordreference.com
2014-04-03 10:03:29,choices.truste.com
2014-04-03 10:03:30,www.google.com
2014-04-03 10:03:30,apis.google.com
2014-04-03 10:03:30,fpdownload2.macromedia.com
2014-04-03 10:03:30,jdn.monster.com
2014-04-03 10:03:31,choices.truste.com
2014-04-03 10:03:38,www.wordreference.com
2014-04-03 10:28:48,www.google.fr
2014-04-03 10:28:49,www.google.fr
2014-04-03 10:28:54,www.google.fr
2014-04-03 10:28:55,www.covoiturage.fr
2014-04-03 10:28:55,www.google.fr
2014-04-03 10:28:56,bbcphotos.s3.amazonaws.com
2014-04-03 10:28:56,www.covoiturage.fr
2014-04-03 10:28:56,static.ak.facebook.com
2014-04-03 10:28:56,connect.facebook.net
2014-04-03 10:28:56,s-static.ak.facebook.com
2014-04-03 10:28:57,www.facebook.com
2014-04-03 10:29:07,www.covoiturage.fr
2014-04-03 10:29:13,www.covoiturage.fr
2014-04-03 10:29:13,bbcphotos.s3.amazonaws.com
2014-04-03 10:29:13,static.ak.facebook.com
2014-04-03 10:29:13,s-static.ak.facebook.com
2014-04-03 10:29:13,www.facebook.com
2014-04-03 10:29:14,www.facebook.com
2014-04-03 10:29:39,www.covoiturage.fr
2014-04-03 10:29:40,www.facebook.com
2014-04-03 10:29:40,s-static.ak.facebook.com
2014-04-03 10:29:40,www.covoiturage.fr
2014-04-03 10:29:40,static.ak.facebook.com
2014-04-03 10:29:40,maps.google.com
2014-04-03 10:29:40,bbcphotos.s3.amazonaws.com
2014-04-03 10:29:45,maps.googleapis.com
2014-04-03 10:29:49,www.covoiturage.fr
2014-04-03 10:29:49,mt1.googleapis.com
2014-04-03 10:29:49,mt0.googleapis.com
2014-04-03 10:29:49,maps.googleapis.com
2014-04-03 10:29:50,mt1.googleapis.com
2014-04-03 10:29:50,maps.googleapis.com
2014-04-03 10:29:51,maps.googleapis.com
2014-04-03 10:29:55,maps.googleapis.com
2014-04-03 10:29:55,mt0.googleapis.com
2014-04-03 10:29:57,mt0.googleapis.com
2014-04-03 10:29:57,mt1.googleapis.com
2014-04-03 10:29:57,maps.googleapis.com
2014-04-03 10:29:58,mt1.googleapis.com
2014-04-03 10:29:58,mt0.googleapis.com
2014-04-03 10:29:58,maps.googleapis.com
2014-04-03 10:29:59,maps.googleapis.com
2014-04-03 10:29:59,mt1.googleapis.com
2014-04-03 10:30:00,mt0.googleapis.com
2014-04-03 10:30:00,mt1.googleapis.com
2014-04-03 10:30:01,maps.googleapis.com
2014-04-03 10:30:12,maps.googleapis.com
2014-04-03 10:30:13,maps.googleapis.com
2014-04-03 10:30:18,maps.googleapis.com
2014-04-03 10:30:24,maps.googleapis.com
2014-04-03 10:30:30,maps.googleapis.com
