timestamp,site
2013-03-12 10:04:49,fpdownload2.macromedia.com
2013-03-12 10:15:30,www.google.fr
2013-03-12 10:15:45,apis.google.com
2013-03-12 10:15:45,www.google.fr
2013-03-12 10:15:48,www.google.com
2013-03-12 10:16:04,plus.google.com
2013-03-12 10:16:53,www.google.fr
2013-03-12 10:16:53,www.google.com
2013-03-12 10:17:08,mail.google.com
2013-03-12 10:17:10,accounts.google.com
2013-03-12 10:17:12,accounts.google.com
2013-03-12 10:17:13,plus.google.com
2013-03-12 10:17:16,www.google.com
2013-03-12 10:17:16,accounts.youtube.com
2013-03-12 10:17:16,apis.google.com
2013-03-12 10:17:19,accounts.google.fr
2013-03-12 10:17:20,www.google.fr
2013-03-12 10:17:22,accounts.google.com
2013-03-12 10:17:22,accounts.youtube.com
2013-03-12 10:17:22,accounts.google.fr
2013-03-12 10:17:22,clients2.google.com
2013-03-12 10:17:22,mail.google.com
2013-03-12 10:17:22,www.google.com
2013-03-12 10:17:22,plus.google.com
2013-03-12 10:17:23,clients2.google.com
2013-03-12 10:17:25,plus.google.com
2013-03-12 10:17:25,accounts.google.com
2013-03-12 10:17:25,chatenabled.mail.google.com
2013-03-12 10:17:26,b.mail.google.com
2013-03-12 10:17:27,mail.google.com
2013-03-12 10:17:31,apis.google.com
2013-03-12 10:17:35,apis.google.com
2013-03-12 10:17:57,chatenabled.mail.google.com
2013-03-12 10:19:22,plus.google.com
2013-03-12 10:19:22,mail.google.com
2013-03-12 10:20:23,mail.google.com
2013-03-12 10:20:52,plus.google.com
2013-03-12 10:21:01,www.forum-emploi-maths.org
2013-03-12 10:21:02,platform.twitter.com
2013-03-12 10:21:02,forum-emploi-maths.org
2013-03-12 10:21:02,www.forum-emploi-maths.org
2013-03-12 10:21:03,forum-emploi-maths.org
2013-03-12 10:21:04,www.forum-emploi-maths.org
2013-03-12 10:21:04,forum-emploi-maths.org
2013-03-12 10:21:04,smai.emath.fr
2013-03-12 10:21:04,platform.twitter.com
2013-03-12 10:21:05,smai.emath.fr
2013-03-12 10:21:05,www.forum-emploi-maths.org
2013-03-12 10:21:16,twitter.com
2013-03-12 10:21:26,apis.google.com
2013-03-12 10:21:47,twitter.com
2013-03-12 10:25:13,plus.google.com
2013-03-12 10:26:23,mail.google.com
2013-03-12 10:26:44,b.mail.google.com
2013-03-12 10:26:45,apis.google.com
2013-03-12 10:26:46,mail.google.com
2013-03-12 10:26:46,apis.google.com
2013-03-12 10:26:46,clients2.google.com
2013-03-12 10:26:46,www.google.com
2013-03-12 10:28:46,mail.google.com
2013-03-12 10:28:48,b.mail.google.com
2013-03-12 10:28:49,apis.google.com
2013-03-12 10:28:49,chatenabled.mail.google.com
2013-03-12 10:28:49,plus.google.com
2013-03-12 10:28:49,mail.google.com
2013-03-12 10:28:49,clients2.google.com
2013-03-12 10:28:50,www.google.com
2013-03-12 10:30:49,mail.google.com
2013-03-12 10:32:02,apis.google.com
2013-03-12 10:32:03,b.mail.google.com
2013-03-12 10:32:04,plus.google.com
2013-03-12 10:32:05,apis.google.com
2013-03-12 10:32:05,chatenabled.mail.google.com
2013-03-12 10:32:05,plus.google.com
2013-03-12 10:32:10,clients2.google.com
2013-03-12 10:32:11,www.google.com
2013-03-12 10:32:11,chatenabled.mail.google.com
2013-03-12 10:32:11,mail.google.com
2013-03-12 10:32:24,plus.google.com
2013-03-12 10:35:12,b.mail.google.com
2013-03-12 10:40:12,b.mail.google.com
2013-03-12 10:40:13,apis.google.com
2013-03-12 10:40:14,mail.google.com
2013-03-12 10:40:14,apis.google.com
2013-03-12 10:40:14,clients2.google.com
2013-03-12 10:40:14,www.google.com
2013-03-12 10:40:15,plus.google.com
2013-03-12 10:42:14,mail.google.com
2013-03-12 10:44:14,apis.google.com
2013-03-12 10:44:14,accounts.google.com
2013-03-12 10:44:14,mail.google.com
2013-03-12 10:44:15,chatenabled.mail.google.com
2013-03-12 10:44:19,plus.google.com
2013-03-12 10:45:59,solocal.email-db.com
2013-03-12 10:46:00,www.news-solocalgroup.com
2013-03-12 10:46:25,mail.google.com
2013-03-12 10:49:21,apis.google.com
2013-03-12 10:53:00,b.mail.google.com
2013-03-12 10:53:01,plus.google.com
2013-03-12 10:53:02,clients2.google.com
2013-03-12 10:53:11,www.google.com
2013-03-12 10:55:01,mail.google.com
2013-03-12 10:57:02,chatenabled.mail.google.com
2013-03-12 10:57:11,apis.google.com
2013-03-12 10:58:06,plus.google.com
2013-03-12 11:01:02,mail.google.com
2013-03-12 11:03:02,mail.google.com
2013-03-12 11:04:47,b.mail.google.com
2013-03-12 11:04:48,plus.google.com
2013-03-12 11:04:48,mail.google.com
2013-03-12 11:04:48,clients2.google.com
2013-03-12 11:04:48,www.google.com
2013-03-12 11:04:49,mail.google.com
2013-03-12 11:04:49,apis.google.com
2013-03-12 11:04:49,plus.google.com
2013-05-12 13:35:50,www.google.com
2013-05-12 13:35:50,www.google.fr
2013-05-12 13:36:02,apis.google.com
2013-05-12 13:36:02,www.google.fr
2013-05-12 13:36:05,www.google.com
2013-05-12 13:36:07,plus.google.com
2013-05-12 13:36:22,mail.google.com
2013-05-12 13:36:24,www.google.fr
2013-05-12 13:36:24,plus.google.com
2013-05-12 13:36:24,apis.google.com
2013-05-12 13:36:24,www.google.com
2013-05-12 13:36:24,mail.google.com
2013-05-12 13:36:27,plus.google.com
2013-05-12 13:36:27,accounts.google.com
2013-05-12 13:36:27,clients2.google.com
2013-05-12 13:36:28,chatenabled.mail.google.com
2013-05-12 13:36:28,apis.google.com
2013-05-12 13:36:29,mail.google.com
2013-05-12 13:36:35,b.mail.google.com
2013-05-12 13:36:38,clients2.google.com
2013-05-12 13:37:03,accounts.google.com
2013-05-12 13:37:44,plus.google.com
2013-05-12 13:37:44,chatenabled.mail.google.com
2013-05-12 13:37:44,mail.google.com
2013-05-12 13:37:44,apis.google.com
2013-05-12 13:37:45,apis.google.com
2013-05-12 13:37:58,apis.google.com
2013-05-12 13:38:36,plus.google.com
2013-05-12 13:39:54,mail.google.com
2013-05-12 13:39:59,plus.google.com
2013-05-12 13:41:17,mail.google.com
2013-05-12 13:41:18,b.mail.google.com
2013-05-12 13:41:27,plus.google.com
2013-05-12 13:41:27,mail.google.com
2013-05-12 14:28:28,www.google.fr
2013-05-12 14:28:28,www.google.com
2013-05-12 14:28:40,www.google.fr
2013-05-12 14:28:41,apis.google.com
2013-05-12 14:28:43,www.google.com
2013-05-12 14:28:57,plus.google.com
2013-05-12 14:28:57,mail.google.com
2013-05-12 14:28:58,mail.google.com
2013-05-12 14:29:00,accounts.google.com
2013-05-12 14:29:00,plus.google.com
2013-05-12 14:29:00,clients2.google.com
2013-05-12 14:29:00,apis.google.com
2013-05-12 14:29:01,www.google.fr
2013-05-12 14:29:03,chatenabled.mail.google.com
2013-05-12 14:29:04,www.google.com
2013-05-12 14:29:04,b.mail.google.com
2013-05-12 14:29:14,clients2.google.com
2013-05-12 14:29:28,accounts.google.com
2013-05-12 14:31:00,mail.google.com
2013-05-12 14:32:49,apis.google.com
2013-05-12 14:33:01,mail.google.com
2013-05-12 14:33:04,chatenabled.mail.google.com
2013-05-12 14:33:05,plus.google.com
2013-05-12 14:33:08,apis.google.com
2013-05-12 14:33:49,clients6.google.com
2013-05-12 14:34:42,mail.google.com
2013-05-12 14:35:26,mail.google.com
2013-05-12 14:35:40,plus.google.com
2013-05-12 14:36:31,b.mail.google.com
2013-05-12 14:36:36,clients6.google.com
2013-05-12 14:36:36,apis.google.com
2013-05-12 14:37:06,plus.google.com
2013-05-12 14:37:26,mail.google.com
2013-05-12 14:37:31,mail.google.com
2013-05-12 14:39:11,www.google.fr
2013-05-12 14:39:11,www.google.com
2013-05-12 14:39:23,www.google.fr
2013-05-12 14:39:24,apis.google.com
2013-05-12 14:39:26,www.google.com
2013-05-12 14:39:29,plus.google.com
2013-05-12 14:39:42,apis.google.com
2013-05-12 14:40:31,plus.google.com
2013-05-12 14:40:31,www.google.com
2013-05-12 14:40:34,www.google.com
2013-05-12 14:40:34,www.google.fr
2013-05-12 14:40:46,www.google.fr
2013-05-12 14:40:47,apis.google.com
2013-05-12 14:40:48,www.google.fr
2013-05-12 14:40:49,www.google.com
2013-05-12 14:40:54,plus.google.com
2013-05-12 14:40:59,id.google.fr
2013-05-12 14:40:59,clients1.google.fr
2013-05-12 14:41:00,clients1.google.fr
2013-05-12 14:41:00,plus.google.com
2013-05-12 14:41:00,www.google.fr
2013-05-12 14:41:00,id.google.fr
2013-05-12 14:41:01,www.gamekult.com
2013-05-12 14:41:01,images.gamekult.com
2013-05-12 14:41:01,www.google.fr
2013-05-12 14:41:02,ajax.googleapis.com
2013-05-12 14:41:02,www.gamekult.com
2013-05-12 14:41:02,images.gamekult.com
2013-05-12 14:41:02,static.gamekult.com
2013-05-12 14:41:05,www.google.fr
2013-05-12 14:41:13,images.gamekult.com
2013-05-12 14:41:13,ajax.googleapis.com
2013-05-12 14:41:14,images.gamekult.com
2013-05-12 14:41:14,www.youtube.com
2013-05-12 14:41:14,www.gamekult.com
2013-05-12 14:41:14,s.ytimg.com
2013-05-12 14:41:15,www.gamekult.com
2013-05-12 14:41:15,fp.profiles.us.playstation.com.s3.amazonaws.com
2013-05-12 14:41:15,i1.ytimg.com
2013-05-12 14:41:15,gamercard.zaamit.com
2013-05-12 14:41:15,images.gamekult.com
2013-05-12 14:41:16,i1.ytimg.com
2013-05-12 14:41:16,card.xbl.luvisoft.com
2013-05-12 14:41:22,www.google.fr
2013-05-12 14:41:32,www.gamekult.com
2013-05-12 14:41:32,www.google.fr
2013-05-12 14:41:33,www.gamekult.com
2013-05-12 14:41:33,card.xbl.luvisoft.com
2013-05-12 14:41:33,www.youtube.com
2013-05-12 14:41:34,i1.ytimg.com
2013-05-12 14:41:34,static.gamekult.com
2013-05-12 14:42:50,www.google.fr
2013-05-12 14:43:04,www.google.com
2013-05-12 14:43:04,plus.google.com
2013-05-12 14:43:04,apis.google.com
2013-05-12 14:43:36,games-loversz.blogspot.com
2013-05-12 14:43:36,www.google.fr
2013-05-12 14:43:37,www.blogger.com
2013-05-12 14:43:37,games-loversz.blogspot.fr
2013-05-12 14:43:37,www.google.fr
2013-05-12 14:43:38,games-loversz.blogspot.fr
2013-05-12 14:43:38,games-loversz.blogspot.com
2013-05-12 14:43:38,4.bp.blogspot.com
2013-05-12 14:43:38,3.bp.blogspot.com
2013-05-12 14:43:38,1.bp.blogspot.com
2013-05-12 14:43:38,www.blogger.com
2013-05-12 14:43:38,2.bp.blogspot.com
2013-05-12 14:43:38,myyahoobookmarks.com
2013-05-12 14:43:38,ajax.googleapis.com
2013-05-12 14:43:39,4.bp.blogspot.com
2013-05-12 14:43:39,3.bp.blogspot.com
2013-05-12 14:43:39,myyahoobookmarks.com
2013-05-12 14:43:41,myyahoobookmarks.com
2013-05-12 14:43:42,www.blogger.com
2013-05-12 14:43:42,c0.histats.12mlbe.com
2013-05-12 14:43:42,myyahoobookmarks.com
2013-05-12 14:43:43,ajax.googleapis.com
2013-05-12 14:43:43,www.blogger.com
2013-05-12 14:43:43,www.google.com
2013-05-12 14:43:44,ajax.googleapis.com
2013-05-12 14:43:44,apis.google.com
2013-05-12 14:43:44,4.bp.blogspot.com
2013-05-12 14:43:44,2.bp.blogspot.com
2013-05-12 14:43:44,3.bp.blogspot.com
2013-05-12 14:43:44,1.bp.blogspot.com
2013-05-12 14:43:44,img1.blogblog.com
2013-05-12 14:43:44,myyahoobookmarks.com
2013-05-12 14:43:44,www.blogger.com
2013-05-12 14:43:44,www.google.com
2013-05-12 14:43:45,www.facebook.com
2013-05-12 14:43:45,um.simpli.fi
2013-05-12 14:43:45,ce.lijit.com
2013-05-12 14:43:45,www.blogger.com
2013-05-12 14:43:45,apis.google.com
2013-05-12 14:43:45,contextweb-match.dotomi.com
2013-05-12 14:43:46,accounts.google.com
2013-05-12 14:43:46,match.rtbidder.net
2013-05-12 14:43:46,dtm.ccs.com
2013-05-12 14:43:47,accounts.google.com
2013-05-12 14:43:49,www.facebook.com
2013-05-12 14:43:52,www.blogger.com
2013-05-12 14:43:52,games-loversz.blogspot.com
2013-05-12 14:44:08,www.google.fr
2013-05-12 14:44:09,www.google.fr
2013-05-12 14:44:39,www.google.fr
2013-05-12 14:44:50,www.google.fr
2013-05-12 14:45:00,www.blogger.com
2013-05-12 14:45:13,www.google.fr
2013-05-12 14:45:18,www.google.fr
2013-05-12 14:45:22,www.google.fr
2013-05-12 14:45:26,www.google.fr
2013-05-12 14:45:45,www.gamekult.com
2013-05-12 14:45:45,ajax.googleapis.com
2013-05-12 14:45:45,www.google.fr
2013-05-12 14:45:46,www.gamekult.com
2013-05-12 14:45:46,gamekult.com
2013-05-12 14:45:46,cdn-static.gamekult.com
2013-05-12 14:45:47,platform.twitter.com
2013-05-12 14:45:47,cdn-static.gamekult.com
2013-05-12 14:45:47,www.gamekult.com
2013-05-12 14:45:48,www.gamekult.com
2013-05-12 14:45:48,images.gamekult.com
2013-05-12 14:45:54,connect.facebook.net
2013-05-12 14:45:54,static.ak.facebook.com
2013-05-12 14:45:54,s-static.ak.facebook.com
2013-05-12 14:45:59,apis.google.com
2013-05-12 14:46:26,www.google.fr
2013-05-12 14:46:27,www.racingfr.com
2013-05-12 14:46:27,img11.hostingpics.net
2013-05-12 14:46:27,www.youtube.com
2013-05-12 14:46:27,i1.ytimg.com
2013-05-12 14:46:27,images.forum-auto.com
2013-05-12 14:46:28,i1.ytimg.com
2013-05-12 14:47:00,www.google.fr
2013-05-12 14:47:00,plus.google.com
2013-05-12 14:47:02,www.google.fr
2013-05-12 14:47:03,www.red-list.tv
2013-05-12 14:47:04,www.red-list.tv
2013-05-12 14:47:05,www.gameblog.fr
2013-05-12 14:47:05,www.google.fr
2013-05-12 14:47:05,www.red-list.tv
2013-05-12 14:47:05,www.facebook.com
2013-05-12 14:47:05,platform.twitter.com
2013-05-12 14:47:06,www.gameblog.fr
2013-05-12 14:47:06,download.gameblog.fr
2013-05-12 14:47:08,www.red-list.tv
2013-05-12 14:47:08,de.tynt.com
2013-05-12 14:47:09,image.t45ol.com
2013-05-12 14:47:09,s-static.ak.facebook.com
2013-05-12 14:47:09,static.ak.facebook.com
2013-05-12 14:47:09,connect.facebook.net
2013-05-12 14:47:09,www.t45ol.com
2013-05-12 14:47:09,www.google.fr
2013-05-12 14:47:10,image.t45ol.com
2013-05-12 14:47:10,www.t45ol.com
2013-05-12 14:47:11,image.t45ol.com
2013-05-12 14:47:11,www.t45ol.com
2013-05-12 14:47:11,www.facebook.com
2013-05-12 14:47:11,www.google.com
2013-05-12 14:47:11,www.red-list.tv
2013-05-12 14:47:14,www.red-list.tv
2013-05-12 14:47:15,www.red-list.tv
2013-05-12 14:47:15,twitter.com
2013-05-12 14:47:16,apis.google.com
2013-05-12 14:47:17,twitter.com
2013-05-12 14:47:17,ajax.googleapis.com
2013-05-12 14:47:18,static.ak.facebook.com
2013-05-12 14:47:18,download.gameblog.fr
2013-05-12 14:47:18,www.gameblog.fr
2013-05-12 14:47:18,apis.google.com
2013-05-12 14:47:18,ajax.googleapis.com
2013-05-12 14:47:18,s-static.ak.facebook.com
2013-05-12 14:47:18,www.facebook.com
2013-05-12 14:47:18,twitter.com
2013-05-12 14:47:19,accounts.google.com
2013-05-12 14:47:19,twitter.com
2013-05-12 14:47:19,www.facebook.com
2013-05-12 14:47:19,apis.google.com
2013-05-12 14:47:19,platform.twitter.com
2013-05-12 14:47:22,accounts.google.com
2013-05-12 14:47:23,www.gameblog.fr
2013-05-12 14:47:41,image.t45ol.com
2013-05-12 14:47:52,twitter.com
2013-05-12 14:48:12,www.google.fr
2013-05-12 14:48:28,www.google.com
2013-05-12 14:48:28,platform.twitter.com
2013-05-12 14:48:29,www.google.fr
2013-05-12 14:48:31,www.google.fr
2013-05-12 14:48:31,accounts.google.com
2013-05-12 14:48:34,www.google.com
2013-05-12 14:48:37,plus.google.com
2013-05-12 14:48:50,fr.wikipedia.org
2013-05-12 14:48:50,www.google.fr
2013-05-12 14:48:50,meta.wikimedia.org
2013-05-12 14:48:50,bits.wikimedia.org
2013-05-12 14:48:50,plus.google.com
2013-05-12 14:48:50,www.google.com
2013-05-12 14:48:51,bits.wikimedia.org
2013-05-12 14:48:51,meta.wikimedia.org
2013-05-12 14:49:04,bits.wikimedia.org
2013-05-12 14:49:04,fr.wikipedia.org
2013-05-12 14:49:34,www.google.fr
2013-05-12 14:49:35,ajax.googleapis.com
2013-05-12 14:49:35,forum.telecharger.01net.com
2013-05-12 14:49:35,static.telecharger.01net.com
2013-05-12 14:49:35,www.01net.com
2013-05-12 14:49:36,platform.twitter.com
2013-05-12 14:49:36,forum.telecharger.01net.com
2013-05-12 14:49:36,static.telecharger.01net.com
2013-05-12 14:49:36,www.01net.com
2013-05-12 14:49:37,apis.google.com
2013-05-12 14:49:37,twitter.com
2013-05-12 14:49:37,www.facebook.com
2013-05-12 14:49:37,ea.rueducommerce.fr
2013-05-12 14:49:37,www.01net.com
2013-05-12 14:49:38,forum.telecharger.01net.com
2013-05-12 14:49:38,static.telecharger.01net.com
2013-05-12 14:49:38,flv.01net.com
2013-05-12 14:49:38,www.01net.com
2013-05-12 14:49:38,apis.google.com
2013-05-12 14:49:38,accounts.google.com
2013-05-12 14:49:59,pixel2368.everesttech.net
2013-05-12 14:50:02,apnx-match.dotomi.com
2013-05-12 14:50:02,dtm.eddiebauer.com
2013-05-12 14:50:18,www.google.com
2013-05-12 14:50:18,www.google.fr
2013-05-12 14:50:49,pixel2368.everesttech.net
2013-05-12 14:50:49,plus.google.com
2013-05-12 14:50:49,www.google.fr
2013-05-12 14:50:51,clients1.google.fr
2013-05-12 14:50:51,www.google.fr
2013-05-12 14:50:52,clients1.google.fr
2013-05-12 14:50:57,clients1.google.fr
2013-05-12 14:50:57,plus.google.com
2013-05-12 14:50:57,www.google.fr
2013-05-12 14:51:03,www.google.fr
2013-05-12 14:51:16,www.google.fr
2013-05-12 14:51:16,www.minicorp.net
2013-05-12 14:51:18,www.minicorp.net
2013-05-12 14:51:19,www.minicorp.net
2013-05-12 14:51:20,www.minicorp.net
2013-05-12 14:51:21,www.minicorp.net
2013-05-12 14:51:29,www.google.fr
2013-05-12 14:51:30,www.minicorp.net
2013-05-12 14:51:54,www.minicorp.net
2013-05-12 14:51:55,www.minicorp.net
2013-05-12 14:52:09,www.minicorp.net
2013-05-12 14:52:10,www.minicorp.net
2013-05-12 14:52:47,www.google.fr
2013-05-12 14:52:48,s.tf1.fr
2013-05-12 14:52:48,lci.tf1.fr
2013-05-12 14:52:48,www.tf1.fr
2013-05-12 14:52:49,www.tf1.fr
2013-05-12 14:52:49,s.tf1.fr
2013-05-12 14:52:52,connect.facebook.net
2013-05-12 14:52:52,s.wat.tv
2013-05-12 14:52:52,platform.twitter.com
2013-05-12 14:52:52,www.newsring.fr
2013-05-12 14:52:52,www.google.fr
2013-05-12 14:52:52,s.tf1.fr
2013-05-12 14:52:53,s.tf1.fr
2013-05-12 14:52:54,slpubmedias.tf1.fr
2013-05-12 14:52:54,www.wat.tv
2013-05-12 14:52:54,www.tf1.fr
2013-05-12 14:52:54,s.tf1.fr
2013-05-12 14:52:56,sa.tf1.fr
2013-05-12 14:52:56,api.tf1.fr
2013-05-12 14:52:56,pool-eu-ie.creative-serving.com
2013-05-12 14:52:56,dqbgy0ozmibf8.cloudfront.net
2013-05-12 14:52:56,www.wat.tv
2013-05-12 14:52:56,match.rtbidder.net
2013-05-12 14:52:57,s-static.ak.facebook.com
2013-05-12 14:52:57,www.facebook.com
2013-05-12 14:52:57,static.ak.facebook.com
2013-05-12 14:52:57,static1.shopoon.fr
2013-05-12 14:52:58,static1.shopoon.fr
2013-05-12 14:52:58,s.tf1.fr
2013-05-12 14:52:59,www.facebook.com
2013-05-12 14:52:59,s.tf1.fr
2013-05-12 14:52:59,www.wat.tv
2013-05-12 14:53:00,s.wat.tv
2013-05-12 14:53:00,www.wat.tv
2013-05-12 14:53:00,static1.shopoon.fr
2013-05-12 14:53:00,s.tf1.fr
2013-05-12 14:53:02,twitter.com
2013-05-12 14:53:03,twitter.com
2013-05-12 14:53:03,platform.twitter.com
2013-05-12 14:53:04,apis.google.com
2013-05-12 14:53:05,apis.google.com
2013-05-12 14:53:07,accounts.google.com
2013-05-12 14:53:11,www.google.fr
2013-05-12 14:53:17,www.google.fr
2013-05-12 14:53:19,www.google.fr
2013-05-12 14:53:19,feeds.feedburner.com
2013-05-12 14:53:24,static.ak.facebook.com
2013-05-12 14:53:24,platform.twitter.com
2013-05-12 14:53:25,go.disqus.com
2013-05-12 14:53:25,s-static.ak.facebook.com
2013-05-12 14:53:25,jeuxvideo.disqus.com
2013-05-12 14:53:25,www.facebook.com
2013-05-12 14:53:25,code.jquery.com
2013-05-12 14:53:25,wtpn.twenga.fr
2013-05-12 14:53:26,a1.s6img.com
2013-05-12 14:53:26,disqus.com
2013-05-12 14:53:26,www.toutlemondeenblogue.com
2013-05-12 14:53:27,wtpn.twenga.fr
2013-05-12 14:53:27,www.toutlemondeenblogue.com
2013-05-12 14:53:27,disqus.com
2013-05-12 14:53:27,www.facebook.com
2013-05-12 14:53:27,jeuxvideo.disqus.com
2013-05-12 14:53:27,go.disqus.com
2013-05-12 14:53:28,www.facebook.com
2013-05-12 14:53:29,apis.google.com
2013-05-12 14:53:29,www.facebook.com
2013-05-12 14:53:30,wtpn.twenga.fr
2013-05-12 14:53:30,disqus.com
2013-05-12 14:53:31,disqus.com
2013-05-12 14:53:31,accounts.google.com
2013-05-12 14:53:32,disqus.com
2013-05-12 14:53:42,www.google.fr
2013-05-12 14:53:42,www.toutlemondeenblogue.com
2013-05-12 14:53:42,www.minicorp.net
2013-05-12 14:53:44,www.minicorp.net
2013-05-12 14:53:45,www.minicorp.net
2013-05-12 14:53:47,www.google.fr
2013-05-12 14:53:47,lci.tf1.fr
2013-05-12 14:53:48,accounts.google.com
2013-05-12 14:53:48,s.tf1.fr
2013-05-12 14:53:49,www.newsring.fr
2013-05-12 14:53:51,apis.google.com
2013-05-12 14:53:51,www.wat.tv
2013-05-12 14:53:52,www.wat.tv
2013-05-12 14:53:53,ea.numericable.fr
2013-05-12 14:53:53,id.impressiondesk.com
2013-05-12 14:53:53,sa.tf1.fr
2013-05-12 14:53:54,static.ak.facebook.com
2013-05-12 14:53:54,static1.shopoon.fr
2013-05-12 14:53:54,s-static.ak.facebook.com
2013-05-12 14:53:54,www.facebook.com
2013-05-12 14:53:56,www.facebook.com
2013-05-12 14:53:57,www.wat.tv
2013-05-12 14:53:57,twitter.com
2013-05-12 14:53:58,www.numericable.biz
2013-05-12 14:53:58,lci.tf1.fr
2013-05-12 14:54:20,www.google.fr
2013-05-12 14:54:22,www.minicorp.net
2013-05-12 14:54:23,www.google.fr
2013-05-12 14:54:23,www.minicorp.net
2013-10-12 11:07:27,fpdownload2.macromedia.com
2013-10-12 11:07:33,www.google.fr
2013-10-12 11:07:33,www.google.com
2013-10-12 11:08:00,www.google.fr
2013-10-12 11:08:10,www.google.fr
2013-10-12 11:08:19,www.google.com
2013-10-12 11:08:20,apis.google.com
2013-10-12 11:08:20,www.google.fr
2013-10-12 11:08:20,plus.google.com
2013-10-12 11:09:21,www.google.com
2013-10-12 11:09:21,plus.google.com
2013-10-12 11:09:21,apis.google.com
2013-10-12 11:18:27,plus.google.com
2013-10-12 11:23:21,plus.google.com
2013-10-12 11:32:36,www.google.com
2013-10-12 11:32:46,plus.google.com
2013-10-12 11:32:47,www.google.fr
2013-10-12 11:33:01,mail.google.com
2013-10-12 11:33:02,mail.google.com
2013-10-12 11:33:07,www.google.com
2013-10-12 11:33:09,mail.google.com
2013-10-12 11:33:10,mail.google.com
2013-10-12 11:33:11,mail.google.com
2013-10-12 11:33:12,mail.google.com
2013-10-12 11:33:13,mail.google.com
2013-10-12 11:33:13,clients2.google.com
2013-10-12 11:33:14,www.google.com
2013-10-12 11:33:14,clients2.google.com
2013-10-12 11:33:14,apis.google.com
2013-10-12 11:33:17,plus.google.com
2013-10-12 11:33:17,accounts.google.com
2013-10-12 11:33:22,apis.google.com
2013-10-12 11:33:23,mail.google.com
2013-10-12 11:33:26,chatenabled.mail.google.com
2013-10-12 11:33:26,b.mail.google.com
2013-10-12 11:34:13,plus.google.com
2013-10-12 11:34:21,chatenabled.mail.google.com
2013-10-12 11:34:28,b.mail.google.com
2013-10-12 11:34:33,mail.google.com
2013-11-18 15:34:47,www.google.fr
2013-11-18 15:34:52,www.google.com
2013-11-18 15:34:56,www.google.fr
2013-11-18 15:35:10,apis.google.com
2013-11-18 15:35:10,www.google.com
2013-11-18 15:35:10,plus.google.com
2013-11-18 15:35:11,www.google.fr
2013-11-18 15:36:26,plus.google.com
2013-11-18 15:36:26,apis.google.com
2013-11-18 15:45:02,www.google.fr
2013-11-18 15:45:03,www.google.fr
2013-11-18 15:45:07,www.google.fr
2013-11-19 10:09:14,windows.microsoft.com
2013-11-19 10:09:14,res1.windows.microsoft.com
2013-11-19 10:09:14,ajax.microsoft.com
2013-11-19 10:09:14,res2.windows.microsoft.com
2013-11-19 10:09:14,go.microsoft.com
2013-11-19 10:09:14,js.microsoft.com
2013-11-19 10:09:15,js.microsoft.com
2013-11-19 10:09:15,res2.windows.microsoft.com
2013-11-19 10:09:15,windows.microsoft.com
2013-11-19 10:09:15,res1.windows.microsoft.com
2013-11-19 10:09:21,www.google.fr
2013-11-19 10:09:33,www.google.fr
2013-11-19 10:09:34,apis.google.com
2013-11-19 10:09:36,www.google.com
2013-11-19 10:09:39,plus.google.com
2013-11-19 10:10:26,ieonline.microsoft.com
2013-11-19 10:10:36,www.google.fr
2013-11-19 10:10:46,apis.google.com
2013-11-19 10:10:46,plus.google.com
2013-11-19 10:10:46,www.google.com
2013-11-19 10:12:16,accounts.google.com
2013-11-19 10:12:18,mail.google.com
2013-11-19 10:12:20,plus.google.com
2013-11-19 10:12:20,mail.google.com
2013-11-19 10:12:20,www.google.com
2013-11-19 10:12:21,plus.google.com
2013-11-19 10:12:21,accounts.google.com
2013-11-19 10:12:22,clients2.google.com
2013-11-19 10:12:22,plus.google.com
2013-11-19 10:12:22,accounts.google.com
2013-11-19 10:12:24,mail.google.com
2013-11-19 10:12:24,chatenabled.mail.google.com
2013-11-19 10:12:25,clients2.google.com
2013-11-19 10:12:27,apis.google.com
2013-11-19 10:12:28,apis.google.com
2013-11-19 10:12:29,b.mail.google.com
2013-11-19 10:12:57,chatenabled.mail.google.com
2013-11-19 10:13:00,plus.google.com
2013-11-19 10:13:00,clients6.google.com
2013-11-19 10:15:22,mail.google.com
2013-11-19 10:15:50,clients6.google.com
2013-11-19 10:17:00,apis.google.com
2013-11-19 10:17:25,plus.google.com
2013-11-19 10:20:50,clients6.google.com
2013-11-19 10:23:22,mail.google.com
2013-11-19 10:26:26,plus.google.com
2013-11-19 10:26:36,plus.google.com
2013-11-19 10:35:53,clients6.google.com
2013-11-19 10:36:36,plus.google.com
2013-11-19 10:46:36,plus.google.com
2013-11-19 10:51:11,mail.google.com
2013-11-19 10:54:30,mail.google.com
2013-11-19 10:56:36,plus.google.com
2013-11-19 10:57:11,mail.google.com
2013-11-19 10:57:31,mail.google.com
2013-11-19 10:57:31,b.mail.google.com
2013-11-19 14:22:20,download.foxitsoftware.com
2013-11-19 14:22:21,www.foxitsoftware.com
2013-11-19 14:38:03,dl.javafx.com
2014-01-14 13:23:30,fpdownload2.macromedia.com
2014-01-14 13:23:32,go.microsoft.com
2014-01-14 13:23:32,windows.microsoft.com
2014-01-14 13:23:33,res2.windows.microsoft.com
2014-01-14 13:23:33,js.microsoft.com
2014-01-14 13:23:33,res1.windows.microsoft.com
2014-01-14 13:23:34,ajax.microsoft.com
2014-01-14 13:23:34,res2.windows.microsoft.com
2014-01-14 13:23:34,res1.windows.microsoft.com
2014-01-14 13:23:34,js.microsoft.com
2014-01-14 13:23:34,windows.microsoft.com
2014-01-14 13:23:44,www.bing.com
2014-01-14 13:23:48,www.google.com
2014-01-14 13:23:48,www.google.fr
2014-01-14 13:24:00,www.google.fr
2014-01-14 13:24:01,apis.google.com
2014-01-14 13:24:03,www.google.com
2014-01-14 13:24:17,plus.google.com
2014-01-14 13:25:01,mail.google.com
2014-01-14 13:25:02,www.google.com
2014-01-14 13:25:02,apis.google.com
2014-01-14 13:25:02,plus.google.com
2014-01-14 13:25:02,www.google.fr
2014-01-14 13:25:02,mail.google.com
2014-01-14 13:25:03,go.microsoft.com
2014-01-14 13:25:03,ieonline.microsoft.com
2014-01-21 14:56:30,fpdownload2.macromedia.com
2014-01-21 14:56:38,www.google.com
2014-01-21 14:56:38,www.google.fr
2014-01-21 14:56:50,www.google.fr
2014-01-21 14:56:51,apis.google.com
2014-01-21 14:56:53,www.google.com
2014-01-21 14:57:11,mail.google.com
2014-01-21 14:57:13,accounts.google.com
2014-01-21 14:57:13,apis.google.com
2014-01-21 14:57:13,www.google.fr
2014-01-21 14:57:14,www.google.fr
2014-01-21 14:57:16,www.google.fr
2014-01-21 14:57:16,accounts.google.com
2014-01-21 14:57:16,mail.google.com
2014-01-21 14:57:16,www.google.com
2014-01-21 14:57:16,apis.google.com
2014-01-21 14:57:19,apis.google.com
2014-01-21 14:57:19,mail.google.com
2014-01-21 14:57:30,accounts.youtube.com
2014-01-21 14:57:40,accounts.google.fr
2014-01-21 14:57:42,accounts.google.fr
2014-01-21 14:57:42,accounts.google.com
2014-01-21 14:57:42,accounts.youtube.com
2014-01-21 14:57:42,drive.google.com
2014-01-21 14:57:42,clients2.google.com
2014-01-21 14:57:42,plus.google.com
2014-01-21 14:57:42,mail.google.com
2014-01-21 14:57:42,apis.google.com
2014-01-21 14:57:42,www.google.com
2014-01-21 14:57:45,clients2.google.com
2014-01-21 14:57:45,plus.google.com
2014-01-21 14:57:45,chatenabled.mail.google.com
2014-01-21 14:57:46,mail.google.com
2014-01-21 14:57:47,drive.google.com
2014-01-21 14:57:47,apis.google.com
2014-01-21 14:57:54,apis.google.com
2014-01-21 14:57:55,chatenabled.mail.google.com
2014-01-21 14:58:22,mail.google.com
2014-01-21 14:58:34,clients6.google.com
2014-01-21 14:59:21,mail.google.com
2014-01-21 14:59:27,mail.google.com
2014-01-21 14:59:43,ieonline.microsoft.com
2014-01-21 14:59:45,clients6.google.com
2014-01-21 14:59:45,drive.google.com
2014-01-21 15:00:57,apis.google.com
2014-01-21 15:01:59,plus.google.com
2014-01-21 15:01:59,mail.google.com
2014-01-21 15:02:46,mail.google.com
2014-01-21 15:02:52,clients6.google.com
2014-01-21 15:02:52,drive.google.com
2014-01-21 15:03:37,drive.google.com
2014-01-21 15:03:42,clients6.google.com
2014-01-21 15:03:55,mail.google.com
2014-01-21 15:04:11,mail.google.com
2014-01-21 15:04:11,clients6.google.com
2014-01-21 15:04:11,drive.google.com
2014-01-21 15:04:11,plus.google.com
2014-01-21 15:04:12,drive.google.com
2014-01-21 15:04:17,mail.google.com
2014-01-21 15:04:25,mail.google.com
2014-01-21 15:04:43,mail.google.com
2014-01-21 15:05:33,mail.google.com
2014-01-21 15:05:33,clients6.google.com
2014-01-21 15:05:33,drive.google.com
2014-01-21 15:05:33,plus.google.com
2014-01-21 15:05:41,www.google.fr
2014-01-21 15:05:41,www.google.com
2014-01-21 15:05:53,www.google.fr
2014-01-21 15:05:57,accounts.google.com
2014-01-21 15:05:58,mail.google.com
2014-01-21 15:05:58,www.google.com
2014-01-21 15:06:01,www.google.fr
2014-01-21 15:06:04,www.google.fr
2014-01-21 15:06:11,clients2.google.com
2014-01-21 15:06:11,plus.google.com
2014-01-21 15:06:12,chatenabled.mail.google.com
2014-01-21 15:06:12,mail.google.com
2014-01-21 15:06:20,www.google.fr
2014-01-21 15:06:32,www.google.fr
2014-01-21 15:06:38,plus.google.com
2014-01-21 15:06:43,apis.google.com
2014-01-21 15:06:58,www.google.fr
2014-01-21 15:07:44,plus.google.com
2014-01-21 15:07:44,www.google.fr
2014-01-21 15:07:46,www.google.fr
2014-01-21 15:07:46,dis.univ-lyon2.fr
2014-01-21 15:07:52,www.google.fr
2014-01-21 15:07:52,dis.univ-lyon2.fr
2014-01-21 15:07:54,www.google.fr
2014-01-21 15:07:54,dis.univ-lyon2.fr
2014-01-21 15:07:54,www.google.com
2014-01-21 15:07:54,clients2.google.com
2014-01-21 15:07:54,plus.google.com
2014-01-21 15:07:54,chatenabled.mail.google.com
2014-01-21 15:07:54,apis.google.com
2014-01-21 15:08:09,dis.univ-lyon2.fr
2014-01-21 15:08:14,dis.univ-lyon2.fr
2014-01-21 15:08:51,dis.univ-lyon2.fr
2014-01-21 15:09:47,platform.twitter.com
2014-01-21 15:09:47,orange.jobs
2014-01-21 15:09:47,www.recrutdiploma.com
2014-01-21 15:09:48,orange.jobs
2014-01-21 15:09:54,plus.google.com
2014-01-21 15:09:54,www.recrutdiploma.com
2014-01-21 15:09:54,www.google.fr
2014-01-21 15:09:55,orange.jobs
2014-01-21 15:09:55,maps.googleapis.com
2014-01-21 15:09:55,platform.twitter.com
2014-01-21 15:09:56,www.recrutdiploma.com
2014-01-21 15:09:56,orange.jobs
2014-01-21 15:09:56,maps.googleapis.com
2014-01-21 15:10:15,twitter.com
2014-01-21 15:10:33,www.recrutdiploma.com
2014-01-21 15:10:33,orange.jobs
2014-01-21 15:10:34,www.recrutdiploma.com
2014-01-21 15:10:34,mail.google.com
2014-01-21 15:10:35,orange.jobs
2014-01-21 15:10:35,maps.googleapis.com
2014-01-21 15:10:37,www.recrutdiploma.com
2014-01-21 15:10:37,orange.jobs
2014-01-21 15:10:37,maps.googleapis.com
2014-01-21 15:10:37,pbs.twimg.com
2014-01-21 15:10:40,orange.jobs
2014-01-21 15:10:40,www.recrutdiploma.com
2014-01-21 15:10:42,www.recrutdiploma.com
2014-01-21 15:10:43,maps.googleapis.com
2014-01-21 15:10:43,orange.jobs
2014-01-21 15:10:45,twitter.com
2014-01-21 15:10:45,www.recrutdiploma.com
2014-01-21 15:10:46,maps.googleapis.com
2014-01-21 15:10:46,orange.jobs
2014-01-21 15:10:48,twitter.com
2014-01-21 15:10:53,platform.twitter.com
2014-01-21 15:10:53,twitter.com
2014-01-21 15:10:55,platform.twitter.com
2014-01-21 15:10:56,twitter.com
2014-01-21 15:11:03,platform.twitter.com
2014-01-21 15:11:06,platform.twitter.com
2014-01-21 15:11:16,twitter.com
2014-01-21 15:11:19,twitter.com
2014-01-21 15:11:24,twitter.com
2014-01-21 15:11:27,twitter.com
2014-01-21 15:11:30,syndication.twitter.com
2014-01-21 15:11:33,orange.jobs
2014-01-21 15:11:52,dis.univ-lyon2.fr
2014-01-21 15:11:56,dis.univ-lyon2.fr
2014-01-21 15:11:59,dis.univ-lyon2.fr
2014-01-21 15:11:59,platform.twitter.com
2014-01-21 15:12:01,syndication.twitter.com
2014-01-21 15:12:03,dis.univ-lyon2.fr
2014-01-21 15:12:21,platform.twitter.com
2014-01-21 15:12:24,platform.twitter.com
2014-01-21 15:12:27,platform.twitter.com
2014-01-21 15:12:56,pbs.twimg.com
2014-01-21 15:13:38,www.google.com
2014-01-21 15:13:39,www.google.fr
2014-01-21 15:13:50,www.google.fr
2014-01-21 15:13:56,plus.google.com
2014-01-21 15:14:01,mail.google.com
2014-01-21 15:14:01,bits.wikimedia.org
2014-01-21 15:14:01,fr.wikipedia.org
2014-01-21 15:14:01,www.google.fr
2014-01-21 15:14:02,fr.wikipedia.org
2014-01-21 15:14:02,meta.wikimedia.org
2014-01-21 15:14:02,login.wikimedia.org
2014-01-21 15:14:02,bits.wikimedia.org
2014-01-21 15:15:10,www.google.fr
2014-01-21 15:15:23,www.google.fr
2014-01-21 15:15:24,mail.google.com
2014-01-21 15:15:24,www.maformationsap.com
2014-01-21 15:15:24,connect.facebook.net
2014-01-21 15:15:24,static.ak.facebook.com
2014-01-21 15:15:24,s-static.ak.facebook.com
2014-01-21 15:15:25,www.maformationsap.com
2014-01-21 15:15:56,static.ak.facebook.com
2014-01-21 15:15:56,www.maformationsap.com
2014-01-21 15:15:56,s-static.ak.facebook.com
2014-01-21 15:16:45,mail.google.com
2014-01-21 15:16:45,www.google.fr
2014-01-21 15:16:45,www.commentcamarche.net
2014-01-21 15:16:45,static.ccm2.net
2014-01-21 15:16:45,r.ccm2.net
2014-01-21 15:16:45,plus.google.com
2014-01-21 15:16:46,static.ccm2.net
2014-01-21 15:16:46,ba.commentcamarche.net
2014-01-21 15:16:46,platform.twitter.com
2014-01-21 15:16:46,r.ccmbg.com
2014-01-21 15:16:46,www.commentcamarche.net
2014-01-21 15:16:46,static.ccmbg.com
2014-01-21 15:16:46,www.facebook.com
2014-01-21 15:16:46,connect.facebook.net
2014-01-21 15:16:47,static.ak.facebook.com
2014-01-21 15:16:47,s-static.ak.facebook.com
2014-01-21 15:16:47,twitter.com
2014-01-21 15:16:48,twitter.com
2014-01-21 15:16:48,www.google.fr
2014-01-21 15:16:48,static.ccm2.net
2014-01-21 15:16:48,www.commentcamarche.net
2014-01-21 15:16:48,www.facebook.com
2014-01-21 15:16:48,ba.commentcamarche.net
2014-01-21 15:16:48,ajax.googleapis.com
2014-01-21 15:16:49,www.facebook.com
2014-01-21 15:16:49,ba.commentcamarche.net
2014-01-21 15:16:50,s-static.ak.facebook.com
2014-01-21 15:16:50,static.ak.facebook.com
2014-01-21 15:16:50,www.facebook.com
2014-01-21 15:16:50,www.google.com
2014-01-21 15:16:50,um.simpli.fi
2014-01-21 15:17:02,accounts.google.com
2014-01-21 15:17:15,plus.google.com
2014-01-21 15:17:15,www.google.fr
2014-01-21 15:17:20,twitter.com
2014-01-21 15:20:01,dis.univ-lyon2.fr
2014-01-21 15:20:15,dis.univ-lyon2.fr
2014-01-21 15:20:15,plus.google.com
2014-01-21 15:20:15,ajax.googleapis.com
2014-01-21 15:20:35,accounts.google.com
2014-01-21 15:20:35,plus.google.com
2014-01-21 15:20:40,dis.univ-lyon2.fr
2014-01-21 15:20:45,dis.univ-lyon2.fr
2014-01-21 15:21:49,mail.google.com
2014-01-21 15:23:12,mail.google.com
2014-01-31 13:43:52,www.google.com
2014-01-31 13:43:52,www.google.fr
2014-01-31 13:44:03,www.google.fr
2014-01-31 13:44:04,apis.google.com
2014-01-31 13:44:06,www.google.com
2014-01-31 13:44:39,mail.google.com
2014-01-31 13:44:41,accounts.google.com
2014-01-31 13:44:44,www.google.com
2014-01-31 13:44:44,mail.google.com
2014-01-31 13:44:44,accounts.google.com
2014-01-31 13:44:46,apis.google.com
2014-01-31 13:44:46,mail.google.com
2014-01-31 13:44:47,mail.google.com
2014-01-31 13:44:51,mail.google.com
2014-01-31 13:44:54,accounts.google.com
2014-01-31 13:44:58,apis.google.com
2014-01-31 13:45:00,apis.google.com
2014-01-31 13:45:00,accounts.youtube.com
2014-01-31 13:45:25,accounts.google.fr
2014-01-31 13:45:26,apis.google.com
2014-01-31 13:45:27,accounts.google.com
2014-01-31 13:45:27,drive.google.com
2014-01-31 13:45:27,plus.google.com
2014-01-31 13:45:27,accounts.youtube.com
2014-01-31 13:45:27,mail.google.com
2014-01-31 13:45:27,accounts.google.fr
2014-01-31 13:45:27,clients2.google.com
2014-01-31 13:45:27,www.google.com
2014-01-31 13:45:27,apis.google.com
2014-01-31 13:45:28,mail.google.com
2014-01-31 13:45:30,plus.google.com
2014-01-31 13:45:31,chatenabled.mail.google.com
2014-01-31 13:45:31,mail.google.com
2014-01-31 13:45:34,drive.google.com
2014-01-31 13:45:34,mail.google.com
2014-01-31 13:45:34,chatenabled.mail.google.com
2014-01-31 13:45:34,plus.google.com
2014-01-31 13:45:34,apis.google.com
2014-01-31 13:45:41,mail.google.com
2014-01-31 13:45:42,mail.google.com
2014-01-31 13:45:43,mail.google.com
2014-01-31 13:45:53,clients6.google.com
2014-01-31 13:45:54,mail.google.com
2014-01-31 13:45:54,plus.google.com
2014-01-31 13:46:22,clients6.google.com
2014-01-31 13:46:22,apis.google.com
2014-01-31 13:46:36,drive.google.com
2014-01-31 13:46:37,clients6.google.com
2014-01-31 13:46:37,drive.google.com
2014-01-31 13:46:37,mail.google.com
2014-01-31 13:46:44,www.google.com
2014-01-31 13:46:45,www.google.fr
2014-01-31 13:46:47,www.google.fr
2014-01-31 13:46:50,ieonline.microsoft.com
2014-01-31 13:46:51,mail.google.com
2014-01-31 13:46:51,www.google.com
2014-01-31 13:46:51,apis.google.com
2014-01-31 13:46:51,www.google.fr
2014-01-31 13:47:28,www.google.fr
2014-01-31 13:47:28,eric.univ-lyon2.fr
2014-01-31 13:47:28,www.google.com
2014-01-31 13:48:20,cran.r-project.org
2014-01-31 13:48:28,www.stats.ox.ac.uk
2014-01-31 13:49:21,mail.google.com
2014-01-31 13:49:21,plus.google.com
2014-01-31 13:49:21,www.google.fr
2014-01-31 13:49:59,mail.google.com
2014-01-31 13:49:59,www.google.fr
2014-01-31 13:50:01,plus.google.com
2014-01-31 13:50:01,clients2.google.com
2014-01-31 13:50:01,www.google.com
2014-01-31 13:50:03,chatenabled.mail.google.com
2014-01-31 13:50:11,mail.google.com
2014-01-31 13:50:13,mail.google.com
2014-01-31 13:50:14,plus.google.com
2014-01-31 13:50:14,apis.google.com
2014-01-31 13:50:14,clients6.google.com
2014-01-31 13:50:14,mail.google.com
2014-01-31 13:50:17,mail.google.com
2014-01-31 13:50:35,drive.google.com
2014-01-31 13:50:55,drive.google.com
2014-01-31 13:50:57,clients6.google.com
2014-01-31 13:51:04,clients6.google.com
2014-01-31 13:51:10,drive.google.com
2014-01-31 13:55:04,mail.google.com
2014-01-31 13:55:05,mail.google.com
2014-01-31 13:55:05,drive.google.com
2014-01-31 13:55:58,plus.google.com
2014-01-31 14:00:03,plus.google.com
2014-01-31 14:01:49,mail.google.com
2014-01-31 14:05:01,plus.google.com
2014-01-31 14:11:13,mail.google.com
2014-01-31 14:12:15,plus.google.com
2014-01-31 14:14:21,mail.google.com
2014-01-31 14:14:27,drive.google.com
2014-01-31 14:15:12,clients6.google.com
2014-01-31 14:15:13,chatenabled.mail.google.com
2014-01-31 14:16:15,plus.google.com
2014-01-31 14:16:35,eric.univ-lyon2.fr
2014-01-31 14:19:41,eric.univ-lyon2.fr
2014-01-31 14:22:19,www.informatik.uni-freiburg.de
2014-01-31 14:22:22,eric.univ-lyon2.fr
2014-01-31 14:22:24,eric.univ-lyon2.fr
2014-01-31 14:24:14,plus.google.com
2014-01-31 14:25:45,eric.univ-lyon2.fr
2014-01-31 14:25:46,www.informatik.uni-freiburg.de
2014-01-31 14:25:49,tutoriels-data-mining.blogspot.com
2014-01-31 14:25:49,tutoriels-data-mining.blogspot.fr
2014-01-31 14:25:49,img2.blogblog.com
2014-01-31 14:25:49,img1.blogblog.com
2014-01-31 14:25:49,www.google.com
2014-01-31 14:25:54,eric.univ-lyon2.fr
2014-01-31 14:26:00,www.blogger.com
2014-01-31 14:26:00,apis.google.com
2014-01-31 14:26:01,apis.google.com
2014-01-31 14:26:01,img1.blogblog.com
2014-01-31 14:26:01,www.blogger.com
2014-01-31 14:26:01,www.google.com
2014-01-31 14:26:01,www.blogblog.com
2014-01-31 14:26:04,accounts.google.com
2014-01-31 14:26:06,tutoriels-data-mining.blogspot.fr
2014-01-31 14:26:06,img1.blogblog.com
2014-01-31 14:26:06,apis.google.com
2014-01-31 14:28:06,apis.google.com
2014-01-31 14:28:06,img1.blogblog.com
2014-01-31 14:28:06,accounts.google.com
2014-01-31 14:29:56,www.google.fr
2014-01-31 14:29:56,www.google.com
2014-01-31 14:30:08,www.google.fr
2014-01-31 14:30:25,plus.google.com
2014-01-31 14:30:32,www.google.fr
2014-01-31 14:30:47,www.google.fr
2014-01-31 14:30:56,facmed.univ-rennes1.fr
2014-01-31 14:30:56,www.google.fr
2014-01-31 14:31:07,facmed.univ-rennes1.fr
2014-01-31 14:31:10,facmed.univ-rennes1.fr
2014-01-31 14:31:20,www.google.fr
2014-01-31 14:31:20,www.keljob.com
2014-01-31 14:31:20,mail.google.com
2014-01-31 14:31:20,ajax.googleapis.com
2014-01-31 14:31:20,connect.facebook.net
2014-01-31 14:31:21,assets.keljob.com
2014-01-31 14:31:21,s-static.ak.facebook.com
2014-01-31 14:31:21,static.ak.facebook.com
2014-01-31 14:31:27,www.keljob.com
2014-01-31 14:31:27,rp.gwallet.com
2014-01-31 14:31:28,dtm.urbanoutfitters.com
2014-01-31 14:31:28,i11.twenga.com
2014-01-31 14:31:28,i10.twenga.com
2014-01-31 14:31:28,s0r.c4tw.net
2014-01-31 14:31:28,rubicon-match.dotomi.com
2014-01-31 14:31:28,rbx-cdn-tpn.c4tw.net
2014-01-31 14:31:28,wtpn.twenga.fr
2014-01-31 14:31:28,match.rtbidder.net
2014-01-31 14:31:57,pixel2368.everesttech.net
2014-01-31 14:33:11,pixel2368.everesttech.net
2014-01-31 14:33:11,plus.google.com
2014-01-31 14:33:11,www.google.fr
2014-01-31 14:42:30,www.google.fr
2014-01-31 14:42:30,www.google.com
2014-01-31 14:42:30,plus.google.com
2014-01-31 14:42:53,www.media9.dauphine.fr
2014-01-31 14:42:53,plus.google.com
2014-01-31 14:42:53,www.google.fr
2014-01-31 14:43:12,www.google.fr
2014-01-31 14:43:12,data.mining.free.fr
2014-01-31 14:43:14,www.google.fr
2014-01-31 14:46:26,mail.google.com
2014-01-31 14:46:28,www.google.fr
2014-01-31 14:46:28,plus.google.com
2014-01-31 14:46:28,mail.google.com
2014-01-31 14:46:29,mail.google.com
2014-01-31 14:46:39,clients2.google.com
2014-01-31 14:46:40,chatenabled.mail.google.com
2014-01-31 14:46:40,www.google.com
2014-01-31 14:46:53,mail.google.com
2014-01-31 14:47:16,www.google.fr
2014-01-31 14:47:38,mail.google.com
2014-01-31 14:47:38,www.google.com
2014-01-31 14:47:40,www.google.com
2014-01-31 14:47:40,mail.google.com
2014-01-31 14:47:40,apis.google.com
2014-01-31 14:47:42,clients2.google.com
2014-01-31 14:47:43,chatenabled.mail.google.com
2014-01-31 14:47:44,mail.google.com
2014-01-31 14:47:45,plus.google.com
2014-01-31 14:48:10,mail.google.com
2014-01-31 14:48:10,plus.google.com
2014-01-31 14:48:24,www.google.com
2014-01-31 14:48:24,chatenabled.mail.google.com
2014-01-31 14:48:24,clients2.google.com
2014-01-31 14:48:24,www.google.fr
2014-01-31 14:48:25,mail.google.com
2014-01-31 14:48:25,plus.google.com
2014-01-31 14:48:25,www.google.fr
2014-01-31 14:48:25,apis.google.com
2014-01-31 14:48:25,selogercom.contactrh.com
2014-01-31 14:48:25,w.sharethis.com
2014-01-31 14:48:25,media.stepstone.com
2014-01-31 14:48:25,www.stepstone.fr
2014-01-31 14:48:26,media.stepstone.com
2014-01-31 14:48:26,w.sharethis.com
2014-01-31 14:48:26,www.google.com
2014-01-31 14:48:26,edge.sharethis.com
2014-01-31 14:48:26,wd.sharethis.com
2014-01-31 14:48:26,apis.google.com
2014-01-31 14:48:27,w.sharethis.com
2014-01-31 14:48:28,www.stepstone.fr
2014-01-31 14:48:28,accounts.google.com
2014-01-31 14:48:30,www.stepstone.fr
2014-01-31 14:48:30,media.stepstone.com
2014-01-31 14:48:40,www.stepstone.fr
2014-01-31 14:48:54,metrics.seloger.com
2014-01-31 14:48:54,ecn.dev.virtualearth.net
2014-01-31 14:48:54,f.visuels.poliris.com
2014-01-31 14:48:54,7.visuels.poliris.com
2014-01-31 14:48:54,6.visuels.poliris.com
2014-01-31 14:48:54,0.visuels.poliris.com
2014-01-31 14:48:54,9.visuels.poliris.com
2014-01-31 14:48:54,8.visuels.poliris.com
2014-01-31 14:48:54,a.visuels.poliris.com
2014-01-31 14:48:54,static.poliris.com
2014-01-31 14:48:54,ajax.googleapis.com
2014-01-31 14:48:54,www.seloger.com
2014-01-31 14:48:54,accounts.google.com
2014-01-31 14:48:54,1.visuels.poliris.com
2014-01-31 14:48:55,ak.dynamic.t0.tiles.virtualearth.net
2014-01-31 14:48:55,ak.dynamic.t3.tiles.virtualearth.net
2014-01-31 14:48:55,ak.dynamic.t1.tiles.virtualearth.net
2014-01-31 14:48:55,ecn.dev.virtualearth.net
2014-01-31 14:48:55,ak.dynamic.t2.tiles.virtualearth.net
2014-01-31 14:48:55,fpdownload2.macromedia.com
2014-01-31 14:48:55,dc1w54.wysistat.com
2014-01-31 14:48:55,www.google.com
2014-01-31 14:48:55,emailretargeting.com
2014-01-31 14:48:55,www.facebook.com
2014-01-31 14:48:55,static.poliris.com
2014-01-31 14:48:55,www.seloger.com
2014-01-31 14:48:56,ak.t1.tiles.virtualearth.net
2014-01-31 14:48:56,www.facebook.com
2014-01-31 14:48:56,www.seloger.com
2014-01-31 14:48:56,www.google.com
2014-01-31 14:48:56,ak.t0.tiles.virtualearth.net
2014-01-31 14:48:56,dyn.visuels.poliris.com
2014-01-31 14:48:56,dev.virtualearth.net
2014-01-31 14:48:56,ak.t3.tiles.virtualearth.net
2014-01-31 14:48:56,ak.dynamic.t3.tiles.virtualearth.net
2014-01-31 14:48:56,ak.dynamic.t1.tiles.virtualearth.net
2014-01-31 14:48:56,ecn.dev.virtualearth.net
2014-01-31 14:49:28,dev.virtualearth.net
2014-01-31 14:49:31,static.poliris.com
2014-01-31 14:49:49,selogercom.contactrh.com
2014-01-31 14:49:49,apis.google.com
2014-01-31 14:49:49,www.stepstone.fr
2014-01-31 14:49:50,wd.sharethis.com
2014-01-31 14:49:50,www.google.com
2014-01-31 14:50:04,www.google.fr
2014-01-31 14:50:11,www.groupe-seloger.com
2014-01-31 14:50:11,www.google.fr
2014-01-31 14:50:12,www.groupe-seloger.com
2014-01-31 14:50:13,www.groupe-seloger.com
2014-01-31 14:50:21,plus.google.com
2014-01-31 14:50:24,www.groupe-seloger.com
2014-01-31 14:50:31,www.groupe-seloger.com
2014-01-31 14:50:37,www.groupe-seloger.com
2014-01-31 14:50:40,accounts.google.com
2014-01-31 14:50:43,www.groupe-seloger.com
2014-01-31 14:50:52,www.groupe-seloger.com
2014-01-31 14:51:40,apis.google.com
2014-01-31 14:51:45,mail.google.com
2014-01-31 14:52:16,www.google.fr
2014-01-31 14:52:17,www.modulad.fr
2014-01-31 14:52:19,www.google.fr
2014-01-31 14:52:20,www.uclouvain.be
2014-01-31 14:52:24,www.google.fr
2014-01-31 14:52:25,cibois.pagesperso-orange.fr
2014-01-31 14:52:36,www.google.fr
2014-01-31 14:52:37,finances.belgium.be
2014-01-31 14:52:38,finances.belgium.be
2014-01-31 14:52:39,finances.belgium.be
2014-01-31 14:52:40,finances.belgium.be
2014-01-31 14:52:40,plus.google.com
2014-01-31 14:52:41,finances.belgium.be
2014-01-31 14:52:42,finances.belgium.be
2014-01-31 14:52:43,finances.belgium.be
2014-01-31 14:52:44,finances.belgium.be
2014-01-31 14:52:45,finances.belgium.be
2014-01-31 14:52:46,finances.belgium.be
2014-01-31 14:52:47,finances.belgium.be
2014-01-31 14:52:48,finances.belgium.be
2014-01-31 14:52:49,finances.belgium.be
2014-01-31 14:52:50,finances.belgium.be
2014-01-31 14:52:51,finances.belgium.be
2014-01-31 14:52:52,finances.belgium.be
2014-01-31 14:52:53,finances.belgium.be
2014-01-31 14:52:54,finances.belgium.be
2014-01-31 14:52:55,finances.belgium.be
2014-01-31 14:52:56,finances.belgium.be
2014-01-31 14:53:02,www.google.fr
2014-01-31 14:53:04,cdn01.smartling.com
2014-01-31 14:53:04,www.slideshare.net
2014-01-31 14:53:06,platform.linkedin.com
2014-01-31 14:53:06,platform.twitter.com
2014-01-31 14:53:06,apis.google.com
2014-01-31 14:53:06,connect.facebook.net
2014-01-31 14:53:06,www.linkedin.com
2014-01-31 14:53:08,platform.twitter.com
2014-01-31 14:53:09,platform.twitter.com
2014-01-31 14:53:09,s-static.ak.facebook.com
2014-01-31 14:53:09,www.facebook.com
2014-01-31 14:53:09,static.ak.facebook.com
2014-01-31 14:53:18,platform.twitter.com
2014-01-31 14:53:19,platform.twitter.com
2014-01-31 14:53:22,www.linkedin.com
2014-01-31 14:53:23,www.linkedin.com
2014-01-31 14:53:23,platform.linkedin.com
2014-01-31 14:56:09,www.google.fr
2014-01-31 14:56:52,www.google.fr
2014-01-31 14:57:49,www.google.fr
2014-01-31 14:58:06,www.google.fr
2014-01-31 14:58:07,apis.google.com
2014-01-31 14:58:07,s-static.ak.facebook.com
2014-01-31 14:58:07,ajax.googleapis.com
2014-01-31 14:58:07,2.academia-assets.com
2014-01-31 14:58:07,3.academia-assets.com
2014-01-31 14:58:07,1.academia-assets.com
2014-01-31 14:58:07,0.academia-assets.com
2014-01-31 14:58:07,static.ak.facebook.com
2014-01-31 14:58:07,www.academia.edu
2014-01-31 14:58:08,accounts.google.com
2014-01-31 14:58:08,www.academia.edu
2014-01-31 14:58:08,api.academia.edu
2014-01-31 14:58:08,www.scribd.com
2014-01-31 14:58:08,1.academia-assets.com
2014-01-31 14:58:08,0.academia-assets.com
2014-01-31 14:58:08,p.typekit.net
2014-01-31 14:58:08,use.typekit.net
2014-01-31 14:58:08,2.academia-assets.com
2014-01-31 14:58:08,www.facebook.com
2014-01-31 14:58:09,www.scribd.com
2014-01-31 14:58:09,html3.scribdassets.com
2014-01-31 14:58:09,html1.scribdassets.com
2014-01-31 14:58:09,html4.scribdassets.com
2014-01-31 14:58:09,html2.scribdassets.com
2014-01-31 14:58:09,htmlimg4.scribdassets.com
2014-01-31 14:58:09,htmlimg1.scribdassets.com
2014-01-31 14:58:09,2.academia-assets.com
2014-01-31 14:58:09,htmlimg3.scribdassets.com
2014-01-31 14:58:10,1.academia-assets.com
2014-01-31 14:58:10,www.scribd.com
2014-01-31 14:58:16,www.academia.edu
2014-01-31 14:58:18,html2.scribdassets.com
2014-01-31 14:58:20,html4.scribdassets.com
2014-01-31 14:58:20,htmlimg2.scribdassets.com
2014-01-31 14:58:20,html3.scribdassets.com
2014-01-31 14:58:33,html4.scribdassets.com
2014-01-31 14:58:34,html2.scribdassets.com
2014-01-31 14:58:36,htmlimg2.scribdassets.com
2014-01-31 14:58:36,html4.scribdassets.com
2014-01-31 14:58:37,html1.scribdassets.com
2014-01-31 14:58:37,htmlimg3.scribdassets.com
2014-01-31 14:58:37,html2.scribdassets.com
2014-01-31 14:58:37,htmlimg4.scribdassets.com
2014-01-31 14:58:40,html3.scribdassets.com
2014-01-31 14:58:40,html2.scribdassets.com
2014-01-31 14:58:40,html1.scribdassets.com
2014-01-31 14:58:40,htmlimg1.scribdassets.com
2014-01-31 14:58:40,htmlimg4.scribdassets.com
2014-01-31 14:58:40,html4.scribdassets.com
2014-01-31 14:58:40,htmlimg2.scribdassets.com
2014-01-31 14:58:40,htmlimg3.scribdassets.com
2014-01-31 14:58:41,html1.scribdassets.com
2014-01-31 14:58:41,htmlimg3.scribdassets.com
2014-01-31 14:58:41,html2.scribdassets.com
2014-01-31 14:58:41,htmlimg4.scribdassets.com
2014-01-31 14:58:41,htmlimg2.scribdassets.com
2014-01-31 14:58:41,htmlimg1.scribdassets.com
2014-01-31 14:58:41,html3.scribdassets.com
2014-01-31 14:58:42,html2.scribdassets.com
2014-01-31 14:58:42,html4.scribdassets.com
2014-01-31 14:58:42,htmlimg4.scribdassets.com
2014-01-31 14:58:43,html1.scribdassets.com
2014-01-31 14:58:43,htmlimg4.scribdassets.com
2014-01-31 14:58:52,htmlimg2.scribdassets.com
2014-01-31 14:58:52,htmlimg4.scribdassets.com
2014-01-31 14:58:52,htmlimg1.scribdassets.com
2014-01-31 14:58:52,htmlimg3.scribdassets.com
2014-01-31 14:58:52,html3.scribdassets.com
2014-01-31 14:58:52,html1.scribdassets.com
2014-01-31 14:58:52,html2.scribdassets.com
2014-01-31 14:58:55,www.academia.edu
2014-01-31 14:58:56,jserror.newrelic.com
2014-01-31 14:59:09,www.google.fr
2014-01-31 14:59:10,www.slideshare.net
2014-01-31 14:59:12,www.linkedin.com
2014-01-31 14:59:13,platform.linkedin.com
2014-01-31 14:59:15,www.facebook.com
2014-01-31 14:59:15,static.ak.facebook.com
2014-01-31 14:59:15,s-static.ak.facebook.com
2014-01-31 14:59:22,platform.linkedin.com
2014-01-31 14:59:22,www.linkedin.com
2014-01-31 14:59:23,static.ak.facebook.com
2014-01-31 14:59:23,s-static.ak.facebook.com
2014-01-31 14:59:23,www.facebook.com
2014-01-31 14:59:23,www.linkedin.com
2014-01-31 14:59:24,www.linkedin.com
2014-01-31 14:59:25,www.google.com
2014-01-31 14:59:26,platform.linkedin.com
2014-01-31 14:59:26,www.linkedin.com
2014-01-31 14:59:32,www.linkedin.com
2014-01-31 14:59:33,platform.linkedin.com
2014-01-31 14:59:36,www.facebook.com
2014-01-31 14:59:36,accounts.google.com
2014-01-31 14:59:36,s-static.ak.facebook.com
2014-01-31 14:59:36,static.ak.facebook.com
2014-01-31 14:59:44,www.linkedin.com
2014-01-31 15:01:49,plus.google.com
2014-01-31 15:04:42,www.linkedin.com
2014-01-31 15:05:27,www.yahoo.com
2014-01-31 15:05:27,plus.google.com
2014-01-31 15:05:28,www.yahoo.com
2014-01-31 15:05:29,www.google.fr
2014-01-31 15:05:29,mail.google.com
2014-01-31 15:05:29,www.yahoo.com
2014-01-31 15:05:30,fr.yahoo.com
2014-01-31 15:05:32,fr.yahoo.com
2014-01-31 15:05:32,locdrop.query.yahoo.com
2014-01-31 15:05:33,mail.yahoo.com
2014-01-31 15:05:33,fr.yahoo.com
2014-01-31 15:05:46,login.yahoo.com
2014-01-31 15:05:47,login.yahoo.com
2014-01-31 15:05:49,login.yahoo.com
2014-01-31 15:05:51,login.yahoo.com
2014-01-31 15:05:57,login.yahoo.com
2014-01-31 15:06:01,login.yahoo.com
2014-01-31 15:06:11,fr-mg42.mail.yahoo.com
2014-01-31 15:06:15,mail.google.com
2014-01-31 15:06:25,fr-mg42.mail.yahoo.com
2014-01-31 15:06:25,ucs.query.yahoo.com
2014-01-31 15:06:26,www.covoiturage.fr
2014-01-31 15:06:26,sndgd.blablacar.com
2014-01-31 15:06:27,ucs.query.yahoo.com
2014-01-31 15:06:28,vp-eu-pp.scene7.com
2014-01-31 15:06:28,mailing.vente-privee.com
2014-01-31 15:06:28,www.vente-privee.com
2014-01-31 15:06:28,fr-mg42.mail.yahoo.com
2014-01-31 15:06:37,webe.emv3.com
2014-01-31 15:06:37,fr-mg42.mail.yahoo.com
2014-01-31 15:06:37,p4tre.emv3.com
2014-01-31 15:09:13,fr-mg42.mail.yahoo.com
2014-01-31 15:10:19,www.google.com
2014-01-31 15:10:19,www.google.fr
2014-01-31 15:10:33,www.google.fr
2014-01-31 15:10:34,eric.univ-lyon2.fr
2014-01-31 15:11:00,eric.univ-lyon2.fr
2014-01-31 15:11:05,eric.univ-lyon2.fr
2014-01-31 15:11:17,eric.univ-lyon2.fr
2014-01-31 15:13:14,fr-mg42.mail.yahoo.com
2014-01-31 15:13:53,mail.google.com
2014-01-31 15:13:54,plus.google.com
2014-01-31 15:13:54,www.google.fr
2014-01-31 15:13:54,mail.google.com
2014-01-31 15:13:55,mail.google.com
2014-01-31 15:13:55,www.google.com
2014-01-31 15:13:55,clients2.google.com
2014-01-31 15:13:56,mail.google.com
2014-01-31 15:14:36,mail.google.com
2014-01-31 15:15:09,plus.google.com
2014-01-31 15:15:09,apis.google.com
2014-01-31 15:15:09,accounts.google.com
2014-01-31 15:15:09,chatenabled.mail.google.com
2014-01-31 15:15:09,mail.google.com
2014-01-31 15:38:33,www.google.fr
2014-01-31 15:38:33,www.google.com
2014-01-31 15:38:44,www.google.fr
2014-01-31 15:38:50,plus.google.com
2014-01-31 15:38:52,mail.google.com
2014-01-31 15:38:52,www.google.com
2014-01-31 15:39:05,clients2.google.com
2014-01-31 15:39:06,chatenabled.mail.google.com
2014-01-31 15:39:06,mail.google.com
2014-01-31 15:39:23,mail.google.com
2014-01-31 15:39:24,clients2.google.com
2014-01-31 15:39:24,mail.google.com
2014-01-31 15:39:24,www.google.fr
2014-01-31 15:39:24,www.google.com
2014-01-31 15:39:24,plus.google.com
2014-01-31 15:39:24,chatenabled.mail.google.com
2014-01-31 15:40:28,www.google.fr
2014-01-31 15:40:40,www.google.fr
2014-01-31 15:40:45,plus.google.com
2014-01-31 15:40:48,www.yahoo.com
2014-01-31 15:40:50,www.yahoo.com
2014-01-31 15:40:52,www.yahoo.com
2014-01-31 15:40:53,fr.yahoo.com
2014-01-31 15:40:54,locdrop.query.yahoo.com
2014-01-31 15:40:54,fr.yahoo.com
2014-01-31 15:40:55,fr.yahoo.com
2014-01-31 15:40:55,mail.yahoo.com
2014-01-31 15:41:04,www.google.fr
2014-01-31 15:41:07,login.yahoo.com
2014-01-31 15:41:08,login.yahoo.com
2014-01-31 15:41:09,login.yahoo.com
2014-01-31 15:41:12,login.yahoo.com
2014-01-31 15:41:23,www.google.fr
2014-01-31 15:41:23,plus.google.com
2014-01-31 15:41:23,ferdaous.over-blog.com
2014-01-31 15:41:23,fdata.over-blog.net
2014-01-31 15:41:23,yui.yahooapis.com
2014-01-31 15:41:24,fdata.over-blog.net
2014-01-31 15:41:25,fdata.over-blog.net
2014-01-31 15:41:25,www.facebook.com
2014-01-31 15:41:25,ferdaous.over-blog.com
2014-01-31 15:41:26,vyt3l67i3p.s.ad6media.fr
2014-01-31 15:41:26,it3yv1v73b.s.ad6media.fr
2014-01-31 15:41:26,www.audienceinsights.net
2014-01-31 15:41:26,platform.linkedin.com
2014-01-31 15:41:26,connect.facebook.net
2014-01-31 15:41:26,www.google.fr
2014-01-31 15:41:26,fdata.over-blog.net
2014-01-31 15:41:26,www.anonymousdmp.com
2014-01-31 15:41:26,platform.twitter.com
2014-01-31 15:41:27,static.ak.facebook.com
2014-01-31 15:41:27,ferdaous.over-blog.com
2014-01-31 15:41:27,www.google.fr
2014-01-31 15:41:27,www.linkedin.com
2014-01-31 15:41:27,www.facebook.com
2014-01-31 15:41:27,fdata.over-blog.net
2014-01-31 15:41:27,s-static.ak.facebook.com
2014-01-31 15:41:28,www.google.com
2014-01-31 15:41:28,www.audienceinsights.net
2014-01-31 15:41:29,hal9000.redintelligence.net
2014-01-31 15:41:29,www.google.com
2014-01-31 15:41:29,www.audienceinsights.net
2014-01-31 15:41:29,ferdaous.over-blog.com
2014-01-31 15:41:30,platform.linkedin.com
2014-01-31 15:41:30,ea.numericable.fr
2014-01-31 15:41:30,affiliation.service-voyages.com
2014-01-31 15:41:30,n6.hal9000.redintelligence.net
2014-01-31 15:41:30,hal9000.redintelligence.net
2014-01-31 15:41:30,www.google.com
2014-01-31 15:41:30,platform.twitter.com
2014-01-31 15:41:31,s-static.ak.facebook.com
2014-01-31 15:41:31,static.ak.facebook.com
2014-01-31 15:41:31,as.beead.net
2014-01-31 15:41:31,www.linkedin.com
2014-01-31 15:41:31,www.facebook.com
2014-01-31 15:41:32,as.beead.net
2014-01-31 15:41:33,fdata.over-blog.net
2014-01-31 15:41:35,static.ebz.io
2014-01-31 15:41:36,twitter.com
2014-01-31 15:41:36,static.ebz.io
2014-01-31 15:41:38,apis.google.com
2014-01-31 15:41:40,www.google.fr
2014-01-31 15:41:40,twitter.com
2014-01-31 15:41:40,www.odesk.com
2014-01-31 15:41:40,accounts.google.com
2014-01-31 15:41:41,accounts.google.com
2014-01-31 15:41:41,twitter.com
2014-01-31 15:41:41,apis.google.com
2014-01-31 15:41:41,seal-goldengate.bbb.org
2014-01-31 15:41:41,fdata.over-blog.net
2014-01-31 15:41:42,apis.google.com
2014-01-31 15:41:42,accounts.google.com
2014-01-31 15:41:42,twitter.com
2014-01-31 15:41:42,img.over-blog.com
2014-01-31 15:41:43,adventori.com
2014-01-31 15:41:43,a54.idata.over-blog.com
2014-01-31 15:41:45,adventori.com
2014-01-31 15:41:45,apnx-match.dotomi.com
2014-01-31 15:41:46,dtm.cabelas.com
2014-01-31 15:41:46,apnx-match.dotomi.com
2014-01-31 15:41:46,dtm.venus.com
2014-01-31 15:41:47,it3yv1v73b.s.ad6media.fr
2014-01-31 15:41:47,style2.ad6.fr
2014-01-31 15:41:47,m.ad6media.fr
2014-01-31 15:41:49,it3yv1v73b.s.ad6media.fr
2014-01-31 15:41:49,m.ad6media.fr
2014-01-31 15:41:50,d1u2uhea8ugy8e.cloudfront.net
2014-01-31 15:41:50,www.youtube.com
2014-01-31 15:41:52,ferdaous.over-blog.com
2014-01-31 15:41:52,d1u2uhea8ugy8e.cloudfront.net
2014-01-31 15:41:52,www.linkedin.com
2014-01-31 15:41:52,ajax.googleapis.com
2014-01-31 15:41:52,www.audienceinsights.net
2014-01-31 15:41:53,um.simpli.fi
2014-01-31 15:41:53,www.audienceinsights.net
2014-01-31 15:41:53,rp.gwallet.com
2014-01-31 15:41:53,www.facebook.com
2014-01-31 15:41:53,ferdaous.over-blog.com
2014-01-31 15:41:55,s-static.ak.facebook.com
2014-01-31 15:41:55,platform.twitter.com
2014-01-31 15:41:55,apis.google.com
2014-01-31 15:41:55,d1u2uhea8ugy8e.cloudfront.net
2014-01-31 15:41:55,www.facebook.com
2014-01-31 15:41:55,www.linkedin.com
2014-01-31 15:41:55,platform.linkedin.com
2014-01-31 15:41:55,a54.idata.over-blog.com
2014-01-31 15:41:55,static.ak.facebook.com
2014-01-31 15:41:56,static.ebz.io
2014-01-31 15:41:57,d1u2uhea8ugy8e.cloudfront.net
2014-01-31 15:41:57,ajax.googleapis.com
2014-01-31 15:41:59,seal-goldengate.bbb.org
2014-01-31 15:42:00,ajax.googleapis.com
2014-01-31 15:42:01,www.youtube.com
2014-01-31 15:42:02,s.ytimg.com
2014-01-31 15:42:04,s.youtube.com
2014-01-31 15:42:06,r4---sn-gxo5uxg-jqbe.googlevideo.com
2014-01-31 15:42:14,480-vre-588.mktoresp.com
2014-01-31 15:42:19,www.odesk.com
2014-01-31 15:42:19,d1u2uhea8ugy8e.cloudfront.net
2014-01-31 15:42:20,480-vre-588.mktoresp.com
2014-01-31 15:42:20,www.audienceinsights.net
2014-01-31 15:42:20,www.linkedin.com
2014-01-31 15:42:21,www.audienceinsights.net
2014-01-31 15:42:21,ferdaous.over-blog.com
2014-01-31 15:42:22,platform.twitter.com
2014-01-31 15:42:22,vyt3l67i3p.s.ad6media.fr
2014-01-31 15:42:22,match.rtbidder.net
2014-01-31 15:42:23,apis.google.com
2014-01-31 15:42:23,twitter.com
2014-01-31 15:42:23,s-static.ak.facebook.com
2014-01-31 15:42:23,www.facebook.com
2014-01-31 15:42:23,static.ak.facebook.com
2014-01-31 15:42:26,www.odesk.com
2014-01-31 15:42:26,seal-goldengate.bbb.org
2014-01-31 15:42:26,www.facebook.com
2014-01-31 15:42:26,twitter.com
2014-01-31 15:42:31,www.google.com
2014-01-31 15:42:39,r4---sn-gxo5uxg-jqbe.googlevideo.com
2014-01-31 15:43:12,www.google.com
2014-01-31 15:43:12,www.google.fr
2014-01-31 15:43:12,www.linkedin.com
2014-01-31 15:43:15,www.google.fr
2014-01-31 15:43:21,plus.google.com
2014-01-31 15:43:26,www.google.fr
2014-01-31 15:43:27,ajax.googleapis.com
2014-01-31 15:43:27,www.textbroker.fr
2014-01-31 15:43:27,www.google.fr
2014-01-31 15:43:27,plus.google.com
2014-01-31 15:43:28,www.facebook.com
2014-01-31 15:43:28,static.ak.facebook.com
2014-01-31 15:43:28,www.textbroker.fr
2014-01-31 15:43:28,s-static.ak.facebook.com
2014-01-31 15:43:47,www.textbroker.fr
2014-01-31 15:43:49,www.facebook.com
2014-01-31 15:43:49,www.textbroker.fr
2014-01-31 15:43:49,s-static.ak.facebook.com
2014-01-31 15:43:49,static.ak.facebook.com
2014-01-31 15:43:49,ajax.googleapis.com
2014-01-31 15:43:50,www.textbroker.fr
2014-01-31 15:44:12,480-vre-588.mktoresp.com
2014-01-31 15:44:12,www.google.com
2014-01-31 15:44:19,www.odesk.com
2014-01-31 15:44:28,www.odesk.com
2014-01-31 15:44:32,a96a35.r.axf8.net
2014-01-31 15:44:33,a96a35.r.axf8.net
2014-01-31 15:44:34,a96a35.t.axf8.net
2014-01-31 15:44:42,a96a35.t.axf8.net
2014-01-31 15:44:44,www.odesk.com
2014-01-31 15:44:45,a96a35.t.axf8.net
2014-01-31 15:44:57,a96a35.t.axf8.net
2014-01-31 15:44:58,odesk-prod-portraits.s3.amazonaws.com
2014-01-31 15:44:59,odesk-prod-portraits.s3.amazonaws.com
2014-01-31 15:45:00,odesk-prod-portraits.s3.amazonaws.com
2014-01-31 15:45:07,www.youtube.com
2014-01-31 15:45:12,www.odesk.com
2014-01-31 15:45:16,www.odesk.com
2014-01-31 15:45:32,www.odesk.com
2014-01-31 15:45:33,a96a35.r.axf8.net
2014-01-31 15:45:37,a96a35.r.axf8.net
2014-01-31 15:45:38,a96a35.r.axf8.net
2014-01-31 15:45:39,a96a35.r.axf8.net
2014-01-31 15:46:03,s.ytimg.com
2014-01-31 15:46:36,www.odesk.com
2014-01-31 15:46:36,a96a35.r.axf8.net
2014-01-31 15:46:37,askizak.com
2014-01-31 15:46:37,www.squid-cache.org
2014-01-31 15:46:39,askizak.com
2014-01-31 15:46:41,askizak.com
2014-01-31 15:46:53,www.youtube.com
2014-01-31 15:46:53,www.google.fr
2014-01-31 15:46:53,www.google.com
2014-01-31 15:47:05,www.google.fr
2014-01-31 15:47:09,a96a35.r.axf8.net
2014-01-31 15:47:11,plus.google.com
2014-01-31 15:47:24,fr-fr.facebook.com
2014-01-31 15:47:24,www.google.fr
2014-01-31 15:47:30,www.odesk.com
2014-01-31 15:47:32,fr-fr.facebook.com
2014-01-31 15:47:32,www.google.fr
2014-01-31 15:48:09,www.odesk.com
2014-01-31 15:48:14,a96a35.r.axf8.net
2014-01-31 15:48:16,a96a35.r.axf8.net
2014-01-31 15:48:21,www.odesk.com
2014-01-31 15:48:30,www.google.fr
2014-01-31 15:48:30,plus.google.com
2014-01-31 15:48:37,s.youtube.com
2014-01-31 15:48:42,a96a35.r.axf8.net
2014-01-31 15:48:44,www.odesk.com
2014-01-31 15:50:10,www.odesk.com
2014-01-31 15:50:52,a96a35.r.axf8.net
2014-01-31 15:50:54,a96a35.r.axf8.net
2014-01-31 15:51:32,www.odesk.com
2014-01-31 15:51:33,www.odesk.com
2014-01-31 15:51:35,www.odesk.com
2014-01-31 15:51:46,www.odesk.com
2014-01-31 15:51:47,a96a35.r.axf8.net
2014-01-31 15:51:48,a96a35.r.axf8.net
2014-01-31 15:52:17,www.odesk.com
2014-01-31 15:52:17,a96a35.r.axf8.net
2014-01-31 15:52:29,r4---sn-gxo5uxg-jqbe.googlevideo.com
2014-01-31 15:53:03,www.odesk.com
2014-01-31 15:53:12,i1.ytimg.com
2014-01-31 15:53:21,a96a35.r.axf8.net
2014-01-31 15:53:24,a96a35.r.axf8.net
2014-01-31 15:53:25,a96a35.r.axf8.net
2014-01-31 15:53:30,www.odesk.com
2014-01-31 15:53:40,plus.google.com
2014-01-31 15:54:06,a96a35.r.axf8.net
2014-01-31 15:55:18,www.odesk.com
2014-01-31 15:55:30,www.odesk.com
2014-01-31 15:55:30,i1.ytimg.com
2014-01-31 15:55:30,s.ytimg.com
2014-01-31 15:55:30,s.youtube.com
2014-01-31 15:56:39,a96a35.r.axf8.net
2014-01-31 15:56:39,www.odesk.com
2014-01-31 15:56:45,www.odesk.com
2014-01-31 15:57:43,www.linkedin.com
2014-01-31 15:57:53,www.google.com
2014-01-31 15:57:53,www.google.fr
2014-01-31 15:58:09,mail.google.com
2014-01-31 15:58:09,www.google.com
2014-01-31 15:58:10,mail.google.com
2014-01-31 15:58:11,www.google.com
2014-01-31 15:58:15,clients2.google.com
2014-01-31 15:58:16,chatenabled.mail.google.com
2014-01-31 15:58:16,mail.google.com
2014-01-31 15:58:52,mail.google.com
2014-01-31 15:59:02,www.google.fr
2014-01-31 15:59:02,www.google.com
2014-01-31 15:59:02,chatenabled.mail.google.com
2014-01-31 15:59:02,plus.google.com
2014-01-31 15:59:02,clients2.google.com
2014-01-31 15:59:02,mail.google.com
2014-04-02 13:31:52,www.google.com
2014-04-02 13:31:52,www.google.fr
2014-04-02 13:32:04,www.google.fr
2014-04-02 13:32:05,apis.google.com
2014-04-02 13:32:08,www.google.com
2014-04-02 13:32:10,mail.google.com
2014-04-02 13:32:22,www.google.fr
2014-04-02 13:32:22,apis.google.com
2014-04-02 13:32:22,accounts.google.com
2014-04-02 13:32:23,www.google.fr
2014-04-02 13:32:25,www.google.fr
2014-04-02 13:32:25,accounts.google.com
2014-04-02 13:32:25,mail.google.com
2014-04-02 13:32:25,www.google.com
2014-04-02 13:32:25,apis.google.com
2014-04-02 13:32:29,apis.google.com
2014-04-02 13:32:41,accounts.youtube.com
2014-04-02 13:32:43,accounts.google.fr
2014-04-02 13:32:44,accounts.youtube.com
2014-04-02 13:32:44,accounts.google.com
2014-04-02 13:32:45,accounts.google.fr
2014-04-02 13:32:45,clients2.google.com
2014-04-02 13:32:45,mail.google.com
2014-04-02 13:32:45,apis.google.com
2014-04-02 13:32:45,www.google.com
2014-04-02 13:32:45,plus.google.com
2014-04-02 13:32:46,clients2.google.com
2014-04-02 13:32:48,chatenabled.mail.google.com
2014-04-02 13:32:49,mail.google.com
2014-04-02 13:32:58,plus.google.com
2014-04-02 13:34:03,plus.google.com
2014-04-02 13:34:03,chatenabled.mail.google.com
2014-04-02 13:34:03,apis.google.com
2014-04-02 13:34:03,mail.google.com
2014-04-02 13:34:38,mail.google.com
2014-04-02 13:34:41,mail.google.com
2014-04-02 13:34:42,apis.google.com
2014-04-02 13:34:42,mail.google.com
2014-04-02 13:34:42,plus.google.com
2014-04-02 13:34:42,ieonline.microsoft.com
