timestamp,site
2013-11-19 13:25:23,armmf.adobe.com
2013-11-19 13:25:25,armmf.adobe.com
2013-12-16 08:05:44,crl.comodoca.com
2013-12-16 08:05:48,secure.labcenter.co.uk
2013-12-17 13:35:27,secure.labcenter.co.uk
2014-02-13 13:33:01,armmf.adobe.com
2014-02-13 13:33:04,armmf.adobe.com
2014-02-13 13:33:27,armmf.adobe.com
2014-02-13 13:33:29,armmf.adobe.com
2014-02-13 13:41:50,search.mywebs.pro
2014-02-13 13:41:51,webresultado.com
2014-02-20 09:00:20,armmf.adobe.com
2014-02-20 09:00:23,armmf.adobe.com
2014-02-20 10:13:22,search.mywebs.pro
2014-02-20 10:13:24,webresultado.com
2014-02-20 13:27:29,armmf.adobe.com
2014-02-20 14:15:16,search.mywebs.pro
2014-02-20 14:15:27,www.google.fr
2014-02-20 14:15:41,www.google.fr
2014-02-20 14:15:43,webresultado.com
2014-02-20 14:15:43,apis.google.com
2014-02-20 14:15:45,www.google.com
2014-02-20 14:16:45,www.google.com
2014-02-20 14:16:45,apis.google.com
2014-02-20 14:16:45,www.google.fr
2014-02-20 14:18:01,barreau.matthieu.free.fr
2014-02-20 14:18:01,www.google.fr
2014-02-20 14:18:02,barreau.matthieu.free.fr
2014-02-20 14:18:06,barreau.matthieu.free.fr
2014-02-20 14:18:08,barreau.matthieu.free.fr
2014-02-20 14:18:31,www.google.fr
2014-02-20 14:18:31,barreau.matthieu.free.fr
2014-02-20 14:18:44,barreau.matthieu.free.fr
2014-02-20 14:18:47,barreau.matthieu.free.fr
2014-02-20 14:19:10,barreau.matthieu.free.fr
2014-02-20 14:19:11,barreau.matthieu.free.fr
2014-02-20 14:28:42,barreau.matthieu.free.fr
2014-02-20 14:28:45,barreau.matthieu.free.fr
2014-02-20 14:29:30,barreau.matthieu.free.fr
2014-02-20 14:30:56,barreau.matthieu.free.fr
2014-02-20 14:31:22,barreau.matthieu.free.fr
2014-02-27 08:58:00,armmf.adobe.com
2014-02-27 08:58:03,armmf.adobe.com
2014-02-27 13:35:36,armmf.adobe.com
2014-03-18 16:37:21,www.google.fr
2014-03-18 16:37:26,clients1.google.fr
2014-03-18 16:37:26,www.google.fr
2014-03-18 16:37:26,plus.google.com
2014-03-18 16:37:26,apis.google.com
2014-03-18 16:38:36,plus.google.com
2014-03-18 16:38:36,www.google.fr
2014-03-18 16:38:36,clients1.google.fr
2014-03-18 16:38:37,ajax.googleapis.com
2014-03-18 16:38:38,twitter.com
2014-03-18 16:38:38,apis.google.com
2014-03-18 16:38:39,apis.google.com
2014-03-18 16:38:39,accounts.google.com
2014-03-18 16:38:39,twitter.com
2014-03-18 16:38:40,www.facebook.com
2014-03-18 16:38:40,s-static.ak.facebook.com
2014-03-18 16:38:45,apis.google.com
2014-03-18 16:38:51,apis.google.com
2014-03-18 16:39:47,clients1.google.fr
2014-03-18 16:39:52,plus.google.com
2014-03-18 16:46:38,clients1.google.fr
2014-03-18 16:46:39,www.google.fr
2014-03-18 16:46:41,clients1.google.fr
2014-03-18 16:46:43,www.google.fr
2014-03-18 16:46:44,accounts.google.com
2014-03-18 16:46:48,apis.google.com
2014-03-18 16:46:48,twitter.com
2014-03-18 16:46:52,apis.google.com
2014-03-18 16:48:45,www.google.fr
2014-03-18 16:48:45,plus.google.com
2014-03-18 16:48:45,clients1.google.fr
2014-03-18 16:48:46,accounts.google.com
2014-03-18 16:49:01,apis.google.com
2014-03-18 16:51:40,www.google.fr
2014-03-18 16:51:45,plus.google.com
2014-03-18 16:53:00,www.google.fr
2014-03-18 16:53:00,clients1.google.fr
2014-03-18 16:53:10,plus.google.com
2014-03-18 16:53:41,www.google.fr
2014-03-18 16:53:41,clients1.google.fr
2014-03-18 16:55:19,www.google.fr
2014-03-18 16:56:14,clients1.google.fr
2014-03-18 16:56:24,plus.google.com
2014-03-18 17:04:39,www.google.fr
2014-03-20 08:59:50,armmf.adobe.com
2014-03-20 08:59:52,armmf.adobe.com
2014-03-20 13:45:04,armmf.adobe.com
2014-03-20 15:59:19,www.google.fr
2014-03-20 15:59:23,www.google.com
2014-03-20 15:59:23,apis.google.com
2014-03-20 16:00:19,www.google.com
2014-03-20 16:00:19,www.google.fr
2014-03-20 16:00:19,apis.google.com
2014-03-20 16:01:14,www.google.fr
2014-03-27 08:57:19,armmf.adobe.com
2014-03-27 09:27:33,www.google.fr
2014-03-27 09:28:00,www.google.fr
2014-03-27 09:28:02,apis.google.com
2014-03-27 09:28:04,www.google.com
2014-03-27 09:28:13,www.google.fr
2014-03-27 09:28:13,www.google.com
2014-03-27 09:28:13,apis.google.com
2014-03-27 09:28:13,barreau.matthieu.free.fr
2014-03-27 09:28:16,barreau.matthieu.free.fr
2014-03-27 09:28:20,barreau.matthieu.free.fr
2014-03-27 13:32:57,armmf.adobe.com
2014-03-27 13:32:59,armmf.adobe.com
