timestamp,site
2014-01-30 14:28:09,go.microsoft.com
2014-01-30 14:28:09,windows.microsoft.com
2014-01-30 14:28:09,res1.windows.microsoft.com
2014-01-30 14:28:09,res2.windows.microsoft.com
2014-01-30 14:28:09,ajax.microsoft.com
2014-01-30 14:28:09,js.microsoft.com
2014-01-30 14:28:14,www.bing.com
2014-01-30 14:28:15,www.bing.com
2014-01-30 14:28:16,www.bing.com
2014-01-30 14:28:16,cms.abmr.net
2014-01-30 14:28:17,www.bing.com
2014-01-30 14:28:26,login.live.com
2014-01-30 14:31:06,ieonline.microsoft.com
2014-01-30 14:31:09,go.microsoft.com
2014-02-04 10:21:04,gtglobal-ocsp.geotrust.com
2014-02-04 10:21:04,ocsp.thawte.com
2014-02-04 10:21:04,clients1.google.com
2014-02-04 10:21:44,clients1.google.com
2014-02-04 10:21:44,ocsp.usertrust.com
2014-02-04 10:21:44,ocsp.tcs.terena.org
2014-02-04 10:21:45,clients1.google.com
2014-02-04 10:23:59,sb-ssl.google.com
2014-02-04 10:25:53,safebrowsing.clients.google.com
2014-02-04 10:25:53,safebrowsing-cache.google.com
2014-02-04 10:25:54,safebrowsing-cache.google.com
2014-02-04 10:25:55,safebrowsing-cache.google.com
2014-02-04 10:28:51,ocsp.verisign.com
2014-02-04 10:30:50,ocsp.digicert.com
2014-02-04 10:30:51,ocsp.digicert.com
2014-02-04 10:54:09,safebrowsing-cache.google.com
2014-02-04 10:54:09,safebrowsing.clients.google.com
2014-02-04 11:22:31,safebrowsing.clients.google.com
2014-02-04 11:22:31,safebrowsing-cache.google.com
2014-02-04 11:22:32,safebrowsing-cache.google.com
2014-02-04 11:51:52,safebrowsing-cache.google.com
2014-02-04 11:51:52,safebrowsing.clients.google.com
2014-02-04 11:51:53,safebrowsing-cache.google.com
2014-02-25 10:23:37,player.vimeo.com
2014-02-25 10:24:57,player.vimeo.com
2014-02-25 10:25:05,ieonline.microsoft.com
2014-02-25 10:27:43,player.vimeo.com
2014-02-25 10:34:05,player.vimeo.com
2014-02-25 10:36:56,player.vimeo.com
2014-02-25 10:47:45,player.vimeo.com
2014-02-25 10:48:14,www.facebook.com
2014-02-25 10:48:22,player.vimeo.com
2014-02-25 10:50:19,fpdownload2.macromedia.com
2014-02-25 10:54:08,player.vimeo.com
2014-02-25 10:57:02,www.google.fr
2014-02-25 10:57:14,www.google.fr
2014-02-25 10:57:15,apis.google.com
2014-02-25 10:57:17,www.google.com
2014-02-25 10:57:28,www.google.com
2014-02-25 10:57:28,apis.google.com
2014-02-25 10:57:28,www.google.fr
2014-02-25 10:57:28,www.clermontcommunaute.net
2014-02-25 10:57:29,www.clermontcommunaute.net
2014-02-25 10:57:47,www.clermontcommunaute.net
2014-02-25 10:59:29,www.clermontcommunaute.net
2014-02-25 11:03:25,www.clermontcommunaute.net
2014-02-25 11:03:26,www.clermontcommunaute.net
2014-02-25 11:04:09,www.google.fr
2014-02-25 11:04:20,clients1.google.fr
2014-02-25 11:04:21,clients1.google.fr
2014-02-25 11:04:21,www.google.fr
2014-02-25 11:04:22,www.lamontagne.fr
2014-02-25 11:04:23,www.centreimmo.com
2014-02-25 11:04:23,www.beead.fr
2014-02-25 11:04:23,www.lamontagne.fr
2014-02-25 11:04:23,www.google.com
2014-02-25 11:04:24,www.lamontagne.fr
2014-02-25 11:04:24,www.centreimmo.com
2014-02-25 11:04:24,c1.adform.net
2014-02-25 11:04:24,static.ebz.io
2014-02-25 11:04:24,www.centreautos.com
2014-02-25 11:04:25,www.lamontagne.fr
2014-02-25 11:04:25,pr.ybp.yahoo.com
2014-02-25 11:04:25,www.centreautos.com
2014-02-25 11:04:25,www.google.com
2014-02-25 11:04:25,platform.twitter.com
2014-02-25 11:04:26,platform.twitter.com
2014-02-25 11:04:26,connect.facebook.net
2014-02-25 11:04:26,www.lamontagne.fr
2014-02-25 11:04:26,apis.google.com
2014-02-25 11:04:27,www.lamontagne.fr
2014-02-25 11:04:27,www.facebook.com
2014-02-25 11:04:27,apis.google.com
2014-02-25 11:04:27,s-static.ak.facebook.com
2014-02-25 11:04:28,apis.google.com
2014-02-25 11:04:28,platform.twitter.com
2014-02-25 11:04:28,static.ak.facebook.com
2014-02-25 11:04:29,accounts.google.com
2014-02-25 11:04:30,accounts.google.com
2014-02-25 11:04:35,twitter.com
2014-02-25 11:05:06,twitter.com
2014-02-25 11:05:16,www.google.com
2014-02-25 11:05:17,syndication.twitter.com
2014-02-25 11:05:22,platform.twitter.com
2014-02-25 11:05:22,syndication.twitter.com
2014-02-25 11:05:22,www.google.fr
2014-02-25 11:05:22,clients1.google.fr
2014-02-25 11:05:22,pbs.twimg.com
2014-02-25 11:05:32,www.google.fr
2014-02-25 11:05:33,www.google.fr
2014-02-25 11:05:33,www.passagenda.fr
2014-02-25 11:05:34,www.passagenda.fr
2014-02-25 11:05:34,pa.galifi.net
2014-02-25 11:05:34,www.facebook.com
2014-02-25 11:05:34,twitter.com
2014-02-25 11:05:47,www.paypalobjects.com
2014-02-25 11:06:05,twitter.com
2014-02-25 11:06:09,www.google.fr
2014-02-25 11:06:09,www.radioscoop.com
2014-02-25 11:06:09,www.paypalobjects.com
2014-02-25 11:06:10,www.radioscoop.com
2014-02-25 11:06:10,ad.radioscoop.com
2014-02-25 11:06:10,www.paypalobjects.com
2014-02-25 11:06:10,www.google.fr
2014-02-25 11:06:10,apis.google.com
2014-02-25 11:06:10,clients1.google.fr
2014-02-25 11:06:11,platform.twitter.com
2014-02-25 11:06:11,fpdownload.adobe.com
2014-02-25 11:06:11,ad.radioscoop.com
2014-02-25 11:06:11,pbs.twimg.com
2014-02-25 11:06:11,www.radioscoop.com
2014-02-25 11:06:12,www.facebook.com
2014-02-25 11:06:12,www.dailymotion.com
2014-02-25 11:06:12,static.ak.facebook.com
2014-02-25 11:06:12,twitter.com
2014-02-25 11:06:12,ad.radioscoop.com
2014-02-25 11:06:12,platform.twitter.com
2014-02-25 11:06:12,s-static.ak.facebook.com
2014-02-25 11:06:14,ad.radioscoop.com
2014-02-25 11:06:27,www.facebook.com
2014-02-25 11:06:30,apis.google.com
2014-02-25 11:06:43,twitter.com
2014-02-25 11:06:50,www.google.fr
2014-02-25 11:06:51,clients1.google.fr
2014-02-25 11:06:51,maps.google.fr
2014-02-25 11:06:52,mts1.google.com
2014-02-25 11:06:52,maps.google.fr
2014-02-25 11:06:52,maps-api-ssl.google.com
2014-02-25 11:06:52,mts0.google.com
2014-02-25 11:06:52,www.google.fr
2014-02-25 11:06:55,mts1.google.com
2014-02-25 11:06:55,mts0.google.com
2014-02-25 11:06:56,mts0.google.com
2014-02-25 11:06:56,mts1.google.com
2014-02-25 11:06:56,maps.google.fr
2014-02-25 11:06:56,mts2.google.com
2014-02-25 11:06:56,mts3.google.com
2014-02-25 11:06:57,mts3.google.com
2014-02-25 11:06:58,mts0.google.com
2014-02-25 11:06:58,maps.google.fr
2014-02-25 11:06:58,mts2.google.com
2014-02-25 11:06:58,mts1.google.com
2014-02-25 11:06:58,mts3.google.com
2014-02-25 11:07:00,mts2.google.com
2014-02-25 11:07:00,mts0.google.com
2014-02-25 11:07:01,mts3.google.com
2014-02-25 11:07:01,mts0.google.com
2014-02-25 11:07:01,maps.google.fr
2014-02-25 11:07:01,mts1.google.com
2014-02-25 11:07:02,mts2.google.com
2014-02-25 11:07:03,mts1.google.com
2014-02-25 11:07:03,mts0.google.com
2014-02-25 11:07:04,mts2.google.com
2014-02-25 11:07:04,mts3.google.com
2014-02-25 11:07:04,www.google.com
2014-02-25 11:07:04,maps.google.fr
2014-02-25 11:07:04,mts1.google.com
2014-02-25 11:07:04,mts0.google.com
2014-02-25 11:07:08,mts0.google.com
2014-02-25 11:07:09,maps.google.fr
2014-02-25 11:07:10,mts0.google.com
2014-02-25 11:07:12,mts1.google.com
2014-02-25 11:07:12,mts0.google.com
2014-02-25 11:07:12,www.google.com
2014-02-25 11:07:12,maps.google.fr
2014-02-25 11:07:12,www.google.fr
2014-02-25 11:07:12,clients1.google.fr
2014-02-25 11:07:13,www.google.fr
2014-02-25 11:07:23,www.ville-ambert.fr
2014-02-25 11:07:23,www.google.fr
2014-02-25 11:07:24,www.ville-ambert.fr
2014-02-25 11:07:42,clients1.google.fr
2014-02-25 11:07:42,www.google.fr
2014-02-25 11:07:48,www.google.fr
2014-02-25 11:07:49,medias.sit.auvergne-tourisme.info
2014-02-25 11:07:51,www.google.fr
2014-02-25 11:07:51,www.facebook.com
2014-02-25 11:07:51,medias.sit.auvergne-tourisme.info
2014-02-25 11:07:51,provoyages.auvergne-tourisme.info
2014-02-25 11:07:52,mt0.googleapis.com
2014-02-25 11:07:52,provoyages.auvergne-tourisme.info
2014-02-25 11:07:52,mt1.googleapis.com
2014-02-25 11:07:52,maps.googleapis.com
2014-02-25 11:07:53,maps.googleapis.com
2014-02-25 11:07:59,www.ville-st-georges-de-mons.fr
2014-02-25 11:07:59,clients1.google.fr
2014-02-25 11:07:59,www.google.fr
2014-02-25 11:08:00,yui.yahooapis.com
2014-02-25 11:08:00,www.ville-st-georges-de-mons.fr
2014-02-25 11:08:05,www.google.fr
2014-02-25 11:08:05,clients1.google.fr
2014-02-25 11:08:50,www.google.fr
2014-02-25 11:08:50,clients1.google.fr
2014-02-25 11:09:03,www.google.fr
2014-02-25 11:09:03,clients1.google.fr
2014-02-25 11:09:08,www.google.fr
2014-02-25 11:09:19,www.google.fr
2014-02-25 11:09:19,clients1.google.fr
2014-02-25 11:09:55,www.agglo-montlucon.fr
2014-02-25 11:09:55,www.google.fr
2014-02-25 11:09:56,www.google.fr
2014-02-25 11:09:56,www.agglo-montlucon.fr
2014-02-25 11:10:04,www.google.fr
2014-02-25 11:10:04,clients1.google.fr
2014-02-25 11:10:05,www.google.fr
2014-02-25 11:10:06,static.e-monsite.com
2014-02-25 11:10:06,vuedechambon.e-monsite.com
2014-02-25 11:10:06,perso0.free.fr
2014-02-25 11:10:06,www.google.fr
2014-02-25 11:10:07,static.e-monsite.com
2014-02-25 11:10:07,shea.swelen.com
2014-02-25 11:10:38,clients1.google.fr
2014-02-25 11:10:38,www.google.fr
2014-02-25 11:10:39,www.domaine-imbours.com
2014-02-25 11:10:39,www.google.fr
2014-02-25 11:10:40,www.google.com
2014-02-25 11:10:40,www.campings-franceloc.fr
2014-02-25 11:10:40,ad-it-easy.com
2014-02-25 11:10:40,www.google.fr
2014-02-25 11:10:40,www.franceloc.fr
2014-02-25 11:10:40,www.youtube.com
2014-02-25 11:10:40,s.ytimg.com
2014-02-25 11:10:40,www.ad-it-easy.com
2014-02-25 11:10:40,www.domaine-imbours.com
2014-02-25 11:10:41,i1.ytimg.com
2014-02-25 11:10:41,s.ytimg.com
2014-02-25 11:10:42,i1.ytimg.com
2014-02-25 11:10:44,www.domaine-imbours.com
2014-02-25 11:10:44,www.google.fr
2014-02-25 11:10:45,www.youtube.com
2014-02-25 11:10:45,ad-it-easy.com
2014-02-25 11:10:45,www.domaine-imbours.com
2014-02-25 11:10:46,i1.ytimg.com
2014-02-25 11:10:47,www.youtube.com
2014-02-25 11:10:47,s.youtube.com
2014-02-25 11:10:47,r2---sn-gxo5uxg-jqbe.googlevideo.com
2014-02-25 11:10:48,r2---sn-gxo5uxg-jqbe.googlevideo.com
2014-02-25 11:10:48,s.youtube.com
2014-02-25 11:10:50,s.youtube.com
2014-02-25 11:10:50,i1.ytimg.com
2014-02-25 11:10:52,s.youtube.com
2014-02-25 11:10:57,s.youtube.com
2014-02-25 11:10:57,r2---sn-gxo5uxg-jqbe.googlevideo.com
2014-02-25 11:11:00,s.youtube.com
2014-02-25 11:11:06,r2---sn-gxo5uxg-jqbe.googlevideo.com
2014-02-25 11:11:10,s.youtube.com
2014-02-25 11:11:27,s.youtube.com
2014-02-25 11:11:39,i1.ytimg.com
2014-02-25 11:11:39,s.ytimg.com
2014-02-25 11:11:53,www.youtube.com
2014-02-25 11:11:57,s.youtube.com
2014-02-25 11:11:58,i1.ytimg.com
2014-02-25 11:12:09,s.youtube.com
2014-02-25 11:12:42,clients1.google.fr
2014-02-25 11:12:42,www.google.fr
2014-02-25 11:12:44,www.google.fr
2014-02-25 11:12:44,www.campings-ardeche.com
2014-02-25 11:12:45,www.campings-ardeche.com
2014-02-25 11:12:46,www.campings-ardeche.com
2014-02-25 11:12:46,www.campingspromos.com
2014-02-25 11:13:50,www.google.fr
2014-02-25 11:13:50,www.campings-franceloc.fr
2014-02-25 11:13:50,www.franceloc.fr
2014-02-25 11:13:51,www.google.fr
2014-02-25 11:13:52,www.campings-france.fr
2014-02-25 11:13:52,ajax.googleapis.com
2014-02-25 11:13:52,www.campings-franceloc.fr
2014-02-25 11:13:52,www.ad-it-easy.com
2014-02-25 11:13:52,www.franceloc.fr
2014-02-25 11:13:52,clients1.google.fr
2014-02-25 11:13:52,www.google.fr
2014-02-25 11:13:52,ad-it-easy.com
2014-02-25 11:13:53,www.campings-france.fr
2014-02-25 11:14:22,clients1.google.fr
2014-02-25 11:14:22,www.google.fr
2014-02-25 11:14:28,www.google.fr
2014-02-25 11:14:36,www.google.fr
2014-02-25 11:14:43,www.google.fr
2014-02-25 11:14:45,www.google.fr
2014-02-25 11:14:47,www.google.fr
2014-02-25 11:16:16,www.google.com
2014-02-25 11:16:16,clients1.google.fr
2014-02-25 11:16:16,www.google.fr
2014-02-25 11:16:19,www.google.fr
2014-02-25 11:16:40,www.google.fr
2014-02-25 11:16:40,idata.over-blog.com
2014-02-25 11:16:41,a405.idata.over-blog.com
2014-02-25 11:16:41,orveauetextras.over-blog.com
2014-02-25 11:16:41,fdata.over-blog.net
2014-02-25 11:16:41,ddata.over-blog.com
2014-02-25 11:16:41,images3.hiboox.com
2014-02-25 11:16:41,yui.yahooapis.com
2014-02-25 11:16:41,www.google.fr
2014-02-25 11:16:42,www.facebook.com
2014-02-25 11:16:42,s3.polldaddy.com
2014-02-25 11:16:42,a405.idata.over-blog.com
2014-02-25 11:16:42,idata.over-blog.com
2014-02-25 11:16:42,a395.idata.over-blog.com
2014-02-25 11:16:42,feeds.feedburner.com
2014-02-25 11:16:42,img.over-blog.com
2014-02-25 11:16:42,fdata.over-blog.net
2014-02-25 11:16:42,www.anonymousdmp.com
2014-02-25 11:16:42,www.websiteribbon.com
2014-02-25 11:16:42,www.audienceinsights.net
2014-02-25 11:16:43,www.i-services.net
2014-02-25 11:16:43,idata.over-blog.com
2014-02-25 11:16:43,img.over-blog.com
2014-02-25 11:16:43,orveauetextras.over-blog.com
2014-02-25 11:16:43,premium.hi-mediaserver.com
2014-02-25 11:16:44,a397.idata.over-blog.com
2014-02-25 11:16:44,fdata.over-blog.net
2014-02-25 11:16:44,www.i-services.com
2014-02-25 11:16:44,a142.idata.over-blog.com
2014-02-25 11:16:45,it3yv1v73b.s.ad6media.fr
2014-02-25 11:16:46,images4.hiboox.com
2014-02-25 11:16:50,www.i-services.com
2014-02-25 11:16:50,static.wix.com
2014-02-25 11:16:51,www.i-services.com
2014-02-25 11:16:51,banniere.reussissonsensemble.fr
2014-02-25 11:16:52,www.kitgrafik.com
2014-02-25 11:16:52,banniere.reussissonsensemble.fr
2014-02-25 11:16:53,www.i-services.com
2014-02-25 11:16:53,img.over-blog.com
2014-02-25 11:16:53,a403.idata.over-blog.com
2014-02-25 11:16:54,apis.google.com
2014-02-25 11:16:54,www.websiteribbon.com
2014-02-25 11:16:54,platform.linkedin.com
2014-02-25 11:16:54,platform.twitter.com
2014-02-25 11:16:54,a142.idata.over-blog.com
2014-02-25 11:16:54,a397.idata.over-blog.com
2014-02-25 11:16:54,a405.idata.over-blog.com
2014-02-25 11:16:54,connect.facebook.net
2014-02-25 11:16:54,images4.hiboox.com
2014-02-25 11:16:54,images3.hiboox.com
2014-02-25 11:16:55,www.audienceinsights.net
2014-02-25 11:16:56,a405.idata.over-blog.com
2014-02-25 11:16:56,a395.idata.over-blog.com
2014-02-25 11:16:56,images4.hiboox.com
2014-02-25 11:16:56,orveauetextras.over-blog.com
2014-02-25 11:16:56,www.audienceinsights.net
2014-02-25 11:16:56,fdata.over-blog.net
2014-02-25 11:16:56,www.facebook.com
2014-02-25 11:16:57,img.over-blog.com
2014-02-25 11:16:57,www.i-services.net
2014-02-25 11:16:57,adventori.com
2014-02-25 11:16:57,a398.idata.over-blog.com
2014-02-25 11:16:57,www.i-services.com
2014-02-25 11:16:57,rp.gwallet.com
2014-02-25 11:16:58,www.i-services.com
2014-02-25 11:16:58,vyt3l67i3p.s.ad6media.fr
2014-02-25 11:16:59,accounts.google.com
2014-02-25 11:16:59,apis.google.com
2014-02-25 11:16:59,platform.twitter.com
2014-02-25 11:16:59,platform.linkedin.com
2014-02-25 11:16:59,static.ak.facebook.com
2014-02-25 11:16:59,s-static.ak.facebook.com
2014-02-25 11:17:00,www.linkedin.com
2014-02-25 11:17:00,www.facebook.com
2014-02-25 11:17:00,fdata.over-blog.net
2014-02-25 11:17:01,www.facebook.com
2014-02-25 11:17:03,twitter.com
2014-02-25 11:17:03,www.i-services.com
2014-02-25 11:17:03,fdata.over-blog.net
2014-02-25 11:17:04,static.wix.com
2014-02-25 11:17:04,www.i-services.com
2014-02-25 11:17:05,www.i-services.com
2014-02-25 11:17:07,a397.idata.over-blog.com
2014-02-25 11:17:17,a398.idata.over-blog.com
2014-02-25 11:17:24,www.i-services.com
2014-02-25 11:17:27,www.linkedin.com
2014-02-25 11:17:29,images3.hiboox.com
2014-02-25 11:17:29,www.audienceinsights.net
2014-02-25 11:17:30,images4.hiboox.com
2014-02-25 11:17:30,www.facebook.com
2014-02-25 11:17:30,www.audienceinsights.net
2014-02-25 11:17:30,orveauetextras.over-blog.com
2014-02-25 11:17:51,clients1.google.fr
2014-02-25 11:17:51,www.google.fr
2014-02-25 11:18:20,www.google.fr
2014-02-25 11:18:42,clients1.google.fr
2014-02-25 11:18:43,www.google.fr
2014-02-25 11:18:47,www.google.fr
2014-02-25 11:19:26,www.google.fr
2014-02-25 11:19:32,www.google.fr
2014-02-25 11:19:39,www.google.fr
2014-02-25 11:20:13,www.meltybuzz.fr
2014-02-25 11:20:13,ajax.googleapis.com
2014-02-25 11:20:13,media-1.meltybuzz.fr
2014-02-25 11:20:13,www.google.fr
2014-02-25 11:20:13,media.meltybuzz.fr
2014-02-25 11:20:14,s-static.ak.facebook.com
2014-02-25 11:20:14,www.melty.es
2014-02-25 11:20:14,media.meltybuzz.fr
2014-02-25 11:20:14,www.meltybuzz.fr
2014-02-25 11:20:14,www.melty.it
2014-02-25 11:20:14,www.melty.de
2014-02-25 11:20:14,www.melty.fr
2014-02-25 11:20:14,static.ak.facebook.com
2014-02-25 11:20:15,ad.melty.fr
2014-02-25 11:20:15,media.melty.fr
2014-02-25 11:20:15,www.meltybuzz.fr
2014-02-25 11:20:16,rp.gwallet.com
2014-02-25 11:20:16,media.meltybuzz.fr
2014-02-25 11:20:16,www.meltybuzz.fr
2014-02-25 11:20:17,www.google.fr
2014-02-25 11:20:17,match.rtbidder.net
2014-02-25 11:20:17,media.meltybuzz.fr
2014-02-25 11:20:17,media-1.meltybuzz.fr
2014-02-25 11:20:17,www.meltybuzz.fr
2014-02-25 11:20:17,www.facebook.com
2014-02-25 11:20:18,s-static.ak.facebook.com
2014-02-25 11:20:18,www.meltybuzz.fr
2014-02-25 11:20:18,www.melty.fr
2014-02-25 11:20:18,static.ak.facebook.com
2014-02-25 11:20:18,media.melty.fr
2014-02-25 11:20:19,www.facebook.com
2014-02-25 11:20:19,www.meltybuzz.fr
2014-02-25 11:20:19,ad.melty.fr
2014-02-25 11:20:20,rbp.mxptint.net
2014-02-25 11:20:20,mm.eulerian.net
2014-02-25 11:20:20,its.tradelab.fr
2014-02-25 11:20:20,www.meltybuzz.fr
2014-02-25 11:20:22,adventori.com
2014-02-25 11:20:22,um.simpli.fi
2014-02-25 11:20:34,its.tradelab.fr
2014-02-25 11:20:35,media.meltybuzz.fr
2014-02-25 11:20:35,www.google.fr
2014-02-25 11:21:11,www.google.fr
2014-02-25 11:21:11,clients1.google.fr
2014-02-25 11:21:22,www.google.fr
2014-02-25 11:21:36,www.google.fr
2014-02-25 11:21:36,clients1.google.fr
2014-02-25 11:21:41,www.google.fr
2014-02-25 11:24:19,www.google.fr
2014-02-27 14:16:43,ieonline.microsoft.com
2014-02-27 14:51:03,office14client.microsoft.com
2014-02-27 14:51:04,office.microsoft.com
2014-02-27 14:51:07,office.microsoft.com
2014-03-04 13:36:11,dl.patchbeam.com
2014-03-04 13:36:42,ieonline.microsoft.com
2014-03-18 10:21:37,gtglobal-ocsp.geotrust.com
2014-03-18 10:21:37,clients1.google.com
2014-03-18 10:21:37,www.google.fr
2014-03-18 10:21:37,google.fr
2014-03-18 10:21:38,clients1.google.com
2014-03-18 10:21:50,gtssl-ocsp.geotrust.com
2014-03-18 10:22:23,www.google.fr
2014-03-18 10:22:24,cineday.orange.fr
2014-03-18 10:22:24,pbs.twimg.com
2014-03-18 10:22:24,iz.orange.fr
2014-03-18 10:22:24,c.woopic.com
2014-03-18 10:22:25,c.woopic.com
2014-03-18 10:22:25,www.facebook.com
2014-03-18 10:22:25,videos.orangepublicite.fr
2014-03-18 10:22:25,iapref.orange.fr
2014-03-18 10:22:25,cineday.orange.fr
2014-03-18 10:22:26,listener.ezakus.net
2014-03-18 10:22:26,cineday.orange.fr
2014-03-18 10:22:26,z.woopic.com
2014-03-18 10:22:26,ap.orange.fr
2014-03-18 10:22:33,r.orange.fr
2014-03-18 10:22:33,mdsp.orange.fr
2014-03-18 10:22:34,id.orange.fr
2014-03-18 10:22:35,id.orange.fr
2014-03-18 10:22:35,iapref.orange.fr
2014-03-18 10:22:35,pv.cofinoga.fr
2014-03-18 10:22:35,images.orangepublicite.fr
2014-03-18 10:22:35,google.ezakus.net
2014-03-18 10:22:46,ocsp.tcs.terena.org
2014-03-18 10:22:47,ocsp.verisign.com
2014-03-18 10:22:47,ocsp.usertrust.com
2014-03-18 10:24:33,www.google.com
2014-03-18 10:24:33,apis.google.com
2014-03-18 10:24:47,ocsp.digicert.com
2014-03-18 10:25:12,www.google.fr
2014-03-18 10:25:39,safebrowsing-cache.google.com
2014-03-18 10:25:39,safebrowsing.clients.google.com
2014-03-18 10:25:59,clients1.google.com
2014-03-18 10:26:00,ocsp.tcs.terena.org
2014-03-18 10:28:17,office14client.microsoft.com
2014-03-18 10:28:17,office.microsoft.com
2014-03-18 10:28:18,office.microsoft.com
2014-03-18 10:30:47,ocsp.thawte.com
2014-03-18 10:31:43,www.google.fr
2014-03-18 10:33:27,www.google.fr
2014-03-18 10:33:28,deptinfo.unice.fr
2014-03-18 10:33:29,deptinfo.unice.fr
2014-03-18 10:34:15,bibliotheque.clermont-universite.fr
2014-03-18 10:35:25,www.google.fr
2014-03-18 10:37:24,deptinfo.unice.fr
2014-03-18 10:37:43,deptinfo.unice.fr
2014-03-18 10:38:25,deptinfo.unice.fr
2014-03-18 10:38:25,www.google.fr
2014-03-18 10:39:39,www.google.fr
2014-03-18 10:39:41,alexandremohr.free.fr
2014-03-18 10:42:43,www.google.fr
2014-03-18 10:47:47,www.google.fr
2014-03-18 10:53:32,www.google.fr
2014-03-18 10:55:08,clients1.google.com
2014-03-18 10:56:37,maps.google.fr
2014-03-18 10:56:41,mt.google.com
2014-03-18 10:56:50,leboncoin.fr
2014-03-18 10:56:50,www.leboncoin.fr
2014-03-18 10:56:50,deliv.leboncoin.fr
2014-03-18 10:56:50,static.leboncoin.fr
2014-03-18 10:56:51,deliv.leboncoin.fr
2014-03-18 10:56:51,static.leboncoin.fr
2014-03-18 10:56:52,static.leboncoin.fr
2014-03-18 10:56:53,193.164.196.40
2014-03-18 10:56:53,193.164.196.50
2014-03-18 10:56:53,193.164.197.40
2014-03-18 10:56:53,193.164.197.30
2014-03-18 10:56:53,deliv.leboncoin.fr
2014-03-18 10:56:53,193.164.196.30
2014-03-18 10:56:53,www.leboncoin.fr
2014-03-18 10:56:53,193.164.196.60
2014-03-18 10:56:53,193.164.197.50
2014-03-18 10:56:53,static.leboncoin.fr
2014-03-18 10:56:53,193.164.197.60
2014-03-18 10:56:54,deliv.leboncoin.fr
2014-03-18 10:56:59,compteperso.leboncoin.fr
2014-03-18 10:57:00,www.leboncoin.fr
2014-03-18 10:57:09,mt.google.com
2014-03-18 10:57:14,safebrowsing-cache.google.com
2014-03-18 10:57:14,safebrowsing.clients.google.com
2014-03-18 10:57:17,www.leboncoin.fr
2014-03-18 10:57:17,193.164.196.40
2014-03-18 10:57:17,193.164.197.50
2014-03-18 10:57:17,193.164.196.50
2014-03-18 10:57:17,193.164.197.30
2014-03-18 10:57:17,193.164.197.60
2014-03-18 10:57:17,193.164.196.30
2014-03-18 10:57:17,deliv.leboncoin.fr
2014-03-18 10:57:17,193.164.197.40
2014-03-18 10:57:17,www.google.com
2014-03-18 10:57:17,193.164.196.60
2014-03-18 10:57:38,www.leboncoin.fr
2014-03-18 10:57:38,193.164.196.30
2014-03-18 10:57:38,193.164.196.60
2014-03-18 10:57:38,193.164.196.50
2014-03-18 10:57:39,static.leboncoin.fr
2014-03-18 10:57:39,deliv.leboncoin.fr
2014-03-18 10:57:45,mts0.google.com
2014-03-18 10:57:48,deliv.leboncoin.fr
2014-03-18 10:58:03,www.google.com
2014-03-18 10:58:03,accounts.google.com
2014-03-18 10:58:03,clients6.google.com
2014-03-18 10:58:03,apis.google.com
2014-03-18 10:58:31,storage.googleapis.com
2014-03-18 10:58:41,geo3.ggpht.com
2014-03-18 10:58:49,geo2.ggpht.com
2014-03-18 10:58:55,geo1.ggpht.com
2014-03-18 10:58:55,www.google.fr
2014-03-18 10:59:05,geo0.ggpht.com
2014-03-18 10:59:09,geo0.ggpht.com
2014-03-18 10:59:09,geo2.ggpht.com
2014-03-18 10:59:09,geo1.ggpht.com
2014-03-18 10:59:09,geo3.ggpht.com
2014-03-18 10:59:32,www.google.fr
2014-03-18 10:59:33,centreimmofr.track.emarketing-factory.com
2014-03-18 10:59:33,www.centreimmo.com
2014-03-18 10:59:34,www.centreimmo.com
2014-03-18 10:59:43,www.logic-immo.com
2014-03-18 10:59:43,www.google.fr
2014-03-18 10:59:44,delivcmm.spir.fr
2014-03-18 10:59:44,www.logic-immo.com
2014-03-18 10:59:44,mmf.logic-immo.com
2014-03-18 10:59:44,crypto-js.googlecode.com
2014-03-18 10:59:45,mmf.logic-immo.com
2014-03-18 10:59:45,www.logic-immo.com
2014-03-18 10:59:46,av.mediapostcommunication.net
2014-03-18 10:59:46,rs.mediapostcommunication.net
2014-03-18 10:59:46,mmf.logic-immo.com
2014-03-18 10:59:46,www.logic-immo.com
2014-03-18 10:59:46,ws.mediapostcommunication.net
2014-03-18 10:59:47,www.logic-immo.com
2014-03-18 10:59:47,delivcmm.spir.fr
2014-03-18 10:59:48,mmf.logic-immo.com
2014-03-18 10:59:48,emailretargeting.com
2014-03-18 10:59:48,www.logic-immo.com
2014-03-18 10:59:49,dc1w54.wysistat.com
2014-03-18 10:59:49,retargeting.veoxa.com
2014-03-18 10:59:49,mfr.meteofrance.com
2014-03-18 10:59:49,www.facebook.com
2014-03-18 10:59:50,i1-js-14-3-01-10252-291838020-i.init.cedexis-radar.net
2014-03-18 10:59:50,ocsp.thawte.com
2014-03-18 10:59:51,i1-js-14-3-01-11074-153146010-i.init.cedexis-radar.net
2014-03-18 10:59:52,centreimmofr.track.emarketing-factory.com
2014-03-18 10:59:52,maps.google.com
2014-03-18 10:59:52,www.centreimmo.com
2014-03-18 10:59:53,slc.viawest.bench.cedexis.com
2014-03-18 10:59:53,www.beead.fr
2014-03-18 10:59:53,www.centreimmo.com
2014-03-18 10:59:54,www.centreimmo.com
2014-03-18 10:59:54,static.ebz.io
2014-03-18 10:59:55,dc1.immobilier.ppd.logic-immo.com
2014-03-18 10:59:58,maps.googleapis.com
2014-03-18 11:01:15,centreimmofr.track.emarketing-factory.com
2014-03-18 11:01:20,centreimmofr.track.emarketing-factory.com
2014-03-18 11:01:21,centreimmofr.track.emarketing-factory.com
2014-03-18 11:01:21,www.centreimmo.com
2014-03-18 11:02:13,www.google.fr
2014-03-18 11:05:25,clients6.google.com
2014-03-18 11:05:41,storage.googleapis.com
2014-03-18 11:05:42,geo0.ggpht.com
2014-03-18 11:05:48,mts0.google.com
2014-03-18 11:06:47,www.google.fr
2014-03-18 11:06:56,www.google.fr
2014-03-18 11:06:57,www.t2c.fr
2014-03-18 11:06:58,www.t2c.fr
2014-03-18 11:07:05,www.t2c.fr
2014-03-18 11:07:06,www.t2c.fr
2014-03-18 11:07:21,www.t2c.fr
2014-03-18 11:07:22,www.t2c.fr
2014-03-18 11:07:50,www.t2c.fr
2014-03-18 11:07:51,www.t2c.fr
2014-03-18 11:07:55,www.t2c.fr
2014-03-18 11:07:56,www.t2c.fr
2014-03-18 11:07:57,www.t2c.fr
2014-03-18 11:09:09,www.t2c.fr
2014-03-18 11:09:10,www.t2c.fr
2014-03-18 11:09:25,www.t2c.fr
2014-03-18 11:09:26,www.t2c.fr
2014-03-18 11:09:27,www.t2c.fr
2014-03-18 11:09:29,www.t2c.fr
2014-03-18 11:09:30,www.t2c.fr
2014-03-18 11:09:44,www.t2c.fr
2014-03-18 11:09:51,www.google.fr
2014-03-18 11:16:27,www.google.fr
2014-03-18 11:25:21,safebrowsing.clients.google.com
2014-03-18 11:25:21,safebrowsing-cache.google.com
2014-03-18 11:28:44,mts0.google.com
2014-03-18 11:28:46,www.google.fr
2014-03-18 11:33:51,www.google.fr
2014-03-18 11:34:45,www.bing.com
2014-03-18 11:34:46,www.bing.com
2014-03-18 11:34:47,login.live.com
2014-03-18 11:34:47,bibliotheque.clermont-universite.fr
2014-03-18 11:34:47,cms.abmr.net
2014-03-18 11:34:47,www.bing.com
2014-03-18 11:34:48,bibliotheque.clermont-universite.fr
2014-03-18 11:35:53,bibliotheque.clermont-universite.fr
2014-03-18 11:35:54,catalogue.clermont-universite.fr
2014-03-18 11:35:54,bibliotheque.clermont-universite.fr
2014-03-18 11:35:54,books.google.com
2014-03-18 11:35:58,bibliotheque.clermont-universite.fr
2014-03-18 11:35:58,books.google.com
2014-03-18 11:35:58,catalogue.clermont-universite.fr
2014-03-18 11:36:05,bibliotheque.clermont-universite.fr
2014-03-18 11:36:05,catalogue.clermont-universite.fr
2014-03-18 11:36:05,books.google.com
2014-03-18 11:36:24,books.google.com
2014-03-18 11:36:24,bibliotheque.clermont-universite.fr
2014-03-18 11:36:24,catalogue.clermont-universite.fr
2014-03-18 11:36:27,bibliotheque.clermont-universite.fr
2014-03-18 11:36:27,books.google.com
2014-03-18 11:36:27,catalogue.clermont-universite.fr
2014-03-18 11:36:38,catalogue.clermont-universite.fr
2014-03-18 11:36:38,books.google.com
2014-03-18 11:36:38,bibliotheque.clermont-universite.fr
2014-03-18 11:36:50,books.google.com
2014-03-18 11:36:50,bibliotheque.clermont-universite.fr
2014-03-18 11:36:50,catalogue.clermont-universite.fr
2014-03-18 11:37:07,ieonline.microsoft.com
2014-03-20 15:40:00,ieonline.microsoft.com
2014-03-25 10:33:30,ieonline.microsoft.com
2014-03-25 10:52:11,www.google.fr
2014-03-25 10:52:22,www.google.fr
2014-03-25 10:52:23,apis.google.com
2014-03-25 10:52:25,www.google.com
2014-03-25 10:52:39,ba.commentcamarche.net
2014-03-25 10:52:39,www.facebook.com
2014-03-25 10:52:39,r.ccmbg.com
2014-03-25 10:52:39,static.ccm2.net
2014-03-25 10:52:39,platform.twitter.com
2014-03-25 10:52:39,www.commentcamarche.net
2014-03-25 10:52:39,apis.google.com
2014-03-25 10:52:39,www.google.com
2014-03-25 10:52:39,www.google.fr
2014-03-25 10:52:49,twitter.com
2014-03-25 10:52:51,ajax.googleapis.com
2014-03-25 10:52:59,twitter.com
2014-03-25 10:52:59,fpdownload2.macromedia.com
2014-03-25 10:52:59,ba.commentcamarche.net
2014-03-25 10:52:59,static.ccm2.net
2014-03-25 10:52:59,ajax.googleapis.com
2014-03-25 10:53:00,static.ccm2.net
2014-03-25 10:53:00,ba.commentcamarche.net
2014-03-25 10:53:00,connect.facebook.net
2014-03-25 10:53:00,static.ak.facebook.com
2014-03-25 10:53:00,loadr.exelator.com
2014-03-25 10:53:00,s-static.ak.facebook.com
2014-03-25 10:53:01,its.tradelab.fr
2014-03-25 10:53:01,ba.commentcamarche.net
2014-03-25 10:53:01,www.facebook.com
2014-03-25 10:53:01,static.ccm2.net
2014-03-25 10:53:01,static.ccmbg.com
2014-03-25 10:53:01,platform.twitter.com
2014-03-25 10:53:02,twitter.com
2014-03-25 10:53:02,static.ccm2.net
2014-03-25 10:53:08,its.tradelab.fr
2014-03-25 10:53:08,www.commentcamarche.net
2014-03-25 10:53:08,www.facebook.com
2014-03-25 10:54:01,its.tradelab.fr
2014-03-25 10:55:18,office14client.microsoft.com
2014-03-25 10:55:19,rr.office.microsoft.com
2014-03-25 10:55:52,www.facebook.com
2014-03-25 10:56:10,www.commentcamarche.net
2014-03-25 10:56:10,ba.commentcamarche.net
2014-03-25 10:56:11,ba.commentcamarche.net
2014-03-25 10:56:11,static.ccm2.net
2014-03-25 10:56:11,www.facebook.com
2014-03-25 10:56:12,s-static.ak.facebook.com
2014-03-25 10:56:12,twitter.com
2014-03-25 10:56:12,static.ak.facebook.com
2014-03-25 10:56:12,ba.commentcamarche.net
2014-03-25 10:56:12,www.facebook.com
2014-03-25 10:56:12,its.tradelab.fr
2014-03-25 10:56:13,www.facebook.com
2014-03-25 10:56:13,212.83.158.208
2014-03-25 10:56:40,www.google.fr
2014-03-25 10:56:40,s.ytimg.com
2014-03-25 10:56:41,r1---sn-gxo5uxg-jqbe.googlevideo.com
2014-03-25 10:56:41,www.google.fr
2014-03-25 10:56:41,twitter.com
2014-03-25 10:56:41,s.ytimg.com
2014-03-25 10:56:41,i1.ytimg.com
2014-03-25 10:56:41,s.youtube.com
2014-03-25 10:56:41,www.youtube.com
2014-03-25 10:56:42,s.youtube.com
2014-03-25 10:56:42,r1---sn-gxo5uxg-jqbe.googlevideo.com
2014-03-25 10:56:42,i1.ytimg.com
2014-03-25 10:56:44,r1---sn-gxo5uxg-jqbe.googlevideo.com
2014-03-25 10:56:44,s.youtube.com
2014-03-25 10:56:46,r1---sn-gxo5uxg-jqbe.googlevideo.com
2014-03-25 10:56:48,r1---sn-gxo5uxg-jqbe.googlevideo.com
2014-03-25 10:56:51,s.youtube.com
2014-03-25 10:56:52,yt3.ggpht.com
2014-03-25 10:56:52,s.ytimg.com
2014-03-25 10:56:52,i1.ytimg.com
2014-03-25 10:56:53,s.ytimg.com
2014-03-25 10:56:53,www.google.com
2014-03-25 10:56:53,s.youtube.com
2014-03-25 10:56:54,s.youtube.com
2014-03-25 10:56:55,apis.google.com
2014-03-25 10:56:55,www.youtube.com
2014-03-25 10:56:56,s.ytimg.com
2014-03-25 10:56:56,plus.googleapis.com
2014-03-25 10:56:56,yt3.ggpht.com
2014-03-25 10:56:56,i1.ytimg.com
2014-03-25 10:56:57,plus.googleapis.com
2014-03-25 10:56:59,i1.ytimg.com
2014-03-25 10:57:02,r1---sn-gxo5uxg-jqbe.googlevideo.com
2014-03-25 10:57:02,plus.googleapis.com
2014-03-25 10:57:04,i1.ytimg.com
2014-03-25 10:57:04,s.youtube.com
2014-03-25 10:57:05,r1---sn-gxo5uxg-jqbe.googlevideo.com
2014-03-25 10:57:08,r1---sn-gxo5uxg-jqbe.googlevideo.com
2014-03-25 10:57:11,s.youtube.com
2014-03-25 10:57:14,r1---sn-gxo5uxg-jqbe.googlevideo.com
2014-03-25 10:57:15,r1---sn-gxo5uxg-jqbe.googlevideo.com
2014-03-25 10:57:17,s.youtube.com
2014-03-25 10:57:17,i1.ytimg.com
2014-03-25 10:57:26,i1.ytimg.com
2014-03-25 10:57:31,i1.ytimg.com
2014-03-25 10:57:31,s.youtube.com
2014-03-25 10:57:35,i1.ytimg.com
2014-03-25 10:57:35,plus.googleapis.com
2014-03-25 10:57:56,r1---sn-gxo5uxg-jqbe.googlevideo.com
2014-03-25 10:57:56,plus.googleapis.com
2014-03-25 10:57:57,s.youtube.com
2014-03-25 10:57:57,r1---sn-gxo5uxg-jqbe.googlevideo.com
2014-03-25 10:58:00,r1---sn-gxo5uxg-jqbe.googlevideo.com
2014-03-25 10:58:01,s.youtube.com
2014-03-25 10:58:13,r1---sn-gxo5uxg-jqbe.googlevideo.com
2014-03-25 10:58:15,r1---sn-gxo5uxg-jqbe.googlevideo.com
2014-03-25 10:58:31,r1---sn-gxo5uxg-jqbe.googlevideo.com
2014-03-25 10:58:31,s.youtube.com
2014-03-25 10:58:32,r1---sn-gxo5uxg-jqbe.googlevideo.com
2014-03-25 10:58:37,s.youtube.com
2014-03-25 10:58:42,s.youtube.com
2014-03-25 10:59:10,yt3.ggpht.com
2014-03-25 10:59:10,plus.googleapis.com
2014-03-25 10:59:10,www.youtube.com
2014-03-25 10:59:10,r4---sn-gxo5uxg-jqbe.googlevideo.com
2014-03-25 10:59:10,i1.ytimg.com
2014-03-25 10:59:10,s.youtube.com
2014-03-25 10:59:14,r4---sn-gxo5uxg-jqbe.googlevideo.com
2014-03-25 10:59:15,s.youtube.com
2014-03-25 10:59:15,i1.ytimg.com
2014-03-25 10:59:16,s.youtube.com
2014-03-25 10:59:20,s.youtube.com
2014-03-25 10:59:22,i1.ytimg.com
2014-03-25 10:59:26,s.youtube.com
2014-03-25 10:59:28,r4---sn-gxo5uxg-jqbe.googlevideo.com
2014-03-25 10:59:36,s.youtube.com
2014-03-25 10:59:37,r4---sn-gxo5uxg-jqbe.googlevideo.com
2014-03-25 10:59:43,r4---sn-gxo5uxg-jqbe.googlevideo.com
2014-03-25 10:59:50,s.youtube.com
2014-03-25 10:59:54,s.youtube.com
2014-03-25 10:59:58,r4---sn-gxo5uxg-jqbe.googlevideo.com
2014-03-25 11:00:02,r4---sn-gxo5uxg-jqbe.googlevideo.com
2014-03-25 11:00:10,s.youtube.com
2014-03-25 11:00:12,plus.googleapis.com
2014-03-25 11:00:12,s.youtube.com
2014-03-25 11:00:14,r4---sn-gxo5uxg-jqbe.googlevideo.com
2014-03-25 11:00:22,r4---sn-gxo5uxg-jqbe.googlevideo.com
2014-03-25 11:00:29,r4---sn-gxo5uxg-jqbe.googlevideo.com
2014-03-25 11:00:34,s.youtube.com
2014-03-25 11:00:42,s.youtube.com
2014-03-25 11:00:44,r4---sn-gxo5uxg-jqbe.googlevideo.com
2014-03-25 11:00:51,r4---sn-gxo5uxg-jqbe.googlevideo.com
2014-03-25 11:00:59,r4---sn-gxo5uxg-jqbe.googlevideo.com
2014-03-25 11:01:12,s.youtube.com
2014-03-25 11:01:13,r4---sn-gxo5uxg-jqbe.googlevideo.com
2014-03-25 11:01:14,r4---sn-gxo5uxg-jqbe.googlevideo.com
2014-03-25 11:01:14,s.youtube.com
2014-03-25 11:01:22,i1.ytimg.com
2014-03-25 11:01:27,r4---sn-gxo5uxg-jqbe.googlevideo.com
2014-03-25 11:01:30,s.youtube.com
2014-03-25 11:01:38,r4---sn-gxo5uxg-jqbe.googlevideo.com
2014-03-25 11:01:39,r4---sn-gxo5uxg-jqbe.googlevideo.com
2014-03-25 11:01:53,r4---sn-gxo5uxg-jqbe.googlevideo.com
2014-03-25 11:01:54,r4---sn-gxo5uxg-jqbe.googlevideo.com
2014-03-25 11:01:54,s.youtube.com
2014-03-25 11:02:00,s.youtube.com
2014-03-25 11:02:06,i1.ytimg.com
2014-03-25 11:02:06,www.youtube.com
2014-03-25 11:02:06,r1---sn-gxo5uxg-jqbe.googlevideo.com
2014-03-25 11:02:06,s.youtube.com
2014-03-25 11:02:07,r1---sn-gxo5uxg-jqbe.googlevideo.com
2014-03-25 11:02:07,www.youtube.com
2014-03-25 11:02:07,s.youtube.com
2014-03-25 11:02:08,www.youtube.com
2014-03-25 11:02:08,r1---sn-gxo5uxg-jqbe.googlevideo.com
2014-03-25 11:02:08,s.youtube.com
2014-03-25 11:02:09,plus.googleapis.com
2014-03-25 11:02:09,r1---sn-gxo5uxg-jqbe.googlevideo.com
2014-03-25 11:02:09,s.youtube.com
2014-03-25 11:02:10,r1---sn-gxo5uxg-jqbe.googlevideo.com
2014-03-25 11:02:10,www.youtube.com
2014-03-25 11:02:11,www.youtube.com
2014-03-25 11:02:11,r1---sn-gxo5uxg-jqbe.googlevideo.com
2014-03-25 11:02:11,s.youtube.com
2014-03-25 11:02:33,www.google.fr
2014-03-25 11:02:34,office.microsoft.com
2014-03-25 11:02:34,js.microsoft.com
2014-03-25 11:02:34,www.google.fr
2014-03-25 11:02:36,office.microsoft.com
2014-03-25 11:02:38,office.microsoft.com
2014-03-25 11:02:39,office.microsoft.com
2014-03-25 11:02:39,js.microsoft.com
2014-03-25 11:02:40,c.msn.com
2014-03-25 11:02:41,c.msn.com
2014-03-25 11:02:41,office.microsoft.com
2014-03-25 11:10:36,www.google.fr
2014-03-25 11:10:37,fr.openclassrooms.com
2014-03-25 11:10:37,www.google.fr
2014-03-25 11:10:38,fr.openclassrooms.com
2014-03-25 11:10:38,www.google.com
2014-03-25 11:10:39,doug1izaerwt3.cloudfront.net
2014-03-25 11:10:39,fr.openclassrooms.com
2014-03-25 11:10:39,www.google.com
2014-03-25 11:10:39,dnn506yrbagrg.cloudfront.net
2014-03-25 11:10:40,fr.openclassrooms.com
2014-03-25 11:10:40,banniere.reussissonsensemble.fr
2014-03-25 11:10:41,banniere.reussissonsensemble.fr
2014-03-25 11:10:41,fr.openclassrooms.com
2014-03-25 11:10:41,tag.yakarouler.com
2014-03-25 11:10:41,ea.numericable.fr
2014-03-25 11:10:43,banniere.reussissonsensemble.fr
2014-03-25 11:10:43,www.facebook.com
2014-03-25 11:10:43,fr.openclassrooms.com
2014-03-25 11:10:43,tag.yakarouler.com
2014-03-25 11:10:44,y.one.impact-ad.jp
2014-03-25 11:10:44,www.facebook.com
2014-03-25 11:10:44,admaym.com
2014-03-25 11:10:44,ce.lijit.com
2014-03-25 11:10:44,banniere.reussissonsensemble.fr
2014-03-25 11:10:45,cs.specificclick.net
2014-03-25 11:10:45,s.kau.li
2014-03-25 11:10:51,www.googleapis.com
2014-03-25 11:11:01,fr.openclassrooms.com
2014-03-25 11:12:16,www.googleapis.com
2014-03-25 11:16:30,www.google.fr
2014-03-25 11:16:38,www.google.fr
2014-03-25 11:18:06,office14client.microsoft.com
2014-03-25 11:18:07,office.microsoft.com
2014-03-25 11:18:18,www.google.fr
2014-03-25 11:18:18,office.microsoft.com
2014-03-25 11:19:22,office.microsoft.com
2014-03-25 11:19:26,office.microsoft.com
2014-03-25 11:19:36,office.microsoft.com
2014-03-25 11:19:46,office.microsoft.com
2014-03-25 11:19:52,office.microsoft.com
2014-03-25 11:19:57,office.microsoft.com
2014-03-25 11:20:11,office.microsoft.com
2014-03-25 11:20:28,office.microsoft.com
2014-03-25 11:20:30,office.microsoft.com
2014-03-25 11:20:41,office.microsoft.com
2014-03-25 11:23:07,office.microsoft.com
2014-03-25 11:23:19,office.microsoft.com
2014-03-25 11:23:35,office.microsoft.com
2014-03-25 11:23:41,www.clubic.com
2014-03-25 11:23:41,img.clubic.com
2014-03-25 11:23:42,www.clubic.com
2014-03-25 11:23:42,img.clubic.com
2014-03-25 11:23:43,dc1w54.wysistat.com
2014-03-25 11:23:43,emailretargeting.com
2014-03-25 11:23:43,www.clubic.com
2014-03-25 11:23:44,ea.pixmania.fr
2014-03-25 11:23:44,www.clubic.com
2014-03-25 11:23:45,broadcast.piximedia.fr
2014-03-25 11:23:45,www.clubic.com
2014-03-25 11:23:45,rm.piximedia.fr
2014-03-25 11:23:46,broadcast.piximedia.fr
2014-03-25 11:23:46,widget.achetezfacile.com
2014-03-25 11:23:46,i.htfacile.fr
2014-03-25 11:23:46,www.clubic.com
2014-03-25 11:23:46,ajax.googleapis.com
2014-03-25 11:23:46,www.google.com
2014-03-25 11:23:47,www.clubic.com
2014-03-25 11:23:47,broadcast.piximedia.fr
2014-03-25 11:23:48,rm.piximedia.fr
2014-03-25 11:23:50,rm.piximedia.fr
2014-03-25 11:24:47,cdn3.vodeclic.com
2014-03-25 11:24:47,www.vodeclic.com
2014-03-25 11:24:47,cdn2.vodeclic.com
2014-03-25 11:24:47,cdn0.vodeclic.com
2014-03-25 11:24:47,platform.twitter.com
2014-03-25 11:24:47,cdn1.vodeclic.com
2014-03-25 11:24:48,www.vodeclic.com
2014-03-25 11:24:48,platform.twitter.com
2014-03-25 11:24:48,cdn2.vodeclic.com
2014-03-25 11:24:58,twitter.com
2014-03-25 11:25:01,twitter.com
2014-03-25 11:25:35,office.microsoft.com
2014-03-25 11:25:38,vfnagmg7np.s.ad6media.fr
2014-03-25 11:25:38,img.generation-nt.com
2014-03-25 11:25:38,img.youtube.com
2014-03-25 11:25:38,ajax.googleapis.com
2014-03-25 11:25:38,www.generation-nt.com
2014-03-25 11:25:38,ogfzoyrk7u.s.ad6media.fr
2014-03-25 11:25:38,connect.facebook.net
2014-03-25 11:25:39,www.generation-nt.com
2014-03-25 11:25:39,static.ak.facebook.com
2014-03-25 11:25:39,static.natoms.com
2014-03-25 11:25:39,s-static.ak.facebook.com
2014-03-25 11:25:40,www.generation-nt.com
2014-03-25 11:25:40,static.natoms.com
2014-03-25 11:25:40,media.bestofmicro.com
2014-03-25 11:25:41,choices.truste.com
2014-03-25 11:25:41,www.google.com
2014-03-25 11:25:41,um.simpli.fi
2014-03-25 11:25:42,choices.truste.com
2014-03-25 11:25:50,apis.google.com
2014-03-25 11:25:52,apis.google.com
2014-03-25 11:25:53,accounts.google.com
2014-03-25 11:26:26,accounts.google.com
2014-03-25 11:28:59,apis.google.com
2014-03-25 11:35:41,www.generation-nt.com
2014-03-31 15:40:14,api.bing.com
2014-03-31 15:40:15,api.bing.com
2014-03-31 15:43:04,office14client.microsoft.com
2014-03-31 15:43:05,office.microsoft.com
2014-03-31 15:43:06,office.microsoft.com
2014-03-31 15:43:06,ieonline.microsoft.com
2014-03-31 15:54:16,rr.office.microsoft.com
2014-03-31 16:06:41,api.bing.com
2014-03-31 16:06:42,www.google.fr
2014-03-31 16:06:44,www.google.com
2014-03-31 16:06:46,apis.google.com
2014-03-31 16:07:01,www.google.com
2014-03-31 16:07:01,apis.google.com
2014-03-31 16:07:01,forum.pcastuces.com
2014-03-31 16:07:01,www.google.fr
2014-03-31 16:07:02,forum.pcastuces.com
2014-03-31 16:07:02,images.pcastuces.com
2014-03-31 16:07:02,prix.pcastuces.com
2014-03-31 16:07:03,forum.pcastuces.com
2014-03-31 16:07:04,forum.pcastuces.com
2014-03-31 16:07:04,28kh0yxlex.s.ad6media.fr
2014-03-31 16:07:04,style.ad6.fr
2014-03-31 16:07:04,style2.ad6.fr
2014-03-31 16:07:05,choices.truste.com
2014-03-31 16:07:06,forum.pcastuces.com
2014-03-31 16:07:07,www.google.com
2014-03-31 16:07:07,choices.truste.com
2014-03-31 16:07:09,28kh0yxlex.s.ad6media.fr
2014-03-31 16:07:52,28kh0yxlex.s.ad6media.fr
2014-03-31 16:07:54,28kh0yxlex.s.ad6media.fr
2014-03-31 16:07:55,www.mycodage.com
2014-03-31 16:07:55,static.thebeautyst.com
2014-03-31 16:07:55,style2.ad6.fr
2014-03-31 16:07:55,www.thebeautyst.com
2014-03-31 16:07:56,www.google.fr
2014-03-31 16:07:56,www.google.com
2014-03-31 16:07:56,www.thebeautyst.com
2014-03-31 16:07:56,connect.facebook.net
2014-03-31 16:07:57,ajax.googleapis.com
2014-03-31 16:07:57,s3.amazonaws.com
2014-03-31 16:07:57,www.filepicker.io
2014-03-31 16:07:58,s3.amazonaws.com
2014-03-31 16:07:58,s3-eu-west-1.amazonaws.com
2014-03-31 16:07:59,s3-eu-west-1.amazonaws.com
2014-03-31 16:08:03,www.thebeautyst.com
2014-03-31 16:08:04,www.thebeautyst.com
2014-03-31 16:10:28,www.filepicker.io
2014-03-31 16:33:34,office14client.microsoft.com
2014-03-31 16:33:34,office.microsoft.com
2014-03-31 16:33:37,office.microsoft.com
2014-03-31 16:33:56,api.bing.com
2014-03-31 16:33:57,www.google.fr
2014-03-31 16:34:17,www.google.fr
2014-03-31 16:34:18,www.google.fr
2014-03-31 16:34:18,office.microsoft.com
2014-03-31 16:34:18,js.microsoft.com
2014-03-31 16:34:18,c.msn.com
2014-03-31 16:34:19,office.microsoft.com
2014-03-31 16:34:19,js.microsoft.com
2014-03-31 16:34:20,office.microsoft.com
2014-03-31 17:17:10,api.bing.com
2014-03-31 17:17:11,api.bing.com
2014-03-31 17:17:12,api.bing.com
2014-03-31 17:17:14,www.google.fr
2014-03-31 17:17:31,api.bing.com
2014-03-31 17:18:38,www.google.fr
2014-03-31 17:29:22,api.bing.com
2014-03-31 17:29:23,www.hotmail.com
2014-03-31 17:29:25,login.live.com
2014-03-31 17:29:26,login.live.com
2014-03-31 17:29:28,windowslive.tt.omtrdc.net
2014-03-31 17:29:39,login.live.com
2014-03-31 17:29:40,windowslive.tt.omtrdc.net
2014-03-31 17:29:44,mail.live.com
2014-03-31 17:29:44,people.directory.live.com
2014-03-31 17:29:44,cid-57561305921a3f93.users.storage.live.com
2014-03-31 17:29:45,h.live.com
2014-03-31 17:29:45,dub114.mail.live.com
2014-03-31 17:29:45,h.bing.com
2014-03-31 17:29:46,windowslive.tt.omtrdc.net
2014-03-31 17:29:46,h.bing.com
2014-03-31 17:29:46,people.directory.live.com
2014-03-31 17:29:49,h.bing.com
2014-03-31 17:29:49,h.live.com
2014-03-31 17:29:51,h.bing.com
2014-03-31 17:29:52,secure.shared.live.com
2014-03-31 17:29:54,js.live.net
2014-03-31 17:29:54,h.live.com
2014-03-31 17:29:55,secure.shared.live.com
2014-03-31 17:29:56,dub114.mail.live.com
2014-03-31 17:29:58,go.trouter.io
2014-03-31 17:30:10,h.live.com
2014-03-31 17:30:57,storage.live.com
2014-03-31 17:31:08,h.live.com
2014-03-31 17:33:55,dub114.mail.live.com
2014-03-31 17:34:16,go.trouter.io
2014-03-31 17:34:29,secure.shared.live.com
2014-03-31 17:34:40,h.live.com
2014-03-31 17:34:40,dub114.afx.ms
2014-03-31 17:34:41,dub114.mail.live.com
2014-03-31 17:34:42,dub114.mail.live.com
2014-03-31 17:34:45,dub114.mail.live.com
2014-03-31 17:34:53,dub114.mail.live.com
2014-03-31 17:35:41,h.live.com
2014-03-31 17:35:46,dub114.mail.live.com
2014-03-31 17:35:46,proxy-blu-people.directory.live.com
2014-03-31 17:35:53,dub114.mail.live.com
2014-03-31 17:36:24,dub114.mail.live.com
2014-03-31 17:36:46,h.live.com
2014-03-31 17:37:49,dub114.mail.live.com
2014-03-31 17:38:30,login.live.com
2014-03-31 17:38:34,dub114.mail.live.com
2014-03-31 17:38:34,g.live.com
2014-03-31 17:38:34,cid-57561305921a3f93.users.storage.live.com
2014-03-31 17:38:34,h.live.com
2014-03-31 17:38:35,go.trouter.io
2014-03-31 17:38:46,windowslive.tt.omtrdc.net
2014-03-31 17:39:43,api.bing.com
2014-03-31 17:39:44,api.bing.com
2014-03-31 17:39:45,www.bing.com
2014-03-31 17:39:46,www.bing.com
2014-03-31 17:39:46,dev.virtualearth.net
2014-03-31 17:39:47,cms.abmr.net
2014-03-31 17:39:47,www.bing.com
2014-03-31 17:40:18,www.bing.com
2014-03-31 17:40:19,www.bing.com
2014-03-31 17:40:19,www.t2c.fr
2014-03-31 17:40:20,www.t2c.fr
2014-03-31 17:40:21,www.t2c.fr
2014-03-31 17:40:25,www.t2c.fr
2014-03-31 17:40:26,www.t2c.fr
2014-03-31 17:40:29,www.t2c.fr
2014-03-31 17:40:34,www.t2c.fr
2014-03-31 17:40:56,www.t2c.fr
2014-03-31 17:40:57,www.t2c.fr
2014-03-31 17:40:59,www.t2c.fr
2014-03-31 17:41:00,www.t2c.fr
2014-03-31 17:41:03,www.t2c.fr
2014-03-31 17:41:06,www.t2c.fr
2014-03-31 17:42:20,www.t2c.fr
2014-03-31 17:42:21,www.t2c.fr
2014-03-31 17:42:26,www.t2c.fr
2014-03-31 17:42:27,www.t2c.fr
2014-03-31 17:42:29,www.t2c.fr
2014-03-31 17:42:31,www.t2c.fr
2014-03-31 17:43:40,api.bing.com
2014-03-31 17:43:42,s.ytimg.com
2014-03-31 17:43:42,www.youtube.com
2014-03-31 17:43:42,i1.ytimg.com
2014-03-31 17:43:43,i1.ytimg.com
2014-03-31 17:43:43,s.ytimg.com
2014-03-31 17:43:44,i1.ytimg.com
2014-03-31 17:43:45,apis.google.com
2014-03-31 17:43:45,s.ytimg.com
2014-03-31 17:43:46,accounts.google.com
2014-03-31 17:43:46,s.ytimg.com
2014-03-31 17:43:46,yt3.ggpht.com
2014-03-31 17:43:47,yt3.ggpht.com
2014-03-31 17:43:47,s.ytimg.com
2014-03-31 17:43:47,apis.google.com
2014-03-31 17:43:48,s.ytimg.com
2014-03-31 17:43:49,s.ytimg.com
2014-03-31 17:43:49,accounts.google.com
2014-03-31 17:43:49,yt3.ggpht.com
2014-03-31 17:43:50,s.ytimg.com
2014-03-31 17:43:50,clients1.google.com
2014-03-31 17:43:51,clients1.google.com
2014-03-31 17:43:52,clients1.google.com
2014-03-31 17:43:58,www.google.com
2014-03-31 17:43:59,i1.ytimg.com
2014-03-31 17:43:59,www.youtube.com
2014-03-31 17:43:59,apis.google.com
2014-03-31 17:43:59,s.ytimg.com
2014-03-31 17:44:00,i1.ytimg.com
2014-03-31 17:44:00,s.ytimg.com
2014-03-31 17:44:09,www.youtube.com
2014-03-31 17:44:09,r2---sn-gxo5uxg-jqbe.googlevideo.com
2014-03-31 17:44:10,s.ytimg.com
2014-03-31 17:44:10,yt3.ggpht.com
2014-03-31 17:44:10,i1.ytimg.com
2014-03-31 17:44:10,www.youtube.com
2014-03-31 17:44:11,plus.googleapis.com
2014-03-31 17:44:12,apis.google.com
2014-03-31 17:44:12,plus.googleapis.com
2014-03-31 17:44:14,plus.googleapis.com
2014-03-31 17:44:33,s.youtube.com
2014-03-31 17:44:36,www.youtube.com
2014-03-31 17:44:37,www.youtube.com
2014-03-31 17:44:39,www.youtube.com
2014-03-31 17:44:40,yt3.ggpht.com
2014-03-31 17:44:40,lh4.ggpht.com
2014-03-31 17:44:40,i1.ytimg.com
2014-03-31 17:44:40,r1---sn-gxo5uxg-jqbe.googlevideo.com
2014-03-31 17:44:40,www.youtube.com
2014-03-31 17:44:40,www.google.com
2014-03-31 17:44:41,www.google.com
2014-03-31 17:44:42,plus.googleapis.com
2014-03-31 17:44:42,lh4.ggpht.com
2014-03-31 17:45:08,api.bing.com
2014-03-31 17:45:09,api.bing.com
2014-03-31 17:45:10,plus.googleapis.com
2014-03-31 17:45:10,www.bing.com
2014-03-31 17:45:14,www.bing.com
2014-03-31 17:45:14,plus.googleapis.com
2014-03-31 17:45:15,www.bing.com
2014-03-31 17:45:15,www.deezer.com
2014-03-31 17:45:15,plus.googleapis.com
2014-03-31 17:45:15,cdn-files.deezer.com
2014-03-31 17:45:15,d2wy8f7a9ursnm.cloudfront.net
2014-03-31 17:45:16,apis.google.com
2014-03-31 17:45:16,ajax.googleapis.com
2014-03-31 17:45:16,connect.facebook.net
2014-03-31 17:45:16,static.ak.facebook.com
2014-03-31 17:45:17,apis.google.com
2014-03-31 17:45:17,www.facebook.com
2014-03-31 17:45:18,cdn-files.deezer.com
2014-03-31 17:45:18,www.facebook.com
2014-03-31 17:45:18,fbstatic-a.akamaihd.net
2014-03-31 17:45:18,s-static.ak.facebook.com
2014-03-31 17:45:22,fbstatic-a.akamaihd.net
2014-03-31 17:45:22,accounts.google.com
2014-03-31 17:45:22,s-static.ak.facebook.com
2014-03-31 17:45:22,www.facebook.com
2014-04-03 10:19:28,ieonline.microsoft.com
2014-04-03 11:17:03,office14client.microsoft.com
2014-04-03 11:17:04,rr.office.microsoft.com
2014-04-03 11:17:04,office.microsoft.com
2014-04-03 11:17:04,api.bing.com
2014-04-03 11:17:06,www.worldlingo.com
2014-04-03 11:17:07,services.highbeam.com
2014-04-03 11:17:07,www.microsofttranslator.com
2014-04-03 11:17:07,integrate.factiva.com
2014-04-03 15:50:03,www.hotmail.com
2014-04-03 15:50:13,login.live.com
2014-04-03 15:50:21,login.live.com
2014-04-03 15:50:42,login.live.com
2014-04-03 15:50:43,login.live.com
2014-04-03 15:50:49,mail.live.com
2014-04-03 15:50:52,dub114.mail.live.com
2014-04-03 15:50:53,dub114.mail.live.com
2014-04-03 15:50:54,cid-57561305921a3f93.users.storage.live.com
2014-04-03 15:50:54,people.directory.live.com
2014-04-03 15:50:56,dub114.mail.live.com
2014-04-03 15:50:56,js.live.net
2014-04-03 15:50:57,secure.shared.live.com
2014-04-03 15:50:58,h.live.com
2014-04-03 15:50:58,storage.live.com
2014-04-03 15:50:58,windowslive.tt.omtrdc.net
2014-04-03 15:50:59,windowslive.tt.omtrdc.net
2014-04-03 15:50:59,go.trouter.io
2014-04-03 15:50:59,storage.live.com
2014-04-03 15:50:59,h.live.com
2014-04-03 15:51:00,storage.live.com
2014-04-03 15:51:00,h.live.com
2014-04-03 15:51:01,h.live.com
2014-04-03 15:51:02,dub114.mail.live.com
2014-04-03 15:51:03,secure.shared.live.com
2014-04-03 15:51:03,dub114.mail.live.com
2014-04-03 15:51:04,h.live.com
2014-04-03 15:51:04,h2.msn.com
2014-04-03 15:51:04,g.msn.com
2014-04-03 15:51:04,dub114.mail.live.com
2014-04-03 15:51:06,h.live.com
2014-04-03 15:51:06,dub114.mail.live.com
2014-04-03 15:51:07,dub114.mail.live.com
2014-04-03 15:51:13,dub114.mail.live.com
2014-04-03 15:51:43,h.live.com
2014-04-03 15:51:43,dub114.mail.live.com
2014-04-03 15:51:44,dub114.mail.live.com
2014-04-03 15:51:45,h.live.com
2014-04-03 15:51:46,dub114.mail.live.com
2014-04-03 15:51:51,ieonline.microsoft.com
2014-04-03 15:52:46,h.live.com
2014-04-03 15:52:46,dub114.mail.live.com
2014-04-03 15:52:47,dub114.mail.live.com
2014-04-03 15:52:48,dub114.mail.live.com
2014-04-03 15:52:49,dub114.mail.live.com
2014-04-03 15:52:50,dub114.mail.live.com
2014-04-03 15:53:54,dub114.mail.live.com
2014-04-03 15:54:37,www.facebook.com
2014-04-03 15:56:59,proxy-blu-people.directory.live.com
2014-04-03 16:02:03,proxy-blu-people.directory.live.com
2014-04-03 16:03:05,h.live.com
2014-04-03 16:05:08,dub114.mail.live.com
2014-04-03 16:06:09,dub114.mail.live.com
2014-04-03 16:07:08,proxy-blu-people.directory.live.com
2014-04-03 16:07:09,dub114.mail.live.com
2014-04-03 16:08:10,dub114.mail.live.com
2014-04-03 16:10:39,p.sfx.ms
2014-04-03 16:10:39,go.trouter.io
2014-04-03 16:10:39,h.live.com
2014-04-03 16:10:39,dub114.mail.live.com
2014-04-03 16:10:47,cid-57561305921a3f93.users.storage.live.com
2014-04-03 16:10:47,g.msn.com
2014-04-14 15:48:32,ocsp.tcs.terena.org
2014-04-14 15:48:32,clients1.google.com
2014-04-14 15:48:32,ocsp.usertrust.com
2014-04-14 15:48:32,gtglobal-ocsp.geotrust.com
2014-04-14 15:48:33,clients1.google.com
2014-04-14 15:49:16,gtssl-ocsp.geotrust.com
2014-04-14 15:50:26,safebrowsing-cache.google.com
2014-04-14 15:50:26,clients1.google.com
2014-04-14 15:50:26,safebrowsing.clients.google.com
2014-04-14 15:50:27,safebrowsing-cache.google.com
2014-04-14 15:53:22,sb-ssl.google.com
2014-04-14 15:54:13,ocsp.thawte.com
2014-04-14 15:56:13,ocsp.verisign.com
2014-04-14 15:58:13,ocsp.digicert.com
2014-04-14 16:04:10,google.fr
2014-04-14 16:04:10,www.google.fr
2014-04-14 16:04:11,clients1.google.com
2014-04-14 16:04:37,seminairedesmines.files.wordpress.com
2014-04-14 16:04:37,www.google.fr
2014-04-14 16:04:38,s1.wp.com
2014-04-14 16:04:38,s2.wp.com
2014-04-14 16:04:38,s0.wp.com
2014-04-14 16:04:38,1.gravatar.com
2014-04-14 16:04:38,seminairedesmines.wordpress.com
2014-04-14 16:04:38,0.gravatar.com
2014-04-14 16:04:38,seminairedesmines.files.wordpress.com
2014-04-14 16:04:39,s2.wp.com
2014-04-14 16:04:39,0.gravatar.com
2014-04-14 16:04:39,widgets.wp.com
2014-04-14 16:04:39,s1.wp.com
2014-04-14 16:04:39,api.facebook.com
2014-04-14 16:04:39,s0.wp.com
2014-04-14 16:04:39,seminairedesmines.files.wordpress.com
2014-04-14 16:04:40,seminairedesmines.wordpress.com
2014-04-14 16:04:40,s0.wp.com
2014-04-14 16:04:40,i.huffpost.com
2014-04-14 16:04:40,scs-assets.s3.amazonaws.com
2014-04-14 16:04:40,widgets.wp.com
2014-04-14 16:04:40,clients1.google.com
2014-04-14 16:04:40,www.google.fr
2014-04-14 16:06:15,office14client.microsoft.com
2014-04-14 16:06:15,rr.office.microsoft.com
2014-04-14 16:06:35,s0.wp.com
2014-04-14 16:07:07,www.google.com
2014-04-14 16:07:15,clients1.google.fr
2014-04-14 16:07:32,www.google.fr
2014-04-14 16:07:36,apis.google.com
2014-04-14 16:07:36,accounts.google.com
2014-04-14 16:07:41,public-api.wordpress.com
2014-04-14 16:19:25,safebrowsing-cache.google.com
2014-04-14 16:19:25,safebrowsing.clients.google.com
2014-04-14 16:50:15,safebrowsing-cache.google.com
2014-04-14 16:50:15,safebrowsing.clients.google.com
2014-04-14 16:53:54,gtglobal-ocsp.geotrust.com
2014-04-14 16:53:54,www.google.fr
2014-04-14 16:53:54,clients1.google.com
2014-04-14 16:55:01,www.google.fr
2014-04-14 16:55:21,w.sharethis.com
2014-04-14 16:55:21,www.math.univ-montp2.fr
2014-04-14 16:55:21,i.creativecommons.org
2014-04-14 16:55:21,www.google.fr
2014-04-14 16:55:22,i.creativecommons.org
2014-04-14 16:55:22,www.bibmath.net
2014-04-14 16:55:22,uppix.net
2014-04-14 16:55:23,s-static.ak.facebook.com
2014-04-14 16:55:23,w.sharethis.com
2014-04-14 16:55:23,connect.facebook.net
2014-04-14 16:55:23,static.ak.facebook.com
2014-04-14 16:55:23,www.facebook.com
2014-04-14 16:55:23,edge.sharethis.com
2014-04-14 16:56:22,www.google.fr
2014-04-14 16:56:25,static.ak.facebook.com
2014-04-14 16:56:25,safebrowsing.clients.google.com
2014-04-14 16:56:25,s-static.ak.facebook.com
2014-04-14 16:56:25,www.facebook.com
2014-04-14 16:58:02,www.google.fr
2014-04-14 16:58:21,accounts.google.com
2014-04-14 16:59:21,apis.google.com
2014-04-14 17:01:55,www.google.fr
2014-04-14 17:05:15,www.google.fr
2014-04-14 17:18:44,safebrowsing.clients.google.com
2014-04-14 17:18:44,safebrowsing-cache.google.com
2014-04-14 17:18:45,safebrowsing-cache.google.com
2014-04-14 17:29:53,ocsp.tcs.terena.org
2014-04-14 17:29:54,ocsp.usertrust.com
2014-04-14 17:30:51,evsecure-ocsp.verisign.com
2014-04-14 17:30:51,hotmail.fr
2014-04-14 17:30:51,login.live.com
2014-04-14 17:30:52,ocsp.digicert.com
2014-04-14 17:30:52,evintl-ocsp.verisign.com
2014-04-14 17:30:52,login.live.com
2014-04-14 17:30:53,ocsp.digicert.com
2014-04-14 17:31:05,login.live.com
2014-04-14 17:31:05,windowslive.tt.omtrdc.net
2014-04-14 17:31:06,evintl-ocsp.verisign.com
2014-04-14 17:31:06,login.live.com
2014-04-14 17:31:08,ocsp.verisign.com
2014-04-14 17:31:11,dub114.mail.live.com
2014-04-14 17:31:16,js.live.net
2014-04-14 17:31:16,mail.live.com
2014-04-14 17:31:16,people.directory.live.com
2014-04-14 17:31:16,h.live.com
2014-04-14 17:31:16,h.bing.com
2014-04-14 17:31:16,dub114.mail.live.com
2014-04-14 17:31:16,storage.live.com
2014-04-14 17:31:16,cid-57561305921a3f93.users.storage.live.com
2014-04-14 17:31:16,secure.shared.live.com
2014-04-14 17:31:16,login.live.com
2014-04-14 17:31:16,g.live.com
2014-04-14 17:31:16,go.trouter.io
2014-04-16 10:20:22,clients1.google.com
2014-04-16 10:20:22,ocsp.tcs.terena.org
2014-04-16 10:20:22,gtglobal-ocsp.geotrust.com
2014-04-16 10:20:22,ocsp.usertrust.com
2014-04-16 10:21:19,gtssl-ocsp.geotrust.com
2014-04-16 10:22:41,clients1.google.com
2014-04-16 10:22:42,safebrowsing.clients.google.com
2014-04-16 10:22:42,safebrowsing-cache.google.com
2014-04-16 10:25:37,sb-ssl.google.com
2014-04-16 10:26:16,ocsp.thawte.com
2014-04-16 10:30:37,clients1.google.com
2014-04-16 10:30:37,ocsp.thawte.com
2014-04-16 10:30:37,gtglobal-ocsp.geotrust.com
2014-04-16 10:30:45,ocsp.tcs.terena.org
2014-04-16 10:30:45,clients1.google.com
2014-04-16 10:30:45,ocsp.usertrust.com
2014-04-16 10:30:46,clients1.google.com
2014-04-16 10:33:32,sb-ssl.google.com
2014-04-16 10:34:24,clients1.google.com
2014-04-16 10:34:25,clients1.google.com
2014-04-16 10:34:36,clients1.google.com
2014-04-16 10:34:39,safebrowsing-cache.google.com
2014-04-16 10:34:39,safebrowsing.clients.google.com
2014-04-16 10:37:21,apis.google.com
2014-04-16 10:37:22,www.google.com
2014-04-16 10:38:00,www.google.fr
2014-04-16 10:38:26,ocsp.verisign.com
2014-04-16 10:40:26,ocsp.digicert.com
2014-04-16 11:02:43,safebrowsing.clients.google.com
2014-04-16 11:02:43,safebrowsing-cache.google.com
2014-04-16 11:16:21,www.google.fr
2014-04-16 11:33:46,safebrowsing-cache.google.com
2014-04-16 11:33:46,safebrowsing.clients.google.com
2014-04-16 11:33:47,safebrowsing-cache.google.com
2014-04-16 11:35:13,clients1.google.fr
2014-04-16 11:35:15,www.google.fr
2014-04-16 11:37:14,clients1.google.com
2014-04-16 11:37:15,gtglobal-ocsp.geotrust.com
2014-04-16 11:37:37,clients1.google.com
2014-04-16 11:39:47,www.squid-cache.org
2014-04-16 11:43:37,clients1.google.fr
2014-04-16 11:44:33,www.google.fr
2014-04-16 11:49:19,www.google.fr
2014-04-16 11:53:44,ocsp.tcs.terena.org
2014-04-16 11:53:45,ocsp.usertrust.com
2014-04-16 15:38:34,ocsp.thawte.com
2014-04-16 15:38:36,clients1.google.com
2014-04-16 15:38:36,ocsp.usertrust.com
2014-04-16 15:38:36,ocsp.tcs.terena.org
2014-04-16 15:38:36,gtglobal-ocsp.geotrust.com
2014-04-16 15:39:33,gtssl-ocsp.geotrust.com
2014-04-16 15:42:31,clients1.google.com
2014-04-16 15:42:31,safebrowsing.clients.google.com
2014-04-16 15:42:32,safebrowsing-cache.google.com
2014-04-16 15:45:28,sb-ssl.google.com
2014-04-16 15:46:32,ocsp.verisign.com
2014-04-16 15:48:31,ocsp.digicert.com
2014-04-16 15:48:32,ocsp.digicert.com
2014-04-16 15:52:24,office14client.microsoft.com
2014-04-16 15:52:24,office.microsoft.com
2014-04-16 16:10:41,hotmail.com
2014-04-16 16:10:42,evsecure-ocsp.verisign.com
2014-04-16 16:10:42,sb.symcd.com
2014-04-16 16:10:42,login.live.com
2014-04-16 16:10:43,login.live.com
2014-04-16 16:10:43,ocsp.digicert.com
2014-04-16 16:10:44,ocsp.digicert.com
2014-04-16 16:10:53,windowslive.tt.omtrdc.net
2014-04-16 16:10:56,login.live.com
2014-04-16 16:10:57,evintl-ocsp.verisign.com
2014-04-16 16:10:57,login.live.com
2014-04-16 16:10:59,ocsp.verisign.com
2014-04-16 16:11:00,dub114.mail.live.com
2014-04-16 16:11:01,gtssl2-ocsp.geotrust.com
2014-04-16 16:11:58,h.bing.com
2014-04-16 16:11:58,mail.live.com
2014-04-16 16:12:03,people.directory.live.com
2014-04-16 16:12:05,storage.live.com
2014-04-16 16:12:06,cid-57561305921a3f93.users.storage.live.com
2014-04-16 16:12:11,dub114.mail.live.com
2014-04-16 16:12:11,g.msn.com
2014-04-16 16:12:12,secure.shared.live.com
2014-04-16 16:12:12,dub114.mail.live.com
2014-04-16 16:12:14,dub114.afx.ms
2014-04-16 16:12:17,g.msn.com
2014-04-16 16:12:18,login.live.com
2014-04-16 16:12:18,dub114.mail.live.com
2014-04-16 16:12:18,g.live.com
2014-04-16 16:12:20,www.bing.com
2014-04-16 16:12:20,fr.msn.com
2014-04-16 16:12:20,c.fr.msn.com
2014-04-16 16:12:21,api.bing.com
2014-04-16 16:12:21,fr.msn.com
2014-04-16 16:12:21,ia.nspmotion.com
2014-04-16 16:12:21,msfs.nspmotion.com
2014-04-16 16:12:21,platform.twitter.com
2014-04-16 16:12:21,c.fr.msn.com
2014-04-16 16:12:21,h2.msn.com
2014-04-16 16:12:22,gtssl-ocsp.geotrust.com
2014-04-16 16:12:22,platform.twitter.com
2014-04-16 16:12:22,www.bing.com
2014-04-16 16:12:23,fr.msn.com
2014-04-16 16:12:23,www.facebook.com
2014-04-16 16:12:23,static.ak.facebook.com
2014-04-16 16:12:23,windowslive.tt.omtrdc.net
2014-04-16 16:12:23,s-static.ak.facebook.com
2014-04-16 16:12:23,login.live.com
2014-04-16 16:12:23,connect.facebook.net
2014-04-16 16:12:23,evsecure-ocsp.verisign.com
2014-04-16 16:12:24,fr.msn.com
2014-04-16 16:12:29,windowslive.tt.omtrdc.net
2014-04-16 16:12:42,www.bing.com
2014-04-16 16:12:42,www.t2c.fr
2014-04-16 16:12:42,t2c.fr
2014-04-16 16:12:42,dub114.mail.live.com
2014-04-16 16:12:43,www.t2c.fr
2014-04-16 16:12:43,dub114.mail.live.com
2014-04-16 16:12:44,h.live.com
2014-04-16 16:12:46,www.t2c.fr
2014-04-16 16:12:47,www.t2c.fr
2014-04-16 16:12:50,www.t2c.fr
2014-04-16 16:12:51,www.t2c.fr
2014-04-16 16:12:53,twitter.com
2014-04-16 16:13:00,www.t2c.fr
2014-04-16 16:13:00,dub114.mail.live.com
2014-04-16 16:13:00,js.live.net
2014-04-16 16:13:08,www.t2c.fr
2014-04-16 16:13:09,www.t2c.fr
2014-04-16 16:13:11,www.t2c.fr
2014-04-16 16:13:34,safebrowsing-cache.google.com
2014-04-16 16:13:34,safebrowsing.clients.google.com
2014-04-16 16:13:38,h2.msn.com
2014-04-16 16:14:05,go.trouter.io
2014-04-16 16:14:05,platform.twitter.com
2014-04-16 16:14:05,login.secure.emea.msn.com
2014-04-16 16:14:05,pbs.twimg.com
2014-04-17 13:32:41,ocsp.thawte.com
2014-04-17 13:33:43,gtssl-ocsp.geotrust.com
2014-04-17 13:34:05,gtglobal-ocsp.geotrust.com
2014-04-17 13:34:05,ocsp.tcs.terena.org
2014-04-17 13:34:05,clients1.google.com
2014-04-17 13:34:05,ocsp.usertrust.com
2014-04-17 13:34:24,google.fr
2014-04-17 13:34:24,www.google.fr
2014-04-17 13:34:24,clients1.google.com
2014-04-17 13:34:28,clients1.google.com
2014-04-17 13:34:32,translate.google.fr
2014-04-17 13:34:32,www.google.fr
2014-04-17 13:34:33,translate.google.fr
2014-04-17 13:34:36,translate.google.fr
2014-04-17 13:34:39,translate.google.fr
2014-04-17 13:34:43,translate.google.fr
2014-04-17 13:34:44,translate.google.fr
2014-04-17 13:34:46,translate.google.fr
2014-04-17 13:34:47,translate.google.fr
2014-04-17 13:34:48,translate.google.fr
2014-04-17 13:34:49,translate.google.fr
2014-04-17 13:34:50,translate.google.fr
2014-04-17 13:34:51,translate.google.fr
2014-04-17 13:34:52,translate.google.fr
2014-04-17 13:34:57,translate.google.fr
2014-04-17 13:35:01,translate.google.fr
2014-04-17 13:35:06,translate.google.fr
2014-04-17 13:35:32,safebrowsing.clients.google.com
2014-04-17 13:35:32,safebrowsing-cache.google.com
2014-04-17 13:35:33,safebrowsing-cache.google.com
2014-04-17 13:37:23,apis.google.com
2014-04-17 13:37:24,www.google.com
2014-04-17 13:37:26,www.google.fr
2014-04-17 13:38:28,sb-ssl.google.com
2014-04-17 13:40:40,ocsp.verisign.com
2014-04-17 13:42:40,ocsp.digicert.com
2014-04-17 13:49:32,dl.patchbeam.com
2014-04-17 13:49:53,dl.patchbeam.com
2014-04-17 13:49:53,www.powerarchiver.com
2014-04-17 13:54:28,ieonline.microsoft.com
2014-04-17 14:05:27,safebrowsing.clients.google.com
2014-04-17 14:05:27,safebrowsing-cache.google.com
2014-04-17 14:24:30,ieonline.microsoft.com
2014-04-17 14:36:07,safebrowsing.clients.google.com
2014-04-17 14:36:07,safebrowsing-cache.google.com
2014-04-17 14:57:44,clients1.google.com
2014-04-17 14:57:44,gtglobal-ocsp.geotrust.com
2014-04-17 14:57:46,www.google.fr
2014-04-17 14:57:46,translate.google.fr
2014-04-17 14:57:47,translate.google.fr
2014-04-17 14:57:49,translate.google.fr
2014-04-17 14:57:50,translate.google.fr
2014-04-17 14:57:51,translate.google.fr
2014-04-17 14:57:53,translate.google.fr
2014-04-17 14:57:55,translate.google.fr
2014-04-17 14:57:57,translate.google.fr
2014-04-17 14:58:08,www.google.fr
2014-04-17 14:58:34,admin.centerblog.net
2014-04-17 14:58:34,jade01.centerblog.net
2014-04-17 14:58:34,c2.ad6media.fr
2014-04-17 14:58:34,www.google.fr
2014-04-17 14:58:34,ww12.centerblog.net
2014-04-17 14:58:35,wtpn.twenga.fr
2014-04-17 14:58:35,rbx-cdn-tpn.c4tw.net
2014-04-17 14:58:35,jade01.centerblog.net
2014-04-17 14:58:35,m.ad6media.fr
2014-04-17 14:58:35,8q4ez97ryd.b.ad6media.fr
2014-04-17 14:58:35,hjyza3n53l.s.ad6media.fr
2014-04-17 14:58:35,js.sddan.com
2014-04-17 14:58:35,ww12.centerblog.net
2014-04-17 14:58:35,7pgom5c1ao.s.ad6media.fr
2014-04-17 14:58:35,f5a9bmz6g6.s.ad6media.fr
2014-04-17 14:58:35,fr.primary.affinitad.com
2014-04-17 14:58:36,wtpn.twenga.fr
2014-04-17 14:58:36,rbx-cdn-tpn.c4tw.net
2014-04-17 14:58:36,i10.twenga.com
2014-04-17 14:58:36,ocsp.verisign.com
2014-04-17 14:58:36,www.facebook.com
2014-04-17 14:58:38,jade01.centerblog.net
2014-04-17 14:58:38,admin.centerblog.net
2014-04-17 14:58:38,ww12.centerblog.net
2014-04-17 14:58:39,jade01.centerblog.net
2014-04-17 14:58:39,fr.primary.affinitad.com
2014-04-17 14:58:39,hjyza3n53l.s.ad6media.fr
2014-04-17 14:58:39,wtpn.twenga.fr
2014-04-17 14:58:39,c2.ad6media.fr
2014-04-17 14:58:39,7pgom5c1ao.s.ad6media.fr
2014-04-17 14:58:39,8q4ez97ryd.b.ad6media.fr
2014-04-17 14:58:39,ww12.centerblog.net
2014-04-17 14:58:39,js.sddan.com
2014-04-17 14:58:40,wtpn.twenga.fr
2014-04-17 14:58:40,dps.bing.com
2014-04-17 14:58:44,user-disp.tidaltv.com
2014-04-17 14:58:45,um.simpli.fi
2014-04-17 14:59:18,www.google.fr
2014-04-17 14:59:29,www.google.fr
2014-04-17 14:59:30,jade01.centerblog.net
2014-04-17 14:59:30,admin.centerblog.net
2014-04-17 14:59:30,ww12.centerblog.net
2014-04-17 14:59:30,7pgom5c1ao.s.ad6media.fr
2014-04-17 14:59:30,c2.ad6media.fr
2014-04-17 14:59:31,wtpn.twenga.fr
2014-04-17 14:59:31,jade01.centerblog.net
2014-04-17 14:59:31,fr.primary.affinitad.com
2014-04-17 14:59:31,hjyza3n53l.s.ad6media.fr
2014-04-17 14:59:31,8q4ez97ryd.b.ad6media.fr
2014-04-17 14:59:31,ww12.centerblog.net
2014-04-17 14:59:31,js.sddan.com
2014-04-17 14:59:32,sd.symcd.com
2014-04-17 14:59:33,ocsp.godaddy.com
2014-04-17 14:59:34,ocsp.verisign.com
2014-04-17 14:59:35,jade01.centerblog.net
2014-04-17 15:00:31,ww12.centerblog.net
2014-04-17 15:00:31,cm.adgrx.com
2014-04-17 15:00:32,adventori.com
2014-04-17 15:00:32,clients1.google.com
2014-04-17 15:00:32,ocsp.comodoca.com
2014-04-17 15:00:48,pixel2368.everesttech.net
2014-04-17 15:01:12,www.google.com
2014-04-17 15:01:26,clients1.google.fr
2014-04-17 15:01:31,ww12.centerblog.net
2014-04-17 15:01:31,www.rvty.net
2014-04-17 15:01:32,c1.adform.net
2014-04-17 15:02:25,www.google.fr
2014-04-17 15:02:31,ww12.centerblog.net
2014-04-17 15:03:31,ww12.centerblog.net
2014-04-17 15:04:31,ww12.centerblog.net
2014-04-17 15:05:31,ww12.centerblog.net
2014-04-17 15:05:31,fr.ad4mat.net
2014-04-17 15:05:32,fr.ad4mat.net
2014-04-17 15:05:32,cyrillus.commander1.com
2014-04-17 15:05:32,media.cyrillus.fr
2014-04-17 15:05:32,event.etam.com
2014-04-17 15:05:32,static.ad4mat.net
2014-04-17 15:06:31,ww12.centerblog.net
2014-04-17 15:06:32,fr.ad4mat.net
2014-04-17 15:07:31,ww12.centerblog.net
2014-04-17 15:07:32,gtssl2-ocsp.geotrust.com
2014-04-17 15:08:07,safebrowsing.clients.google.com
2014-04-17 15:08:07,safebrowsing-cache.google.com
2014-04-17 15:08:31,ww12.centerblog.net
2014-04-17 15:08:32,ww12.centerblog.net
2014-04-17 15:09:32,ww12.centerblog.net
2014-04-17 15:10:32,ww12.centerblog.net
2014-04-17 15:11:32,ww12.centerblog.net
2014-04-17 15:12:32,ww12.centerblog.net
2014-04-17 15:13:32,ww12.centerblog.net
2014-04-17 15:14:32,ww12.centerblog.net
2014-04-17 15:15:32,ww12.centerblog.net
2014-04-17 15:15:33,ww12.centerblog.net
2014-04-17 15:24:15,office14client.microsoft.com
2014-04-17 15:24:15,office.microsoft.com
2014-04-22 10:22:57,login.live.com
2014-04-22 10:23:16,login.live.com
2014-04-22 10:23:41,windowslive.tt.omtrdc.net
2014-04-22 10:23:53,windowslive.tt.omtrdc.net
2014-04-22 10:25:49,ieonline.microsoft.com
2014-04-22 10:30:13,login.live.com
2014-04-22 10:30:14,login.live.com
2014-04-22 10:30:24,mail.live.com
2014-04-22 10:30:24,dub114.mail.live.com
2014-04-22 10:30:28,login.live.com
2014-04-22 10:30:29,dub114.mail.live.com
2014-04-22 10:30:29,cid-57561305921a3f93.users.storage.live.com
2014-04-22 10:30:29,people.directory.live.com
2014-04-22 10:30:31,windowslive.tt.omtrdc.net
2014-04-22 10:30:32,www.facebook.com
2014-04-22 10:30:33,login.secure.emea.msn.com
2014-04-22 10:30:33,www.facebook.com
2014-04-22 10:30:33,s-static.ak.facebook.com
2014-04-22 10:30:33,login.live.com
2014-04-22 10:30:34,h.live.com
2014-04-22 10:30:39,platform.twitter.com
2014-04-23 10:20:41,www.univ-bpclermont.fr
2014-04-23 10:20:45,www.univ-bpclermont.fr
2014-04-23 10:20:56,www.univ-bpclermont.fr
2014-04-23 10:21:33,www.univ-bpclermont.fr
2014-04-23 10:23:13,sb-ssl.google.com
2014-04-23 10:33:22,www.google.com
2014-04-23 10:33:23,www.google.fr
2014-04-23 10:33:26,apis.google.com
2014-04-23 11:20:50,clients1.google.fr
2014-04-23 11:20:53,www.google.fr
2014-04-23 12:03:31,s-static.ak.facebook.com
2014-04-23 12:03:31,www.facebook.com
2014-04-23 12:03:42,s-static.ak.facebook.com
2014-04-23 12:04:31,s3.amazonaws.com
2014-04-23 12:04:32,s-static.ak.facebook.com
2014-04-23 12:04:33,s3.amazonaws.com
2014-04-23 12:04:53,s-static.ak.facebook.com
2014-04-23 12:04:54,www.facebook.com
2014-04-23 12:04:55,www.facebook.com
2014-04-23 12:05:24,twitter.com
2014-04-23 12:06:19,clients1.google.fr
2014-04-23 12:06:27,pbs.twimg.com
2014-04-23 12:06:49,platform.twitter.com
2014-04-23 12:07:28,apis.google.com
2014-04-23 12:07:28,clients1.google.fr
2014-04-23 12:07:28,accounts.google.com
2014-04-23 12:07:28,www.google.fr
2014-04-24 13:21:30,sci.sciences.univ-bpclermont.fr
2014-04-24 13:21:31,sci.sciences.univ-bpclermont.fr
2014-04-24 13:21:31,ocsp.thawte.com
2014-04-24 13:22:32,gtssl-ocsp.geotrust.com
2014-04-24 13:23:37,sci.sciences.univ-bpclermont.fr
2014-04-24 13:24:17,gtglobal-ocsp.geotrust.com
2014-04-24 13:24:17,clients1.google.com
2014-04-24 13:24:17,safebrowsing-cache.google.com
2014-04-24 13:24:17,safebrowsing.clients.google.com
2014-04-24 13:24:18,safebrowsing-cache.google.com
2014-04-24 13:24:19,safebrowsing-cache.google.com
2014-04-24 13:24:46,ent.univ-bpclermont.fr
2014-04-24 13:24:47,ent.univ-bpclermont.fr
2014-04-24 13:24:47,www.univ-bpclermont.fr
2014-04-24 13:24:47,clients1.google.com
2014-04-24 13:24:47,ocsp.tcs.terena.org
2014-04-24 13:24:47,ocsp.usertrust.com
2014-04-24 13:25:02,www.univ-bpclermont.fr
2014-04-24 13:25:24,www.univ-bpclermont.fr
2014-04-24 13:25:24,ent.univ-bpclermont.fr
2014-04-24 13:25:26,ent.univ-bpclermont.fr
2014-04-24 13:27:12,sb-ssl.google.com
2014-04-24 13:29:30,ocsp.verisign.com
2014-04-24 13:30:24,ent.univ-bpclermont.fr
2014-04-24 13:31:30,ocsp.digicert.com
2014-04-24 13:31:42,o2i.univ-bpclermont.fr
2014-04-24 13:31:42,c2i.univ-bpclermont.fr
2014-04-24 13:31:56,o2i.univ-bpclermont.fr
2014-04-24 13:32:25,o2i.univ-bpclermont.fr
2014-04-24 13:32:39,o2i.univ-bpclermont.fr
2014-04-24 13:33:29,o2i.univ-bpclermont.fr
2014-04-24 13:53:45,safebrowsing-cache.google.com
2014-04-24 13:53:45,safebrowsing.clients.google.com
2014-04-24 14:10:15,o2i.univ-bpclermont.fr
2014-04-24 14:10:40,o2i.univ-bpclermont.fr
2014-04-24 14:11:54,o2i.univ-bpclermont.fr
2014-04-24 14:11:54,c2i.univ-bpclermont.fr
