timestamp,site
2014-02-14 15:45:41,google.fr
2014-02-14 15:45:41,www.google.fr
2014-02-14 15:45:56,www.google.fr
2014-02-14 15:45:57,apis.google.com
2014-02-14 15:45:59,www.google.com
2014-02-14 15:45:59,ajax.googleapis.com
2014-02-14 15:47:00,www.google.fr
2014-02-14 15:47:02,google-doodles.appspot.com
2014-02-14 15:47:07,ajax.googleapis.com
2014-02-14 15:47:07,apis.google.com
2014-02-14 15:47:07,www.google.com
2014-02-14 15:47:07,www.google.fr
2014-02-14 15:47:08,www.google.fr
2014-02-14 15:48:01,ieonline.microsoft.com
2014-02-14 15:49:07,ocsp.thawte.com
2014-02-14 15:49:17,gtglobal-ocsp.geotrust.com
2014-02-14 15:49:17,ocsp.usertrust.com
2014-02-14 15:49:17,clients1.google.com
2014-02-14 15:49:17,ocsp.tcs.terena.org
2014-02-14 15:49:18,clients1.google.com
2014-02-14 15:51:49,safebrowsing.clients.google.com
2014-02-14 15:51:49,safebrowsing-cache.google.com
2014-02-14 15:51:50,safebrowsing-cache.google.com
2014-02-14 15:56:54,ocsp.verisign.com
2014-02-14 15:58:54,ocsp.digicert.com
2014-02-14 15:58:55,ocsp.digicert.com
2014-02-14 16:21:35,safebrowsing-cache.google.com
2014-02-14 16:21:35,safebrowsing.clients.google.com
2014-02-14 16:21:36,safebrowsing-cache.google.com
2014-02-14 16:48:48,p-nintendo.com
2014-02-14 16:48:49,connect.facebook.net
2014-02-14 16:48:49,images.p-nintendo.com
2014-02-14 16:48:49,www.p-nintendo.com
2014-02-14 16:48:50,images.p-nintendo.com
2014-02-14 16:48:50,www.p-nintendo.com
2014-02-14 16:48:50,www.assoc-amazon.fr
2014-02-14 16:48:51,platform.twitter.com
2014-02-14 16:48:51,static.ak.facebook.com
2014-02-14 16:48:51,www.p-nintendo.com
2014-02-14 16:48:51,www.facebook.com
2014-02-14 16:48:51,podcast.p-nintendo.com
2014-02-14 16:48:52,s-static.ak.facebook.com
2014-02-14 16:48:53,www.facebook.com
2014-02-14 16:48:53,ecx.images-amazon.com
2014-02-14 16:48:53,www.p-nintendo.com
2014-02-14 16:48:53,rcm-fr.amazon.fr
2014-02-14 16:48:54,www.facebook.com
2014-02-14 16:48:54,www.p-nintendo.com
2014-02-14 16:48:55,platform.twitter.com
2014-02-14 16:48:55,www.facebook.com
2014-02-14 16:48:55,kd716u8hp0.s.ad6media.fr
2014-02-14 16:48:56,evsecure-ocsp.verisign.com
2014-02-14 16:48:59,um.simpli.fi
2014-02-14 16:49:02,adventori.com
2014-02-14 16:49:10,images.p-nintendo.com
2014-02-14 16:49:10,www.p-nintendo.com
2014-02-14 16:49:11,www.facebook.com
2014-02-14 16:49:11,platform.twitter.com
2014-02-14 16:49:11,yume.no.sakura.free.fr
2014-02-14 16:49:11,www.assoc-amazon.fr
2014-02-14 16:49:12,www.p-nintendo.com
2014-02-14 16:49:12,static.ak.facebook.com
2014-02-14 16:49:12,ocsp.godaddy.com
2014-02-14 16:49:12,ocsp.digicert.com
2014-02-14 16:49:12,s-static.ak.facebook.com
2014-02-14 16:49:13,player.vimeo.com
2014-02-14 16:49:13,rcm-fr.amazon.fr
2014-02-14 16:49:13,podcast.p-nintendo.com
2014-02-14 16:49:13,www.youtube.com
2014-02-14 16:49:14,s.ytimg.com
2014-02-14 16:49:14,clients1.google.com
2014-02-14 16:49:14,ecx.images-amazon.com
2014-02-14 16:49:14,www.google.com
2014-02-14 16:49:15,www.facebook.com
2014-02-14 16:49:15,player.vimeo.com
2014-02-14 16:49:15,www.youtube.com
2014-02-14 16:49:15,livepassdl.conviva.com
2014-02-14 16:49:16,i1.ytimg.com
2014-02-14 16:49:16,gtssl-ocsp.geotrust.com
2014-02-14 16:49:16,s.ytimg.com
2014-02-14 16:49:17,livepassdl.conviva.com
2014-02-14 16:49:18,ea.numericable.fr
2014-02-14 16:49:19,www.facebook.com
2014-02-14 16:49:19,platform.twitter.com
2014-02-14 16:49:19,livepassdl.conviva.com
2014-02-14 16:49:20,ocsp.godaddy.com
2014-02-14 16:49:21,www.p-nintendo.com
2014-02-14 16:49:21,livepassdl.conviva.com
2014-02-14 16:49:22,images.p-nintendo.com
2014-02-14 16:49:22,apnx-match.dotomi.com
2014-02-14 16:49:22,ocsp.godaddy.com
2014-02-14 16:49:23,clients1.google.com
2014-02-14 16:49:23,adventori.com
2014-02-14 16:49:23,gtglobal-ocsp.geotrust.com
2014-02-14 16:49:23,ocsp.comodoca.com
2014-02-14 16:49:23,apnx-match.dotomi.com
2014-02-14 16:49:24,ocsp.comodoca.com
2014-02-14 16:49:29,pings.conviva.com
2014-02-14 16:49:39,pixel2368.everesttech.net
2014-02-14 16:49:41,twitter.com
2014-02-14 16:51:15,platform.twitter.com
2014-02-14 16:51:16,safebrowsing.clients.google.com
2014-02-14 16:51:16,safebrowsing-cache.google.com
2014-02-14 16:51:34,clients1.google.com
2014-02-14 16:51:44,clients1.google.com
2014-02-14 16:52:03,clients1.google.com
2014-02-14 16:52:08,www.youtube.com
2014-02-14 16:52:09,s.ytimg.com
2014-02-14 16:52:17,ocsp.usertrust.com
2014-02-14 16:52:17,ocsp.tcs.terena.org
2014-02-14 16:54:29,ajax.googleapis.com
2014-02-14 16:54:30,apis.google.com
2014-02-14 16:54:31,www.google.com
2014-02-14 16:54:59,www.google.fr
2014-02-14 16:55:02,google-doodles.appspot.com
2014-02-14 16:57:54,c.developpez.com
2014-02-14 16:57:54,www.developpez.com
2014-02-14 16:57:54,www.google.com
2014-02-14 16:57:54,www.google.fr
2014-02-14 16:57:55,c.developpez.com
2014-02-14 16:57:56,c.developpez.com
2014-02-14 16:57:56,premium.hi-mediaserver.com
2014-02-14 16:57:57,rcm-fr.amazon.fr
2014-02-14 16:57:57,ecx.images-amazon.com
2014-02-14 16:57:58,ecx.images-amazon.com
2014-02-14 17:00:47,www.google.fr
2014-02-14 17:20:24,safebrowsing-cache.google.com
2014-02-14 17:20:24,safebrowsing.clients.google.com
2014-02-14 17:21:22,bits.wikimedia.org
2014-02-14 17:21:22,fr.wikipedia.org
2014-02-14 17:21:22,bit.ly
2014-02-14 17:21:23,login.wikimedia.org
2014-02-14 17:21:23,fr.wikipedia.org
2014-02-14 17:21:23,meta.wikimedia.org
2014-02-14 17:21:23,bits.wikimedia.org
2014-02-14 17:21:45,image.jeuxvideo.com
2014-02-14 17:21:45,jeuxvideo.com
2014-02-14 17:21:45,www.jeuxvideo.com
2014-02-14 17:21:46,image.jeuxvideo.com
2014-02-14 17:21:46,www.jeuxvideo.com
2014-02-14 17:21:47,image.jeuxvideo.com
2014-02-14 17:21:47,www.jeuxvideo.com
2014-02-14 17:21:48,image.jeuxvideo.com
2014-02-14 17:21:48,www.jeuxvideo.com
2014-02-14 17:21:49,apis.google.com
2014-02-14 17:21:50,clients1.google.com
2014-02-14 17:21:51,vp-demo-tom.videoplaza.tv
2014-02-14 17:21:51,premium.hi-mediaserver.com
2014-02-14 17:21:52,vp-demo-tom.videoplaza.tv
2014-02-14 17:22:14,www.jeuxvideo.com
2014-02-14 17:22:15,www.jeuxvideo.com
2014-02-14 17:22:15,image.jeuxvideo.com
2014-02-14 17:22:16,www.jeuxvideo.com
2014-02-14 17:22:17,apis.google.com
2014-02-14 17:22:18,vp-demo-tom.videoplaza.tv
2014-02-14 17:22:21,www.jeuxvideo.com
2014-02-14 17:22:22,platform.twitter.com
2014-02-14 17:22:22,image.jeuxvideo.com
2014-02-14 17:22:22,www.jeuxvideo.com
2014-02-14 17:22:23,image.jeuxvideo.com
2014-02-14 17:22:24,static.ak.facebook.com
2014-02-14 17:22:24,apis.google.com
2014-02-14 17:22:24,www.jeuxvideo.com
2014-02-14 17:22:24,platform.twitter.com
2014-02-14 17:22:25,s-static.ak.facebook.com
2014-02-14 17:22:25,www.facebook.com
2014-02-14 17:22:39,www.squid-cache.org
2014-02-14 17:22:48,nintendo-master.com
2014-02-14 17:22:49,news.webplanete.net
2014-02-14 17:22:49,www.wikio.fr
2014-02-14 17:22:49,www.nintendo-master.com
2014-02-14 17:22:49,pp.media-clic.com
2014-02-14 17:22:49,ajax.googleapis.com
2014-02-14 17:22:49,platform.twitter.com
2014-02-14 17:22:49,www.google.com
2014-02-14 17:22:49,src.nintendo-master.com
2014-02-14 17:22:50,www.facebook.com
2014-02-14 17:22:50,pp.media-clic.com
2014-02-14 17:22:50,src.nintendo-master.com
2014-02-14 17:22:50,www.nintendo-master.com
2014-02-14 17:22:51,src.nintendo-master.com
2014-02-14 17:22:51,pp.media-clic.com
2014-02-14 17:22:51,s.srvntrk.com
2014-02-14 17:22:51,r.kelkoo.com
2014-02-14 17:22:51,r6.kelkoo.com
2014-02-14 17:22:52,stdl1yep7o.b.ad6media.fr
2014-02-14 17:22:52,s.srvntrk.com
2014-02-14 17:22:53,style.ad6.fr
2014-02-14 17:22:53,stdl1yep7o.b.ad6media.fr
2014-02-14 17:22:54,rubicon-match.dotomi.com
2014-02-14 17:22:54,www.jeuxvideo.com
2014-02-14 17:22:54,rp.gwallet.com
2014-02-14 17:22:55,image.jeuxvideo.com
2014-02-14 17:22:55,twitter.com
2014-02-14 17:22:55,platform.twitter.com
2014-02-14 17:22:55,www.jeuxvideo.com
2014-02-14 17:22:56,image.jeuxvideo.com
2014-02-14 17:22:57,static.ak.facebook.com
2014-02-14 17:22:57,s-static.ak.facebook.com
2014-02-14 17:22:57,apis.google.com
2014-02-14 17:22:58,www.facebook.com
2014-02-14 17:22:58,www.jeuxvideo.com
2014-02-14 17:22:58,platform.twitter.com
2014-02-14 17:22:58,image.jeuxvideo.com
2014-02-14 17:22:59,image.jeuxvideo.com
2014-02-14 17:23:00,s-static.ak.facebook.com
2014-02-14 17:23:00,image.jeuxvideo.com
2014-02-14 17:23:00,apis.google.com
2014-02-14 17:23:00,static.ak.facebook.com
2014-02-14 17:23:01,www.facebook.com
2014-02-14 17:23:01,media.trafficcaptain.com
2014-02-14 17:23:02,www.jeuxvideo.com
2014-02-14 17:23:03,platform.twitter.com
2014-02-14 17:23:03,image.jeuxvideo.com
2014-02-14 17:23:03,www.jeuxvideo.com
2014-02-14 17:23:04,image.jeuxvideo.com
2014-02-14 17:23:05,image.jeuxvideo.com
2014-02-14 17:23:05,apis.google.com
2014-02-14 17:23:06,s-static.ak.facebook.com
2014-02-14 17:23:06,platform.twitter.com
2014-02-14 17:23:06,image.jeuxvideo.com
2014-02-14 17:23:06,static.ak.facebook.com
2014-02-14 17:23:06,www.jeuxvideo.com
2014-02-14 17:23:07,image.jeuxvideo.com
2014-02-14 17:23:08,static.ak.facebook.com
2014-02-14 17:23:08,apis.google.com
2014-02-14 17:23:08,www.facebook.com
2014-02-14 17:23:08,s-static.ak.facebook.com
2014-02-14 17:23:10,www.jeuxvideo.com
2014-02-14 17:23:10,platform.twitter.com
2014-02-14 17:23:10,image.jeuxvideo.com
2014-02-14 17:23:11,image.jeuxvideo.com
2014-02-14 17:23:11,apis.google.com
2014-02-14 17:23:12,s-static.ak.facebook.com
2014-02-14 17:23:12,www.facebook.com
2014-02-14 17:23:12,static.ak.facebook.com
2014-02-14 17:23:13,http.tidaltv.com
2014-02-14 17:23:21,image.noelshack.com
2014-02-14 17:23:21,platform.twitter.com
2014-02-14 17:23:21,www.nintendo-master.com
2014-02-14 17:23:21,pp.media-clic.com
2014-02-14 17:23:21,src.nintendo-master.com
2014-02-14 17:23:22,pp.media-clic.com
2014-02-14 17:23:22,www.nintendo-master.com
2014-02-14 17:23:22,rapidssl-ocsp.geotrust.com
2014-02-14 17:23:22,www.youtube.com
2014-02-14 17:23:22,src.nintendo-master.com
2014-02-14 17:23:23,www.youtube.com
2014-02-14 17:23:23,i1.ytimg.com
2014-02-14 17:23:23,www.facebook.com
2014-02-14 17:23:24,platform.twitter.com
2014-02-14 17:23:24,y.one.impact-ad.jp
2014-02-14 17:23:24,ce.lijit.com
2014-02-14 17:23:24,src.nintendo-master.com
2014-02-14 17:23:24,www.nintendo-master.com
2014-02-14 17:23:25,pp.media-clic.com
2014-02-14 17:23:25,www.nintendo-master.com
2014-02-14 17:23:25,r6.kelkoo.com
2014-02-14 17:23:25,r.kelkoo.com
2014-02-14 17:23:26,rp.gwallet.com
2014-02-14 17:23:26,static.ak.facebook.com
2014-02-14 17:23:26,s-static.ak.facebook.com
2014-02-14 17:23:26,pp.media-clic.com
2014-02-14 17:23:26,s.srvntrk.com
2014-02-14 17:23:26,www.nintendo-master.com
2014-02-14 17:23:26,platform.twitter.com
2014-02-14 17:23:26,connect.facebook.net
2014-02-14 17:23:26,apis.google.com
2014-02-14 17:23:27,dm16x96phj.b.ad6media.fr
2014-02-14 17:23:27,pp.media-clic.com
2014-02-14 17:23:27,s.srvntrk.com
2014-02-14 17:23:27,b0ctirwmih.b.ad6media.fr
2014-02-14 17:23:28,s-static.ak.facebook.com
2014-02-14 17:23:28,style.ad6.fr
2014-02-14 17:23:28,dm16x96phj.b.ad6media.fr
2014-02-14 17:23:28,static.ak.facebook.com
2014-02-14 17:23:28,platform.twitter.com
2014-02-14 17:23:28,www.nintendo-master.com
2014-02-14 17:23:28,b0ctirwmih.b.ad6media.fr
2014-02-14 17:23:28,src.nintendo-master.com
2014-02-14 17:23:29,style.ad6.fr
2014-02-14 17:23:29,s.srvntrk.com
2014-02-14 17:23:29,platform.twitter.com
2014-02-14 17:23:30,www.facebook.com
2014-02-14 17:23:30,rp.gwallet.com
2014-02-14 17:23:31,www.facebook.com
2014-02-14 17:23:31,pr.ybp.yahoo.com
2014-02-14 17:23:31,platform.twitter.com
2014-02-14 17:23:32,www.nintendo-master.com
2014-02-14 17:23:32,src.nintendo-master.com
2014-02-14 17:23:32,pp.media-clic.com
2014-02-14 17:23:32,platform.twitter.com
2014-02-14 17:23:32,connect.facebook.net
2014-02-14 17:23:33,pp.media-clic.com
2014-02-14 17:23:33,s.srvntrk.com
2014-02-14 17:23:33,www.nintendo-master.com
2014-02-14 17:23:34,s.srvntrk.com
2014-02-14 17:23:35,s.srvntrk.com
2014-02-14 17:23:36,b0ctirwmih.b.ad6media.fr
2014-02-14 17:23:36,dm16x96phj.b.ad6media.fr
2014-02-14 17:23:37,dm16x96phj.b.ad6media.fr
2014-02-14 17:23:37,b0ctirwmih.b.ad6media.fr
2014-02-14 17:23:38,fr.ad4mat.net
2014-02-14 17:23:39,static.ad4mat.net
2014-02-14 17:23:39,www.facebook.com
2014-02-14 17:23:39,static.ak.facebook.com
2014-02-14 17:23:39,fr.ad4mat.net
2014-02-14 17:23:39,rp.gwallet.com
2014-02-14 17:23:39,media.cyrillus.fr
2014-02-14 17:23:39,s-static.ak.facebook.com
2014-02-14 17:23:39,platform.twitter.com
2014-02-14 17:23:40,boutique-online.orange.fr
2014-02-14 17:23:42,onapp.cedexis.com
2014-02-14 17:23:42,twitter.com
2014-02-14 17:23:42,i1-js-14-3-01-10077-104019837-i.init.cedexis-radar.net
2014-02-14 17:23:43,onapp.cedexis.com
2014-02-14 17:23:46,fastly.bench.cedexis.com.global.prod.fastly.net
2014-02-14 17:23:46,onapp.cedexis.com
2014-02-14 17:23:47,fastly.bench.cedexis.com
2014-02-14 17:23:48,sfr.cedexis.com
2014-02-14 17:23:49,sfr.cedexis.com
2014-02-14 17:23:50,level3.cedexis.com
2014-02-14 17:23:51,level3.cedexis.com
2014-02-14 17:23:52,pp.media-clic.com
2014-02-14 17:23:53,pp.media-clic.com
2014-02-14 17:23:55,pp.media-clic.com
2014-02-14 17:23:55,iwu8pgj48a.b.ad6media.fr
2014-02-14 17:23:56,pp.media-clic.com
2014-02-14 17:23:57,iwu8pgj48a.b.ad6media.fr
2014-02-14 17:23:57,pp.media-clic.com
2014-02-14 17:23:57,style.ad6.fr
2014-02-14 17:23:58,b0ctirwmih.b.ad6media.fr
2014-02-14 17:23:58,dm16x96phj.b.ad6media.fr
2014-02-14 17:23:59,b0ctirwmih.b.ad6media.fr
2014-02-14 17:23:59,fr.ad4mat.net
2014-02-14 17:23:59,c1.adform.net
2014-02-14 17:23:59,www.facebook.com
2014-02-14 17:23:59,static.ad4mat.net
2014-02-14 17:24:00,a.nonstoppartner.net
2014-02-14 17:24:00,ea.numericable.fr
2014-02-14 17:24:00,gtssl-ocsp.geotrust.com
2014-02-14 17:24:00,fr.ad4mat.net
2014-02-14 17:24:00,event.etam.com
2014-02-14 17:24:02,pp.media-clic.com
2014-02-14 17:24:03,pp.media-clic.com
2014-02-14 17:24:22,pp.media-clic.com
2014-02-14 17:24:23,pp.media-clic.com
2014-02-14 17:24:24,ocsp.thawte.com
2014-02-14 17:24:25,www.facebook.com
2014-02-14 17:24:25,pp.media-clic.com
2014-02-14 17:24:27,pp.media-clic.com
2014-02-14 17:24:27,i.ssix.io
2014-02-14 17:24:28,b0ctirwmih.b.ad6media.fr
2014-02-14 17:24:29,b0ctirwmih.b.ad6media.fr
2014-02-14 17:24:29,um.simpli.fi
2014-02-14 17:24:30,rbp.mxptint.net
2014-02-14 17:24:30,match.rtbidder.net
2014-02-14 17:24:30,redir.adbutter.net
2014-02-14 17:24:30,trk-fr.makazi.com
2014-02-14 17:24:31,www.effiliation-hebergement.com
2014-02-14 17:24:32,landing.reachclic.net
2014-02-14 17:24:32,pp.media-clic.com
2014-02-14 17:24:34,dm16x96phj.b.ad6media.fr
2014-02-14 17:24:34,pp.media-clic.com
2014-02-14 17:24:34,b0ctirwmih.b.ad6media.fr
2014-02-14 17:24:35,b0ctirwmih.b.ad6media.fr
2014-02-14 17:24:35,dm16x96phj.b.ad6media.fr
2014-02-14 17:24:35,fr.ad4mat.net
2014-02-14 17:24:35,static.ad4mat.net
2014-02-14 17:24:36,static.ad4mat.net
2014-02-14 17:24:36,www.lemondedubagage.com
2014-02-14 17:24:36,www.edenshoes.fr
2014-02-14 17:24:38,fr.ad4mat.net
2014-02-14 17:24:38,static.ad4mat.net
2014-02-14 17:24:39,lemoncurve.com
2014-02-14 17:24:39,www.outiror.com
2014-02-14 17:24:44,www.vetaffaires.fr
2014-02-14 17:24:44,www.effiliation-hebergement.com
2014-02-14 17:24:52,pp.media-clic.com
2014-02-14 17:24:53,stdl1yep7o.b.ad6media.fr
2014-02-14 17:24:53,pp.media-clic.com
2014-02-14 17:24:53,iwu8pgj48a.b.ad6media.fr
2014-02-14 17:24:54,stdl1yep7o.b.ad6media.fr
2014-02-14 17:24:54,www.uaredesign.com
2014-02-14 17:24:55,banniere.reussissonsensemble.fr
2014-02-14 17:24:55,hal9000.redintelligence.net
2014-02-14 17:24:55,pp.media-clic.com
2014-02-14 17:24:55,iwu8pgj48a.b.ad6media.fr
2014-02-14 17:24:56,media.cyrillus.fr
2014-02-14 17:24:56,stdl1yep7o.b.ad6media.fr
2014-02-14 17:24:57,stdl1yep7o.b.ad6media.fr
2014-02-14 17:24:57,pp.media-clic.com
2014-02-14 17:24:58,pp.media-clic.com
2014-02-14 17:25:00,dm16x96phj.b.ad6media.fr
2014-02-14 17:25:00,b0ctirwmih.b.ad6media.fr
2014-02-14 17:25:02,b0ctirwmih.b.ad6media.fr
2014-02-14 17:25:02,dm16x96phj.b.ad6media.fr
2014-02-14 17:25:03,fr.ad4mat.net
2014-02-14 17:25:03,static.ad4mat.net
2014-02-14 17:25:04,www.love2recycle.fr
2014-02-14 17:25:04,static.aikme.de
2014-02-14 17:25:22,pp.media-clic.com
2014-02-14 17:25:23,pp.media-clic.com
2014-02-14 17:25:26,pp.media-clic.com
2014-02-14 17:25:28,stdl1yep7o.b.ad6media.fr
2014-02-14 17:25:28,pp.media-clic.com
2014-02-14 17:25:29,stdl1yep7o.b.ad6media.fr
2014-02-14 17:25:29,dm16x96phj.b.ad6media.fr
2014-02-14 17:25:29,b0ctirwmih.b.ad6media.fr
2014-02-14 17:25:30,dm16x96phj.b.ad6media.fr
2014-02-14 17:25:30,b0ctirwmih.b.ad6media.fr
2014-02-14 17:25:31,fr.ad4mat.net
2014-02-14 17:25:31,static.ad4mat.net
2014-02-14 17:25:32,www.pimkie.fr
2014-02-14 17:25:32,ocsp2.globalsign.com
2014-02-14 17:25:32,med.greatviews.de
2014-02-14 17:25:32,trf.greatviews.de
2014-02-14 17:25:33,static.ad4mat.net
2014-02-14 17:25:33,affiliation.elephorm.com
2014-02-14 17:25:33,fr.ad4mat.net
2014-02-14 17:25:33,gazoil-collection.com
2014-02-14 17:25:34,platform.twitter.com
2014-02-14 17:25:52,pp.media-clic.com
2014-02-14 17:25:53,stdl1yep7o.b.ad6media.fr
2014-02-14 17:25:53,pp.media-clic.com
2014-02-14 17:25:54,stdl1yep7o.b.ad6media.fr
2014-02-14 17:25:56,pp.media-clic.com
2014-02-14 17:25:56,iwu8pgj48a.b.ad6media.fr
2014-02-14 17:25:57,choices.truste.com
2014-02-14 17:25:57,ocsp.verisign.com
2014-02-14 17:25:57,ajax.googleapis.com
2014-02-14 17:25:57,gmtdmp.mookie1.com
2014-02-14 17:25:57,iwu8pgj48a.b.ad6media.fr
2014-02-14 17:25:58,ocsp.entrust.net
2014-02-14 17:25:58,ocsp.godaddy.com
2014-02-14 17:25:58,pp.media-clic.com
2014-02-14 17:25:58,gtssldv-ocsp.geotrust.com
2014-02-14 17:25:59,pp.media-clic.com
2014-02-14 17:25:59,ocsp.digicert.com
2014-02-14 17:26:00,ocsp.verisign.com
2014-02-14 17:26:00,ocsp.usertrust.com
2014-02-14 17:26:00,dm16x96phj.b.ad6media.fr
2014-02-14 17:26:00,ocsp.comodoca.com
2014-02-14 17:26:00,ocsp.digicert.com
2014-02-14 17:26:01,choices.truste.com
2014-02-14 17:26:01,dm16x96phj.b.ad6media.fr
2014-02-14 17:26:02,choices.truste.com
2014-02-14 17:26:04,ce.lijit.com
2014-02-14 17:26:21,accounts.google.com
2014-02-14 17:26:22,pp.media-clic.com
2014-02-14 17:26:23,stdl1yep7o.b.ad6media.fr
2014-02-14 17:26:23,pp.media-clic.com
2014-02-14 17:26:24,fr.ad4mat.net
2014-02-14 17:26:25,s.ytimg.com
2014-02-14 17:26:25,i1.ytimg.com
2014-02-14 17:26:25,fr.ad4mat.net
2014-02-14 17:26:25,www.habitat.fr
2014-02-14 17:26:25,static.ad4mat.net
2014-02-14 17:26:26,pp.media-clic.com
2014-02-14 17:26:28,pp.media-clic.com
2014-02-14 17:26:29,pp.media-clic.com
2014-02-14 17:26:29,dm16x96phj.b.ad6media.fr
2014-02-14 17:26:30,dm16x96phj.b.ad6media.fr
2014-02-14 17:26:31,dm16x96phj.b.ad6media.fr
2014-02-14 17:26:31,www.youtube.com
2014-02-14 17:26:33,apis.google.com
2014-02-14 17:26:52,pp.media-clic.com
2014-02-14 17:26:53,pp.media-clic.com
2014-02-14 17:26:54,pp.media-clic.com
2014-02-14 17:26:56,pp.media-clic.com
2014-02-14 17:26:57,stdl1yep7o.b.ad6media.fr
2014-02-14 17:26:58,stdl1yep7o.b.ad6media.fr
2014-02-14 17:26:58,pp.media-clic.com
2014-02-14 17:26:59,dm16x96phj.b.ad6media.fr
2014-02-14 17:26:59,pp.media-clic.com
2014-02-14 17:27:00,b0ctirwmih.b.ad6media.fr
2014-02-14 17:27:00,dm16x96phj.b.ad6media.fr
2014-02-14 17:27:01,fr.ad4mat.net
2014-02-14 17:27:01,dm16x96phj.b.ad6media.fr
2014-02-14 17:27:01,b0ctirwmih.b.ad6media.fr
2014-02-14 17:27:01,static.ad4mat.net
2014-02-14 17:27:05,src.nintendo-master.com
2014-02-14 17:27:05,www.nintendo-master.com
2014-02-14 17:27:05,pp.media-clic.com
2014-02-14 17:27:05,platform.twitter.com
2014-02-14 17:27:06,src.nintendo-master.com
2014-02-14 17:27:06,www.facebook.com
2014-02-14 17:27:06,pp.media-clic.com
2014-02-14 17:27:07,stdl1yep7o.b.ad6media.fr
2014-02-14 17:27:07,s.srvntrk.com
2014-02-14 17:27:08,stdl1yep7o.b.ad6media.fr
2014-02-14 17:27:08,ocsp.verisign.com
2014-02-14 17:27:08,s.srvntrk.com
2014-02-14 17:27:54,www.google.com
2014-02-14 17:28:19,www.google.fr
2014-02-14 17:30:04,www.youtube.com
2014-02-24 13:41:29,player.vimeo.com
2014-02-24 13:42:19,office14client.microsoft.com
2014-02-24 13:42:20,office.microsoft.com
2014-02-24 13:43:47,ieonline.microsoft.com
2014-02-24 14:06:54,integrate.factiva.com
2014-02-24 14:06:54,api.bing.com
2014-02-24 14:06:54,rr.office.microsoft.com
2014-02-24 14:06:54,services.highbeam.com
2014-02-24 14:06:54,office.microsoft.com
2014-02-24 14:06:55,www.worldlingo.com
2014-02-24 14:06:56,www.microsofttranslator.com
2014-02-24 14:53:20,player.vimeo.com
2014-02-24 14:54:07,www.powerarchiver.com
2014-02-24 14:54:07,dl.patchbeam.com
2014-02-24 15:27:59,player.vimeo.com
2014-03-17 13:35:14,ocsp.tcs.terena.org
2014-03-17 13:35:14,ocsp.usertrust.com
2014-03-17 13:35:15,ocsp.tcs.terena.org
2014-03-17 13:35:15,clients1.google.com
2014-03-17 13:35:15,gtglobal-ocsp.geotrust.com
2014-03-17 13:35:16,clients1.google.com
2014-03-17 13:35:32,safebrowsing.clients.google.com
2014-03-17 13:35:32,safebrowsing-cache.google.com
2014-03-17 13:35:33,safebrowsing-cache.google.com
2014-03-17 13:35:56,gtssl-ocsp.geotrust.com
2014-03-17 13:36:52,ocsp.verisign.com
2014-03-17 13:38:52,ocsp.digicert.com
2014-03-17 13:38:53,ocsp.digicert.com
2014-03-17 13:44:52,ocsp.thawte.com
2014-03-17 13:55:54,dl.patchbeam.com
2014-03-17 13:56:17,www.powerarchiver.com
2014-03-17 13:56:17,dl.patchbeam.com
2014-03-17 14:06:37,safebrowsing-cache.google.com
2014-03-17 14:06:37,safebrowsing.clients.google.com
2014-03-17 14:06:38,safebrowsing-cache.google.com
2014-03-17 14:18:17,office14client.microsoft.com
2014-03-17 14:18:17,rr.office.microsoft.com
2014-03-17 14:35:45,safebrowsing-cache.google.com
2014-03-17 14:35:45,safebrowsing.clients.google.com
2014-03-17 15:06:04,safebrowsing.clients.google.com
2014-03-17 15:06:04,safebrowsing-cache.google.com
2014-03-17 15:17:31,ocsp.tcs.terena.org
2014-03-17 15:17:31,ocsp.usertrust.com
2014-03-21 15:46:55,gtglobal-ocsp.geotrust.com
2014-03-21 15:46:55,ocsp.thawte.com
2014-03-21 15:46:55,clients1.google.com
2014-03-21 15:47:00,ocsp.tcs.terena.org
2014-03-21 15:47:00,clients1.google.com
2014-03-21 15:47:01,ocsp.usertrust.com
2014-03-21 15:47:02,clients1.google.com
2014-03-21 15:49:50,sb-ssl.google.com
2014-03-21 15:51:04,safebrowsing-cache.google.com
2014-03-21 15:51:04,safebrowsing.clients.google.com
2014-03-21 15:51:05,safebrowsing-cache.google.com
2014-03-21 15:54:44,ocsp.verisign.com
2014-03-21 15:56:44,ocsp.digicert.com
2014-03-21 16:21:50,safebrowsing.clients.google.com
2014-03-21 16:21:50,safebrowsing-cache.google.com
2014-03-21 16:52:55,safebrowsing.clients.google.com
2014-03-21 16:52:55,safebrowsing-cache.google.com
2014-03-21 16:52:56,safebrowsing-cache.google.com
2014-03-21 17:20:59,safebrowsing.clients.google.com
2014-03-21 17:20:59,safebrowsing-cache.google.com
2014-03-21 17:21:00,safebrowsing-cache.google.com
2014-03-21 17:22:57,clients1.google.com
2014-03-21 17:22:58,gtglobal-ocsp.geotrust.com
2014-03-21 17:22:59,clients1.google.com
2014-03-21 17:23:06,www.google.fr
2014-03-21 17:23:07,www.google.fr
2014-03-21 17:23:07,bits.wikimedia.org
2014-03-21 17:23:07,fr.wikipedia.org
2014-03-21 17:23:08,login.wikimedia.org
2014-03-21 17:23:08,bits.wikimedia.org
2014-03-21 17:23:09,bits.wikimedia.org
2014-03-21 17:23:10,bits.wikimedia.org
2014-03-21 17:23:11,fr.wikipedia.org
2014-03-21 17:23:11,meta.wikimedia.org
2014-03-21 17:23:11,bits.wikimedia.org
2014-03-21 17:23:12,meta.wikimedia.org
2014-03-21 17:23:32,clients1.google.com
2014-03-21 17:25:53,apis.google.com
2014-03-21 17:25:55,www.google.com
2014-03-21 17:26:33,www.google.fr
2014-03-31 13:32:04,clients1.google.com
2014-03-31 13:32:04,gtglobal-ocsp.geotrust.com
2014-03-31 13:32:04,www.google.com
2014-03-31 13:32:08,clients1.google.com
2014-03-31 13:32:10,www.google.fr
2014-03-31 13:32:10,www.europe1.fr
2014-03-31 13:32:11,connect.facebook.net
2014-03-31 13:32:11,platform.twitter.com
2014-03-31 13:32:11,www.europe1.fr
2014-03-31 13:32:11,cdn2-new-europe1.ladmedia.fr
2014-03-31 13:32:11,lelab.europe1.fr
2014-03-31 13:32:11,cdn-new-europe1.ladmedia.fr
2014-03-31 13:32:11,photo.europe1.fr
2014-03-31 13:32:12,photo.europe1.fr
2014-03-31 13:32:12,www.europe1.fr
2014-03-31 13:32:12,static.ak.facebook.com
2014-03-31 13:32:12,clients1.google.com
2014-03-31 13:32:12,x2.vindicosuite.com
2014-03-31 13:32:14,x2.vindicosuite.com
2014-03-31 13:32:14,rbp.mxptint.net
2014-03-31 13:32:15,dc1w54.wysistat.com
2014-03-31 13:32:15,ocsp.verisign.com
2014-03-31 13:32:15,www.europe1.fr
2014-03-31 13:32:15,platform.twitter.com
2014-03-31 13:32:15,emailretargeting.com
2014-03-31 13:32:15,www.facebook.com
2014-03-31 13:32:15,c1.adform.net
2014-03-31 13:32:15,clients1.google.com
2014-03-31 13:32:15,pr.ybp.yahoo.com
2014-03-31 13:32:15,www.google.com
2014-03-31 13:32:15,team.newsweb.fr
2014-03-31 13:32:16,gtssl-ocsp.geotrust.com
2014-03-31 13:32:16,rp.gwallet.com
2014-03-31 13:32:16,evsecure-ocsp.verisign.com
2014-03-31 13:32:16,ocsp.comodoca.com
2014-03-31 13:32:32,pixel2368.everesttech.net
2014-03-31 13:32:33,ocsp.tcs.terena.org
2014-03-31 13:32:33,clients1.google.com
2014-03-31 13:32:33,ocsp.usertrust.com
2014-03-31 13:32:46,twitter.com
2014-03-31 13:33:00,gtssl-ocsp.geotrust.com
2014-03-31 13:34:08,s-static.ak.facebook.com
2014-03-31 13:34:11,b12.myspace.com
2014-03-31 13:34:19,safebrowsing.clients.google.com
2014-03-31 13:34:19,safebrowsing-cache.google.com
2014-03-31 13:35:05,www.google.com
2014-03-31 13:35:05,www.google.fr
2014-03-31 13:35:07,apis.google.com
2014-03-31 13:35:08,accounts.google.com
2014-03-31 13:35:16,www.facebook.com
2014-03-31 13:37:14,sb-ssl.google.com
2014-03-31 13:37:59,ocsp.thawte.com
2014-03-31 13:39:59,ocsp.verisign.com
2014-03-31 13:41:59,ocsp.digicert.com
2014-03-31 13:46:02,www.google.fr
2014-03-31 13:46:05,clients1.google.com
2014-03-31 13:46:28,clients1.google.com
2014-03-31 13:48:58,www.google.fr
2014-03-31 13:49:03,accounts.youtube.com
2014-03-31 13:49:09,mail.google.com
2014-03-31 13:49:21,www.google.com
2014-03-31 13:49:23,plus.google.com
2014-03-31 13:49:30,apis.google.com
2014-03-31 13:49:30,accounts.google.com
2014-03-31 13:50:23,gg.google.com
2014-03-31 13:50:23,clients2.google.com
2014-03-31 13:50:23,0.drive.google.com
2014-03-31 13:50:24,clients6.google.com
2014-03-31 13:50:34,docs.google.com
2014-03-31 13:50:35,0.docs.google.com
2014-03-31 13:50:42,drive.google.com
2014-03-31 14:05:35,safebrowsing-cache.google.com
2014-03-31 14:05:35,safebrowsing.clients.google.com
2014-03-31 14:36:45,safebrowsing.clients.google.com
2014-03-31 14:36:46,safebrowsing-cache.google.com
2014-03-31 15:06:41,safebrowsing.clients.google.com
2014-03-31 15:06:41,safebrowsing-cache.google.com
2014-04-04 13:30:57,ocsp.thawte.com
2014-04-04 13:30:57,gtglobal-ocsp.geotrust.com
2014-04-04 13:30:57,clients1.google.com
2014-04-04 13:30:59,clients1.google.com
2014-04-04 13:30:59,ocsp.tcs.terena.org
2014-04-04 13:31:00,ocsp.usertrust.com
2014-04-04 13:31:00,clients1.google.com
2014-04-04 13:31:59,safebrowsing.clients.google.com
2014-04-04 13:32:00,safebrowsing-cache.google.com
2014-04-04 13:33:52,sb-ssl.google.com
2014-04-04 13:38:46,ocsp.verisign.com
2014-04-04 13:40:46,ocsp.digicert.com
2014-04-04 14:03:10,safebrowsing.clients.google.com
2014-04-04 14:03:11,safebrowsing-cache.google.com
2014-04-04 14:03:12,safebrowsing-cache.google.com
2014-04-04 14:31:35,safebrowsing.clients.google.com
2014-04-04 14:31:36,safebrowsing-cache.google.com
2014-04-04 14:31:37,safebrowsing-cache.google.com
2014-04-04 14:59:53,safebrowsing-cache.google.com
2014-04-04 14:59:53,safebrowsing.clients.google.com
2014-04-04 14:59:54,safebrowsing-cache.google.com
2014-04-14 13:36:39,gtglobal-ocsp.geotrust.com
2014-04-14 13:36:39,clients1.google.com
2014-04-14 13:36:40,safebrowsing-cache.google.com
2014-04-14 13:36:40,safebrowsing.clients.google.com
2014-04-14 13:36:44,clients1.google.com
2014-04-14 13:36:44,ocsp.usertrust.com
2014-04-14 13:36:44,ocsp.tcs.terena.org
2014-04-14 13:36:52,clients1.google.com
2014-04-14 13:36:56,ocsp.tcs.terena.org
2014-04-14 13:37:00,ieonline.microsoft.com
2014-04-14 13:37:03,ieonline.microsoft.com
2014-04-14 13:39:34,sb-ssl.google.com
2014-04-14 13:41:43,ocsp.thawte.com
2014-04-14 13:41:43,gtglobal-ocsp.geotrust.com
2014-04-14 13:41:43,clients1.google.com
2014-04-14 13:41:46,ocsp.usertrust.com
2014-04-14 13:41:46,clients1.google.com
2014-04-14 13:41:46,ocsp.tcs.terena.org
2014-04-14 13:41:47,clients1.google.com
2014-04-14 13:44:38,sb-ssl.google.com
2014-04-14 13:44:40,safebrowsing-cache.google.com
2014-04-14 13:44:40,safebrowsing.clients.google.com
2014-04-14 13:44:41,safebrowsing-cache.google.com
2014-04-14 13:47:03,clients1.google.com
2014-04-14 13:47:06,www.google.fr
2014-04-14 13:47:07,www.facebook.com
2014-04-14 13:47:07,www.nintendo-master.com
2014-04-14 13:47:07,src.nintendo-master.com
2014-04-14 13:47:07,code.jquery.com
2014-04-14 13:47:07,platform.twitter.com
2014-04-14 13:47:07,news.webplanete.net
2014-04-14 13:47:07,pp.media-clic.com
2014-04-14 13:47:07,www.wikio.fr
2014-04-14 13:47:08,pp.media-clic.com
2014-04-14 13:47:08,www.nintendo-master.com
2014-04-14 13:47:08,src.nintendo-master.com
2014-04-14 13:47:09,i.imgur.com
2014-04-14 13:47:09,s.srvntrk.com
2014-04-14 13:47:09,pp.media-clic.com
2014-04-14 13:47:10,www.vshop.fr
2014-04-14 13:47:10,vshop.fr
2014-04-14 13:47:10,fr.ad4mat.net
2014-04-14 13:47:11,pr.ybp.yahoo.com
2014-04-14 13:47:11,ocsp.comodoca.com
2014-04-14 13:47:11,js.sddan.com
2014-04-14 13:47:11,rbp.mxptint.net
2014-04-14 13:47:11,vshop.fr
2014-04-14 13:47:11,clients1.google.com
2014-04-14 13:47:11,ajax.googleapis.com
2014-04-14 13:47:11,user-disp.tidaltv.com
2014-04-14 13:47:12,event.etam.com
2014-04-14 13:47:12,cyrillus.commander1.com
2014-04-14 13:47:12,static.ad4mat.net
2014-04-14 13:47:12,www.facebook.com
2014-04-14 13:47:12,fr.ad4mat.net
2014-04-14 13:47:12,js.sddan.com
2014-04-14 13:47:12,ocsp.comodoca.com
2014-04-14 13:47:13,media.cyrillus.fr
2014-04-14 13:47:13,js.sddan.com
2014-04-14 13:47:14,dps.bing.com
2014-04-14 13:47:14,www.nintendo-master.com
2014-04-14 13:47:14,src.nintendo-master.com
2014-04-14 13:47:14,platform.twitter.com
2014-04-14 13:47:15,src.nintendo-master.com
2014-04-14 13:47:15,www.nintendo-master.com
2014-04-14 13:47:15,image.noelshack.com
2014-04-14 13:47:15,pp.media-clic.com
2014-04-14 13:47:15,images.nintendolife.com
2014-04-14 13:47:23,www.nintendo-master.com
2014-04-14 13:47:27,pixel2368.everesttech.net
2014-04-14 13:47:31,pp.media-clic.com
2014-04-14 13:47:31,src.nintendo-master.com
2014-04-14 13:47:31,www.nintendo-master.com
2014-04-14 13:47:31,platform.twitter.com
2014-04-14 13:47:32,eultech.fnac.com
2014-04-14 13:47:32,www.nintendo-master.com
2014-04-14 13:47:32,platform.twitter.com
2014-04-14 13:47:32,static.ak.facebook.com
2014-04-14 13:47:32,apis.google.com
2014-04-14 13:47:32,connect.facebook.net
2014-04-14 13:47:32,pp.media-clic.com
2014-04-14 13:47:32,s.srvntrk.com
2014-04-14 13:47:32,multimedia.fnac.com
2014-04-14 13:47:33,s-static.ak.facebook.com
2014-04-14 13:47:34,clients1.google.com
2014-04-14 13:47:34,evsecure-ocsp.verisign.com
2014-04-14 13:47:34,s.srvntrk.com
2014-04-14 13:47:34,platform.twitter.com
2014-04-14 13:47:35,www.facebook.com
2014-04-14 13:47:35,s-static.ak.facebook.com
2014-04-14 13:47:35,fr.ad4mat.net
2014-04-14 13:47:35,wtpn.twenga.fr
2014-04-14 13:47:35,vshop.fr
2014-04-14 13:47:35,aol-match.dotomi.com
2014-04-14 13:47:35,rubicon-match.dotomi.com
2014-04-14 13:47:35,platform.twitter.com
2014-04-14 13:47:35,s.srvntrk.com
2014-04-14 13:47:35,ocsp.digicert.com
2014-04-14 13:47:35,static.ak.facebook.com
2014-04-14 13:47:36,um.simpli.fi
2014-04-14 13:47:36,ce.lijit.com
2014-04-14 13:47:36,rp.gwallet.com
2014-04-14 13:47:36,www.smashbros.com
2014-04-14 13:47:36,dtm.lastcall.com
2014-04-14 13:47:36,ocsp.thawte.com
2014-04-14 13:47:36,js.sddan.com
2014-04-14 13:47:36,www.facebook.com
2014-04-14 13:47:36,vshop.fr
2014-04-14 13:47:37,c1.adform.net
2014-04-14 13:47:37,rbx-cdn-tpn.c4tw.net
2014-04-14 13:47:37,match.rtbidder.net
2014-04-14 13:47:39,www.google.com
2014-04-14 13:47:39,mm.eulerian.net
2014-04-14 13:47:39,c1.adform.net
2014-04-14 13:47:39,i11.twenga.com
2014-04-14 13:47:39,www.facebook.com
2014-04-14 13:47:40,www.facebook.com
2014-04-14 13:47:40,fr.ad4mat.net
2014-04-14 13:47:41,static.ad4mat.net
2014-04-14 13:47:42,ea.numericable.fr
2014-04-14 13:47:42,boutique-online.orange.fr
2014-04-14 13:47:43,um.simpli.fi
2014-04-14 13:47:43,adventori.com
2014-04-14 13:47:43,cm.adgrx.com
2014-04-14 13:47:44,user-disp.tidaltv.com
2014-04-14 13:47:44,apnx-match.dotomi.com
2014-04-14 13:47:45,pp.media-clic.com
2014-04-14 13:47:46,apnx-match.dotomi.com
2014-04-14 13:47:46,c1.adform.net
2014-04-14 13:47:48,www.nintendo-master.com
2014-04-14 13:47:49,www.nintendo-master.com
2014-04-14 13:48:01,pp.media-clic.com
2014-04-14 13:48:05,twitter.com
2014-04-14 13:48:05,platform.twitter.com
2014-04-14 13:48:08,pp.media-clic.com
2014-04-14 13:49:35,ocsp.verisign.com
2014-04-14 13:50:00,www.google.fr
2014-04-14 13:50:00,www.google.com
2014-04-14 13:50:05,apis.google.com
2014-04-14 13:50:05,accounts.google.com
2014-04-14 13:50:58,gtglobal-ocsp.geotrust.com
2014-04-14 13:50:58,ocsp.tcs.terena.org
2014-04-14 13:50:58,clients1.google.com
2014-04-14 13:50:59,ocsp.usertrust.com
2014-04-14 13:50:59,clients1.google.com
2014-04-14 13:51:57,gtssl-ocsp.geotrust.com
2014-04-14 13:53:38,clients1.google.com
2014-04-14 13:53:42,clients1.google.com
2014-04-14 13:53:49,sergelama.forumdesfans.com
2014-04-14 13:53:49,www.google.fr
2014-04-14 13:53:49,xooit.xooit.com
2014-04-14 13:53:49,img.xooimage.com
2014-04-14 13:53:50,www.google.com
2014-04-14 13:53:50,fr.91.slidein.clickintext.net
2014-04-14 13:53:50,img.xooimage.com
2014-04-14 13:53:50,sergelama.forumdesfans.com
2014-04-14 13:53:50,img96.xooimage.com
2014-04-14 13:53:50,criteo.xooit.com
2014-04-14 13:53:50,fr.91.clickintext.net
2014-04-14 13:53:50,www.sanmarina.fr
2014-04-14 13:53:51,www.google.com
2014-04-14 13:53:51,www.google.fr
2014-04-14 13:53:51,clients1.google.com
2014-04-14 13:53:51,fr.96.clickintext.net
2014-04-14 13:53:52,www.google.fr
2014-04-14 13:53:58,www.google.com
2014-04-14 13:53:58,www.google.fr
2014-04-14 13:53:58,apis.google.com
2014-04-14 13:53:58,clients1.google.fr
2014-04-14 13:57:00,clients1.google.com
2014-04-14 13:57:00,ocsp.usertrust.com
2014-04-14 13:57:00,gtglobal-ocsp.geotrust.com
2014-04-14 13:57:00,ocsp.tcs.terena.org
2014-04-14 13:57:01,clients1.google.com
2014-04-14 13:57:55,gtssl-ocsp.geotrust.com
2014-04-14 14:01:49,clients1.google.com
2014-04-14 14:01:49,safebrowsing-cache.google.com
2014-04-14 14:01:49,safebrowsing.clients.google.com
2014-04-14 14:01:50,safebrowsing-cache.google.com
2014-04-14 14:02:51,ocsp.thawte.com
2014-04-14 14:04:45,sb-ssl.google.com
2014-04-14 14:04:51,ocsp.verisign.com
2014-04-14 14:06:50,ocsp.digicert.com
2014-04-14 14:08:38,www.google.com
2014-04-14 14:08:38,clients1.google.com
2014-04-14 14:08:47,bits.wikimedia.org
2014-04-14 14:08:47,fr.wikipedia.org
2014-04-14 14:08:47,www.google.fr
2014-04-14 14:08:48,bits.wikimedia.org
2014-04-14 14:08:48,www.google.fr
2014-04-14 14:08:48,fr.wikipedia.org
2014-04-14 14:08:49,fr.wikipedia.org
2014-04-14 14:08:49,meta.wikimedia.org
2014-04-14 14:08:49,login.wikimedia.org
2014-04-14 14:08:49,bits.wikimedia.org
2014-04-14 14:11:34,apis.google.com
2014-04-14 14:11:35,www.google.com
2014-04-14 14:11:36,clients1.google.fr
2014-04-14 14:11:39,www.google.fr
2014-04-14 14:19:43,office14client.microsoft.com
2014-04-14 14:19:44,rr.office.microsoft.com
2014-04-14 14:33:17,safebrowsing-cache.google.com
2014-04-14 14:33:17,safebrowsing.clients.google.com
2014-04-14 14:50:18,www.google.com
2014-04-14 14:51:15,www.google.fr
2014-04-14 14:51:17,pierrot-design.perso.sfr.fr
2014-04-14 14:51:53,pierrot-design.perso.sfr.fr
2014-04-14 14:51:54,pierrot-design.perso.sfr.fr
2014-04-14 14:51:54,www.flickr.com
2014-04-14 14:51:55,farm3.staticflickr.com
2014-04-14 14:51:55,farm4.staticflickr.com
2014-04-14 14:51:55,pierrot-design.perso.sfr.fr
2014-04-14 14:53:04,clients1.google.fr
2014-04-14 14:53:04,www.google.fr
2014-04-14 14:53:04,www.google.com
2014-04-14 14:55:59,clients1.google.com
2014-04-14 14:55:59,gtglobal-ocsp.geotrust.com
2014-04-14 14:55:59,ocsp.tcs.terena.org
2014-04-14 14:56:00,ocsp.usertrust.com
2014-04-14 14:56:57,gtssl-ocsp.geotrust.com
2014-04-14 14:59:01,clients1.google.com
2014-04-14 14:59:01,safebrowsing.clients.google.com
2014-04-14 14:59:01,safebrowsing-cache.google.com
2014-04-14 14:59:02,safebrowsing-cache.google.com
2014-04-14 15:01:57,sb-ssl.google.com
2014-04-14 15:01:57,ocsp.thawte.com
2014-04-14 15:03:57,ocsp.verisign.com
2014-04-14 15:05:57,ocsp.digicert.com
2014-04-25 14:15:34,ocsp.thawte.com
2014-04-25 14:15:36,gtglobal-ocsp.geotrust.com
2014-04-25 14:15:36,ocsp.usertrust.com
2014-04-25 14:15:36,clients1.google.com
2014-04-25 14:15:36,ent.univ-bpclermont.fr
2014-04-25 14:15:36,www.univ-bpclermont.fr
2014-04-25 14:15:36,ocsp.tcs.terena.org
2014-04-25 14:15:37,ent.univ-bpclermont.fr
2014-04-25 14:15:38,clients1.google.com
2014-04-25 14:15:49,www.univ-bpclermont.fr
2014-04-25 14:16:01,ent.univ-bpclermont.fr
2014-04-25 14:16:02,ent.univ-bpclermont.fr
2014-04-25 14:16:03,www.univ-bpclermont.fr
2014-04-25 14:16:03,ent.univ-bpclermont.fr
2014-04-25 14:16:28,ent.univ-bpclermont.fr
2014-04-25 14:16:29,www.univ-bpclermont.fr
2014-04-25 14:16:29,ent.univ-bpclermont.fr
2014-04-25 14:16:29,claroline.univ-bpclermont.fr
2014-04-25 14:16:31,claroline.univ-bpclermont.fr
2014-04-25 14:16:32,claroline.univ-bpclermont.fr
2014-04-25 14:16:43,claroline.univ-bpclermont.fr
2014-04-25 14:16:44,claroline.univ-bpclermont.fr
2014-04-25 14:16:52,claroline.univ-bpclermont.fr
2014-04-25 14:16:57,claroline.univ-bpclermont.fr
2014-04-25 14:16:59,claroline.univ-bpclermont.fr
2014-04-25 14:17:00,claroline.univ-bpclermont.fr
2014-04-25 14:17:17,ent.univ-bpclermont.fr
2014-04-25 14:17:18,claroline.univ-bpclermont.fr
2014-04-25 14:17:31,ent.univ-bpclermont.fr
2014-04-25 14:17:33,claroline.univ-bpclermont.fr
2014-04-25 14:17:51,ent.univ-bpclermont.fr
2014-04-25 14:18:03,claroline.univ-bpclermont.fr
2014-04-25 14:18:19,ent.univ-bpclermont.fr
2014-04-25 14:18:20,claroline.univ-bpclermont.fr
2014-04-25 14:18:32,ent.univ-bpclermont.fr
2014-04-25 14:18:41,claroline.univ-bpclermont.fr
2014-04-25 14:18:58,ent.univ-bpclermont.fr
2014-04-25 14:19:22,www.google.com
2014-04-25 14:19:22,clients1.google.com
2014-04-25 14:19:33,clients1.google.com
2014-04-25 14:19:37,www.google.fr
2014-04-25 14:19:37,fr.wikipedia.org
2014-04-25 14:19:38,bits.wikimedia.org
2014-04-25 14:19:39,meta.wikimedia.org
2014-04-25 14:19:39,fr.wikipedia.org
2014-04-25 14:19:39,login.wikimedia.org
2014-04-25 14:19:39,bits.wikimedia.org
2014-04-25 14:19:40,meta.wikimedia.org
2014-04-25 14:19:44,fr.wikiversity.org
2014-04-25 14:19:45,bits.wikimedia.org
2014-04-25 14:19:45,login.wikimedia.org
2014-04-25 14:19:47,meta.wikimedia.org
2014-04-25 14:19:47,bits.wikimedia.org
2014-04-25 14:19:58,safebrowsing.clients.google.com
2014-04-25 14:19:58,safebrowsing-cache.google.com
2014-04-25 14:19:59,safebrowsing-cache.google.com
2014-04-25 14:20:00,safebrowsing-cache.google.com
2014-04-25 14:22:30,apis.google.com
2014-04-25 14:22:31,www.google.com
2014-04-25 14:22:32,www.google.fr
2014-04-25 14:23:24,ocsp.verisign.com
2014-04-25 14:24:21,stephane.raffaud.pagesperso-orange.fr
2014-04-25 14:24:26,fr.wikipedia.org
2014-04-25 14:24:30,www.snake-online-game.com
2014-04-25 14:24:31,www.snake-online-game.com
2014-04-25 14:24:33,www.snake-online-game.com
2014-04-25 14:24:35,clients1.google.com
2014-04-25 14:25:24,ocsp.digicert.com
2014-04-25 14:25:35,fr.wikiversity.org
2014-04-25 14:25:35,bits.wikimedia.org
2014-04-25 14:25:36,bits.wikimedia.org
2014-04-25 14:25:37,meta.wikimedia.org
2014-04-25 14:25:37,bits.wikimedia.org
2014-04-25 14:25:46,www.google.com
