timestamp,site
2014-02-21 13:45:10,www.google.fr
2014-02-21 13:45:15,www.google.fr
2014-02-21 13:45:16,www.google.com
2014-02-21 13:45:16,apis.google.com
2014-02-21 13:45:27,apis.google.com
2014-02-21 13:45:27,www.google.com
2014-02-21 13:45:27,www.google.fr
2014-02-21 13:46:04,player.vimeo.com
2014-02-21 13:46:58,office14client.microsoft.com
2014-02-21 13:46:59,office.microsoft.com
2014-02-21 13:47:00,office.microsoft.com
2014-02-21 13:47:41,www.google.fr
2014-02-21 13:47:49,www.google.fr
2014-02-21 13:47:50,www.google.fr
2014-02-21 13:47:51,www.ncbi.nlm.nih.gov
2014-02-21 13:47:51,static.pubmed.gov
2014-02-21 13:48:16,www.ncbi.nlm.nih.gov
2014-02-21 13:48:16,blast.ncbi.nlm.nih.gov
2014-02-21 13:48:17,blast.ncbi.nlm.nih.gov
2014-02-21 13:48:24,blast.ncbi.nlm.nih.gov
2014-02-21 13:48:24,www.ncbi.nlm.nih.gov
2014-02-21 13:48:25,blast.ncbi.nlm.nih.gov
2014-02-21 14:12:38,ieonline.microsoft.com
2014-02-25 08:11:51,www.bing.com
2014-02-25 08:12:07,go.microsoft.com
2014-02-25 08:12:08,www.iegallery.com
2014-02-25 08:12:09,www.iegallery.com
2014-02-25 08:12:10,www.iegallery.com
2014-02-25 08:12:11,www.iegallery.com
2014-02-25 08:12:34,www.google.fr
2014-02-25 08:12:35,www.google.fr
2014-02-25 08:12:36,www.google.com
2014-02-25 08:12:36,www.google.fr
2014-02-25 08:12:54,www.google.com
2014-02-25 08:12:55,www.google.fr
2014-02-25 08:13:38,player.vimeo.com
2014-02-25 08:13:38,www.google.fr
2014-03-27 08:11:18,www.google.com
2014-03-27 08:13:38,www.google.com
2014-03-27 08:13:39,gtglobal-ocsp.geotrust.com
2014-03-27 08:13:39,clients1.google.com
2014-03-27 08:13:42,www.google.fr
2014-03-27 08:13:45,annotathon.org
2014-03-27 08:14:13,annotathon.org
2014-03-27 08:14:14,annotathon.org
2014-03-27 08:14:21,annotathon.org
2014-03-27 08:14:23,annotathon.org
2014-03-27 08:14:23,annotathon.univ-mrs.fr
2014-03-27 08:14:53,annotathon.org
2014-03-27 08:15:23,annotathon.org
2014-03-27 08:15:33,safebrowsing.clients.google.com
2014-03-27 08:15:33,safebrowsing-cache.google.com
2014-03-27 08:15:54,annotathon.org
2014-03-27 08:16:23,annotathon.org
2014-03-27 08:16:36,www.google.fr
2014-03-27 08:16:36,www.google.com
2014-03-27 08:16:36,apis.google.com
2014-03-27 08:16:53,annotathon.org
2014-03-27 08:17:23,annotathon.org
2014-03-27 08:17:24,ocsp.thawte.com
2014-03-27 08:17:53,annotathon.org
2014-03-27 08:18:23,annotathon.org
2014-03-27 08:18:29,sb-ssl.google.com
2014-03-27 08:18:53,annotathon.org
2014-03-27 08:19:25,annotathon.org
2014-03-27 08:19:55,annotathon.org
2014-03-27 08:20:25,annotathon.org
2014-03-27 08:20:55,annotathon.org
2014-03-27 08:21:25,annotathon.org
2014-03-27 08:21:55,annotathon.org
2014-03-27 08:22:25,annotathon.org
2014-03-27 08:22:55,annotathon.org
2014-03-27 08:23:22,www.google.com
2014-03-27 08:23:23,www.google.com
2014-03-27 08:23:25,annotathon.org
2014-03-27 08:23:26,www.ncbi.nlm.nih.gov
2014-03-27 08:23:26,www.google.fr
2014-03-27 08:23:27,blast.ncbi.nlm.nih.gov
2014-03-27 08:23:27,www.ncbi.nlm.nih.gov
2014-03-27 08:23:30,blast.ncbi.nlm.nih.gov
2014-03-27 08:23:31,www.ncbi.nlm.nih.gov
2014-03-27 08:23:31,blast.ncbi.nlm.nih.gov
2014-03-27 08:23:32,blast.ncbi.nlm.nih.gov
2014-03-27 08:23:55,annotathon.org
2014-03-27 08:24:11,blast.ncbi.nlm.nih.gov
2014-03-27 08:24:12,blast.ncbi.nlm.nih.gov
2014-03-27 08:24:19,blast.ncbi.nlm.nih.gov
2014-03-27 08:24:24,blast.ncbi.nlm.nih.gov
2014-03-27 08:24:24,annotathon.org
2014-03-27 08:24:25,blast.ncbi.nlm.nih.gov
2014-03-27 08:24:27,www.ncbi.nlm.nih.gov
2014-03-27 08:24:28,blast.ncbi.nlm.nih.gov
2014-03-27 08:24:30,blast.ncbi.nlm.nih.gov
2014-03-27 08:24:30,www.ncbi.nlm.nih.gov
2014-03-27 08:24:33,blast.ncbi.nlm.nih.gov
2014-03-27 08:24:33,www.ncbi.nlm.nih.gov
2014-03-27 08:24:35,www.ncbi.nlm.nih.gov
2014-03-27 08:24:36,blast.ncbi.nlm.nih.gov
2014-03-27 08:24:39,www.ncbi.nlm.nih.gov
2014-03-27 08:24:43,blast.ncbi.nlm.nih.gov
2014-03-27 08:24:46,www.ncbi.nlm.nih.gov
2014-03-27 08:24:54,annotathon.org
2014-03-27 08:24:56,blast.ncbi.nlm.nih.gov
2014-03-27 08:24:57,blast.ncbi.nlm.nih.gov
2014-03-27 08:24:58,www.ncbi.nlm.nih.gov
2014-03-27 08:24:59,blast.ncbi.nlm.nih.gov
2014-03-27 08:24:59,www.ncbi.nlm.nih.gov
2014-03-27 08:25:02,blast.ncbi.nlm.nih.gov
2014-03-27 08:25:03,blast.ncbi.nlm.nih.gov
2014-03-27 08:25:05,www.ncbi.nlm.nih.gov
2014-03-27 08:25:07,blast.ncbi.nlm.nih.gov
2014-03-27 08:25:08,blast.ncbi.nlm.nih.gov
2014-03-27 08:25:14,blast.ncbi.nlm.nih.gov
2014-03-27 08:25:17,blast.ncbi.nlm.nih.gov
2014-03-27 08:25:20,blast.ncbi.nlm.nih.gov
2014-03-27 08:25:24,annotathon.org
2014-03-27 08:25:34,blast.ncbi.nlm.nih.gov
2014-03-27 08:25:35,blast.ncbi.nlm.nih.gov
2014-03-27 08:25:47,blast.ncbi.nlm.nih.gov
2014-03-27 08:25:48,blast.ncbi.nlm.nih.gov
2014-03-27 08:25:54,annotathon.org
2014-03-27 08:26:20,www.google.fr
2014-03-27 08:26:20,www.google.com
2014-03-27 08:26:24,annotathon.org
2014-03-27 08:26:54,annotathon.org
2014-03-27 08:27:24,annotathon.org
2014-03-27 08:27:54,annotathon.org
2014-03-27 08:28:24,annotathon.org
2014-03-27 08:28:54,annotathon.org
2014-03-27 08:28:57,blast.ncbi.nlm.nih.gov
2014-03-27 08:28:58,static.pubmed.gov
2014-03-27 08:28:58,www.ncbi.nlm.nih.gov
2014-03-27 08:28:59,static.pubmed.gov
2014-03-27 08:28:59,www.ncbi.nlm.nih.gov
2014-03-27 08:29:00,www.ncbi.nlm.nih.gov
2014-03-27 08:29:21,www.ncbi.nlm.nih.gov
2014-03-27 08:29:24,annotathon.org
2014-03-27 08:29:54,annotathon.org
2014-03-27 08:30:24,annotathon.org
2014-03-27 08:30:39,blast.ncbi.nlm.nih.gov
2014-03-27 08:30:40,blast.ncbi.nlm.nih.gov
2014-03-27 08:30:54,annotathon.org
2014-03-27 08:30:58,blast.ncbi.nlm.nih.gov
2014-03-27 08:31:00,blast.ncbi.nlm.nih.gov
2014-03-27 08:31:02,blast.ncbi.nlm.nih.gov
2014-03-27 08:31:02,www.ncbi.nlm.nih.gov
2014-03-27 08:31:04,www.ncbi.nlm.nih.gov
2014-03-27 08:31:05,blast.ncbi.nlm.nih.gov
2014-03-27 08:31:07,www.ncbi.nlm.nih.gov
2014-03-27 08:31:08,blast.ncbi.nlm.nih.gov
2014-03-27 08:31:10,www.ncbi.nlm.nih.gov
2014-03-27 08:31:10,blast.ncbi.nlm.nih.gov
2014-03-27 08:31:12,www.ncbi.nlm.nih.gov
2014-03-27 08:31:13,blast.ncbi.nlm.nih.gov
2014-03-27 08:31:15,www.ncbi.nlm.nih.gov
2014-03-27 08:31:15,blast.ncbi.nlm.nih.gov
2014-03-27 08:31:18,www.ncbi.nlm.nih.gov
2014-03-27 08:31:20,blast.ncbi.nlm.nih.gov
2014-03-27 08:31:23,www.ncbi.nlm.nih.gov
2014-03-27 08:31:24,annotathon.org
2014-03-27 08:31:26,blast.ncbi.nlm.nih.gov
2014-03-27 08:31:28,blast.ncbi.nlm.nih.gov
2014-03-27 08:31:30,blast.ncbi.nlm.nih.gov
2014-03-27 08:31:30,www.ncbi.nlm.nih.gov
2014-03-27 08:31:31,blast.ncbi.nlm.nih.gov
2014-03-27 08:31:32,www.ncbi.nlm.nih.gov
2014-03-27 08:31:33,blast.ncbi.nlm.nih.gov
2014-03-27 08:31:35,blast.ncbi.nlm.nih.gov
2014-03-27 08:31:36,www.ncbi.nlm.nih.gov
2014-03-27 08:31:36,blast.ncbi.nlm.nih.gov
2014-03-27 08:31:38,blast.ncbi.nlm.nih.gov
2014-03-27 08:31:40,www.ncbi.nlm.nih.gov
2014-03-27 08:31:40,blast.ncbi.nlm.nih.gov
2014-03-27 08:31:41,blast.ncbi.nlm.nih.gov
2014-03-27 08:31:43,blast.ncbi.nlm.nih.gov
2014-03-27 08:31:44,www.ncbi.nlm.nih.gov
2014-03-27 08:31:45,blast.ncbi.nlm.nih.gov
2014-03-27 08:31:46,blast.ncbi.nlm.nih.gov
2014-03-27 08:31:47,blast.ncbi.nlm.nih.gov
2014-03-27 08:31:54,annotathon.org
2014-03-27 08:32:06,blast.ncbi.nlm.nih.gov
2014-03-27 08:32:21,blast.ncbi.nlm.nih.gov
2014-03-27 08:32:22,blast.ncbi.nlm.nih.gov
2014-03-27 08:32:24,annotathon.org
2014-03-27 08:32:54,annotathon.org
2014-03-27 08:33:24,annotathon.org
2014-03-27 08:33:54,annotathon.org
2014-03-27 08:34:24,annotathon.org
2014-03-27 08:34:54,annotathon.org
2014-03-27 08:35:24,annotathon.org
2014-03-27 08:35:54,annotathon.org
2014-03-27 08:36:24,annotathon.org
2014-03-27 08:36:54,annotathon.org
2014-03-27 08:37:24,annotathon.org
2014-03-27 08:37:54,annotathon.org
2014-03-27 08:38:24,annotathon.org
2014-03-27 08:38:54,annotathon.org
2014-03-27 08:39:24,annotathon.org
2014-03-27 08:39:54,annotathon.org
2014-03-27 08:40:12,blast.ncbi.nlm.nih.gov
2014-03-27 08:40:15,blast.ncbi.nlm.nih.gov
2014-03-27 08:40:16,blast.ncbi.nlm.nih.gov
2014-03-27 08:40:24,annotathon.org
2014-03-27 08:40:26,blast.ncbi.nlm.nih.gov
2014-03-27 08:40:27,blast.ncbi.nlm.nih.gov
2014-03-27 08:40:54,annotathon.org
2014-03-27 08:41:24,annotathon.org
2014-03-27 08:41:54,annotathon.org
2014-03-27 08:42:24,annotathon.org
2014-03-27 08:42:55,annotathon.org
2014-03-27 08:43:12,blast.ncbi.nlm.nih.gov
2014-03-27 08:43:25,annotathon.org
2014-03-27 08:43:55,annotathon.org
2014-03-27 08:44:20,blast.ncbi.nlm.nih.gov
2014-03-27 08:44:20,www.ncbi.nlm.nih.gov
2014-03-27 08:44:21,www.ncbi.nlm.nih.gov
2014-03-27 08:44:24,blast.ncbi.nlm.nih.gov
2014-03-27 08:44:25,annotathon.org
2014-03-27 08:44:25,blast.ncbi.nlm.nih.gov
2014-03-27 08:44:27,blast.ncbi.nlm.nih.gov
2014-03-27 08:44:28,www.ncbi.nlm.nih.gov
2014-03-27 08:44:29,www.ncbi.nlm.nih.gov
2014-03-27 08:44:30,www.ncbi.nlm.nih.gov
2014-03-27 08:44:31,www.ncbi.nlm.nih.gov
2014-03-27 08:44:52,blast.ncbi.nlm.nih.gov
2014-03-27 08:44:53,blast.ncbi.nlm.nih.gov
2014-03-27 08:44:55,annotathon.org
2014-03-27 08:45:25,annotathon.org
2014-03-27 08:45:53,blast.ncbi.nlm.nih.gov
2014-03-27 08:45:55,annotathon.org
2014-03-27 08:46:25,annotathon.org
2014-03-27 08:46:55,annotathon.org
2014-03-27 08:47:03,blast.ncbi.nlm.nih.gov
2014-03-27 08:47:18,safebrowsing-cache.google.com
2014-03-27 08:47:18,safebrowsing.clients.google.com
2014-03-27 08:47:19,safebrowsing-cache.google.com
2014-03-27 08:47:25,annotathon.org
2014-03-27 08:47:55,annotathon.org
2014-03-27 08:48:25,annotathon.org
2014-03-27 08:48:55,annotathon.org
2014-03-27 08:49:25,annotathon.org
2014-03-27 08:49:55,annotathon.org
2014-03-27 08:50:13,www.ncbi.nlm.nih.gov
2014-03-27 08:50:14,www.ncbi.nlm.nih.gov
2014-03-27 08:50:25,annotathon.org
2014-03-27 08:50:28,blast.ncbi.nlm.nih.gov
2014-03-27 08:50:29,blast.ncbi.nlm.nih.gov
2014-03-27 08:50:30,blast.ncbi.nlm.nih.gov
2014-03-27 08:50:32,blast.ncbi.nlm.nih.gov
2014-03-27 08:50:55,annotathon.org
2014-03-27 08:51:25,annotathon.org
2014-03-27 08:51:30,blast.ncbi.nlm.nih.gov
2014-03-27 08:51:55,annotathon.org
2014-03-27 08:52:25,annotathon.org
2014-03-27 08:52:32,blast.ncbi.nlm.nih.gov
2014-03-27 08:52:55,annotathon.org
2014-03-27 08:53:21,blast.ncbi.nlm.nih.gov
2014-03-27 08:53:25,annotathon.org
2014-03-27 08:53:30,blast.ncbi.nlm.nih.gov
2014-03-27 08:53:55,annotathon.org
2014-03-27 08:53:59,annotathon.org
2014-03-27 08:54:04,annotathon.org
2014-03-27 08:54:34,annotathon.org
2014-03-27 08:55:04,annotathon.org
2014-03-27 08:55:34,annotathon.org
2014-03-27 08:56:04,annotathon.org
2014-03-27 08:56:34,annotathon.org
2014-03-27 08:57:04,annotathon.org
2014-03-27 08:57:34,annotathon.org
2014-03-27 08:57:38,blast.ncbi.nlm.nih.gov
2014-03-27 08:58:04,annotathon.org
2014-03-27 08:58:27,annotathon.org
2014-03-27 08:58:31,annotathon.org
2014-03-27 08:59:01,annotathon.org
2014-03-27 08:59:31,annotathon.org
2014-03-27 09:00:01,annotathon.org
2014-03-27 09:00:31,annotathon.org
2014-03-27 09:01:01,annotathon.org
2014-03-27 09:01:31,annotathon.org
2014-03-27 09:01:41,blast.ncbi.nlm.nih.gov
2014-03-27 09:02:01,annotathon.org
2014-03-27 09:02:27,annotathon.org
2014-03-27 09:02:29,annotathon.org
2014-03-27 09:02:30,annotathon.org
2014-03-27 09:03:00,annotathon.org
2014-03-27 09:03:07,blast.ncbi.nlm.nih.gov
2014-03-27 09:03:30,annotathon.org
2014-03-27 09:03:53,annotathon.org
2014-03-27 09:03:55,annotathon.org
2014-03-27 09:03:56,annotathon.org
2014-03-27 09:04:26,annotathon.org
2014-03-27 09:04:29,blast.ncbi.nlm.nih.gov
2014-03-27 09:04:56,annotathon.org
2014-03-27 09:05:26,annotathon.org
2014-03-27 09:05:56,annotathon.org
2014-03-27 09:06:26,annotathon.org
2014-03-27 09:06:34,blast.ncbi.nlm.nih.gov
2014-03-27 09:06:56,annotathon.org
2014-03-27 09:07:26,annotathon.org
2014-03-27 09:07:56,annotathon.org
2014-03-27 09:08:26,annotathon.org
2014-03-27 09:08:56,annotathon.org
2014-03-27 09:09:26,annotathon.org
2014-03-27 09:09:56,annotathon.org
2014-03-27 09:09:57,blast.ncbi.nlm.nih.gov
2014-03-27 09:10:26,annotathon.org
2014-03-27 09:10:56,annotathon.org
2014-03-27 09:11:27,annotathon.org
2014-03-27 09:11:57,annotathon.org
2014-03-27 09:12:24,annotathon.org
2014-03-27 09:12:25,annotathon.org
2014-03-27 09:12:55,annotathon.org
2014-03-27 09:13:21,blast.ncbi.nlm.nih.gov
2014-03-27 09:13:25,annotathon.org
2014-03-27 09:13:55,annotathon.org
2014-03-27 09:14:25,annotathon.org
2014-03-27 09:14:55,annotathon.org
2014-03-27 09:15:01,blast.ncbi.nlm.nih.gov
2014-03-27 09:15:11,blast.ncbi.nlm.nih.gov
2014-03-27 09:15:25,annotathon.org
2014-03-27 09:15:55,annotathon.org
2014-03-27 09:16:25,www.ncbi.nlm.nih.gov
2014-03-27 09:16:25,annotathon.org
2014-03-27 09:16:26,www.ncbi.nlm.nih.gov
2014-03-27 09:16:32,blast.ncbi.nlm.nih.gov
2014-03-27 09:16:33,blast.ncbi.nlm.nih.gov
2014-03-27 09:16:39,blast.ncbi.nlm.nih.gov
2014-03-27 09:16:55,annotathon.org
2014-03-27 09:17:25,annotathon.org
2014-03-27 09:17:26,blast.ncbi.nlm.nih.gov
2014-03-27 09:17:55,annotathon.org
2014-03-27 09:18:01,annotathon.org
2014-03-27 09:18:02,annotathon.org
2014-03-27 09:18:04,annotathon.org
2014-03-27 09:18:10,safebrowsing-cache.google.com
2014-03-27 09:18:10,safebrowsing.clients.google.com
2014-03-27 09:18:34,annotathon.org
2014-03-27 09:19:04,annotathon.org
2014-03-27 09:19:32,blast.ncbi.nlm.nih.gov
2014-03-27 09:19:34,annotathon.org
2014-03-27 09:20:04,annotathon.org
2014-03-27 09:20:34,annotathon.org
2014-03-27 09:21:04,annotathon.org
2014-03-27 09:21:34,annotathon.org
2014-03-27 09:22:04,annotathon.org
2014-03-27 09:22:34,annotathon.org
2014-03-27 09:23:04,annotathon.org
2014-03-27 09:23:34,annotathon.org
2014-03-27 09:23:58,blast.ncbi.nlm.nih.gov
2014-03-27 09:24:04,annotathon.org
2014-03-27 09:24:34,annotathon.org
2014-03-27 09:25:04,annotathon.org
2014-03-27 09:25:34,annotathon.org
2014-03-27 09:26:04,annotathon.org
2014-03-27 09:26:34,annotathon.org
2014-03-27 09:26:56,blast.ncbi.nlm.nih.gov
2014-03-27 09:27:04,annotathon.org
2014-03-27 09:27:29,annotathon.org
2014-03-27 09:27:31,annotathon.org
2014-03-27 09:27:46,blast.ncbi.nlm.nih.gov
2014-03-27 09:27:48,blast.ncbi.nlm.nih.gov
2014-03-27 09:27:49,www.ncbi.nlm.nih.gov
2014-03-27 09:27:53,www.squid-cache.org
2014-03-27 09:27:53,www.ncbi.nlm.nih.gov
2014-03-27 09:28:01,blast.ncbi.nlm.nih.gov
2014-03-27 09:28:01,annotathon.org
2014-03-27 09:28:02,www.ncbi.nlm.nih.gov
2014-03-27 09:28:05,www.ncbi.nlm.nih.gov
2014-03-27 09:28:09,www.ncbi.nlm.nih.gov
2014-03-27 09:28:09,blast.ncbi.nlm.nih.gov
2014-03-27 09:28:22,blast.ncbi.nlm.nih.gov
2014-03-27 09:28:26,blast.ncbi.nlm.nih.gov
2014-03-27 09:28:29,blast.ncbi.nlm.nih.gov
2014-03-27 09:28:30,blast.ncbi.nlm.nih.gov
2014-03-27 09:28:31,blast.ncbi.nlm.nih.gov
2014-03-27 09:28:32,blast.ncbi.nlm.nih.gov
2014-03-27 09:28:32,annotathon.org
2014-03-27 09:28:44,blast.ncbi.nlm.nih.gov
2014-03-27 09:28:54,blast.ncbi.nlm.nih.gov
2014-03-27 09:28:55,blast.ncbi.nlm.nih.gov
2014-03-27 09:28:56,blast.ncbi.nlm.nih.gov
2014-03-27 09:28:57,blast.ncbi.nlm.nih.gov
2014-03-27 09:29:01,blast.ncbi.nlm.nih.gov
2014-03-27 09:29:02,annotathon.org
2014-03-27 09:29:06,blast.ncbi.nlm.nih.gov
2014-03-27 09:29:15,blast.ncbi.nlm.nih.gov
2014-03-27 09:29:16,blast.ncbi.nlm.nih.gov
2014-03-27 09:29:17,blast.ncbi.nlm.nih.gov
2014-03-27 09:29:19,blast.ncbi.nlm.nih.gov
2014-03-27 09:29:32,annotathon.org
2014-03-27 09:29:37,blast.ncbi.nlm.nih.gov
2014-03-27 09:29:39,blast.ncbi.nlm.nih.gov
2014-03-27 09:30:02,annotathon.org
2014-03-27 09:30:12,blast.ncbi.nlm.nih.gov
2014-03-27 09:30:13,blast.ncbi.nlm.nih.gov
2014-03-27 09:30:15,www.ncbi.nlm.nih.gov
2014-03-27 09:30:16,blast.ncbi.nlm.nih.gov
2014-03-27 09:30:18,www.ncbi.nlm.nih.gov
2014-03-27 09:30:19,blast.ncbi.nlm.nih.gov
2014-03-27 09:30:21,blast.ncbi.nlm.nih.gov
2014-03-27 09:30:21,www.ncbi.nlm.nih.gov
2014-03-27 09:30:23,www.ncbi.nlm.nih.gov
2014-03-27 09:30:24,blast.ncbi.nlm.nih.gov
2014-03-27 09:30:26,www.ncbi.nlm.nih.gov
2014-03-27 09:30:27,blast.ncbi.nlm.nih.gov
2014-03-27 09:30:30,www.ncbi.nlm.nih.gov
2014-03-27 09:30:32,annotathon.org
2014-03-27 09:30:39,blast.ncbi.nlm.nih.gov
2014-03-27 09:30:41,blast.ncbi.nlm.nih.gov
2014-03-27 09:30:42,www.ncbi.nlm.nih.gov
2014-03-27 09:30:43,blast.ncbi.nlm.nih.gov
2014-03-27 09:30:44,blast.ncbi.nlm.nih.gov
2014-03-27 09:30:46,blast.ncbi.nlm.nih.gov
2014-03-27 09:30:46,www.ncbi.nlm.nih.gov
2014-03-27 09:30:47,blast.ncbi.nlm.nih.gov
2014-03-27 09:30:49,blast.ncbi.nlm.nih.gov
2014-03-27 09:30:50,blast.ncbi.nlm.nih.gov
2014-03-27 09:30:51,www.ncbi.nlm.nih.gov
2014-03-27 09:30:52,blast.ncbi.nlm.nih.gov
2014-03-27 09:30:54,blast.ncbi.nlm.nih.gov
2014-03-27 09:30:55,blast.ncbi.nlm.nih.gov
2014-03-27 09:30:55,www.ncbi.nlm.nih.gov
2014-03-27 09:30:57,blast.ncbi.nlm.nih.gov
2014-03-27 09:30:58,www.ncbi.nlm.nih.gov
2014-03-27 09:30:58,blast.ncbi.nlm.nih.gov
2014-03-27 09:31:00,blast.ncbi.nlm.nih.gov
2014-03-27 09:31:01,www.ncbi.nlm.nih.gov
2014-03-27 09:31:02,annotathon.org
2014-03-27 09:31:15,blast.ncbi.nlm.nih.gov
2014-03-27 09:31:16,blast.ncbi.nlm.nih.gov
2014-03-27 09:31:20,gtglobal-ocsp.geotrust.com
2014-03-27 09:31:20,clients1.google.com
2014-03-27 09:31:36,annotathon.org
2014-03-27 09:31:36,www.google.fr
2014-03-27 09:31:41,annotathon.org
2014-03-27 09:31:42,annotathon.org
2014-03-27 09:31:44,annotathon.org
2014-03-27 09:32:07,www.ncbi.nlm.nih.gov
2014-03-27 09:32:07,www.google.fr
2014-03-27 09:32:08,blast.ncbi.nlm.nih.gov
2014-03-27 09:32:12,blast.ncbi.nlm.nih.gov
2014-03-27 09:32:13,blast.ncbi.nlm.nih.gov
2014-03-27 09:32:14,blast.ncbi.nlm.nih.gov
2014-03-27 09:32:14,annotathon.org
2014-03-27 09:32:33,blast.ncbi.nlm.nih.gov
2014-03-27 09:32:34,blast.ncbi.nlm.nih.gov
2014-03-27 09:32:36,www.ncbi.nlm.nih.gov
2014-03-27 09:32:37,blast.ncbi.nlm.nih.gov
2014-03-27 09:32:39,blast.ncbi.nlm.nih.gov
2014-03-27 09:32:39,www.ncbi.nlm.nih.gov
2014-03-27 09:32:41,www.ncbi.nlm.nih.gov
2014-03-27 09:32:42,blast.ncbi.nlm.nih.gov
2014-03-27 09:32:44,annotathon.org
2014-03-27 09:32:44,www.ncbi.nlm.nih.gov
2014-03-27 09:32:45,blast.ncbi.nlm.nih.gov
2014-03-27 09:32:46,www.ncbi.nlm.nih.gov
2014-03-27 09:32:52,blast.ncbi.nlm.nih.gov
2014-03-27 09:32:54,www.ncbi.nlm.nih.gov
2014-03-27 09:33:05,blast.ncbi.nlm.nih.gov
2014-03-27 09:33:07,www.ncbi.nlm.nih.gov
2014-03-27 09:33:14,annotathon.org
2014-03-27 09:33:22,blast.ncbi.nlm.nih.gov
2014-03-27 09:33:24,blast.ncbi.nlm.nih.gov
2014-03-27 09:33:25,blast.ncbi.nlm.nih.gov
2014-03-27 09:33:25,www.ncbi.nlm.nih.gov
2014-03-27 09:33:27,blast.ncbi.nlm.nih.gov
2014-03-27 09:33:29,blast.ncbi.nlm.nih.gov
2014-03-27 09:33:29,www.ncbi.nlm.nih.gov
2014-03-27 09:33:30,blast.ncbi.nlm.nih.gov
2014-03-27 09:33:32,blast.ncbi.nlm.nih.gov
2014-03-27 09:33:33,www.ncbi.nlm.nih.gov
2014-03-27 09:33:34,blast.ncbi.nlm.nih.gov
2014-03-27 09:33:36,www.ncbi.nlm.nih.gov
2014-03-27 09:33:37,blast.ncbi.nlm.nih.gov
2014-03-27 09:33:38,blast.ncbi.nlm.nih.gov
2014-03-27 09:33:39,blast.ncbi.nlm.nih.gov
2014-03-27 09:33:44,annotathon.org
2014-03-27 09:33:57,blast.ncbi.nlm.nih.gov
2014-03-27 09:33:59,blast.ncbi.nlm.nih.gov
2014-03-27 09:34:01,blast.ncbi.nlm.nih.gov
2014-03-27 09:34:09,blast.ncbi.nlm.nih.gov
2014-03-27 09:34:14,annotathon.org
2014-03-27 09:34:16,blast.ncbi.nlm.nih.gov
2014-03-27 09:34:17,blast.ncbi.nlm.nih.gov
2014-03-27 09:34:18,blast.ncbi.nlm.nih.gov
2014-03-27 09:34:27,blast.ncbi.nlm.nih.gov
2014-03-27 09:34:30,www.google.com
2014-03-27 09:34:31,www.google.fr
2014-03-27 09:34:44,annotathon.org
2014-03-27 09:34:56,blast.ncbi.nlm.nih.gov
2014-03-27 09:35:09,blast.ncbi.nlm.nih.gov
2014-03-27 09:35:10,blast.ncbi.nlm.nih.gov
2014-03-27 09:35:14,annotathon.org
2014-03-27 09:35:44,annotathon.org
2014-03-27 09:36:07,blast.ncbi.nlm.nih.gov
2014-03-27 09:36:14,annotathon.org
2014-03-27 09:36:14,www.ncbi.nlm.nih.gov
2014-03-27 09:36:17,static.pubmed.gov
2014-03-27 09:36:17,www.ncbi.nlm.nih.gov
2014-03-27 09:36:18,www.ncbi.nlm.nih.gov
2014-03-27 09:36:44,annotathon.org
2014-03-27 09:36:47,blast.ncbi.nlm.nih.gov
2014-03-27 09:36:48,blast.ncbi.nlm.nih.gov
2014-03-27 09:36:55,blast.ncbi.nlm.nih.gov
2014-03-27 09:36:56,blast.ncbi.nlm.nih.gov
2014-03-27 09:37:01,blast.ncbi.nlm.nih.gov
2014-03-27 09:37:14,annotathon.org
2014-03-27 09:37:16,blast.ncbi.nlm.nih.gov
2014-03-27 09:37:20,blast.ncbi.nlm.nih.gov
2014-03-27 09:37:21,www.ncbi.nlm.nih.gov
2014-03-27 09:37:24,www.ncbi.nlm.nih.gov
2014-03-27 09:37:37,blast.ncbi.nlm.nih.gov
2014-03-27 09:37:38,www.ncbi.nlm.nih.gov
2014-03-27 09:37:39,www.ncbi.nlm.nih.gov
2014-03-27 09:37:40,www.ncbi.nlm.nih.gov
2014-03-27 09:37:44,annotathon.org
2014-03-27 09:38:01,www.ncbi.nlm.nih.gov
2014-03-27 09:38:02,www.ncbi.nlm.nih.gov
2014-03-27 09:38:11,www.ncbi.nlm.nih.gov
2014-03-27 09:38:14,annotathon.org
2014-03-27 09:38:15,blast.ncbi.nlm.nih.gov
2014-03-27 09:38:28,blast.ncbi.nlm.nih.gov
2014-03-27 09:38:29,blast.ncbi.nlm.nih.gov
2014-03-27 09:38:35,blast.ncbi.nlm.nih.gov
2014-03-27 09:38:37,www.ncbi.nlm.nih.gov
2014-03-27 09:38:38,www.ncbi.nlm.nih.gov
2014-03-27 09:38:39,www.ncbi.nlm.nih.gov
2014-03-27 09:38:40,www.ncbi.nlm.nih.gov
2014-03-27 09:38:44,annotathon.org
2014-03-27 09:38:48,www.ncbi.nlm.nih.gov
2014-03-27 09:38:49,www.ncbi.nlm.nih.gov
2014-03-27 09:39:12,www.ncbi.nlm.nih.gov
2014-03-27 09:39:13,www.ncbi.nlm.nih.gov
2014-03-27 09:39:14,blast.ncbi.nlm.nih.gov
2014-03-27 09:39:15,annotathon.org
2014-03-27 09:39:15,blast.ncbi.nlm.nih.gov
2014-03-27 09:39:20,www.ncbi.nlm.nih.gov
2014-03-27 09:39:21,www.ncbi.nlm.nih.gov
2014-03-27 09:39:22,static.pubmed.gov
2014-03-27 09:39:22,www.ncbi.nlm.nih.gov
2014-03-27 09:39:23,www.ncbi.nlm.nih.gov
2014-03-27 09:39:27,www.ncbi.nlm.nih.gov
2014-03-27 09:39:28,www.ncbi.nlm.nih.gov
2014-03-27 09:39:45,annotathon.org
2014-03-27 09:39:53,www.ncbi.nlm.nih.gov
2014-03-27 09:39:58,blast.ncbi.nlm.nih.gov
2014-03-27 09:39:59,blast.ncbi.nlm.nih.gov
2014-03-27 09:40:07,blast.ncbi.nlm.nih.gov
2014-03-27 09:40:14,blast.ncbi.nlm.nih.gov
2014-03-27 09:40:15,annotathon.org
2014-03-27 09:40:39,www.ncbi.nlm.nih.gov
2014-03-27 09:40:45,annotathon.org
2014-03-27 09:40:58,www.ncbi.nlm.nih.gov
2014-03-27 09:40:58,blast.ncbi.nlm.nih.gov
2014-03-27 09:41:00,www.ncbi.nlm.nih.gov
2014-03-27 09:41:01,www.ncbi.nlm.nih.gov
2014-03-27 09:41:01,static.pubmed.gov
2014-03-27 09:41:02,www.ncbi.nlm.nih.gov
2014-03-27 09:41:07,www.ncbi.nlm.nih.gov
2014-03-27 09:41:08,www.ncbi.nlm.nih.gov
2014-03-27 09:41:15,annotathon.org
2014-03-27 09:41:24,www.ncbi.nlm.nih.gov
2014-03-27 09:41:25,blast.ncbi.nlm.nih.gov
2014-03-27 09:41:26,blast.ncbi.nlm.nih.gov
2014-03-27 09:41:33,www.ncbi.nlm.nih.gov
2014-03-27 09:41:34,www.ncbi.nlm.nih.gov
2014-03-27 09:41:35,www.ncbi.nlm.nih.gov
2014-03-27 09:41:40,www.ncbi.nlm.nih.gov
2014-03-27 09:41:45,annotathon.org
2014-03-27 09:41:53,www.ncbi.nlm.nih.gov
2014-03-27 09:41:55,blast.ncbi.nlm.nih.gov
2014-03-27 09:41:56,blast.ncbi.nlm.nih.gov
2014-03-27 09:42:02,www.ncbi.nlm.nih.gov
2014-03-27 09:42:03,www.ncbi.nlm.nih.gov
2014-03-27 09:42:04,static.pubmed.gov
2014-03-27 09:42:04,www.ncbi.nlm.nih.gov
2014-03-27 09:42:05,www.ncbi.nlm.nih.gov
2014-03-27 09:42:07,www.ncbi.nlm.nih.gov
2014-03-27 09:42:08,www.ncbi.nlm.nih.gov
2014-03-27 09:42:15,annotathon.org
2014-03-27 09:42:22,annotathon.org
2014-03-27 09:42:23,annotathon.org
2014-03-27 09:42:24,annotathon.org
2014-03-27 09:42:25,annotathon.org
2014-03-27 09:42:47,www.ncbi.nlm.nih.gov
2014-03-27 09:42:49,blast.ncbi.nlm.nih.gov
2014-03-27 09:42:50,blast.ncbi.nlm.nih.gov
2014-03-27 09:42:55,annotathon.org
2014-03-27 09:43:20,blast.ncbi.nlm.nih.gov
2014-03-27 09:43:23,www.ncbi.nlm.nih.gov
2014-03-27 09:43:24,www.ncbi.nlm.nih.gov
2014-03-27 09:43:25,static.pubmed.gov
2014-03-27 09:43:25,annotathon.org
2014-03-27 09:43:25,www.ncbi.nlm.nih.gov
2014-03-27 09:43:26,www.ncbi.nlm.nih.gov
2014-03-27 09:43:30,www.ncbi.nlm.nih.gov
2014-03-27 09:43:51,www.ncbi.nlm.nih.gov
2014-03-27 09:43:52,www.ncbi.nlm.nih.gov
2014-03-27 09:43:53,www.ncbi.nlm.nih.gov
2014-03-27 09:43:54,blast.ncbi.nlm.nih.gov
2014-03-27 09:43:55,annotathon.org
2014-03-27 09:43:56,blast.ncbi.nlm.nih.gov
2014-03-27 09:43:56,www.ncbi.nlm.nih.gov
2014-03-27 09:43:57,www.ncbi.nlm.nih.gov
2014-03-27 09:43:58,www.ncbi.nlm.nih.gov
2014-03-27 09:43:58,static.pubmed.gov
2014-03-27 09:43:59,www.ncbi.nlm.nih.gov
2014-03-27 09:44:02,www.ncbi.nlm.nih.gov
2014-03-27 09:44:03,www.ncbi.nlm.nih.gov
2014-03-27 09:44:17,www.ncbi.nlm.nih.gov
2014-03-27 09:44:18,www.ncbi.nlm.nih.gov
2014-03-27 09:44:19,blast.ncbi.nlm.nih.gov
2014-03-27 09:44:20,blast.ncbi.nlm.nih.gov
2014-03-27 09:44:21,blast.ncbi.nlm.nih.gov
2014-03-27 09:44:25,annotathon.org
2014-03-27 09:44:25,www.ncbi.nlm.nih.gov
2014-03-27 09:44:26,www.ncbi.nlm.nih.gov
2014-03-27 09:44:27,www.ncbi.nlm.nih.gov
2014-03-27 09:44:55,www.ncbi.nlm.nih.gov
2014-03-27 09:44:55,annotathon.org
2014-03-27 09:44:56,www.ncbi.nlm.nih.gov
2014-03-27 09:45:14,www.ncbi.nlm.nih.gov
2014-03-27 09:45:18,blast.ncbi.nlm.nih.gov
2014-03-27 09:45:19,blast.ncbi.nlm.nih.gov
2014-03-27 09:45:20,blast.ncbi.nlm.nih.gov
2014-03-27 09:45:25,annotathon.org
2014-03-27 09:45:43,www.ncbi.nlm.nih.gov
2014-03-27 09:45:44,www.ncbi.nlm.nih.gov
2014-03-27 09:45:45,www.ncbi.nlm.nih.gov
2014-03-27 09:45:46,www.ncbi.nlm.nih.gov
2014-03-27 09:45:49,www.ncbi.nlm.nih.gov
2014-03-27 09:45:55,annotathon.org
2014-03-27 09:46:02,annotathon.org
2014-03-27 09:46:04,annotathon.org
2014-03-27 09:46:34,annotathon.org
2014-03-27 09:46:46,www.ncbi.nlm.nih.gov
2014-03-27 09:46:47,www.ncbi.nlm.nih.gov
2014-03-27 09:46:48,blast.ncbi.nlm.nih.gov
2014-03-27 09:46:48,www.ncbi.nlm.nih.gov
2014-03-27 09:46:49,blast.ncbi.nlm.nih.gov
2014-03-27 09:46:52,www.ncbi.nlm.nih.gov
2014-03-27 09:46:53,www.ncbi.nlm.nih.gov
2014-03-27 09:46:54,www.ncbi.nlm.nih.gov
2014-03-27 09:46:58,www.ncbi.nlm.nih.gov
2014-03-27 09:47:04,annotathon.org
2014-03-27 09:47:19,www.ncbi.nlm.nih.gov
2014-03-27 09:47:21,blast.ncbi.nlm.nih.gov
2014-03-27 09:47:22,blast.ncbi.nlm.nih.gov
2014-03-27 09:47:31,www.ncbi.nlm.nih.gov
2014-03-27 09:47:32,www.ncbi.nlm.nih.gov
2014-03-27 09:47:33,www.ncbi.nlm.nih.gov
2014-03-27 09:47:34,annotathon.org
2014-03-27 09:47:37,www.ncbi.nlm.nih.gov
2014-03-27 09:47:57,www.ncbi.nlm.nih.gov
2014-03-27 09:47:58,blast.ncbi.nlm.nih.gov
2014-03-27 09:47:59,blast.ncbi.nlm.nih.gov
2014-03-27 09:48:03,www.ncbi.nlm.nih.gov
2014-03-27 09:48:04,annotathon.org
2014-03-27 09:48:05,static.pubmed.gov
2014-03-27 09:48:05,www.ncbi.nlm.nih.gov
2014-03-27 09:48:06,www.ncbi.nlm.nih.gov
2014-03-27 09:48:09,www.ncbi.nlm.nih.gov
2014-03-27 09:48:10,www.ncbi.nlm.nih.gov
2014-03-27 09:48:34,annotathon.org
2014-03-27 09:48:52,annotathon.org
2014-03-27 09:48:54,annotathon.org
2014-03-27 09:48:55,annotathon.org
2014-03-27 09:49:01,www.ncbi.nlm.nih.gov
2014-03-27 09:49:02,blast.ncbi.nlm.nih.gov
2014-03-27 09:49:03,blast.ncbi.nlm.nih.gov
2014-03-27 09:49:06,blast.ncbi.nlm.nih.gov
2014-03-27 09:49:25,annotathon.org
2014-03-27 09:49:33,blast.ncbi.nlm.nih.gov
2014-03-27 09:49:39,www.ncbi.nlm.nih.gov
2014-03-27 09:49:41,static.pubmed.gov
2014-03-27 09:49:41,www.ncbi.nlm.nih.gov
2014-03-27 09:49:42,www.ncbi.nlm.nih.gov
2014-03-27 09:49:47,safebrowsing.clients.google.com
2014-03-27 09:49:47,safebrowsing-cache.google.com
2014-03-27 09:49:55,annotathon.org
2014-03-27 09:50:15,www.ncbi.nlm.nih.gov
2014-03-27 09:50:16,www.ncbi.nlm.nih.gov
2014-03-27 09:50:25,annotathon.org
2014-03-27 09:50:30,www.ncbi.nlm.nih.gov
2014-03-27 09:50:31,blast.ncbi.nlm.nih.gov
2014-03-27 09:50:32,blast.ncbi.nlm.nih.gov
2014-03-27 09:50:55,annotathon.org
2014-03-27 09:51:06,blast.ncbi.nlm.nih.gov
2014-03-27 09:51:09,www.ncbi.nlm.nih.gov
2014-03-27 09:51:11,www.ncbi.nlm.nih.gov
2014-03-27 09:51:12,www.ncbi.nlm.nih.gov
2014-03-27 09:51:14,www.ncbi.nlm.nih.gov
2014-03-27 09:51:15,www.ncbi.nlm.nih.gov
2014-03-27 09:51:25,annotathon.org
2014-03-27 09:51:26,www.ncbi.nlm.nih.gov
2014-03-27 09:51:27,www.ncbi.nlm.nih.gov
2014-03-27 09:51:28,blast.ncbi.nlm.nih.gov
2014-03-27 09:51:29,blast.ncbi.nlm.nih.gov
2014-03-27 09:51:32,blast.ncbi.nlm.nih.gov
2014-03-27 09:51:34,www.ncbi.nlm.nih.gov
2014-03-27 09:51:36,www.ncbi.nlm.nih.gov
2014-03-27 09:51:37,www.ncbi.nlm.nih.gov
2014-03-27 09:51:39,blast.ncbi.nlm.nih.gov
2014-03-27 09:51:42,www.ncbi.nlm.nih.gov
2014-03-27 09:51:43,www.ncbi.nlm.nih.gov
2014-03-27 09:51:44,www.ncbi.nlm.nih.gov
2014-03-27 09:51:46,www.ncbi.nlm.nih.gov
2014-03-27 09:51:47,www.ncbi.nlm.nih.gov
2014-03-27 09:51:51,www.ncbi.nlm.nih.gov
2014-03-27 09:51:52,www.ncbi.nlm.nih.gov
2014-03-27 09:51:55,annotathon.org
2014-03-27 09:52:25,annotathon.org
2014-03-27 09:52:42,annotathon.org
2014-03-27 09:52:45,annotathon.org
2014-03-27 09:52:48,www.ncbi.nlm.nih.gov
2014-03-27 09:52:49,www.ncbi.nlm.nih.gov
2014-03-27 09:53:15,annotathon.org
2014-03-27 09:53:45,annotathon.org
2014-03-27 09:54:15,annotathon.org
2014-03-27 09:54:45,annotathon.org
2014-03-27 09:55:15,annotathon.org
2014-03-27 09:55:45,annotathon.org
2014-03-27 09:56:03,annotathon.org
2014-03-27 09:56:05,annotathon.org
2014-03-27 09:56:11,blast.ncbi.nlm.nih.gov
2014-03-27 09:56:13,annotathon.org
2014-03-27 09:56:14,annotathon.org
2014-04-04 10:08:22,clients1.google.com
2014-04-04 10:08:22,gtglobal-ocsp.geotrust.com
2014-04-04 10:08:30,clients1.google.com
2014-04-04 10:08:46,www.google.fr
2014-04-04 10:08:47,www.google.fr
2014-04-04 10:08:52,annotathon.org
2014-04-04 10:09:12,gtssl-ocsp.geotrust.com
2014-04-04 10:09:14,annotathon.org
2014-04-04 10:09:15,annotathon.org
2014-04-04 10:09:25,annotathon.org
2014-04-04 10:09:28,annotathon.org
2014-04-04 10:09:28,annotathon.univ-mrs.fr
2014-04-04 10:09:29,annotathon.org
2014-04-04 10:09:59,annotathon.org
2014-04-04 10:10:29,annotathon.org
2014-04-04 10:10:57,safebrowsing.clients.google.com
2014-04-04 10:10:57,safebrowsing-cache.google.com
2014-04-04 10:10:59,annotathon.org
2014-04-04 10:11:27,www.google.com
2014-04-04 10:11:28,www.google.fr
2014-04-04 10:11:28,apis.google.com
2014-04-04 10:11:29,annotathon.org
2014-04-04 10:11:59,annotathon.org
2014-04-04 10:12:29,annotathon.org
2014-04-04 10:12:33,javadl-esd-secure.oracle.com
2014-04-04 10:12:59,annotathon.org
2014-04-04 10:13:29,annotathon.org
2014-04-04 10:13:48,annotathon.org
2014-04-04 10:13:51,annotathon.org
2014-04-04 10:13:52,sb-ssl.google.com
2014-04-04 10:14:03,annotathon.org
2014-04-04 10:14:07,ocsp.thawte.com
2014-04-04 10:14:22,annotathon.org
2014-04-04 10:14:52,annotathon.org
2014-04-04 10:14:59,annotathon.org
2014-04-04 10:15:02,annotathon.org
2014-04-04 10:15:32,annotathon.org
2014-04-04 10:16:02,annotathon.org
2014-04-04 10:16:08,ocsp.verisign.com
2014-04-04 10:16:32,annotathon.org
2014-04-04 10:17:02,annotathon.org
2014-04-04 10:17:14,annotathon.org
2014-04-04 10:17:15,annotathon.org
2014-04-04 10:17:45,annotathon.org
2014-04-04 10:18:08,ocsp.digicert.com
2014-04-04 10:18:08,annotathon.org
2014-04-04 10:18:09,annotathon.org
2014-04-04 10:18:15,annotathon.org
2014-04-04 10:18:39,annotathon.org
2014-04-04 10:18:45,annotathon.org
2014-04-04 10:19:09,annotathon.org
2014-04-04 10:19:15,annotathon.org
2014-04-04 10:19:39,annotathon.org
2014-04-04 10:19:45,annotathon.org
2014-04-04 10:20:09,annotathon.org
2014-04-04 10:20:15,annotathon.org
2014-04-04 10:20:39,annotathon.org
2014-04-04 10:20:46,annotathon.org
2014-04-04 10:21:09,annotathon.org
2014-04-04 10:21:15,annotathon.org
2014-04-04 10:21:39,annotathon.org
2014-04-04 10:21:45,annotathon.org
2014-04-04 10:22:09,annotathon.org
2014-04-04 10:22:15,annotathon.org
2014-04-04 10:22:39,annotathon.org
2014-04-04 10:22:45,annotathon.org
2014-04-04 10:23:09,annotathon.org
2014-04-04 10:23:15,annotathon.org
2014-04-04 10:23:39,annotathon.org
2014-04-04 10:23:45,annotathon.org
2014-04-04 10:24:09,annotathon.org
2014-04-04 10:24:15,annotathon.org
2014-04-04 10:24:39,annotathon.org
2014-04-04 10:24:45,annotathon.org
2014-04-04 10:25:09,annotathon.org
2014-04-04 10:25:15,annotathon.org
2014-04-04 10:25:39,annotathon.org
2014-04-04 10:25:45,annotathon.org
2014-04-04 10:26:09,annotathon.org
2014-04-04 10:26:15,annotathon.org
2014-04-04 10:26:39,annotathon.org
2014-04-04 10:26:45,annotathon.org
2014-04-04 10:27:09,annotathon.org
2014-04-04 10:27:15,annotathon.org
2014-04-04 10:27:39,annotathon.org
2014-04-04 10:27:45,annotathon.org
2014-04-04 10:28:09,annotathon.org
2014-04-04 10:28:15,annotathon.org
2014-04-04 10:28:39,annotathon.org
2014-04-04 10:28:45,annotathon.org
2014-04-04 10:29:09,annotathon.org
2014-04-04 10:29:15,annotathon.org
2014-04-04 10:29:39,annotathon.org
2014-04-04 10:29:45,annotathon.org
2014-04-04 10:30:09,annotathon.org
2014-04-04 10:30:15,annotathon.org
2014-04-04 10:30:39,annotathon.org
2014-04-04 10:30:45,annotathon.org
2014-04-04 10:31:09,annotathon.org
2014-04-04 10:31:15,annotathon.org
2014-04-04 10:31:39,annotathon.org
2014-04-04 10:31:45,annotathon.org
2014-04-04 10:32:09,annotathon.org
2014-04-04 10:32:15,annotathon.org
2014-04-04 10:32:21,annotathon.org
2014-04-04 10:32:39,annotathon.org
2014-04-04 10:32:51,annotathon.org
2014-04-04 10:33:09,annotathon.org
2014-04-04 10:33:21,annotathon.org
2014-04-04 10:33:39,annotathon.org
2014-04-04 10:33:51,annotathon.org
2014-04-04 10:34:09,annotathon.org
2014-04-04 10:34:21,annotathon.org
2014-04-04 10:34:39,annotathon.org
2014-04-04 10:34:51,annotathon.org
2014-04-04 10:35:09,annotathon.org
2014-04-04 10:35:21,annotathon.org
2014-04-04 10:35:39,annotathon.org
2014-04-04 10:35:52,annotathon.org
2014-04-04 10:36:09,annotathon.org
2014-04-04 10:36:22,annotathon.org
2014-04-04 10:36:39,annotathon.org
2014-04-04 10:36:52,annotathon.org
2014-04-04 10:37:09,annotathon.org
2014-04-04 10:37:22,annotathon.org
2014-04-04 10:37:39,annotathon.org
2014-04-04 10:37:52,annotathon.org
2014-04-04 10:38:09,annotathon.org
2014-04-04 10:38:22,annotathon.org
2014-04-04 10:38:39,annotathon.org
2014-04-04 10:38:52,annotathon.org
2014-04-04 10:39:09,annotathon.org
2014-04-04 10:39:22,annotathon.org
2014-04-04 10:39:39,annotathon.org
2014-04-04 10:39:52,annotathon.org
2014-04-04 10:40:09,annotathon.org
2014-04-04 10:40:22,annotathon.org
2014-04-04 10:40:39,annotathon.org
2014-04-04 10:40:52,annotathon.org
2014-04-04 10:41:09,annotathon.org
2014-04-04 10:41:21,safebrowsing.clients.google.com
2014-04-04 10:41:21,safebrowsing-cache.google.com
2014-04-04 10:41:22,annotathon.org
2014-04-04 10:41:39,annotathon.org
2014-04-04 10:41:52,annotathon.org
2014-04-04 10:42:09,annotathon.org
2014-04-04 10:42:22,annotathon.org
2014-04-04 10:42:39,annotathon.org
2014-04-04 10:42:52,annotathon.org
2014-04-04 10:43:09,annotathon.org
2014-04-04 10:43:22,annotathon.org
2014-04-04 10:43:39,annotathon.org
2014-04-04 10:43:52,annotathon.org
2014-04-04 10:44:10,annotathon.org
2014-04-04 10:44:22,annotathon.org
2014-04-04 10:44:40,annotathon.org
2014-04-04 10:44:52,annotathon.org
2014-04-04 10:45:10,annotathon.org
2014-04-04 10:45:22,annotathon.org
2014-04-04 10:45:40,annotathon.org
2014-04-04 10:45:52,annotathon.org
2014-04-04 10:46:10,annotathon.org
2014-04-04 10:46:22,annotathon.org
2014-04-04 10:46:40,annotathon.org
2014-04-04 10:46:52,annotathon.org
2014-04-04 10:47:10,annotathon.org
2014-04-04 10:47:22,annotathon.org
2014-04-04 10:47:40,annotathon.org
2014-04-04 10:47:52,annotathon.org
2014-04-04 10:48:10,annotathon.org
2014-04-04 10:48:22,annotathon.org
2014-04-04 10:48:40,annotathon.org
2014-04-04 10:48:52,annotathon.org
2014-04-04 10:49:10,annotathon.org
2014-04-04 10:49:22,annotathon.org
2014-04-04 10:49:40,annotathon.org
2014-04-04 10:49:52,annotathon.org
2014-04-04 10:50:10,annotathon.org
2014-04-04 10:50:22,annotathon.org
2014-04-04 10:50:40,annotathon.org
2014-04-04 10:50:52,annotathon.org
2014-04-04 10:51:10,annotathon.org
2014-04-04 10:51:22,annotathon.org
2014-04-04 10:51:40,annotathon.org
2014-04-04 10:51:52,annotathon.org
2014-04-04 10:52:10,annotathon.org
2014-04-04 10:52:22,annotathon.org
2014-04-04 10:52:40,annotathon.org
2014-04-04 10:52:52,annotathon.org
2014-04-04 10:53:10,annotathon.org
2014-04-04 10:53:22,annotathon.org
2014-04-04 10:53:40,annotathon.org
2014-04-04 10:53:52,annotathon.org
2014-04-04 10:54:10,annotathon.org
2014-04-04 10:54:22,annotathon.org
2014-04-04 10:54:40,annotathon.org
2014-04-04 10:54:52,annotathon.org
2014-04-04 10:55:06,annotathon.org
2014-04-04 10:55:10,annotathon.org
2014-04-04 10:55:34,www.google.fr
2014-04-04 10:55:35,static.pubmed.gov
2014-04-04 10:55:35,www.ncbi.nlm.nih.gov
2014-04-04 10:55:36,annotathon.org
2014-04-04 10:55:36,www.ncbi.nlm.nih.gov
2014-04-04 10:55:40,annotathon.org
2014-04-04 10:55:51,www.ncbi.nlm.nih.gov
2014-04-04 10:55:52,static.pubmed.gov
2014-04-04 10:55:52,www.ncbi.nlm.nih.gov
2014-04-04 10:55:57,www.ncbi.nlm.nih.gov
2014-04-04 10:56:06,annotathon.org
2014-04-04 10:56:10,annotathon.org
2014-04-04 10:56:36,annotathon.org
2014-04-04 10:56:40,annotathon.org
2014-04-04 10:56:41,blast.ncbi.nlm.nih.gov
2014-04-04 10:56:42,www.ncbi.nlm.nih.gov
2014-04-04 10:56:42,blast.ncbi.nlm.nih.gov
2014-04-04 10:56:46,www.ncbi.nlm.nih.gov
2014-04-04 10:56:46,blast.ncbi.nlm.nih.gov
2014-04-04 10:56:47,blast.ncbi.nlm.nih.gov
2014-04-04 10:57:06,annotathon.org
2014-04-04 10:57:10,annotathon.org
2014-04-04 10:57:16,blast.ncbi.nlm.nih.gov
2014-04-04 10:57:17,blast.ncbi.nlm.nih.gov
2014-04-04 10:57:23,blast.ncbi.nlm.nih.gov
2014-04-04 10:57:24,blast.ncbi.nlm.nih.gov
2014-04-04 10:57:26,www.ncbi.nlm.nih.gov
2014-04-04 10:57:27,blast.ncbi.nlm.nih.gov
2014-04-04 10:57:29,www.ncbi.nlm.nih.gov
2014-04-04 10:57:30,blast.ncbi.nlm.nih.gov
2014-04-04 10:57:32,www.ncbi.nlm.nih.gov
2014-04-04 10:57:32,blast.ncbi.nlm.nih.gov
2014-04-04 10:57:34,www.ncbi.nlm.nih.gov
2014-04-04 10:57:35,blast.ncbi.nlm.nih.gov
2014-04-04 10:57:36,annotathon.org
2014-04-04 10:57:37,www.ncbi.nlm.nih.gov
2014-04-04 10:57:37,blast.ncbi.nlm.nih.gov
2014-04-04 10:57:39,www.ncbi.nlm.nih.gov
2014-04-04 10:57:40,blast.ncbi.nlm.nih.gov
2014-04-04 10:57:40,annotathon.org
2014-04-04 10:57:44,www.ncbi.nlm.nih.gov
2014-04-04 10:57:45,blast.ncbi.nlm.nih.gov
2014-04-04 10:57:45,www.ncbi.nlm.nih.gov
2014-04-04 10:57:46,blast.ncbi.nlm.nih.gov
2014-04-04 10:57:47,blast.ncbi.nlm.nih.gov
2014-04-04 10:57:49,www.ncbi.nlm.nih.gov
2014-04-04 10:57:50,blast.ncbi.nlm.nih.gov
2014-04-04 10:57:57,blast.ncbi.nlm.nih.gov
2014-04-04 10:57:58,blast.ncbi.nlm.nih.gov
2014-04-04 10:58:01,blast.ncbi.nlm.nih.gov
2014-04-04 10:58:02,blast.ncbi.nlm.nih.gov
2014-04-04 10:58:06,annotathon.org
2014-04-04 10:58:08,blast.ncbi.nlm.nih.gov
2014-04-04 10:58:10,annotathon.org
2014-04-04 10:58:15,www.google.com
2014-04-04 10:58:16,blast.ncbi.nlm.nih.gov
2014-04-04 10:58:22,blast.ncbi.nlm.nih.gov
2014-04-04 10:58:23,blast.ncbi.nlm.nih.gov
2014-04-04 10:58:25,www.ncbi.nlm.nih.gov
2014-04-04 10:58:26,blast.ncbi.nlm.nih.gov
2014-04-04 10:58:27,www.google.fr
2014-04-04 10:58:28,www.ncbi.nlm.nih.gov
2014-04-04 10:58:29,blast.ncbi.nlm.nih.gov
2014-04-04 10:58:31,blast.ncbi.nlm.nih.gov
2014-04-04 10:58:31,www.ncbi.nlm.nih.gov
2014-04-04 10:58:33,www.ncbi.nlm.nih.gov
2014-04-04 10:58:34,blast.ncbi.nlm.nih.gov
2014-04-04 10:58:36,annotathon.org
2014-04-04 10:58:36,blast.ncbi.nlm.nih.gov
2014-04-04 10:58:36,www.ncbi.nlm.nih.gov
2014-04-04 10:58:38,www.ncbi.nlm.nih.gov
2014-04-04 10:58:39,blast.ncbi.nlm.nih.gov
2014-04-04 10:58:40,annotathon.org
2014-04-04 10:58:43,www.ncbi.nlm.nih.gov
2014-04-04 10:58:44,blast.ncbi.nlm.nih.gov
2014-04-04 10:58:47,www.ncbi.nlm.nih.gov
2014-04-04 10:58:50,blast.ncbi.nlm.nih.gov
2014-04-04 10:58:53,www.ncbi.nlm.nih.gov
2014-04-04 10:58:59,blast.ncbi.nlm.nih.gov
2014-04-04 10:59:02,www.ncbi.nlm.nih.gov
2014-04-04 10:59:06,annotathon.org
2014-04-04 10:59:10,annotathon.org
2014-04-04 10:59:10,blast.ncbi.nlm.nih.gov
2014-04-04 10:59:11,blast.ncbi.nlm.nih.gov
2014-04-04 10:59:12,www.ncbi.nlm.nih.gov
2014-04-04 10:59:13,blast.ncbi.nlm.nih.gov
2014-04-04 10:59:14,blast.ncbi.nlm.nih.gov
2014-04-04 10:59:15,www.ncbi.nlm.nih.gov
2014-04-04 10:59:16,blast.ncbi.nlm.nih.gov
2014-04-04 10:59:18,www.ncbi.nlm.nih.gov
2014-04-04 10:59:18,blast.ncbi.nlm.nih.gov
2014-04-04 10:59:19,blast.ncbi.nlm.nih.gov
2014-04-04 10:59:21,blast.ncbi.nlm.nih.gov
2014-04-04 10:59:22,blast.ncbi.nlm.nih.gov
2014-04-04 10:59:22,www.ncbi.nlm.nih.gov
2014-04-04 10:59:24,blast.ncbi.nlm.nih.gov
2014-04-04 10:59:26,www.ncbi.nlm.nih.gov
2014-04-04 10:59:26,blast.ncbi.nlm.nih.gov
2014-04-04 10:59:27,blast.ncbi.nlm.nih.gov
2014-04-04 10:59:29,www.ncbi.nlm.nih.gov
2014-04-04 10:59:29,blast.ncbi.nlm.nih.gov
2014-04-04 10:59:31,blast.ncbi.nlm.nih.gov
2014-04-04 10:59:32,blast.ncbi.nlm.nih.gov
2014-04-04 10:59:34,blast.ncbi.nlm.nih.gov
2014-04-04 10:59:34,www.ncbi.nlm.nih.gov
2014-04-04 10:59:35,blast.ncbi.nlm.nih.gov
2014-04-04 10:59:36,blast.ncbi.nlm.nih.gov
2014-04-04 10:59:36,annotathon.org
2014-04-04 10:59:40,annotathon.org
2014-04-04 10:59:41,www.ncbi.nlm.nih.gov
2014-04-04 10:59:48,blast.ncbi.nlm.nih.gov
2014-04-04 10:59:49,blast.ncbi.nlm.nih.gov
2014-04-04 10:59:53,blast.ncbi.nlm.nih.gov
2014-04-04 11:00:06,www.google.com
2014-04-04 11:00:06,annotathon.org
2014-04-04 11:00:07,www.google.com
2014-04-04 11:00:08,www.google.com
2014-04-04 11:00:10,annotathon.org
2014-04-04 11:00:11,www.google.fr
2014-04-04 11:00:11,www.phylotree.org
2014-04-04 11:00:12,www.phylotree.org
2014-04-04 11:00:23,www.ncbi.nlm.nih.gov
2014-04-04 11:00:27,www.phylotree.org
2014-04-04 11:00:36,annotathon.org
2014-04-04 11:00:40,annotathon.org
2014-04-04 11:01:06,annotathon.org
2014-04-04 11:01:10,annotathon.org
2014-04-04 11:01:32,ocsp.tcs.terena.org
2014-04-04 11:01:32,ocsp.usertrust.com
2014-04-04 11:01:36,annotathon.org
2014-04-04 11:01:40,annotathon.org
2014-04-04 11:02:06,annotathon.org
2014-04-04 11:02:10,annotathon.org
2014-04-04 11:02:21,blast.ncbi.nlm.nih.gov
2014-04-04 11:02:36,annotathon.org
2014-04-04 11:02:40,annotathon.org
2014-04-04 11:03:03,www.google.com
2014-04-04 11:03:06,annotathon.org
2014-04-04 11:03:10,annotathon.org
2014-04-04 11:03:38,annotathon.org
2014-04-04 11:03:42,annotathon.org
2014-04-04 11:04:08,annotathon.org
2014-04-04 11:04:12,annotathon.org
2014-04-04 11:04:13,annotathon.org
2014-04-04 11:04:14,annotathon.org
2014-04-04 11:04:30,www.google.fr
2014-04-04 11:04:42,annotathon.org
2014-04-04 11:04:44,annotathon.org
2014-04-04 11:05:12,annotathon.org
2014-04-04 11:05:14,annotathon.org
2014-04-04 11:05:42,annotathon.org
2014-04-04 11:05:44,annotathon.org
2014-04-04 11:06:12,annotathon.org
2014-04-04 11:06:14,annotathon.org
2014-04-04 11:06:42,annotathon.org
2014-04-04 11:06:44,annotathon.org
2014-04-04 11:07:12,annotathon.org
2014-04-04 11:07:14,annotathon.org
2014-04-04 11:07:42,annotathon.org
2014-04-04 11:07:44,annotathon.org
2014-04-04 11:08:12,annotathon.org
2014-04-04 11:08:14,annotathon.org
2014-04-04 11:08:29,www.google.fr
2014-04-04 11:08:42,annotathon.org
2014-04-04 11:08:44,annotathon.org
2014-04-04 11:09:12,annotathon.org
2014-04-04 11:09:14,annotathon.org
2014-04-04 11:09:42,annotathon.org
2014-04-04 11:09:44,annotathon.org
2014-04-04 11:10:12,annotathon.org
2014-04-04 11:10:42,annotathon.org
2014-04-04 11:11:12,annotathon.org
2014-04-04 11:11:12,safebrowsing-cache.google.com
2014-04-04 11:11:12,safebrowsing.clients.google.com
2014-04-04 11:11:42,annotathon.org
2014-04-04 11:12:12,annotathon.org
2014-04-04 11:12:42,annotathon.org
2014-04-04 11:13:12,annotathon.org
2014-04-04 11:13:42,annotathon.org
2014-04-04 11:14:12,annotathon.org
2014-04-04 11:14:42,annotathon.org
2014-04-04 11:14:44,annotathon.org
2014-04-04 11:14:45,annotathon.org
2014-04-04 11:15:12,annotathon.org
2014-04-04 11:15:15,annotathon.org
2014-04-04 11:15:42,annotathon.org
2014-04-04 11:15:45,annotathon.org
2014-04-04 11:16:12,annotathon.org
2014-04-04 11:16:15,annotathon.org
2014-04-04 11:16:42,annotathon.org
2014-04-04 11:16:45,annotathon.org
2014-04-04 11:17:12,annotathon.org
2014-04-04 11:17:16,annotathon.org
2014-04-04 11:17:26,annotathon.org
2014-04-04 11:17:42,annotathon.org
2014-04-04 11:17:56,annotathon.org
2014-04-04 11:18:12,annotathon.org
2014-04-04 11:18:26,annotathon.org
2014-04-04 11:18:42,annotathon.org
2014-04-04 11:18:56,annotathon.org
2014-04-04 11:19:12,annotathon.org
2014-04-04 11:19:26,annotathon.org
2014-04-04 11:19:42,annotathon.org
2014-04-04 11:19:56,annotathon.org
2014-04-04 11:20:12,annotathon.org
2014-04-04 11:20:26,annotathon.org
2014-04-04 11:20:42,annotathon.org
2014-04-04 11:20:56,annotathon.org
2014-04-04 11:21:12,annotathon.org
2014-04-04 11:21:26,annotathon.org
2014-04-04 11:21:42,annotathon.org
2014-04-04 11:21:56,annotathon.org
2014-04-04 11:22:12,annotathon.org
2014-04-04 11:22:26,annotathon.org
2014-04-04 11:22:42,annotathon.org
2014-04-04 11:22:56,annotathon.org
2014-04-04 11:23:12,annotathon.org
2014-04-04 11:23:26,annotathon.org
2014-04-04 11:23:43,annotathon.org
2014-04-04 11:23:56,annotathon.org
2014-04-04 11:24:13,annotathon.org
2014-04-04 11:24:26,annotathon.org
2014-04-04 11:24:43,annotathon.org
2014-04-04 11:24:56,annotathon.org
2014-04-04 11:25:13,annotathon.org
2014-04-04 11:25:26,annotathon.org
2014-04-04 11:25:43,annotathon.org
2014-04-04 11:25:56,annotathon.org
2014-04-04 11:26:13,annotathon.org
2014-04-04 11:26:26,annotathon.org
2014-04-04 11:26:43,annotathon.org
2014-04-04 11:26:56,annotathon.org
2014-04-04 11:27:13,annotathon.org
2014-04-04 11:27:27,annotathon.org
2014-04-04 11:27:43,annotathon.org
2014-04-04 11:27:57,annotathon.org
2014-04-04 11:28:13,annotathon.org
2014-04-04 11:28:27,annotathon.org
2014-04-04 11:28:43,annotathon.org
2014-04-04 11:28:53,gtglobal-ocsp.geotrust.com
2014-04-04 11:28:53,clients1.google.com
2014-04-04 11:28:56,www.phylogeny.fr
2014-04-04 11:28:56,www.google.fr
2014-04-04 11:28:57,annotathon.org
2014-04-04 11:29:12,www.phylogeny.fr
2014-04-04 11:29:13,annotathon.org
2014-04-04 11:29:27,annotathon.org
2014-04-04 11:29:43,annotathon.org
2014-04-04 11:29:57,annotathon.org
2014-04-04 11:30:13,annotathon.org
2014-04-04 11:30:27,annotathon.org
2014-04-04 11:30:43,annotathon.org
2014-04-04 11:30:57,annotathon.org
2014-04-04 11:31:12,www.phylogeny.fr
2014-04-04 11:31:13,annotathon.org
2014-04-04 11:31:27,annotathon.org
2014-04-04 11:31:33,www.phylogeny.fr
2014-04-04 11:31:36,www.phylogeny.fr
2014-04-04 11:31:39,www.phylogeny.fr
2014-04-04 11:31:41,www.phylogeny.fr
2014-04-04 11:31:43,annotathon.org
2014-04-04 11:31:43,www.phylogeny.fr
2014-04-04 11:31:44,www.phylogeny.fr
2014-04-04 11:31:49,www.google.com
2014-04-04 11:31:50,www.google.fr
2014-04-04 11:31:57,annotathon.org
2014-04-04 11:32:13,annotathon.org
2014-04-04 11:32:27,annotathon.org
2014-04-04 11:32:43,annotathon.org
2014-04-04 11:32:57,annotathon.org
2014-04-04 11:33:13,annotathon.org
2014-04-04 11:33:27,annotathon.org
2014-04-04 11:33:31,www.phylogeny.fr
2014-04-04 11:33:43,annotathon.org
2014-04-04 11:33:57,annotathon.org
2014-04-04 11:34:13,annotathon.org
2014-04-04 11:34:20,www.phylogeny.fr
2014-04-04 11:34:27,annotathon.org
2014-04-04 11:34:43,annotathon.org
2014-04-04 11:34:57,annotathon.org
2014-04-04 11:35:13,annotathon.org
2014-04-04 11:35:27,annotathon.org
2014-04-04 11:35:43,annotathon.org
2014-04-04 11:35:57,annotathon.org
2014-04-04 11:36:02,www.phylogeny.fr
2014-04-04 11:36:03,www.phylogeny.fr
2014-04-04 11:36:13,annotathon.org
2014-04-04 11:36:27,annotathon.org
2014-04-04 11:36:30,www.phylogeny.fr
2014-04-04 11:36:43,annotathon.org
2014-04-04 11:36:57,annotathon.org
2014-04-04 11:37:13,annotathon.org
2014-04-04 11:37:27,annotathon.org
2014-04-04 11:37:43,annotathon.org
2014-04-04 11:37:57,annotathon.org
2014-04-04 11:38:13,annotathon.org
2014-04-04 11:38:27,annotathon.org
2014-04-04 11:38:28,www.phylogeny.fr
2014-04-04 11:38:32,www.phylogeny.fr
2014-04-04 11:38:43,annotathon.org
2014-04-04 11:38:57,annotathon.org
2014-04-04 11:39:13,annotathon.org
2014-04-04 11:39:27,annotathon.org
2014-04-04 11:39:43,annotathon.org
2014-04-04 11:39:57,annotathon.org
2014-04-04 11:40:13,annotathon.org
2014-04-04 11:40:27,annotathon.org
2014-04-04 11:40:32,www.phylogeny.fr
2014-04-04 11:40:38,www.phylogeny.fr
2014-04-04 11:40:43,www.phylogeny.fr
2014-04-04 11:40:43,annotathon.org
2014-04-04 11:40:47,www.phylogeny.fr
2014-04-04 11:40:48,www.phylogeny.fr
2014-04-04 11:40:57,annotathon.org
2014-04-04 11:41:13,annotathon.org
2014-04-04 11:41:14,www.phylogeny.fr
2014-04-04 11:41:25,safebrowsing-cache.google.com
2014-04-04 11:41:25,safebrowsing.clients.google.com
2014-04-04 11:41:27,annotathon.org
2014-04-04 11:41:43,annotathon.org
2014-04-04 11:41:57,annotathon.org
2014-04-04 11:42:13,annotathon.org
2014-04-04 11:42:27,annotathon.org
2014-04-04 11:42:43,annotathon.org
2014-04-04 11:42:57,annotathon.org
2014-04-04 11:43:13,annotathon.org
2014-04-04 11:43:25,www.phylogeny.fr
2014-04-04 11:43:26,www.phylogeny.fr
2014-04-04 11:43:27,annotathon.org
2014-04-04 11:43:43,annotathon.org
2014-04-04 11:43:49,www.phylogeny.fr
2014-04-04 11:43:57,annotathon.org
2014-04-04 11:43:59,www.phylogeny.fr
2014-04-04 11:44:00,www.phylogeny.fr
2014-04-04 11:44:07,www.phylogeny.fr
2014-04-04 11:44:08,www.phylogeny.fr
2014-04-04 11:44:09,www.phylogeny.fr
2014-04-04 11:44:13,annotathon.org
2014-04-04 11:44:27,annotathon.org
2014-04-04 11:44:43,annotathon.org
2014-04-04 11:44:57,annotathon.org
2014-04-04 11:45:13,annotathon.org
2014-04-04 11:45:27,annotathon.org
2014-04-04 11:45:34,www.phylogeny.fr
2014-04-04 11:45:43,annotathon.org
2014-04-04 11:45:57,annotathon.org
2014-04-04 11:46:13,annotathon.org
2014-04-04 11:46:27,annotathon.org
2014-04-04 11:46:43,annotathon.org
2014-04-04 11:46:57,annotathon.org
2014-04-04 11:47:13,annotathon.org
2014-04-04 11:47:27,annotathon.org
2014-04-04 11:47:43,annotathon.org
2014-04-04 11:47:57,annotathon.org
2014-04-04 11:48:14,annotathon.org
2014-04-04 11:48:27,annotathon.org
2014-04-04 11:48:43,annotathon.org
2014-04-04 11:48:57,annotathon.org
2014-04-04 11:49:14,annotathon.org
2014-04-04 11:49:27,annotathon.org
2014-04-04 11:49:44,annotathon.org
2014-04-04 11:49:57,annotathon.org
2014-04-04 11:50:14,annotathon.org
2014-04-04 11:50:27,annotathon.org
2014-04-04 11:50:44,annotathon.org
2014-04-04 11:50:57,annotathon.org
2014-04-04 11:51:14,annotathon.org
2014-04-04 11:51:27,annotathon.org
2014-04-04 11:51:44,annotathon.org
2014-04-04 11:51:57,annotathon.org
2014-04-04 11:52:14,annotathon.org
2014-04-04 11:52:26,annotathon.org
2014-04-04 11:52:44,annotathon.org
2014-04-04 11:52:45,www.phylogeny.fr
2014-04-04 11:52:56,annotathon.org
2014-04-04 11:53:00,www.phylogeny.fr
2014-04-04 11:53:14,annotathon.org
2014-04-04 11:53:20,www.phylogeny.fr
2014-04-04 11:53:26,annotathon.org
2014-04-04 11:53:27,www.phylogeny.fr
2014-04-04 11:53:28,www.phylogeny.fr
2014-04-04 11:53:30,www.phylogeny.fr
2014-04-04 11:53:32,www.phylogeny.fr
2014-04-04 11:53:35,www.phylogeny.fr
2014-04-04 11:53:37,www.phylogeny.fr
2014-04-04 11:53:40,www.phylogeny.fr
2014-04-04 11:53:42,www.phylogeny.fr
2014-04-04 11:53:44,annotathon.org
2014-04-04 11:53:44,www.phylogeny.fr
2014-04-04 11:53:47,www.phylogeny.fr
2014-04-04 11:53:49,www.phylogeny.fr
2014-04-04 11:53:52,www.phylogeny.fr
2014-04-04 11:53:54,www.phylogeny.fr
2014-04-04 11:53:56,annotathon.org
2014-04-04 11:53:56,www.phylogeny.fr
2014-04-04 11:53:59,www.phylogeny.fr
2014-04-04 11:54:01,www.phylogeny.fr
2014-04-04 11:54:04,www.phylogeny.fr
2014-04-04 11:54:06,www.phylogeny.fr
2014-04-04 11:54:08,www.phylogeny.fr
2014-04-04 11:54:11,www.phylogeny.fr
2014-04-04 11:54:13,www.phylogeny.fr
2014-04-04 11:54:14,annotathon.org
2014-04-04 11:54:16,www.phylogeny.fr
2014-04-04 11:54:18,www.phylogeny.fr
2014-04-04 11:54:20,www.phylogeny.fr
2014-04-04 11:54:23,www.phylogeny.fr
2014-04-04 11:54:25,www.phylogeny.fr
2014-04-04 11:54:26,annotathon.org
2014-04-04 11:54:28,www.phylogeny.fr
2014-04-04 11:54:30,www.phylogeny.fr
2014-04-04 11:54:32,www.phylogeny.fr
2014-04-04 11:54:35,www.phylogeny.fr
2014-04-04 11:54:37,www.phylogeny.fr
2014-04-04 11:54:40,www.phylogeny.fr
2014-04-04 11:54:42,www.phylogeny.fr
2014-04-04 11:54:44,annotathon.org
2014-04-04 11:54:44,www.phylogeny.fr
2014-04-04 11:54:47,www.phylogeny.fr
2014-04-04 11:54:49,www.phylogeny.fr
2014-04-04 11:54:52,www.phylogeny.fr
2014-04-04 11:54:54,www.phylogeny.fr
2014-04-04 11:54:56,annotathon.org
2014-04-04 11:54:57,www.phylogeny.fr
2014-04-04 11:54:59,www.phylogeny.fr
2014-04-04 11:55:02,www.phylogeny.fr
2014-04-04 11:55:04,www.phylogeny.fr
2014-04-04 11:55:07,www.phylogeny.fr
2014-04-04 11:55:09,www.phylogeny.fr
2014-04-04 11:55:12,www.phylogeny.fr
2014-04-04 11:55:14,annotathon.org
2014-04-04 11:55:18,www.phylogeny.fr
2014-04-04 11:55:26,annotathon.org
2014-04-04 11:55:44,annotathon.org
2014-04-04 11:55:56,annotathon.org
2014-04-04 11:56:14,annotathon.org
2014-04-04 11:56:26,annotathon.org
2014-04-04 11:56:40,annotathon.org
2014-04-04 11:56:44,annotathon.org
2014-04-04 11:57:00,www.phylogeny.fr
2014-04-04 11:57:10,annotathon.org
2014-04-04 11:57:12,www.phylogeny.fr
2014-04-04 11:57:14,annotathon.org
2014-04-04 11:57:17,www.phylogeny.fr
2014-04-04 11:57:25,www.phylogeny.fr
2014-04-04 11:57:26,www.phylogeny.fr
2014-04-04 11:57:27,www.phylogeny.fr
2014-04-04 11:57:41,annotathon.org
2014-04-04 11:57:44,annotathon.org
2014-04-04 11:58:11,annotathon.org
2014-04-04 11:58:14,annotathon.org
2014-04-04 11:58:41,annotathon.org
2014-04-04 11:58:44,annotathon.org
2014-04-04 11:59:11,annotathon.org
2014-04-04 11:59:14,annotathon.org
2014-04-04 11:59:26,www.phylogeny.fr
2014-04-04 11:59:41,annotathon.org
2014-04-04 11:59:44,annotathon.org
2014-04-04 12:00:00,annotathon.org
2014-04-04 12:00:01,annotathon.org
2014-04-04 12:00:14,annotathon.org
2014-04-04 12:00:14,javadl-esd-secure.oracle.com
2014-04-22 08:04:16,ocsp.thawte.com
2014-04-22 08:04:24,clients1.google.com
2014-04-22 08:04:24,gtglobal-ocsp.geotrust.com
2014-04-22 08:04:26,clients1.google.com
2014-04-22 08:04:29,www.google.fr
2014-04-22 08:04:34,annotathon.org
2014-04-22 08:04:51,annotathon.org
2014-04-22 08:05:17,gtssl-ocsp.geotrust.com
2014-04-22 08:05:18,annotathon.org
2014-04-22 08:05:20,annotathon.org
2014-04-22 08:05:21,annotathon.org
2014-04-22 08:05:21,annotathon.univ-mrs.fr
2014-04-22 08:05:51,annotathon.org
2014-04-22 08:06:21,annotathon.org
2014-04-22 08:07:23,www.google.com
2014-04-22 08:07:24,www.google.fr
2014-04-22 08:07:24,apis.google.com
2014-04-22 08:10:29,sb-ssl.google.com
2014-04-22 08:17:59,www.google.com
2014-04-22 08:18:00,www.google.com
2014-04-22 08:20:58,apis.google.com
2014-04-22 08:20:58,www.google.fr
2014-04-22 08:20:58,www.google.com
2014-04-22 08:21:55,www.google.com
2014-04-22 08:22:24,sb-ssl.google.com
2014-04-22 08:24:52,www.google.fr
2014-04-22 08:24:52,www.google.com
2014-04-22 09:15:32,www.google.com
2014-04-22 09:15:33,www.google.fr
