timestamp,site
2013-03-12 16:23:40,clients1.google.com
2013-03-12 16:23:41,safebrowsing-cache.google.com
2013-03-12 16:23:41,gtglobal-ocsp.geotrust.com
2013-03-12 16:23:41,safebrowsing.clients.google.com
2013-03-12 16:23:42,safebrowsing-cache.google.com
2013-03-12 16:23:43,safebrowsing-cache.google.com
2013-03-12 16:23:44,safebrowsing-cache.google.com
2013-03-12 16:23:52,www.google.fr
2013-03-12 16:23:52,google.fr
2013-03-12 16:24:53,www.google.fr
2013-03-12 16:24:56,www.google.fr
2013-03-12 16:25:16,hotmail.fr
2013-03-12 16:26:27,sb-ssl.google.com
2013-10-12 10:31:11,fpdownload2.macromedia.com
2013-10-12 10:31:16,www.bing.com
2013-10-12 10:31:17,www.bing.com
2013-10-12 10:31:18,www.bing.com
2013-10-12 10:31:18,login.live.com
2013-10-12 10:31:19,cms.abmr.net
2013-10-12 10:31:19,www.bing.com
2013-10-12 10:31:46,www.bing.com
2013-10-12 10:31:47,www.bing.com
2013-10-12 10:33:11,office.microsoft.com
2013-10-12 10:33:11,office14client.microsoft.com
2013-10-12 10:33:13,office.microsoft.com
2013-10-12 10:34:55,www.bing.com
2013-10-12 10:34:57,www.bing.com
2013-10-12 10:35:01,www.hotmail.fr
2013-10-12 10:35:05,www.hotmail.fr
2013-10-12 10:35:06,login.live.com
2013-10-12 10:35:08,www.bing.com
2013-10-12 10:35:08,login.live.com
2013-10-12 10:35:10,login.live.com
2013-10-12 10:35:11,www.bing.com
2013-10-12 10:35:13,login.live.com
2013-10-12 10:35:25,ssl.bing.com
2013-10-12 10:35:28,login.live.com
2013-10-12 10:35:37,login.live.com
2013-10-12 10:35:43,login.live.com
2013-10-12 10:35:44,login.live.com
2013-10-12 10:36:47,account.live.com
2013-10-12 10:36:58,cid-e339083622ce9f28.users.storage.live.com
2013-10-12 10:36:58,c.live.com
2013-10-12 10:37:02,account.live.com
2013-10-12 10:37:44,cid-e339083622ce9f28.users.storage.live.com
2013-10-12 10:37:53,login.live.com
2013-10-12 10:37:55,login.live.com
2013-10-12 10:37:56,login.live.com
2013-10-12 10:38:00,login.live.com
2013-10-12 10:38:01,login.live.com
2013-10-12 10:38:04,login.live.com
2013-10-12 10:38:05,login.live.com
2013-10-12 10:38:11,www.hotmail.fr
2013-10-12 10:38:11,login.live.com
2013-10-12 10:38:12,login.live.com
2013-10-12 10:38:29,login.live.com
2013-10-12 10:38:34,account.live.com
2013-10-12 10:38:40,mail.live.com
2013-10-12 10:38:45,dub124.mail.live.com
2013-10-12 10:38:46,people.directory.live.com
2013-10-12 10:38:47,dub124.mail.live.com
2013-10-12 10:38:48,dub124.mail.live.com
2013-10-12 10:38:49,dub124.mail.live.com
2013-10-12 10:38:49,secure.shared.live.com
2013-10-12 10:38:50,js.live.net
2013-10-12 10:38:50,p.sfx.ms
2013-10-12 10:38:50,api.skype.com
2013-10-12 10:38:51,login.live.com
2013-10-12 10:38:51,h.live.com
2013-10-12 10:38:51,api.skype.com
2013-10-12 10:38:51,go.trouter.io
2013-10-12 10:38:52,h.live.com
2013-10-12 10:38:52,dub124.mail.live.com
2013-10-12 10:38:52,storage.live.com
2013-10-12 10:38:53,h.live.com
2013-10-12 10:38:53,storage.live.com
2013-10-12 10:38:53,dub124.mail.live.com
2013-10-12 10:38:54,storage.live.com
2013-10-12 10:38:54,api.skype.com
2013-10-12 10:38:54,h.live.com
2013-10-12 10:38:55,h.live.com
2013-10-12 10:38:55,prod.registrar.skype.com
2013-10-12 10:38:55,dub124.mail.live.com
2013-10-12 10:39:05,secure.shared.live.com
2013-10-12 10:39:05,dub124.afx.ms
2013-10-12 10:39:27,go.trouter.io
2013-10-12 10:40:25,h.live.com
2013-10-12 10:40:30,dub124.mail.live.com
2013-10-12 10:40:36,dub124.mail.live.com
2013-10-12 10:44:52,proxy-blu-people.directory.live.com
2013-10-12 11:00:06,office.microsoft.com
2013-10-12 11:01:18,office.microsoft.com
2013-10-12 11:01:21,office.microsoft.com
2013-10-12 11:01:25,office.microsoft.com
2013-10-12 11:01:26,office.microsoft.com
2013-10-12 11:01:27,office.microsoft.com
2013-10-12 11:01:28,office.microsoft.com
2013-10-12 11:01:47,office14client.microsoft.com
2013-10-12 11:01:48,office.microsoft.com
2013-10-12 11:01:49,office.microsoft.com
2013-10-12 11:03:06,office14client.microsoft.com
2013-10-12 11:03:06,office.microsoft.com
2013-10-12 11:03:15,office.microsoft.com
2013-10-12 11:03:22,office.microsoft.com
2013-10-12 11:03:29,office.microsoft.com
2013-10-12 11:03:38,office.microsoft.com
2013-10-12 11:03:39,office.microsoft.com
2013-10-12 11:03:47,office.microsoft.com
2013-10-12 11:04:06,office.microsoft.com
2013-10-12 11:04:07,office.microsoft.com
2013-10-12 11:04:31,office.microsoft.com
2013-10-12 11:04:44,office.microsoft.com
2013-10-12 11:04:48,office.microsoft.com
2013-10-12 11:04:49,office.microsoft.com
2013-10-12 11:04:52,office.microsoft.com
2013-10-12 11:04:54,office.microsoft.com
2013-10-12 11:04:55,office.microsoft.com
2013-10-12 11:04:56,office.microsoft.com
2013-10-12 11:04:57,office.microsoft.com
2013-10-12 11:04:58,office.microsoft.com
2013-10-12 11:05:07,office.microsoft.com
2013-10-12 11:05:11,office.microsoft.com
2013-10-12 11:05:12,office.microsoft.com
2013-10-12 11:05:15,office.microsoft.com
2013-10-12 11:05:16,office.microsoft.com
2013-10-12 11:05:17,office.microsoft.com
2013-10-12 11:05:19,office.microsoft.com
2013-10-12 11:05:24,office.microsoft.com
2013-10-12 11:05:59,office.microsoft.com
2013-10-12 11:06:06,office.microsoft.com
2013-10-12 11:06:07,office.microsoft.com
2013-10-12 11:06:16,office.microsoft.com
2013-10-12 11:06:28,office.microsoft.com
2013-10-12 11:06:32,office.microsoft.com
2013-10-12 11:06:34,office.microsoft.com
2013-10-12 11:06:35,office.microsoft.com
2013-10-12 11:06:36,office.microsoft.com
2013-10-12 11:09:16,www.google.fr
2013-10-12 11:09:28,www.google.fr
2013-10-12 11:09:29,clients1.google.fr
2013-10-12 11:09:41,www.google.fr
2013-10-12 11:09:41,clients1.google.fr
2013-10-12 11:09:42,login.live.com
2013-10-12 11:09:50,login.live.com
2013-10-12 11:09:50,www.google.com
2013-10-12 11:09:50,clients1.google.fr
2013-10-12 11:10:00,www.techniques-ingenieur.fr
2013-10-12 11:10:00,emploi.techniques-ingenieur.fr
2013-10-12 11:10:00,com.editions-ti.com
2013-10-12 11:10:00,www.google.fr
2013-10-12 11:10:01,emploi.techniques-ingenieur.fr
2013-10-12 11:10:22,windowslive.tt.omtrdc.net
2013-10-12 11:10:35,windowslive.tt.omtrdc.net
2013-10-12 11:10:40,dub124.mail.live.com
2013-10-12 11:25:01,www.techniques-ingenieur.fr
2013-10-12 11:28:37,clients1.google.fr
2013-10-12 11:28:37,www.google.fr
2013-10-12 11:28:37,www.enpc.fr
2013-10-12 11:28:38,www.enpc.fr
2013-10-12 11:28:38,www.youtube.com
2013-10-12 11:28:38,s.ytimg.com
2013-10-12 11:28:39,s.ytimg.com
2013-10-12 11:28:39,i1.ytimg.com
2013-10-12 11:30:04,www.google.fr
2013-10-12 11:30:10,sportrocksss.blogspot.com
2013-10-12 11:30:11,img2.blogblog.com
2013-10-12 11:30:11,img1.blogblog.com
2013-10-12 11:30:11,2.bp.blogspot.com
2013-10-12 11:30:11,www.blogger.com
2013-10-12 11:30:11,apis.google.com
2013-10-12 11:30:11,www.google.fr
2013-10-12 11:30:11,clients1.google.fr
2013-10-12 11:30:11,sportrocksss.blogspot.fr
2013-10-12 11:30:13,apis.google.com
2013-10-12 11:30:16,img1.blogblog.com
2013-10-12 11:30:16,www.blogger.com
2013-10-12 11:30:16,apis.google.com
2013-10-12 11:30:16,www.google.fr
2013-10-12 11:30:16,clients1.google.fr
2013-10-12 11:30:16,sportrocksss.blogspot.fr
2013-10-12 11:30:49,apis.google.com
2013-10-12 11:30:49,www.google.fr
2013-10-12 11:30:49,www.michelincareers.com
2013-10-12 11:30:50,www.michelincareers.com
2013-10-12 11:30:51,www.michelincareers.com
2013-10-12 11:30:51,ie7-js.googlecode.com
2013-10-12 11:30:58,www.google.fr
2013-10-12 11:30:58,www.c4-web.com
2013-10-12 11:30:58,www.groupe-gmd.eu
2013-10-12 11:30:59,www.groupe-gmd.eu
2013-10-12 11:30:59,www.groupe-gmd.fr
2013-10-12 11:30:59,www.c4-web.com
2013-10-12 11:31:07,www.google.fr
2013-10-12 11:31:08,www.pacajob.com
2013-10-12 11:31:08,www.parisjob.com
2013-10-12 11:31:08,www.estjob.com
2013-10-12 11:31:08,www.ouestjob.com
2013-10-12 11:31:08,ressources.regionsjob.com
2013-10-12 11:31:08,www.regionsjob.com
2013-10-12 11:31:08,www.google.fr
2013-10-12 11:31:28,www.serba.net
2013-10-12 11:31:28,clients1.google.fr
2013-10-12 11:31:28,www.google.fr
2013-10-12 11:31:29,www.serba.net
2013-10-12 11:31:29,www.espace-technologie.com
2013-10-12 11:31:31,www.ekopolis.fr
2013-10-12 11:31:31,www.google.fr
2013-10-12 11:31:32,www.ekopolis.fr
2013-10-12 11:31:39,www.ates.fr
2013-10-12 11:31:40,www.ates.fr
2013-10-12 11:31:40,www.google.fr
2013-10-12 11:31:48,www.google.fr
2013-10-12 11:31:48,www.u-cergy.fr
2013-10-12 11:31:48,w.sharethis.com
2013-10-12 11:31:49,edge.sharethis.com
2013-10-12 11:31:49,www.u-cergy.fr
2013-10-12 11:31:49,w.sharethis.com
2013-10-12 11:31:50,www.google.fr
2013-10-12 11:31:50,www.tribu-concevoirdurable.fr
2013-10-12 11:31:51,www.tribu-concevoirdurable.fr
2013-10-12 11:31:51,connect.facebook.net
2013-10-12 11:31:57,www.google.fr
2013-10-12 11:31:58,www.cte-sa.com
2013-10-12 11:31:58,www.google.fr
2013-10-12 11:31:59,www.ukoo.fr
2013-10-12 11:31:59,www.cte-sa.com
2013-10-12 11:33:23,www.groupe-gmd.eu
2013-10-12 11:33:31,www.groupe-gmd.eu
2013-10-12 11:33:35,www.groupe-gmd.eu
2013-10-12 11:33:35,www.c4-web.com
2013-10-12 11:34:41,www.groupe-gmd.eu
2013-10-12 11:34:41,www.c4-web.com
2013-10-12 11:34:42,www.groupe-gmd.eu
2013-10-12 11:34:45,www.groupe-gmd.eu
2013-10-12 11:34:45,www.c4-web.com
2013-10-12 11:34:50,www.groupe-gmd.eu
2013-10-12 11:35:56,www.serba.net
2013-10-12 11:35:57,www.serba.net
2013-10-12 11:35:57,www.espace-technologie.com
2013-10-12 11:35:58,www.serba.net
2013-10-12 11:36:09,www.espace-technologie.com
2013-10-12 11:36:09,www.serba.net
2013-10-12 11:39:21,www.squid-cache.org
2013-10-12 11:39:23,mappy.fr
2013-10-12 11:39:24,logc259.at.pagesjaunes.fr
2013-10-12 11:39:24,app.mappy.net
2013-10-12 11:39:24,uws2.mappy.net
2013-10-12 11:39:24,fr.mappy.com
2013-10-12 11:39:24,dlive.pagesjaunes.fr
2013-10-12 11:39:25,logc259.at.pagesjaunes.fr
2013-10-12 11:39:25,app.mappy.net
2013-10-12 11:39:25,mws2.mappy.net
2013-10-12 11:39:25,uws2.mappy.net
2013-10-12 11:39:54,mws3.mappy.net
2013-10-12 11:39:54,mws2.mappy.net
2013-10-12 11:39:54,logc259.at.pagesjaunes.fr
2013-10-12 11:39:54,fr.mappy.com
2013-10-12 11:39:55,aff.bstatic.com
2013-10-12 11:39:55,www.google.com
2013-10-12 11:39:55,dlive.pagesjaunes.fr
2013-10-12 11:39:55,www.driiveme.com
2013-10-12 11:39:55,fr.mappy.com
2013-10-12 11:39:55,uws2.mappy.net
2013-10-12 11:39:55,logc259.at.pagesjaunes.fr
2013-10-12 11:39:55,app.mappy.net
2013-10-12 11:39:55,mws1.mappy.net
2013-10-12 11:39:56,www.google.com
2013-10-12 11:40:13,mws2.mappy.net
2013-10-12 11:40:13,app.mappy.net
2013-10-12 11:47:16,www.espace-technologie.com
2013-10-12 11:47:16,www.serba.net
2013-10-12 11:47:19,www.espace-technologie.com
2013-10-12 11:47:19,www.serba.net
2013-10-12 11:47:26,www.espace-technologie.com
2013-10-12 11:47:26,www.serba.net
2013-10-12 11:47:45,www.u-cergy.fr
2013-10-12 11:47:46,www.u-cergy.fr
2013-10-12 11:53:15,www.google.fr
2013-10-12 11:53:15,www.google.com
2013-10-12 11:53:15,google.fr
2013-10-12 11:53:17,www.google.com
2013-10-12 11:53:22,www.google.fr
2013-10-12 11:53:44,www.google.fr
2013-10-12 11:53:44,ajax.googleapis.com
2013-10-12 11:53:44,www.chamrousse-direct.fr
2013-10-12 11:53:45,www.chamrousse-direct.fr
2013-10-12 11:53:45,octopode.s3.amazonaws.com
2013-10-12 11:53:45,www.google.com
2013-10-12 11:53:45,www.google.fr
2013-10-12 11:53:46,www.google.fr
2013-10-12 11:53:46,www.loca-neige.fr
2013-10-12 11:53:46,www.google.com
2013-10-12 11:53:47,octopode.s3.amazonaws.com
2013-10-12 11:53:47,www.loca-neige.fr
2013-10-12 11:53:47,www.google.com
2013-10-12 11:53:47,render.linkinlive.com
2013-10-12 11:53:47,chat.linkinlive.com
2013-10-12 11:53:47,deliv.leboncoin.fr
2013-10-12 11:53:47,redirect.eqtracking.com
2013-10-12 11:53:47,www.google.fr
2013-10-12 11:53:48,www.loca-neige.fr
2013-10-12 11:53:48,track.linkinlive.com
2013-10-12 11:53:48,octopode.s3.amazonaws.com
2013-10-12 11:53:48,www.google.fr
2013-10-12 11:53:48,www.leskidunordausud.fr
2013-10-12 11:53:48,www.google.com
2013-10-12 11:53:49,www.leskidunordausud.fr
2013-10-12 11:53:49,s.trustpilot.com
2013-10-12 11:53:49,s3-eu-west-1.amazonaws.com
2013-10-12 11:53:50,s3-eu-west-1.amazonaws.com
2013-10-12 11:53:50,emailretargeting.com
2013-10-12 11:53:50,dc1w54.wysistat.com
2013-10-12 11:53:50,ea.leskidunordausud.fr
2013-10-12 11:53:58,g.microsoft.com
2013-10-12 11:53:59,www.facebook.com
2013-10-12 11:53:59,www.chamrousse-direct.fr
2013-10-12 11:54:01,www.facebook.com
2013-10-12 11:54:02,www.google.com
2013-10-12 11:54:02,octopode.s3.amazonaws.com
2013-10-12 11:54:02,www.chamrousse-direct.fr
2013-10-12 11:54:03,www.google.fr
2013-10-12 11:54:03,www.chamrousse-direct.fr
2013-10-12 11:54:03,deliv.leboncoin.fr
2013-10-12 11:54:03,deliv.bayard-pub.com
2013-10-12 11:54:17,www.facebook.com
2013-10-12 11:54:41,www.loca-neige.fr
2013-10-12 11:55:35,www.hotmail.fr
2013-10-12 11:55:45,login.live.com
2013-10-12 11:55:46,login.live.com
2013-10-12 11:55:54,www.google.fr
2013-10-12 11:55:54,clients1.google.fr
2013-10-12 11:55:56,windowslive.tt.omtrdc.net
2013-10-12 11:56:06,login.live.com
2013-10-12 11:56:17,mail.live.com
2013-10-12 11:56:21,secure.shared.live.com
2013-10-12 11:56:21,cid-e339083622ce9f28.users.storage.live.com
2013-10-12 11:56:21,dub124.mail.live.com
2013-10-12 11:56:22,js.live.net
2013-10-12 11:56:23,secure.shared.live.com
2013-10-12 11:56:23,login.live.com
2013-10-12 11:56:24,people.directory.live.com
2013-10-12 11:56:24,go.trouter.io
2013-10-12 11:56:25,dub124.mail.live.com
2013-10-12 11:56:25,prod.registrar.skype.com
2013-10-12 11:56:26,storage.live.com
2013-10-12 11:56:28,h.live.com
2013-10-12 11:57:04,api.skype.com
2013-10-12 11:57:20,h.live.com
2013-10-12 11:57:21,h.live.com
2013-10-12 11:57:23,g.msn.com
2013-10-12 11:57:23,dub124.mail.live.com
2013-10-12 11:57:23,h.live.com
2013-10-12 14:24:09,office.microsoft.com
2013-10-12 14:27:14,www.serba.net
2013-10-12 14:27:14,www.espace-technologie.com
2013-10-12 14:27:27,www.serba.net
2013-10-12 14:27:27,www.espace-technologie.com
2013-10-12 14:32:08,www.serba.net
2013-10-12 14:32:08,www.espace-technologie.com
2013-10-12 14:38:59,www.bing.com
2013-10-12 14:39:01,www.google.fr
2013-10-12 14:39:11,login.live.com
2013-10-12 14:39:24,ssl.bing.com
2013-10-12 14:39:25,www.bing.com
2013-10-12 14:40:30,ssl.bing.com
2013-10-12 14:51:33,www.google.fr
2013-10-12 14:51:45,www.google.fr
2013-10-12 14:51:45,clients1.google.fr
2013-10-12 14:52:35,www.google.fr
2013-10-12 14:52:36,www.google.fr
2013-10-12 14:52:36,www.insa-strasbourg.fr
2013-10-12 14:52:37,www.insa-strasbourg.fr
2013-10-12 14:52:39,www.insa-strasbourg.fr
2013-10-12 14:53:44,www.google.fr
2013-10-12 14:53:45,www.google.fr
2013-10-12 14:53:45,www.ecolechezsoi.com
2013-10-12 14:53:46,www.ecolechezsoi.com
2013-10-12 14:53:46,maps.googleapis.com
2013-10-12 14:53:46,www.google.com
2013-10-12 14:53:46,www.google.fr
2013-10-12 14:53:47,www.google.fr
2013-10-12 14:53:48,www.inscription-ecole.com
2013-10-12 14:53:48,code.jquery.com
2013-10-12 14:53:48,maps.google.com
2013-10-12 14:53:48,www.google.fr
2013-10-12 14:53:49,www.escom.fr
2013-10-12 14:53:49,www.inscription-ecole.com
2013-10-12 14:53:49,connect.facebook.net
2013-10-12 14:53:49,static.ak.facebook.com
2013-10-12 14:53:50,www.escom.fr
2013-10-12 14:53:53,maps.googleapis.com
2013-10-12 14:53:54,s-static.ak.facebook.com
2013-10-12 14:53:59,www.inscription-ecole.com
2013-10-12 14:54:03,static.ak.facebook.com
2013-10-12 14:54:03,www.facebook.com
2013-10-12 14:54:03,www.inscription-ecole.com
2013-10-12 14:54:08,www.insa-strasbourg.fr
2013-10-12 14:54:09,www.insa-strasbourg.fr
2013-10-12 14:54:19,www.inscription-ecole.com
2013-10-12 14:54:26,www.insa-strasbourg.fr
2013-10-12 14:54:45,www.insa-strasbourg.fr
2013-10-12 14:54:46,www.insa-strasbourg.fr
2013-10-12 14:54:59,www.insa-strasbourg.fr
2013-10-12 14:55:00,www.insa-strasbourg.fr
2013-10-12 14:55:11,www.groupe-insa.fr
2013-10-12 14:55:12,www.groupe-insa.fr
2013-10-12 14:55:15,www.groupe-insa.fr
2013-10-12 14:55:17,www.groupe-insa.fr
2013-10-12 14:55:19,www.google.fr
2013-10-12 14:55:19,clients1.google.fr
2013-10-12 14:55:19,admission.groupe-insa.fr
2013-10-12 14:55:20,admission.groupe-insa.fr
2013-10-12 14:55:21,admission.groupe-insa.fr
2013-10-12 14:55:22,www.inscription-ecole.com
2013-10-12 14:55:23,admission.groupe-insa.fr
2013-10-12 14:55:27,www.facebook.com
2013-10-12 14:55:27,s-static.ak.facebook.com
2013-10-12 14:55:40,www.inscription-ecole.com
2013-10-12 14:55:48,candidat.groupe-insa.fr
2013-10-12 14:55:49,candidat.groupe-insa.fr
2013-10-12 14:56:01,www.escom.fr
2013-10-12 14:56:02,www.escom.fr
2013-10-12 14:56:03,www.escom.fr
2013-10-12 14:56:04,www.escom.fr
2013-10-12 14:56:07,www.escom.fr
2013-10-12 14:56:09,www.escom.fr
2013-10-12 14:56:12,www.escom.fr
2013-10-12 15:06:38,stat.lyrics-copy.com
2013-10-12 15:06:38,www.google.fr
2013-10-12 15:06:38,www.google.com
2013-10-12 15:06:38,clients1.google.fr
2013-10-12 15:06:38,img.wf
2013-10-12 15:06:38,fr.lyrics-copy.com
2013-10-12 15:06:39,www.google.com
2013-10-12 15:06:44,img.youtube.com
2013-10-12 15:06:47,img.lyrics-copy.com
2013-10-12 15:07:05,www.google.com
2013-10-12 15:07:10,img.youtube.com
2013-10-12 15:07:15,clients1.google.fr
2013-10-12 15:07:15,img.youtube.com
2013-10-12 15:07:15,s.ytimg.com
2013-10-12 15:07:16,i1.ytimg.com
2013-10-12 15:07:16,s.youtube.com
2013-10-12 15:07:16,s.ytimg.com
2013-10-12 15:07:16,www.youtube.com
2013-10-12 15:07:16,r1---sn-gxo5uxg-jqbe.googlevideo.com
2013-10-12 15:07:16,www.google.fr
2013-10-12 15:07:17,i3.ytimg.com
2013-10-12 15:07:17,s.youtube.com
2013-10-12 15:07:17,apis.google.com
2013-10-12 15:07:17,s.ytimg.com
2013-10-12 15:07:17,www.youtube.com
2013-10-12 15:07:17,r1---sn-gxo5uxg-jqbe.googlevideo.com
2013-10-12 15:07:18,s.youtube.com
2013-10-12 15:07:18,www.youtube.com
2013-10-12 15:07:20,i1.ytimg.com
2013-10-12 15:07:20,www.youtube.com
2013-10-12 15:07:20,plus.googleapis.com
2013-10-12 15:07:20,apis.google.com
2013-10-12 15:07:21,plus.googleapis.com
2013-10-12 15:07:21,r1---sn-gxo5uxg-jqbe.googlevideo.com
2013-10-12 15:07:22,plus.googleapis.com
2013-10-12 15:07:26,s.youtube.com
2013-10-12 15:07:27,r1---sn-gxo5uxg-jqbe.googlevideo.com
2013-10-12 15:07:28,s.youtube.com
2013-10-12 15:07:45,www.google.fr
2013-10-12 15:07:45,fr.wiktionary.org
2013-10-12 15:07:45,bits.wikimedia.org
2013-10-12 15:07:45,login.wikimedia.org
2013-10-12 15:07:45,meta.wikimedia.org
2013-10-12 15:07:45,clients1.google.fr
2013-10-12 15:07:59,bits.wikimedia.org
2013-10-12 15:08:14,fr.wiktionary.org
2013-10-12 15:08:14,bits.wikimedia.org
2013-10-12 15:08:14,meta.wikimedia.org
2013-10-12 15:08:27,fr.wiktionary.org
2013-10-12 15:08:28,meta.wikimedia.org
2013-10-12 15:08:33,fr.wiktionary.org
2013-10-12 15:08:34,meta.wikimedia.org
2013-10-12 15:08:34,fr.wiktionary.org
2013-10-12 15:08:36,fr.wiktionary.org
2013-10-12 15:08:36,meta.wikimedia.org
2013-10-12 15:08:38,fr.wiktionary.org
2013-10-12 15:08:38,bits.wikimedia.org
2013-10-12 15:08:38,meta.wikimedia.org
2013-10-12 15:08:59,bits.wikimedia.org
2013-10-12 15:09:42,www.bing.com
2013-10-12 15:09:47,www.bing.com
2013-10-12 15:09:48,ts2.mm.bing.net
2013-10-12 15:09:48,www.bing.com
2013-10-12 15:09:48,ts3.mm.bing.net
2013-10-12 15:09:49,www.bing.com
2013-10-12 15:09:50,ts3.mm.bing.net
2013-10-12 15:09:50,ts2.mm.bing.net
2013-10-12 15:09:50,ts1.mm.bing.net
2013-10-12 15:09:50,ts4.mm.bing.net
2013-10-12 15:09:50,www.youtube.com
2013-10-12 15:09:50,www.bing.com
2013-10-12 15:09:51,r1---sn-gxo5uxg-jqbe.googlevideo.com
2013-10-12 15:09:51,s.youtube.com
2013-10-12 15:09:51,www.youtube.com
2013-10-12 15:09:51,ts4.mm.bing.net
2013-10-12 15:09:51,ts2.mm.bing.net
2013-10-12 15:09:51,s.ytimg.com
2013-10-12 15:09:51,www.bing.com
2013-10-12 15:09:51,ts1.mm.bing.net
2013-10-12 15:09:51,ts3.mm.bing.net
2013-10-12 15:09:52,www.bing.com
2013-10-12 15:09:52,r1---sn-gxo5uxg-jqbe.googlevideo.com
2013-10-12 15:09:52,s.youtube.com
2013-10-12 15:09:53,www.bing.com
2013-10-12 15:09:54,login.live.com
2013-10-12 15:09:54,ts2.mm.bing.net
2013-10-12 15:09:54,www.bing.com
2013-10-12 15:09:55,www.bing.com
2013-10-12 15:09:55,login.live.com
2013-10-12 15:09:56,www.bing.com
2013-10-12 15:09:59,www.bing.com
2013-10-12 15:10:00,ssl.bing.com
2013-10-12 15:10:00,ts4.mm.bing.net
2013-10-12 15:10:00,www.bing.com
2013-10-12 15:10:00,ts1.mm.bing.net
2013-10-12 15:10:00,ts3.mm.bing.net
2013-10-12 15:10:00,ts2.mm.bing.net
2013-10-12 15:10:01,www.bing.com
2013-10-12 15:10:01,ts4.mm.bing.net
2013-10-12 15:10:03,www.bing.com
2013-10-12 15:10:04,www.bing.com
2013-10-12 15:10:04,fr.youtube.com
2013-10-12 15:10:05,www.youtube.com
2013-10-12 15:10:05,i1.ytimg.com
2013-10-12 15:10:05,s.ytimg.com
2013-10-12 15:10:06,s.ytimg.com
2013-10-12 15:10:07,i1.ytimg.com
2013-10-12 15:10:07,www.youtube.com
2013-10-12 15:10:07,clients1.google.com
2013-10-12 15:10:08,clients1.google.com
2013-10-12 15:10:09,clients1.google.com
2013-10-12 15:10:09,www.google.com
2013-10-12 15:10:09,login.live.com
2013-10-12 15:10:10,s.ytimg.com
2013-10-12 15:10:11,s.ytimg.com
2013-10-12 15:10:11,clients1.google.com
2013-10-12 15:10:12,clients1.google.com
2013-10-12 15:10:16,s.ytimg.com
2013-10-12 15:10:16,www.google.com
2013-10-12 15:10:16,www.youtube.com
2013-10-12 15:10:16,i1.ytimg.com
2013-10-12 15:10:16,www.google.fr
2013-10-12 15:10:17,i1.ytimg.com
2013-10-12 15:10:17,s.ytimg.com
2013-10-12 15:10:17,adventori.com
2013-10-12 15:10:24,r1---sn-gxo5uxg-jqbe.googlevideo.com
2013-10-12 15:10:24,www.youtube.com
2013-10-12 15:10:25,s.youtube.com
2013-10-12 15:10:25,r1---sn-gxo5uxg-jqbe.googlevideo.com
2013-10-12 15:10:25,www.youtube.com
2013-10-12 15:10:26,r1---sn-gxo5uxg-jqbe.googlevideo.com
2013-10-12 15:10:26,s.youtube.com
2013-10-12 15:10:26,www.youtube.com
2013-10-12 15:10:28,www.youtube.com
2013-10-12 15:10:28,i1.ytimg.com
2013-10-12 15:10:29,r1---sn-gxo5uxg-jqbe.googlevideo.com
2013-10-12 15:10:32,s.ytimg.com
2013-10-12 15:10:33,clients1.google.com
2013-10-12 15:10:35,www.youtube.com
2013-10-12 15:10:35,i1.ytimg.com
2013-10-12 15:10:38,clients1.google.com
2013-10-12 15:10:48,www.hotmail.fr
2013-10-12 15:10:58,login.live.com
2013-10-12 15:11:16,login.live.com
2013-10-12 15:11:40,windowslive.tt.omtrdc.net
2013-10-12 15:11:53,windowslive.tt.omtrdc.net
2013-10-12 15:12:21,login.live.com
2013-10-12 15:12:34,mail.live.com
2013-10-12 15:12:36,clients1.google.com
2013-10-12 15:12:37,clients1.google.com
2013-10-12 15:12:39,clients1.google.com
2013-10-12 15:12:39,dub124.mail.live.com
2013-10-12 15:12:40,cid-e339083622ce9f28.users.storage.live.com
2013-10-12 15:12:40,dub124.mail.live.com
2013-10-12 15:12:40,clients1.google.com
2013-10-12 15:12:41,people.directory.live.com
2013-10-12 15:12:41,secure.shared.live.com
2013-10-12 15:12:42,js.live.net
2013-10-12 15:12:43,h.live.com
2013-10-12 15:12:45,www.youtube.com
2013-10-12 15:12:45,i1.ytimg.com
2013-10-12 15:12:45,www.google.com
2013-10-12 15:12:45,plus.googleapis.com
2013-10-12 15:12:46,i1.ytimg.com
2013-10-12 15:12:51,i1.ytimg.com
2013-10-12 15:12:53,s.ytimg.com
2013-10-12 15:12:53,www.youtube.com
2013-10-12 15:12:53,r2---sn-gxo5uxg-jqbe.googlevideo.com
2013-10-12 15:12:53,i1.ytimg.com
2013-10-12 15:12:53,s.youtube.com
2013-10-12 15:12:54,www.youtube.com
2013-10-12 15:12:54,s.ytimg.com
2013-10-12 15:12:54,i1.ytimg.com
2013-10-12 15:12:54,s.youtube.com
2013-10-12 15:12:54,r2---sn-gxo5uxg-jqbe.googlevideo.com
2013-10-12 15:12:55,www.youtube.com
2013-10-12 15:12:55,plus.googleapis.com
2013-10-12 15:12:55,i1.ytimg.com
2013-10-12 15:12:57,i1.ytimg.com
2013-10-12 15:12:57,www.youtube.com
2013-10-12 15:12:58,r2---sn-gxo5uxg-jqbe.googlevideo.com
2013-10-12 15:12:59,r2---sn-gxo5uxg-jqbe.googlevideo.com
2013-10-12 15:13:02,s.youtube.com
2013-10-12 15:13:03,s.youtube.com
2013-10-12 15:13:04,r2---sn-gxo5uxg-jqbe.googlevideo.com
2013-10-12 15:13:05,i1.ytimg.com
2013-10-12 15:13:08,www.youtube.com
2013-10-12 15:13:09,www.youtube.com
2013-10-12 15:13:09,i1.ytimg.com
2013-10-12 15:13:16,i1.ytimg.com
2013-10-12 15:13:20,i1.ytimg.com
2013-10-12 15:13:26,i1.ytimg.com
2013-10-12 15:13:37,www.youtube.com
2013-10-12 15:13:38,s.ytimg.com
2013-10-12 15:13:40,h.live.com
2013-10-12 15:13:42,storage.live.com
2013-10-12 15:13:43,h.live.com
2013-10-12 15:13:52,s.ytimg.com
2013-10-12 15:13:52,apis.google.com
2013-10-12 15:13:52,clients1.google.com
2013-10-12 15:14:28,dub124.mail.live.com
2013-10-12 15:14:47,secure.shared.live.com
2013-10-12 15:17:04,h.live.com
2013-10-12 15:17:08,dub124.mail.live.com
2013-10-12 15:17:11,dub124.mail.live.com
2013-10-12 15:17:38,s.ytimg.com
2013-10-12 15:17:42,www.youtube.com
2013-10-12 15:17:42,apis.google.com
2013-10-12 15:18:05,dub124.mail.live.com
2013-10-12 15:18:47,proxy-blu-people.directory.live.com
2013-10-12 15:20:05,dub124.mail.live.com
2013-10-12 15:20:29,www.google.fr
2013-10-12 15:20:33,www.google.fr
2013-10-12 15:20:41,clients1.google.fr
2013-10-12 15:20:42,clients1.google.fr
2013-10-12 15:20:42,www.google.fr
2013-10-12 15:20:43,www.google.com
2013-10-12 15:20:43,clients1.google.fr
2013-10-12 15:21:04,clients1.google.fr
2013-10-12 15:21:04,www.google.fr
2013-10-12 15:21:11,clients1.google.fr
2013-10-12 15:21:16,connect.facebook.net
2013-10-12 15:21:16,www.ingerium.com
2013-10-12 15:21:16,www.google.fr
2013-10-12 15:21:16,clients1.google.fr
2013-10-12 15:21:16,ajax.googleapis.com
2013-10-12 15:21:17,www.facebook.com
2013-10-12 15:21:21,s-static.ak.facebook.com
2013-10-12 15:21:26,www.ingerium.com
2013-10-12 15:22:03,www.agence-best.fr
2013-10-12 15:22:03,s-static.ak.facebook.com
2013-10-12 15:22:03,clients1.google.fr
2013-10-12 15:22:03,www.google.fr
2013-10-12 15:22:56,www.google.fr
2013-10-12 15:22:56,clients1.google.fr
2013-10-12 15:22:56,proxy-blu-people.directory.live.com
2013-10-12 15:23:03,clients1.google.fr
2013-10-12 15:23:11,clients1.google.fr
2013-10-12 15:23:11,www.google.fr
2013-10-12 15:23:22,ajax.googleapis.com
2013-10-12 15:23:22,fst-test.unilim.fr
2013-10-12 15:23:22,widgets.twimg.com
2013-10-12 15:23:22,www.sciences.unilim.fr
2013-10-12 15:23:22,www.google.fr
2013-10-12 15:23:22,clients1.google.fr
2013-10-12 15:23:23,www.facebook.com
2013-10-12 15:23:23,www.sciences.unilim.fr
2013-10-12 15:23:24,www.sciences.unilim.fr
2013-10-12 16:13:06,www.google.fr
2013-10-12 16:13:12,www.google.fr
2013-10-12 16:13:18,www.synonymes.com
2013-10-12 16:13:18,clients1.google.fr
2013-10-12 16:13:18,www.google.fr
2013-10-12 16:13:19,www.synonymes.com
2013-10-12 16:13:19,clients1.google.fr
2013-10-12 16:13:19,apis.google.com
2013-10-12 16:13:19,www.facebook.com
2013-10-12 16:13:21,accounts.google.com
2013-10-12 16:13:27,apis.google.com
2013-10-12 16:13:27,accounts.google.com
2013-10-12 16:13:27,www.synonymes.com
2013-10-12 16:13:28,loadr.exelator.com
2013-10-12 16:13:28,www.synonymes.com
2013-10-12 16:13:46,www.synonymes.com
2013-10-12 16:13:53,www.synonymes.com
2013-10-12 16:14:08,www.synonymes.com
2013-10-12 16:21:39,clients1.google.fr
2013-10-12 16:21:39,www.sciences.unilim.fr
2013-10-12 16:21:39,connect.facebook.net
2013-10-12 16:21:40,www.facebook.com
2013-10-12 16:21:40,www.google.fr
2013-10-12 16:21:40,www.sciences.unilim.fr
2013-10-12 16:22:00,www.google.fr
2013-10-12 16:22:00,clients1.google.fr
2013-10-12 16:22:16,clients1.google.fr
2013-10-12 16:22:16,www.google.fr
2013-10-12 16:22:21,www.beead.fr
2013-10-12 16:22:21,ebd.journaldunet.com
2013-10-12 16:22:21,clients1.google.fr
2013-10-12 16:22:21,www.journaldunet.com
2013-10-12 16:22:21,www.google.fr
2013-10-12 16:22:21,static.ccmbg.com
2013-10-12 16:22:22,r.ccmbg.com
2013-10-12 16:22:22,www.linternaute.com
2013-10-12 16:22:22,www.journaldunet.com
2013-10-12 16:22:22,static.ccmbg.com
2013-10-12 16:22:22,ebd.journaldunet.com
2013-10-12 16:22:22,static.beead.net
2013-10-12 16:22:23,www.journaldunet.com
2013-10-12 16:22:23,www.linternaute.com
2013-10-12 16:22:23,r.linter.fr
2013-10-12 16:22:23,ajax.googleapis.com
2013-10-12 16:22:23,static.ebz.io
2013-10-12 16:22:23,www.youtube.com
2013-10-12 16:22:23,s.ytimg.com
2013-10-12 16:22:23,r.ccmbg.com
2013-10-12 16:22:23,i1.ytimg.com
2013-10-12 16:22:24,platform.twitter.com
2013-10-12 16:22:24,ebd.journaldunet.com
2013-10-12 16:22:24,i1.ytimg.com
2013-10-12 16:22:24,static.ccmbg.com
2013-10-12 16:22:24,r.ccmbg.com
2013-10-12 16:22:24,apis.google.com
2013-10-12 16:22:25,www.facebook.com
2013-10-12 16:22:25,www.linkedin.com
2013-10-12 16:22:25,widgets.pinterest.com
2013-10-12 16:22:27,i-cms.journaldunet.com
2013-10-12 16:22:27,static.ccmbg.com
2013-10-12 16:22:27,www.journaldunet.com
2013-10-12 16:22:27,i-jdn.lejdn.fr
2013-10-12 16:22:27,ba.journaldunet.com
2013-10-12 16:22:29,cec.journaldunet.com
2013-10-12 16:22:29,gpohu2ut9k.s.ad6media.fr
2013-10-12 16:22:30,cec.journaldunet.com
2013-10-12 16:22:30,www.journaldunet.com
2013-10-12 16:22:30,style2.ad6.fr
2013-10-12 16:22:30,gpohu2ut9k.s.ad6media.fr
2013-10-12 16:22:31,platform.twitter.com
2013-10-12 16:22:34,www.facebook.com
2013-10-12 16:22:34,twitter.com
2013-10-12 16:22:35,www.linkedin.com
2013-10-12 16:22:36,apis.google.com
2013-10-12 16:22:36,platform.twitter.com
2013-10-12 16:22:36,gpohu2ut9k.s.ad6media.fr
2013-10-12 16:22:36,twitter.com
2013-10-12 16:22:38,www.facebook.com
2013-10-12 16:22:38,apis.google.com
2013-10-12 16:22:40,www.facebook.com
2013-10-12 16:22:44,www.google.fr
2013-10-12 16:22:44,clients1.google.fr
2013-10-12 16:22:53,www.larousse.fr
2013-10-12 16:22:53,www.google.fr
2013-10-12 16:22:53,clients1.google.fr
2013-10-12 16:22:54,www.larousse.fr
2013-10-12 16:22:54,apis.google.com
2013-10-12 16:22:55,apis.google.com
2013-10-12 16:22:55,www.facebook.com
2013-10-12 16:22:56,www.facebook.com
2013-10-12 16:22:56,www.larousse.fr
2013-10-12 16:22:57,accounts.google.com
2013-10-12 16:22:57,www.facebook.com
2013-10-12 16:22:58,www.aldaniti.net
2013-10-12 16:22:58,www.facebook.com
2013-10-12 16:22:58,accounts.google.com
2013-10-12 16:22:59,x2.vindicosuite.com
2013-10-12 16:23:00,www.facebook.com
2013-10-12 16:24:01,platform.twitter.com
2013-10-12 16:24:01,apis.google.com
2013-10-12 16:24:01,www.larousse.fr
2013-10-12 16:24:01,www.aldaniti.net
2013-10-12 16:24:01,www.facebook.com
2013-10-12 16:24:02,twitter.com
2013-10-12 16:24:39,twitter.com
2013-10-12 16:24:52,syndication.twitter.com
2013-10-12 16:25:23,syndication.twitter.com
2013-10-12 16:26:39,syndication.twitter.com
2013-10-12 16:27:09,pbs.twimg.com
2013-10-12 16:27:09,platform.twitter.com
2013-10-12 16:28:09,syndication.twitter.com
2013-10-12 16:29:02,www.youtube.com
2013-10-12 16:29:03,r1---sn-gxo5uxg-jqbe.googlevideo.com
2013-10-12 16:29:03,i1.ytimg.com
2013-10-12 16:29:04,proxy-blu-people.directory.live.com
2013-10-12 16:29:04,r1---sn-gxo5uxg-jqbe.googlevideo.com
2013-10-12 16:29:04,s.youtube.com
2013-10-12 16:29:04,www.youtube.com
2013-10-12 16:29:06,i1.ytimg.com
2013-10-12 16:29:06,www.youtube.com
2013-10-12 16:29:06,s.youtube.com
2013-10-12 16:29:07,plus.googleapis.com
2013-10-12 16:29:08,dub124.mail.live.com
2013-10-12 16:29:08,plus.googleapis.com
2013-10-12 16:29:08,r1---sn-gxo5uxg-jqbe.googlevideo.com
2013-10-12 16:29:13,plus.googleapis.com
2013-10-12 16:29:14,s.youtube.com
2013-10-12 16:29:17,s.youtube.com
2013-10-12 16:29:27,s.youtube.com
2013-10-12 16:31:35,h.live.com
2013-10-12 16:32:43,dub124.mail.live.com
2013-10-12 16:32:44,dub124.mail.live.com
2013-10-12 16:33:02,plus.googleapis.com
2013-10-12 16:33:28,dub124.mail.live.com
2013-10-12 16:34:04,proxy-blu-people.directory.live.com
2013-10-12 16:35:39,p.sfx.ms
2013-10-12 16:36:42,h.live.com
2013-10-12 16:36:42,dub124.afx.ms
2013-10-12 16:36:42,proxy-blu-people.directory.live.com
2013-10-12 16:36:42,dub124.mail.live.com
2013-10-12 16:36:51,word-view.officeapps.live.com
2013-10-12 16:37:57,dub124.afx.ms
2013-10-12 16:38:14,dub124.mail.live.com
2013-10-12 16:38:22,h.live.com
2013-10-12 16:38:23,dub124.mail.live.com
2013-10-12 16:38:28,dub124.mail.live.com
2013-10-12 16:38:49,dub124.mail.live.com
2013-10-12 16:42:10,proxy-blu-people.directory.live.com
2013-10-12 16:43:27,dub124.mail.live.com
2013-10-12 16:51:42,www.serba.net
2013-10-12 16:51:42,www.espace-technologie.com
2013-10-12 16:51:47,www.espace-technologie.com
2013-10-12 16:51:47,www.serba.net
2013-10-12 16:52:09,www.serba.net
2013-10-12 16:52:09,www.espace-technologie.com
2013-10-12 16:52:14,www.serba.net
2013-10-12 16:52:14,www.espace-technologie.com
2013-10-12 16:52:17,www.serba.net
2013-10-12 16:52:17,www.espace-technologie.com
2013-10-12 16:52:19,www.serba.net
2013-10-12 16:52:19,www.espace-technologie.com
2013-10-12 16:52:21,www.serba.net
2013-10-12 16:52:21,www.espace-technologie.com
2013-10-12 16:52:22,www.espace-technologie.com
2013-10-12 16:52:22,www.serba.net
2013-10-12 16:52:25,www.serba.net
2013-10-12 16:52:25,www.espace-technologie.com
2013-10-12 16:52:27,www.serba.net
2013-10-12 16:52:29,www.espace-technologie.com
2013-10-12 16:52:29,www.serba.net
2013-10-12 16:52:31,www.serba.net
2013-10-12 16:52:32,www.espace-technologie.com
2013-10-12 16:52:33,www.serba.net
2013-10-12 16:52:37,www.espace-technologie.com
2013-10-12 16:52:37,www.serba.net
2013-10-12 16:54:59,www.espace-technologie.com
2013-10-12 16:54:59,www.serba.net
2013-10-12 16:55:49,www.serba.net
2013-10-12 16:55:49,www.espace-technologie.com
2013-10-12 16:56:45,www.serba.net
2013-10-12 16:56:45,www.espace-technologie.com
2013-10-12 16:57:35,www.espace-technologie.com
2013-10-12 16:57:35,www.serba.net
2013-10-12 16:58:03,dub124.mail.live.com
2013-10-12 16:58:09,www.serba.net
2013-10-12 16:58:10,www.espace-technologie.com
2013-10-12 16:58:10,www.serba.net
2013-10-12 16:58:46,www.espace-technologie.com
2013-10-12 16:58:46,www.serba.net
2013-10-12 17:00:20,dub124.mail.live.com
2013-10-12 17:00:20,h.live.com
2013-10-12 17:00:20,proxy-blu-people.directory.live.com
2013-10-12 17:00:21,dub124.mail.live.com
2013-10-12 17:00:22,dub124.mail.live.com
2013-10-12 17:00:25,dub124.mail.live.com
2013-10-12 17:00:48,dub124.mail.live.com
2013-10-12 17:00:48,h.live.com
2013-10-12 17:00:49,dub124.mail.live.com
2013-10-12 17:01:01,dub124.mail.live.com
2013-10-12 17:01:20,g.msn.com
2013-10-12 17:01:53,dub124.mail.live.com
2013-10-12 17:01:56,dub124.mail.live.com
2013-10-12 17:01:59,dub124.mail.live.com
2013-10-12 17:02:01,dub124.mail.live.com
2013-10-12 17:02:02,dub124.mail.live.com
2013-10-12 17:02:03,h.live.com
2013-10-12 17:02:04,dub124.mail.live.com
2013-10-12 17:04:20,dub124.mail.live.com
2013-10-12 17:04:56,proxy-blu-people.directory.live.com
2013-10-12 17:05:25,g.msn.com
2013-10-12 17:05:52,dub124.mail.live.com
2013-10-12 17:05:53,dub124.mail.live.com
2013-10-12 17:05:54,dub124.mail.live.com
2013-10-12 17:05:54,h.live.com
2013-10-12 17:05:56,dub124.mail.live.com
2013-10-12 17:05:58,dub124.mail.live.com
2013-10-12 17:05:59,dub124.mail.live.com
2013-10-12 17:07:11,www.serba.net
2013-10-12 17:07:12,www.serba.net
2013-10-12 17:07:12,www.espace-technologie.com
2013-10-12 17:07:15,www.serba.net
2013-10-12 17:07:15,www.espace-technologie.com
2013-10-12 17:08:32,www.serba.net
2013-10-12 17:08:32,www.espace-technologie.com
2013-10-12 17:08:37,www.serba.net
2013-10-12 17:08:38,www.espace-technologie.com
2013-10-12 17:08:54,g.msn.com
2013-10-12 17:08:56,www.espace-technologie.com
2013-10-12 17:08:56,www.serba.net
2013-10-12 17:09:03,dub124.mail.live.com
2013-10-12 17:09:14,www.serba.net
2013-10-12 17:09:15,www.espace-technologie.com
2013-10-12 17:09:23,h.live.com
2013-10-12 17:09:24,dub124.mail.live.com
2013-10-12 17:09:25,dub124.mail.live.com
2013-10-12 17:09:27,www.serba.net
2013-10-12 17:09:27,www.espace-technologie.com
2013-10-12 17:10:21,proxy-blu-people.directory.live.com
2013-10-12 17:11:16,www.serba.net
2013-10-12 17:11:16,www.espace-technologie.com
2013-10-12 17:11:39,www.serba.net
2013-10-12 17:11:39,www.espace-technologie.com
2013-10-12 17:11:55,www.espace-technologie.com
2013-10-12 17:11:55,www.serba.net
2013-10-12 17:11:56,www.serba.net
2013-10-12 17:12:21,www.serba.net
2013-10-12 17:12:21,www.espace-technologie.com
2013-10-12 17:12:38,www.serba.net
2013-10-12 17:12:38,www.espace-technologie.com
2013-10-12 17:12:54,www.serba.net
2013-10-12 17:12:55,www.serba.net
2013-10-12 17:12:55,www.espace-technologie.com
2013-10-12 17:13:13,www.serba.net
2013-10-12 17:13:14,www.espace-technologie.com
2013-10-12 17:13:14,www.serba.net
2013-10-12 17:14:17,www.google.fr
2013-10-12 17:14:26,www.google.fr
2013-10-12 17:14:29,www.google.fr
2013-10-12 17:14:30,www.google.fr
2013-10-12 17:14:31,clients1.google.fr
2013-10-12 17:15:34,proxy-blu-people.directory.live.com
2013-10-12 17:15:42,g.msn.com
2013-10-12 17:15:44,www.google.fr
2013-10-12 17:16:00,www.google.fr
2013-10-12 17:16:02,www.google.fr
2013-10-12 17:16:02,ajax.googleapis.com
2013-10-12 17:16:02,www.cadresonline.com
2013-10-12 17:16:02,www.sncf.com
2013-10-12 17:16:02,connect.facebook.net
2013-10-12 17:16:03,www.cadresonline.com
2013-10-12 17:16:03,www.sncf.com
2013-10-12 17:16:03,apis.google.com
2013-10-12 17:16:03,assets.cadresonline.com
2013-10-12 17:16:04,platform.twitter.com
2013-10-12 17:16:04,www.sncf.com
2013-10-12 17:16:04,ajax.googleapis.com
2013-10-12 17:16:04,apis.google.com
2013-10-12 17:16:04,assets.cadresonline.com
2013-10-12 17:16:04,www.cadresonline.com
2013-10-12 17:16:05,assets.cadresonline.com
2013-10-12 17:16:05,www.sncf.com
2013-10-12 17:16:05,www.facebook.com
2013-10-12 17:16:07,s-static.ak.facebook.com
2013-10-12 17:16:07,accounts.google.com
2013-10-12 17:16:07,www.sncf.com
2013-10-12 17:16:07,h.live.com
2013-10-12 17:16:09,s-static.ak.facebook.com
2013-10-12 17:16:10,dub124.mail.live.com
2013-10-12 17:16:11,dub124.mail.live.com
2013-10-12 17:16:14,twitter.com
2013-10-12 17:16:14,clients1.google.fr
2013-10-12 17:16:14,www.google.fr
2013-10-12 17:16:14,dub124.mail.live.com
2013-10-12 17:16:14,thbr.figarocms.net
2013-10-12 17:16:14,www.keljob.com
2013-10-12 17:16:14,ajax.googleapis.com
2013-10-12 17:16:15,www.google.fr
2013-10-12 17:16:15,www.colas.com
2013-10-12 17:16:15,www.keljob.com
2013-10-12 17:16:15,assets.keljob.com
2013-10-12 17:16:15,deliv.bayard-pub.com
2013-10-12 17:16:16,www.keljob.com
2013-10-12 17:16:18,assets.cadresonline.com
2013-10-12 17:16:26,www.indeed.fr
2013-10-12 17:16:26,www.google.com
2013-10-12 17:16:26,www.google.fr
2013-10-12 17:16:27,www.indeed.fr
2013-10-12 17:16:40,www.google.fr
2013-10-12 17:16:45,twitter.com
2013-10-12 17:16:45,www.google.fr
2013-10-12 17:16:45,emploi.techniques-ingenieur.fr
2013-10-12 17:16:46,emploi.techniques-ingenieur.fr
2013-10-12 17:16:46,com.editions-ti.com
2013-10-12 17:16:46,www.techniques-ingenieur.fr
2013-10-12 17:16:49,www.google.fr
2013-10-12 17:16:49,www.insa-lyon.fr
2013-10-12 17:16:49,dsi-outils.insa-lyon.fr
2013-10-12 17:19:01,www.emploi.sncf.com
2013-10-12 17:19:03,www.emploi.sncf.com
2013-10-12 17:19:04,www.emploi.sncf.com
2013-10-12 17:19:05,www.emploi.sncf.com
2013-10-12 17:19:05,multimedia.sncf.com
2013-10-12 17:19:06,www.emploi.sncf.com
2013-10-12 17:19:10,multimedia.sncf.com
2013-10-12 17:19:12,www.emploi.sncf.com
2013-10-12 17:19:18,www.emploi.sncf.com
2013-10-12 17:19:46,www.emploi.sncf.com
2013-10-12 17:19:47,www.emploi.sncf.com
2013-10-12 17:20:35,proxy-blu-people.directory.live.com
2013-10-12 17:22:09,www.sncf.com
2013-10-12 17:22:11,www.emploi.sncf.com
2013-10-12 17:22:44,www.emploi.sncf.com
2013-10-12 17:22:45,www.emploi.sncf.com
2013-10-12 17:23:30,www.emploi.sncf.com
2013-10-12 17:23:31,www.sncf.com
2013-10-12 17:23:35,www.emploi.sncf.com
2013-10-12 17:23:57,www.emploi.sncf.com
2013-10-12 17:23:58,www.emploi.sncf.com
2013-10-12 17:24:31,www.sncf.com
2013-10-12 17:24:35,www.emploi.sncf.com
2013-10-12 17:25:03,www.emploi.sncf.com
2013-10-12 17:25:39,www.sncf.com
2013-10-12 17:25:47,www.emploi.sncf.com
2013-10-12 17:26:00,www.emploi.sncf.com
2013-10-12 17:26:01,www.emploi.sncf.com
2013-10-12 17:26:29,ajax.googleapis.com
2013-10-12 17:30:17,dub124.mail.live.com
2013-10-12 17:30:17,proxy-blu-people.directory.live.com
2013-10-12 17:30:31,www.keljob.com
2013-10-12 17:30:31,thbr.figarocms.net
2013-10-12 17:30:32,pool-eu-ie.creative-serving.com
2013-10-12 17:30:35,www.keljob.com
2013-10-12 17:30:36,www.keljob.com
2013-10-12 17:30:36,thbr.figarocms.net
2013-10-12 17:30:39,thbr.figarocms.net
2013-10-12 17:30:39,www.keljob.com
2013-10-12 17:30:43,www.keljob.com
2013-10-12 17:30:44,www.keljob.com
2013-10-12 17:30:44,dub124.mail.live.com
2013-10-12 17:30:45,h.live.com
2013-10-12 17:30:46,www.keljob.com
2013-10-12 17:30:46,thbr.figarocms.net
2013-10-12 17:30:46,dub124.mail.live.com
2013-10-12 17:30:52,www.keljob.com
2013-10-12 17:30:52,thbr.figarocms.net
2013-10-12 17:30:54,www.keljob.com
2013-10-12 17:31:46,www.techniques-ingenieur.fr
2013-10-12 17:32:33,www.insa-lyon.fr
2013-10-12 17:33:12,www.google.fr
2013-10-12 17:33:12,clients1.google.fr
2013-10-12 17:33:12,www.techniques-ingenieur.fr
2013-10-12 17:33:12,emploi.techniques-ingenieur.fr
2013-10-12 17:33:12,com.editions-ti.com
2013-10-12 17:33:15,www.colas.com
2013-10-12 17:33:16,www.colas.com
2013-10-12 17:33:18,clients1.google.fr
2013-10-12 17:33:18,www.google.fr
2013-10-12 17:33:18,cadres.apec.fr
2013-10-12 17:33:18,annuaire-metiers.cadres.apec.fr
2013-10-12 17:33:19,cadres.apec.fr
2013-10-12 17:33:19,annuaire-metiers.cadres.apec.fr
2013-10-12 17:33:19,ajax.googleapis.com
2013-10-12 17:33:19,w.sharethis.com
2013-10-12 17:33:19,yui.yahooapis.com
2013-10-12 17:33:20,annuaire-metiers.cadres.apec.fr
2013-10-12 17:33:22,connect.facebook.net
2013-10-12 17:33:22,w.sharethis.com
2013-10-12 17:33:22,annuaire-metiers.cadres.apec.fr
2013-10-12 17:33:22,www.apec.fr
2013-10-12 17:33:22,cadres.apec.fr
2013-10-12 17:33:23,www.facebook.com
2013-10-12 17:33:23,wd.sharethis.com
2013-10-12 17:33:26,annuaire-metiers.cadres.apec.fr
2013-10-12 17:33:27,s-static.ak.facebook.com
2013-10-12 17:34:32,s-static.ak.facebook.com
2013-10-12 17:35:17,proxy-blu-people.directory.live.com
2013-10-12 17:38:53,g.msn.com
2013-10-12 17:39:18,p.sfx.ms
2013-10-12 17:39:52,cid-e339083622ce9f28.users.storage.live.com
2013-10-12 17:39:56,proxy-blu-people.directory.live.com
2013-10-12 17:40:24,dub124.mail.live.com
2013-10-12 17:40:24,storage.live.com
2013-10-12 17:40:24,h.live.com
2013-11-12 16:59:53,www.hotmail.fr
2013-11-12 17:00:03,login.live.com
2013-11-12 17:00:20,login.live.com
2013-11-12 17:00:46,windowslive.tt.omtrdc.net
2013-11-12 17:00:59,windowslive.tt.omtrdc.net
2013-11-12 17:01:40,login.live.com
2013-11-12 17:01:45,login.live.com
2013-11-12 17:01:46,login.live.com
2013-11-12 17:01:53,windowslive.tt.omtrdc.net
2013-11-12 17:01:57,mail.live.com
2013-11-12 17:02:02,dub124.mail.live.com
2013-11-12 17:02:03,dub124.mail.live.com
2013-11-12 17:02:04,dub124.mail.live.com
2013-11-12 17:02:05,people.directory.live.com
2013-11-12 17:02:06,dub124.mail.live.com
2013-11-12 17:02:06,h.live.com
2013-11-12 17:02:07,dub124.mail.live.com
2013-11-12 17:02:07,h.live.com
2013-11-12 17:02:10,secure.shared.live.com
2013-11-12 17:02:10,h.live.com
2013-11-12 17:02:10,dub124.mail.live.com
2013-11-12 17:02:10,cid-e339083622ce9f28.users.storage.live.com
2013-11-12 17:02:11,js.live.net
2013-11-12 17:02:11,p.sfx.ms
2013-11-12 17:02:11,secure.shared.live.com
2013-11-12 17:02:11,h.live.com
2013-11-12 17:02:12,login.live.com
2013-11-12 17:02:12,p.sfx.ms
2013-11-12 17:02:13,go.trouter.io
2013-11-12 17:02:13,p.sfx.ms
2013-11-12 17:02:14,p.sfx.ms
2013-11-12 17:02:14,prod.registrar.skype.com
2013-11-12 17:02:14,h.live.com
2013-11-12 17:02:16,h.live.com
2013-11-12 17:03:14,storage.live.com
2013-11-12 17:03:24,dub124.mail.live.com
2013-11-12 17:03:53,dub124.mail.live.com
2013-11-12 17:05:11,secure.shared.live.com
2013-11-12 17:07:27,api.skype.com
2013-11-12 17:09:16,prod.registrar.skype.com
2013-11-12 17:10:15,dub124.mail.live.com
2013-11-12 17:10:16,proxy-blu-people.directory.live.com
2013-11-12 17:10:17,dub124.mail.live.com
2013-11-12 17:10:17,dub124.afx.ms
2013-11-12 17:10:23,prod.registrar.skype.com
2013-11-12 17:11:15,go.trouter.io
2013-11-12 17:11:23,h.live.com
2013-11-12 17:11:24,dub124.afx.ms
2013-11-12 17:11:25,dub124.mail.live.com
2013-11-12 17:12:22,go.trouter.io
2013-11-12 17:15:21,proxy-blu-people.directory.live.com
2013-11-12 18:06:45,proxy-blu-people.directory.live.com
2013-11-12 18:07:49,dub124.mail.live.com
2013-11-12 18:08:07,h.live.com
2013-11-12 18:08:08,prod.registrar.skype.com
2013-11-12 18:08:13,cid-e339083622ce9f28.users.storage.live.com
2013-11-12 18:08:13,g.msn.com
2013-11-12 18:08:13,login.live.com
2013-11-12 18:08:13,dub124.mail.live.com
2013-11-12 18:08:14,login.skype.com
2013-11-12 18:08:14,go.trouter.io
2013-11-12 18:08:14,g.live.com
2013-11-12 18:08:19,c.fr.msn.com
2013-11-12 18:08:19,windowslive.tt.omtrdc.net
2013-11-12 18:08:19,fr.msn.com
2013-11-12 18:08:19,www.bing.com
2013-11-12 18:08:20,api.bing.com
2013-11-12 18:08:20,cntr.adrcntr.com
2013-11-12 18:08:20,c.fr.msn.com
2013-11-12 18:08:20,img1.video.s-msn.com
2013-11-12 18:08:20,www.bing.com
2013-11-12 18:08:20,platform.twitter.com
2013-11-12 18:08:20,h2.msn.com
2013-11-12 18:08:21,platform.twitter.com
2013-11-12 18:08:21,spot.static.meetic.com
2013-11-12 18:08:21,hub.video.msn.com
2013-11-12 18:08:21,connect.facebook.net
2013-11-12 18:08:21,fr.msn.com
2013-11-12 18:08:21,img1.video.s-msn.com
2013-11-12 18:08:21,img2.video.s-msn.com
2013-11-12 18:08:21,www.facebook.com
2013-11-12 18:08:21,s-static.ak.facebook.com
2013-11-12 18:08:21,static.ak.facebook.com
2013-11-12 18:08:22,img1.video.s-msn.com
2013-11-12 18:08:22,evt.adrcntr.com
2013-11-12 18:08:22,video.msn.com
2013-11-12 18:08:22,download.skype.com
2013-11-12 18:08:22,fr.msn.com
2013-11-12 18:08:22,picda.ilius.net
2013-11-12 18:08:22,hub.video.msn.com
2013-11-12 18:08:22,www.facebook.com
2013-11-12 18:08:22,login.secure.emea.msn.com
2013-11-12 18:08:22,login.live.com
2013-11-12 18:08:23,www.facebook.com
2013-11-12 18:08:23,picda.ilius.net
2013-11-12 18:08:24,pbs.twimg.com
2013-11-12 18:08:24,evt.adrcntr.com
2013-11-12 18:08:25,pbs.twimg.com
2013-11-12 18:08:25,twitter.com
2013-11-15 10:36:41,fpdownload2.macromedia.com
2013-11-15 10:36:49,go.microsoft.com
2013-11-15 10:36:50,ajax.microsoft.com
2013-11-15 10:36:50,res1.windows.microsoft.com
2013-11-15 10:36:50,js.microsoft.com
2013-11-15 10:36:50,res2.windows.microsoft.com
2013-11-15 10:36:50,windows.microsoft.com
2013-11-15 10:36:55,www.bing.com
2013-11-15 10:36:56,www.bing.com
2013-11-15 10:36:57,www.bing.com
2013-11-15 10:36:58,www.bing.com
2013-11-15 10:36:58,cms.abmr.net
2013-11-15 10:37:01,www.bing.com
2013-11-15 10:37:07,login.live.com
2013-11-15 10:38:04,ieonline.microsoft.com
2013-11-15 11:34:56,www.vmware.com
2013-11-15 11:34:57,www.vmware.com
2013-11-15 11:34:57,my.vmware.com
2013-11-15 11:34:58,my.vmware.com
2013-11-15 11:34:58,www.vmware.com
2013-11-15 11:34:59,www.vmware.com
2013-11-15 11:34:59,my.vmware.com
2013-11-15 11:35:23,www.vmware.com
2013-11-15 11:35:24,my.vmware.com
2013-11-15 11:35:32,my.vmware.com
2013-11-15 11:35:32,www.vmware.com
2013-11-22 10:30:41,javadl-esd.sun.com
2013-12-17 15:00:34,geo.mozilla.org
2013-12-17 15:03:26,apis.google.com
2013-12-17 15:03:26,www.google.fr
2013-12-17 15:03:26,www.google.com
2014-03-04 15:43:13,armmf.adobe.com
2014-03-04 15:43:16,armmf.adobe.com
2014-03-04 15:43:18,armmf.adobe.com
2014-03-28 13:58:36,armmf.adobe.com
2014-03-28 13:58:38,armmf.adobe.com
2014-03-28 13:58:40,armmf.adobe.com
2014-03-28 13:58:51,www.google.fr
2014-03-28 13:58:53,www.google.fr
2014-03-28 13:58:53,www.google.com
2014-03-28 13:58:54,apis.google.com
2014-03-28 13:59:00,www.hotmail.fr
2014-03-28 13:59:00,www.google.com
2014-03-28 13:59:00,www.google.fr
2014-03-28 13:59:00,apis.google.com
2014-03-28 13:59:01,login.live.com
2014-03-28 13:59:01,www.google.fr
2014-03-28 13:59:02,login.live.com
2014-03-28 13:59:02,windowslive.tt.omtrdc.net
2014-03-28 13:59:02,www.google.fr
2014-03-28 13:59:15,windowslive.tt.omtrdc.net
2014-03-28 13:59:18,login.live.com
2014-03-28 13:59:19,mail.live.com
2014-03-28 13:59:20,dub124.mail.live.com
2014-03-28 13:59:22,dub124.mail.live.com
2014-03-28 13:59:22,people.directory.live.com
2014-03-28 13:59:22,h.live.com
2014-03-28 13:59:22,cid-e339083622ce9f28.users.storage.live.com
2014-03-28 13:59:23,h.live.com
2014-03-28 13:59:23,js.live.net
2014-03-28 13:59:23,h.bing.com
2014-03-28 13:59:23,dub124.mail.live.com
2014-03-28 13:59:24,dub124.mail.live.com
2014-03-28 13:59:24,secure.shared.live.com
2014-03-28 13:59:24,h.bing.com
2014-03-28 13:59:24,h.live.com
2014-03-28 13:59:26,secure.shared.live.com
2014-03-28 13:59:26,h.live.com
2014-03-28 13:59:27,h.live.com
2014-03-28 13:59:56,www.google.fr
2014-03-28 13:59:57,go.trouter.io
2014-03-28 14:00:27,storage.live.com
2014-03-28 14:00:54,h.live.com
2014-03-28 14:01:30,dub124.mail.live.com
2014-03-28 14:02:03,dub124.mail.live.com
2014-03-28 14:02:04,h.live.com
2014-03-28 14:04:35,secure.shared.live.com
2014-03-28 14:04:38,h2.msn.com
2014-03-28 14:05:04,g.msn.com
2014-03-28 14:05:24,proxy-blu-people.directory.live.com
2014-03-28 14:05:36,dub124.mail.live.com
2014-03-28 14:23:06,dub124.mail.live.com
2014-03-28 15:14:46,dub124.mail.live.com
2014-03-28 15:58:08,dub124.mail.live.com
2014-03-28 16:06:30,dub124.mail.live.com
2014-03-28 16:08:02,dub124.mail.live.com
2014-03-28 16:16:31,dub124.mail.live.com
2014-03-28 16:20:56,go.trouter.io
2014-03-28 17:06:56,go.trouter.io
2014-03-28 17:06:57,go.trouter.io
2014-04-04 13:41:16,armmf.adobe.com
2014-04-18 13:50:40,armmf.adobe.com
2014-04-18 13:53:37,service-updates.adobe.com
