timestamp,site
2014-01-04 17:07:24,ieonline.microsoft.com
2014-01-29 12:08:01,www.google.com
2014-01-29 12:08:01,www.bing.com
2014-01-29 12:10:39,ieonline.microsoft.com
2014-01-29 12:10:43,go.microsoft.com
2014-02-19 10:21:16,player.vimeo.com
2014-02-19 10:22:55,ieonline.microsoft.com
2014-02-19 10:56:03,www.google.fr
2014-02-19 10:56:17,www.google.fr
2014-02-19 10:56:18,apis.google.com
2014-02-19 10:56:20,www.google.com
2014-02-19 10:57:19,www.google.fr
2014-02-19 10:57:19,apis.google.com
2014-02-19 10:57:20,www.google.com
2014-02-19 10:57:20,www.google.fr
2014-02-19 10:57:20,revue.sesamath.net
2014-02-19 10:57:21,revue.sesamath.net
2014-02-19 10:57:21,fpdownload2.macromedia.com
2014-02-19 11:04:02,www.google.fr
2014-02-19 11:04:11,www.google.fr
2014-02-19 11:04:11,www-fourier.ujf-grenoble.fr
2014-02-19 11:05:31,www.google.fr
2014-02-19 11:05:31,www.google.com
2014-02-19 11:11:26,www.google.fr
2014-02-19 11:11:27,apis.google.com
2014-02-19 11:11:29,www.google.com
2014-02-19 11:11:38,www.google.fr
2014-02-19 11:12:09,www.google.com
2014-02-19 11:12:09,www.google.fr
2014-02-19 11:12:09,apis.google.com
2014-02-25 13:01:09,clients1.google.com
2014-02-25 13:01:10,gtglobal-ocsp.geotrust.com
2014-02-25 13:01:10,clients1.google.com
2014-02-25 13:01:15,ocsp.tcs.terena.org
2014-02-25 13:01:15,ocsp.usertrust.com
2014-02-25 13:01:27,player.vimeo.com
2014-02-25 13:01:28,livepassdl.conviva.com
2014-02-25 13:01:28,player.vimeo.com
2014-02-25 13:01:28,gtssl-ocsp.geotrust.com
2014-02-25 13:01:29,livepassdl.conviva.com
2014-02-25 13:01:30,livepassdl.conviva.com
2014-02-25 13:01:30,ocsp.godaddy.com
2014-02-25 13:01:31,pings.conviva.com
2014-02-25 13:01:31,ocsp.godaddy.com
2014-02-25 13:03:51,safebrowsing.clients.google.com
2014-02-25 13:03:51,safebrowsing-cache.google.com
2014-02-25 13:03:52,safebrowsing-cache.google.com
2014-02-25 15:39:56,ocsp.thawte.com
2014-02-25 15:39:59,clients1.google.com
2014-02-25 15:39:59,gtglobal-ocsp.geotrust.com
2014-02-25 15:40:00,clients1.google.com
2014-02-25 15:40:03,www.google.fr
2014-02-25 15:40:05,detexify-web.kirelabs.org.s3.amazonaws.com
2014-02-25 15:40:05,pledgie.com
2014-02-25 15:40:05,api.flattr.com
2014-02-25 15:40:05,www.pledgie.com
2014-02-25 15:40:06,rapidssl-ocsp.geotrust.com
2014-02-25 15:40:07,flattr.com
2014-02-25 15:40:07,api.flattr.com
2014-02-25 15:40:12,detexify.kirelabs.org.s3.amazonaws.com
2014-02-25 15:40:15,detexify.kirelabs.org.s3.amazonaws.com
2014-02-25 15:40:16,detexify-web.kirelabs.org.s3.amazonaws.com
2014-02-25 15:40:51,safebrowsing-cache.google.com
2014-02-25 15:40:51,safebrowsing.clients.google.com
2014-02-25 15:40:52,safebrowsing-cache.google.com
2014-02-25 15:41:01,detexify.kirelabs.org.s3.amazonaws.com
2014-02-25 15:41:04,detexify.kirelabs.org.s3.amazonaws.com
2014-02-25 15:41:12,pledgie.com
2014-02-25 15:41:17,detexify.kirelabs.org.s3.amazonaws.com
2014-02-25 15:42:04,detexify.kirelabs.org.s3.amazonaws.com
2014-02-25 15:42:27,www.google.fr
2014-02-25 15:42:49,detexify.kirelabs.org.s3.amazonaws.com
2014-02-25 15:42:50,www.developpez.net
2014-02-25 15:42:51,www.developpez.net
2014-02-25 15:42:51,ajax.googleapis.com
2014-02-25 15:42:51,www.google.com
2014-02-25 15:42:52,premium.hi-mediaserver.com
2014-02-25 15:42:52,www.developpez.net
2014-02-25 15:42:53,www.facebook.com
2014-02-25 15:42:53,www.developpez.net
2014-02-25 15:42:58,apis.google.com
2014-02-25 15:43:06,ocsp.verisign.com
2014-02-25 15:44:00,www.google.fr
2014-02-25 15:44:00,www.google.com
2014-02-25 16:41:52,javadl-esd-secure.oracle.com
2014-02-25 16:47:35,ocsp.thawte.com
2014-02-25 16:47:35,gtssl-ocsp.geotrust.com
2014-02-25 16:47:35,ocsp.digicert.com
2014-02-25 16:47:36,gtglobal-ocsp.geotrust.com
2014-02-25 16:47:36,clients1.google.com
2014-02-25 16:47:38,clients1.google.com
2014-02-25 16:47:41,www.mozilla.org
2014-02-25 16:47:42,www.mozilla.org
2014-02-25 16:47:44,clients1.google.com
2014-02-25 16:47:49,www.mozilla.org
2014-02-25 16:50:33,sb-ssl.google.com
2014-02-25 16:50:40,www.google.com
2014-02-25 16:51:51,safebrowsing.clients.google.com
2014-02-25 16:51:51,safebrowsing-cache.google.com
2014-02-25 16:55:34,ocsp.verisign.com
2014-02-25 16:57:34,ocsp.digicert.com
2014-02-25 17:20:15,safebrowsing-cache.google.com
2014-02-25 17:20:15,safebrowsing.clients.google.com
2014-02-25 17:49:43,safebrowsing.clients.google.com
2014-02-25 17:49:43,safebrowsing-cache.google.com
2014-02-25 18:20:37,safebrowsing.clients.google.com
2014-02-25 18:20:37,safebrowsing-cache.google.com
2014-02-25 18:30:29,javadl-esd-secure.oracle.com
2014-02-25 21:20:45,javadl-esd-secure.oracle.com
2014-02-25 22:51:58,javadl-esd-secure.oracle.com
2014-02-26 09:20:09,www.google.fr
2014-02-26 09:20:28,player.vimeo.com
2014-02-26 09:22:32,ieonline.microsoft.com
2014-02-26 10:51:40,go.microsoft.com
2014-02-26 10:51:40,t.fr.msn.com
2014-02-26 10:51:40,api.bing.com
2014-02-26 10:51:40,www.bing.com
2014-02-26 10:51:56,www.google.fr
2014-02-26 10:51:57,apis.google.com
2014-02-26 10:52:00,www.google.com
2014-02-26 10:54:00,www.google.com
2014-02-26 10:54:00,www.google.fr
2014-02-26 10:54:00,apis.google.com
2014-02-26 11:41:16,www.google.fr
2014-02-26 15:51:21,javadl-esd-secure.oracle.com
2014-02-26 17:49:38,go.microsoft.com
2014-02-26 17:49:39,shell.windows.com
2014-02-26 17:49:40,shell.windows.com
2014-02-26 17:49:41,shell.windows.com
2014-02-26 17:49:42,shell.windows.com
2014-02-26 17:49:42,cx.msn.com
2014-02-26 17:49:44,www.google.com
2014-02-26 17:49:44,www.bing.com
2014-02-26 17:51:39,ieonline.microsoft.com
2014-02-26 17:51:40,go.microsoft.com
2014-02-26 17:51:40,ieonline.microsoft.com
2014-02-26 17:55:34,javadl-esd-secure.oracle.com
2014-02-27 12:48:29,ocsp.thawte.com
2014-02-27 12:48:48,clients1.google.com
2014-02-27 12:48:48,gtglobal-ocsp.geotrust.com
2014-02-27 12:48:48,ocsp.usertrust.com
2014-02-27 12:48:48,ocsp.tcs.terena.org
2014-02-27 12:48:49,clients1.google.com
2014-02-27 12:50:19,ocsp.digicert.com
2014-02-27 12:53:05,safebrowsing.clients.google.com
2014-02-27 12:53:05,safebrowsing-cache.google.com
2014-02-27 12:53:06,safebrowsing-cache.google.com
2014-02-27 16:49:06,javadl-esd-secure.oracle.com
2014-02-27 17:53:13,javadl-esd-secure.oracle.com
2014-02-27 18:07:28,javadl-esd-secure.oracle.com
2014-02-27 18:07:39,dl.javafx.com
2014-02-27 20:41:51,ocsp.thawte.com
2014-02-27 20:41:59,gtglobal-ocsp.geotrust.com
2014-02-27 20:41:59,clients1.google.com
2014-02-27 20:41:59,ocsp.tcs.terena.org
2014-02-27 20:41:59,ocsp.usertrust.com
2014-02-27 20:42:00,clients1.google.com
2014-02-27 20:49:13,ocsp.thawte.com
2014-02-27 20:49:16,gtglobal-ocsp.geotrust.com
2014-02-27 20:49:16,clients1.google.com
2014-02-27 20:49:17,clients1.google.com
2014-02-27 20:49:17,ocsp.tcs.terena.org
2014-02-27 20:49:17,ocsp.usertrust.com
2014-02-27 20:51:42,safebrowsing.clients.google.com
2014-02-27 20:51:42,safebrowsing-cache.google.com
2014-02-27 20:53:11,javadl-esd-secure.oracle.com
2014-03-19 12:36:59,ieonline.microsoft.com
2014-03-25 12:17:58,clients1.google.com
2014-03-25 12:17:58,gtglobal-ocsp.geotrust.com
2014-03-25 12:18:00,clients1.google.com
2014-03-25 12:18:03,ocsp.comodoca3.com
2014-03-25 12:18:04,clients1.google.com
2014-03-25 12:18:04,s-static.ak.facebook.com
2014-03-25 12:18:04,ocsp.comodoca3.com
2014-03-25 12:18:05,www.facebook.com
2014-03-25 12:18:05,gtssl-ocsp.geotrust.com
2014-03-25 12:18:05,clients1.google.com
2014-03-25 12:18:06,www.facebook.com
2014-03-25 12:18:06,gtssl-ocsp.geotrust.com
2014-03-25 12:18:06,ocsp.digicert.com
2014-03-25 12:18:12,api.nanigans.com
2014-03-25 12:18:28,s-static.ak.facebook.com
2014-03-25 12:18:29,clients1.google.com
2014-03-25 12:18:30,www.facebook.com
2014-03-25 12:18:35,api.nanigans.com
2014-03-25 12:18:48,gtssl-ocsp.geotrust.com
2014-03-25 12:19:45,ocsp.verisign.com
2014-03-25 12:20:25,www.google.fr
2014-03-25 12:20:25,www.leboncoin.fr
2014-03-25 12:20:25,static.leboncoin.fr
2014-03-25 12:20:25,deliv.leboncoin.fr
2014-03-25 12:20:26,deliv.leboncoin.fr
2014-03-25 12:20:26,static.leboncoin.fr
2014-03-25 12:20:27,static.leboncoin.fr
2014-03-25 12:20:28,www.leboncoin.fr
2014-03-25 12:20:28,193.164.196.30
2014-03-25 12:20:28,static.leboncoin.fr
2014-03-25 12:20:28,deliv.leboncoin.fr
2014-03-25 12:20:28,193.164.197.50
2014-03-25 12:20:28,193.164.196.50
2014-03-25 12:20:28,193.164.197.60
2014-03-25 12:20:28,193.164.197.40
2014-03-25 12:20:28,193.164.197.30
2014-03-25 12:20:28,193.164.196.40
2014-03-25 12:20:28,193.164.196.60
2014-03-25 12:20:29,deliv.leboncoin.fr
2014-03-25 12:20:34,compteperso.leboncoin.fr
2014-03-25 12:20:43,www.leboncoin.fr
2014-03-25 12:20:44,www.leboncoin.fr
2014-03-25 12:20:45,www.leboncoin.fr
2014-03-25 12:20:46,safebrowsing-cache.google.com
2014-03-25 12:20:46,safebrowsing.clients.google.com
2014-03-25 12:20:47,safebrowsing-cache.google.com
2014-03-25 12:20:47,www.leboncoin.fr
2014-03-25 12:20:48,www.leboncoin.fr
2014-03-25 12:20:49,www.leboncoin.fr
2014-03-25 12:20:50,www.leboncoin.fr
2014-03-25 12:20:56,apis.google.com
2014-03-25 12:21:04,static.leboncoin.fr
2014-03-25 12:21:04,www.google.com
2014-03-25 12:21:04,deliv.leboncoin.fr
2014-03-25 12:21:04,193.164.196.40
2014-03-25 12:21:04,193.164.196.60
2014-03-25 12:21:04,193.164.197.40
2014-03-25 12:21:04,193.164.197.30
2014-03-25 12:21:04,193.164.197.60
2014-03-25 12:21:04,193.164.196.50
2014-03-25 12:21:04,193.164.196.30
2014-03-25 12:21:04,193.164.197.50
2014-03-25 12:21:04,www.leboncoin.fr
2014-03-25 12:21:05,a1.muscache.com
2014-03-25 12:21:05,deliv.leboncoin.fr
2014-03-25 12:21:05,www.google.com
2014-03-25 12:21:05,a0.muscache.com
2014-03-25 12:21:10,www.leboncoin.fr
2014-03-25 12:21:10,deliv.leboncoin.fr
2014-03-25 12:21:10,static.leboncoin.fr
2014-03-25 12:21:12,www.facebook.com
2014-03-25 12:21:13,www.leboncoin.fr
2014-03-25 12:21:14,193.164.196.60
2014-03-25 12:21:14,www.leboncoin.fr
2014-03-25 12:21:14,static.leboncoin.fr
2014-03-25 12:21:14,193.164.197.50
2014-03-25 12:21:14,193.164.196.50
2014-03-25 12:21:14,deliv.leboncoin.fr
2014-03-25 12:21:16,193.164.196.50
2014-03-25 12:21:18,193.164.196.60
2014-03-25 12:21:21,deliv.leboncoin.fr
2014-03-25 12:21:24,static.leboncoin.fr
2014-03-25 12:21:24,deliv.leboncoin.fr
2014-03-25 12:21:24,www.leboncoin.fr
2014-03-25 12:21:24,193.164.197.60
2014-03-25 12:21:24,193.164.196.40
2014-03-25 12:21:24,193.164.196.50
2014-03-25 12:21:27,193.164.197.60
2014-03-25 12:21:28,a2.muscache.com
2014-03-25 12:21:29,193.164.196.40
2014-03-25 12:21:36,jserror.newrelic.com
2014-03-25 12:21:39,deliv.leboncoin.fr
2014-03-25 12:21:40,mts0.googleapis.com
2014-03-25 12:21:40,mts1.googleapis.com
2014-03-25 12:21:44,a1.muscache.com
2014-03-25 12:21:44,a2.muscache.com
2014-03-25 12:21:44,a0.muscache.com
2014-03-25 12:21:45,ocsp.digicert.com
2014-03-25 12:21:52,www.leboncoin.fr
2014-03-25 12:21:53,static.leboncoin.fr
2014-03-25 12:21:53,deliv.leboncoin.fr
2014-03-25 12:21:55,c1.adform.net
2014-03-25 12:21:56,apnx-match.dotomi.com
2014-03-25 12:22:09,www.leboncoin.fr
2014-03-25 12:22:10,www.leboncoin.fr
2014-03-25 12:22:11,www.leboncoin.fr
2014-03-25 12:22:14,193.164.196.40
2014-03-25 12:22:14,193.164.197.60
2014-03-25 12:22:14,193.164.196.60
2014-03-25 12:22:14,193.164.196.30
2014-03-25 12:22:14,193.164.197.40
2014-03-25 12:22:14,193.164.196.50
2014-03-25 12:22:14,193.164.197.30
2014-03-25 12:22:14,193.164.197.50
2014-03-25 12:22:14,deliv.leboncoin.fr
2014-03-25 12:22:14,static.leboncoin.fr
2014-03-25 12:22:14,www.leboncoin.fr
2014-03-25 12:22:16,www.leboncoin.fr
2014-03-25 12:22:16,193.164.197.60
2014-03-25 12:22:16,193.164.196.60
2014-03-25 12:22:16,193.164.197.30
2014-03-25 12:22:16,static.leboncoin.fr
2014-03-25 12:22:16,193.164.196.30
2014-03-25 12:22:16,deliv.leboncoin.fr
2014-03-25 12:22:18,ocsp.comodoca.com
2014-03-25 12:22:19,um.simpli.fi
2014-03-25 12:22:19,cm.adgrx.com
2014-03-25 12:22:19,adventori.com
2014-03-25 12:22:25,www.leboncoin.fr
2014-03-25 12:22:25,static.leboncoin.fr
2014-03-25 12:22:25,193.164.197.30
2014-03-25 12:22:25,193.164.196.40
2014-03-25 12:22:25,deliv.leboncoin.fr
2014-03-25 12:22:26,193.164.197.30
2014-03-25 12:22:27,193.164.196.40
2014-03-25 12:22:29,deliv.leboncoin.fr
2014-03-25 12:22:34,pixel2368.everesttech.net
2014-03-25 12:22:42,maps.googleapis.com
2014-03-25 12:22:42,www.airbnb.fr
2014-03-25 12:22:57,www.leboncoin.fr
2014-03-25 12:22:57,193.164.197.40
2014-03-25 12:22:57,193.164.196.50
2014-03-25 12:22:57,193.164.197.60
2014-03-25 12:22:57,deliv.leboncoin.fr
2014-03-25 12:22:57,static.leboncoin.fr
2014-03-25 12:22:58,193.164.196.50
2014-03-25 12:23:00,193.164.197.40
2014-03-25 12:23:03,193.164.197.60
2014-03-25 12:23:08,deliv.leboncoin.fr
2014-03-25 12:23:19,www.google.fr
2014-03-25 12:23:19,www.google.com
2014-03-25 12:23:36,www.leboncoin.fr
2014-03-25 12:23:36,193.164.196.60
2014-03-25 12:23:36,193.164.196.40
2014-03-25 12:23:36,deliv.leboncoin.fr
2014-03-25 12:23:36,static.leboncoin.fr
2014-03-25 12:23:36,193.164.197.60
2014-03-25 12:23:38,193.164.196.60
2014-03-25 12:23:40,193.164.197.60
2014-03-25 12:23:42,sb-ssl.google.com
2014-03-25 12:23:45,deliv.leboncoin.fr
2014-03-25 12:23:54,193.164.197.50
2014-03-25 12:23:54,www.leboncoin.fr
2014-03-25 12:23:54,193.164.197.60
2014-03-25 12:23:54,deliv.leboncoin.fr
2014-03-25 12:23:54,static.leboncoin.fr
2014-03-25 12:24:01,deliv.leboncoin.fr
2014-03-25 12:24:02,deliv.leboncoin.fr
2014-03-25 12:24:04,static.leboncoin.fr
2014-03-25 12:24:04,deliv.leboncoin.fr
2014-03-25 12:24:04,193.164.196.60
2014-03-25 12:24:04,193.164.196.30
2014-03-25 12:24:04,193.164.196.40
2014-03-25 12:24:04,193.164.197.50
2014-03-25 12:24:04,193.164.197.30
2014-03-25 12:24:04,193.164.196.50
2014-03-25 12:24:04,193.164.197.60
2014-03-25 12:24:04,www.leboncoin.fr
2014-03-25 12:24:04,193.164.197.40
2014-03-25 12:24:05,mm.eulerian.net
2014-03-25 12:24:11,www.leboncoin.fr
2014-03-25 12:24:12,static.leboncoin.fr
2014-03-25 12:24:12,193.164.197.60
2014-03-25 12:24:12,193.164.196.50
2014-03-25 12:24:12,deliv.leboncoin.fr
2014-03-25 12:24:13,193.164.196.50
2014-03-25 12:24:14,193.164.197.60
2014-03-25 12:24:18,deliv.leboncoin.fr
2014-03-25 12:24:19,deliv.leboncoin.fr
2014-03-25 12:24:24,static.leboncoin.fr
2014-03-25 12:24:24,deliv.leboncoin.fr
2014-03-25 12:24:24,193.164.197.50
2014-03-25 12:24:24,193.164.197.30
2014-03-25 12:24:24,193.164.196.50
2014-03-25 12:24:24,www.leboncoin.fr
2014-03-25 12:24:25,193.164.196.50
2014-03-25 12:24:26,193.164.197.30
2014-03-25 12:24:30,deliv.leboncoin.fr
2014-03-25 12:24:47,static.leboncoin.fr
2014-03-25 12:24:47,193.164.196.30
2014-03-25 12:24:47,www.leboncoin.fr
2014-03-25 12:24:47,deliv.leboncoin.fr
2014-03-25 12:24:49,193.164.196.30
2014-03-25 12:25:04,deliv.leboncoin.fr
2014-03-25 12:25:07,www.leboncoin.fr
2014-03-25 12:25:08,193.164.197.30
2014-03-25 12:25:08,193.164.196.50
2014-03-25 12:25:08,193.164.196.40
2014-03-25 12:25:08,deliv.leboncoin.fr
2014-03-25 12:25:08,static.leboncoin.fr
2014-03-25 12:25:12,193.164.196.50
2014-03-25 12:25:14,193.164.197.30
2014-03-25 12:25:18,deliv.leboncoin.fr
2014-03-25 12:25:32,193.164.196.40
2014-03-25 12:25:32,193.164.197.50
2014-03-25 12:25:32,193.164.196.60
2014-03-25 12:25:32,193.164.197.40
2014-03-25 12:25:32,193.164.196.30
2014-03-25 12:25:32,193.164.197.30
2014-03-25 12:25:32,193.164.196.50
2014-03-25 12:25:32,www.leboncoin.fr
2014-03-25 12:25:32,deliv.leboncoin.fr
2014-03-25 12:25:32,static.leboncoin.fr
2014-03-25 12:25:35,deliv.leboncoin.fr
2014-03-25 12:25:35,www.leboncoin.fr
2014-03-25 12:25:35,193.164.196.30
2014-03-25 12:25:35,193.164.196.50
2014-03-25 12:25:35,193.164.196.40
2014-03-25 12:25:35,static.leboncoin.fr
2014-03-25 12:25:39,deliv.leboncoin.fr
2014-03-25 12:25:48,www.leboncoin.fr
2014-03-25 12:25:48,193.164.196.30
2014-03-25 12:25:48,193.164.196.50
2014-03-25 12:25:48,deliv.leboncoin.fr
2014-03-25 12:25:48,static.leboncoin.fr
2014-03-25 12:25:48,193.164.196.60
2014-03-25 12:25:50,193.164.196.30
2014-03-25 12:25:51,193.164.196.50
2014-03-25 12:26:01,deliv.leboncoin.fr
2014-03-25 12:26:02,deliv.leboncoin.fr
2014-03-25 12:26:05,deliv.leboncoin.fr
2014-03-25 12:26:05,193.164.197.40
2014-03-25 12:26:05,static.leboncoin.fr
2014-03-25 12:26:05,193.164.196.50
2014-03-25 12:26:05,www.leboncoin.fr
2014-03-25 12:26:05,193.164.197.60
2014-03-25 12:26:07,193.164.197.60
2014-03-25 12:26:08,193.164.197.40
2014-03-25 12:26:10,deliv.leboncoin.fr
2014-03-25 12:26:13,deliv.leboncoin.fr
2014-03-25 12:26:18,www.leboncoin.fr
2014-03-25 12:26:19,193.164.197.30
2014-03-25 12:26:19,193.164.196.50
2014-03-25 12:26:19,deliv.leboncoin.fr
2014-03-25 12:26:19,static.leboncoin.fr
2014-03-25 12:26:21,193.164.197.30
2014-03-25 12:26:22,193.164.196.50
2014-03-25 12:26:26,deliv.leboncoin.fr
2014-03-25 12:26:39,193.164.197.60
2014-03-25 12:26:39,193.164.196.50
2014-03-25 12:26:39,deliv.leboncoin.fr
2014-03-25 12:26:39,static.leboncoin.fr
2014-03-25 12:26:39,www.leboncoin.fr
2014-03-25 12:26:39,193.164.196.30
2014-03-25 12:26:40,mm.eulerian.net
2014-03-25 12:26:42,193.164.197.60
2014-03-25 12:26:46,193.164.196.50
2014-03-25 12:27:18,deliv.leboncoin.fr
2014-03-25 12:27:34,deliv.leboncoin.fr
2014-03-25 12:27:34,www.leboncoin.fr
2014-03-25 12:27:34,193.164.196.30
2014-03-25 12:27:34,193.164.196.40
2014-03-25 12:27:34,static.leboncoin.fr
2014-03-25 12:27:35,193.164.196.30
2014-03-25 12:27:36,193.164.196.40
2014-03-25 12:27:38,193.164.196.40
2014-03-25 12:27:45,ocsp.thawte.com
2014-03-25 12:27:46,deliv.leboncoin.fr
2014-03-25 12:27:47,deliv.leboncoin.fr
2014-03-25 12:27:49,www.leboncoin.fr
2014-03-25 12:27:49,193.164.196.40
2014-03-25 12:27:49,193.164.196.30
2014-03-25 12:27:49,193.164.196.50
2014-03-25 12:27:49,193.164.197.50
2014-03-25 12:27:50,193.164.196.30
2014-03-25 12:27:50,193.164.197.40
2014-03-25 12:27:50,193.164.196.50
2014-03-25 12:27:50,193.164.197.30
2014-03-25 12:27:50,193.164.197.60
2014-03-25 12:27:50,static.leboncoin.fr
2014-03-25 12:27:50,193.164.197.50
2014-03-25 12:27:50,193.164.196.60
2014-03-25 12:27:50,deliv.leboncoin.fr
2014-03-25 12:28:06,mm.eulerian.net
2014-03-25 12:28:06,static.leboncoin.fr
2014-03-25 12:28:06,www.leboncoin.fr
2014-03-25 12:28:06,193.164.197.40
2014-03-25 12:28:06,193.164.197.60
2014-03-25 12:28:06,193.164.196.40
2014-03-25 12:28:06,deliv.leboncoin.fr
2014-03-25 12:28:08,193.164.197.60
2014-03-25 12:28:08,193.164.196.40
2014-03-25 12:28:13,deliv.leboncoin.fr
2014-03-25 12:28:22,www.leboncoin.fr
2014-03-25 12:28:23,193.164.196.40
2014-03-25 12:28:23,193.164.197.30
2014-03-25 12:28:23,deliv.leboncoin.fr
2014-03-25 12:28:23,static.leboncoin.fr
2014-03-25 12:28:26,deliv.leboncoin.fr
2014-03-25 12:28:35,www.leboncoin.fr
2014-03-25 12:28:36,193.164.197.30
2014-03-25 12:28:36,193.164.197.60
2014-03-25 12:28:36,193.164.197.50
2014-03-25 12:28:36,193.164.196.30
2014-03-25 12:28:36,193.164.196.40
2014-03-25 12:28:36,deliv.leboncoin.fr
2014-03-25 12:28:36,static.leboncoin.fr
2014-03-25 12:28:36,193.164.196.60
2014-03-25 12:28:36,193.164.197.40
2014-03-25 12:29:23,www.leboncoin.fr
2014-03-25 12:29:23,deliv.leboncoin.fr
2014-03-25 12:29:23,static.leboncoin.fr
2014-03-25 12:30:09,maps.google.fr
2014-03-25 12:30:57,clients1.google.com
2014-03-25 12:32:49,www.pagesjaunes.fr
2014-03-25 12:32:49,www.google.fr
2014-03-25 12:32:50,logc257.at.pagesjaunes.fr
2014-03-25 12:32:50,www.pagesjaunes.fr
2014-03-25 12:32:50,wtpn.twenga.fr
2014-03-25 12:32:50,dlive.pagesjaunes.fr
2014-03-25 12:32:50,static2.pagesjaunes.fr
2014-03-25 12:32:50,static.pagesjaunes.fr
2014-03-25 12:32:53,dlive.pagesjaunes.fr
2014-03-25 12:32:53,static2.pagesjaunes.fr
2014-03-25 12:32:53,logc257.at.pagesjaunes.fr
2014-03-25 12:32:53,static4.pagesjaunes.fr
2014-03-25 12:32:53,www.pagesjaunes.fr
2014-03-25 12:32:53,www.google.fr
2014-03-25 12:32:53,static.pagesjaunes.fr
2014-03-25 12:32:54,static2.pagesjaunes.fr
2014-03-25 12:32:54,static.pagesjaunes.fr
2014-03-25 12:32:54,www.pagesjaunes.fr
2014-03-25 12:32:54,static4.pagesjaunes.fr
2014-03-25 12:32:56,cs.specificclick.net
2014-03-25 12:33:01,www.pagesjaunes.fr
2014-03-25 12:33:02,www.pagesjaunes.fr
2014-03-25 12:33:04,logc257.at.pagesjaunes.fr
2014-03-25 12:33:04,www.pagesjaunes.fr
2014-03-25 12:33:05,static.pagesjaunes.fr
2014-03-25 12:33:05,www.pagesjaunes.fr
2014-03-25 12:33:05,static2.pagesjaunes.fr
2014-03-25 12:33:05,maps.google.fr
2014-03-25 12:33:05,dlive.pagesjaunes.fr
2014-03-25 12:33:05,wtpn.twenga.fr
2014-03-25 12:33:05,static4.pagesjaunes.fr
2014-03-25 12:33:06,i10.twenga.com
2014-03-25 12:33:06,www.pagesjaunes.fr
2014-03-25 12:33:06,i11.twenga.com
2014-03-25 12:33:06,logc257.at.pagesjaunes.fr
2014-03-25 12:33:06,dlive.pagesjaunes.fr
2014-03-25 12:33:06,static.pagesjaunes.fr
2014-03-25 12:33:06,wtpn.twenga.fr
2014-03-25 12:33:06,rbx-cdn-tpn.c4tw.net
2014-03-25 12:33:10,mt.google.com
2014-03-25 12:33:23,logc257.at.pagesjaunes.fr
2014-03-25 12:33:23,www.pagesjaunes.fr
2014-03-25 12:33:23,dlive.pagesjaunes.fr
2014-03-25 12:33:24,www.pagesjaunes.fr
2014-03-25 12:33:24,static4.pagesjaunes.fr
2014-03-25 12:33:25,cs.specificclick.net
2014-03-25 12:33:27,mt.google.com
2014-03-25 12:33:27,geo0.ggpht.com
2014-03-25 12:33:27,www.google.fr
2014-03-25 12:33:27,www.pagesjaunes.fr
2014-03-25 12:33:27,wtpn.twenga.fr
2014-03-25 12:33:27,logc257.at.pagesjaunes.fr
2014-03-25 12:33:29,storage.googleapis.com
2014-03-25 12:33:48,static4.pagesjaunes.fr
2014-03-25 12:33:48,www.pagesjaunes.fr
2014-03-25 12:33:48,wtpn.twenga.fr
2014-03-25 12:33:48,logc257.at.pagesjaunes.fr
2014-03-25 12:33:48,i10.twenga.com
2014-03-25 12:33:48,i11.twenga.com
2014-03-25 12:33:49,static4.pagesjaunes.fr
2014-03-25 12:33:54,accounts.google.com
2014-03-25 12:33:54,apis.google.com
2014-03-25 12:33:54,clients6.google.com
2014-03-25 12:33:54,www.google.com
2014-03-25 12:34:40,www.google.fr
2014-03-25 12:34:41,musculahq.appspot.com
2014-03-25 12:34:41,2.l.fr.nestoria.nestimg.com
2014-03-25 12:34:41,3.s.fr.nestoria.nestimg.com
2014-03-25 12:34:41,www.nestoria.fr
2014-03-25 12:34:41,2.s.fr.nestoria.nestimg.com
2014-03-25 12:34:41,ajax.googleapis.com
2014-03-25 12:34:41,s.fr.nestoria.nestimg.com
2014-03-25 12:34:41,3.l.fr.nestoria.nestimg.com
2014-03-25 12:34:42,mt1.googleapis.com
2014-03-25 12:34:42,mt0.googleapis.com
2014-03-25 12:34:42,maps.googleapis.com
2014-03-25 12:34:43,maps.googleapis.com
2014-03-25 12:34:47,maps.googleapis.com
2014-03-25 12:34:53,rd.nestoria.fr
2014-03-25 12:34:55,www.visiteonline.fr
2014-03-25 12:34:56,ovh1.visiteonline.fr
2014-03-25 12:34:56,code.jquery.com
2014-03-25 12:34:56,acheterdlneuf.blob.core.windows.net
2014-03-25 12:34:56,www.visiteonline.fr
2014-03-25 12:34:56,photos.exportadapt.com
2014-03-25 12:34:56,www.facebook.com
2014-03-25 12:34:57,www.facebook.com
2014-03-25 12:34:58,www.visiteonline.fr
2014-03-25 12:35:00,mts0.google.com
2014-03-25 12:35:37,fr-fr.facebook.com
2014-03-25 12:35:41,fr-fr.facebook.com
2014-03-25 12:35:52,facebook.com
2014-03-25 12:35:58,facebook.com
2014-03-25 12:36:04,fr-fr.facebook.com
2014-03-25 12:36:17,www.google.com
2014-03-25 12:36:17,www.google.fr
2014-03-25 12:37:17,gtglobal-ocsp.geotrust.com
2014-03-25 12:37:17,clients1.google.com
2014-03-25 12:37:21,clients1.google.com
2014-03-25 12:37:22,www.google.fr
2014-03-25 12:37:23,i1.ytimg.com
2014-03-25 12:37:23,www.youtube.com
2014-03-25 12:37:23,s.ytimg.com
2014-03-25 12:37:24,s.youtube.com
2014-03-25 12:37:24,i1.ytimg.com
2014-03-25 12:37:24,s.ytimg.com
2014-03-25 12:37:25,s.ytimg.com
2014-03-25 12:37:25,clients1.google.com
2014-03-25 12:37:25,i1.ytimg.com
2014-03-25 12:37:26,clients1.google.com
2014-03-25 12:37:28,clients1.google.com
2014-03-25 12:37:30,www.google.com
2014-03-25 12:37:30,s.ytimg.com
2014-03-25 12:37:31,www.youtube.com
2014-03-25 12:37:31,i1.ytimg.com
2014-03-25 12:37:31,s.ytimg.com
2014-03-25 12:37:33,www.youtube.com
2014-03-25 12:37:33,www.google.com
2014-03-25 12:37:33,clients1.google.com
2014-03-25 12:37:34,i1.ytimg.com
2014-03-25 12:37:41,www.youtube-nocookie.com
2014-03-25 12:37:41,r1---sn-gxo5uxg-jqbe.googlevideo.com
2014-03-25 12:37:41,s.ytimg.com
2014-03-25 12:37:41,www.youtube.com
2014-03-25 12:38:05,www.google.com
2014-03-25 12:38:05,apis.google.com
2014-03-25 12:38:05,plus.googleapis.com
2014-03-25 12:38:05,accounts.google.com
2014-03-25 12:38:05,yt3.ggpht.com
2014-03-25 12:38:05,accounts.youtube.com
2014-03-25 12:38:05,www.google.fr
2014-04-03 22:52:48,www.bing.com
2014-04-03 22:52:48,www.google.com
2014-04-03 22:54:48,go.microsoft.com
2014-04-03 22:54:48,ieonline.microsoft.com
2014-04-16 12:34:00,ieonline.microsoft.com
2014-04-22 16:21:49,ieonline.microsoft.com
2014-04-22 16:21:54,www.univ-bpclermont.fr
2014-04-22 16:21:55,www.univ-bpclermont.fr
2014-04-22 16:22:24,www.univ-bpclermont.fr
2014-04-22 16:22:32,www.univ-bpclermont.fr
2014-04-22 16:22:45,www.univ-bpclermont.fr
2014-04-22 16:23:48,ieonline.microsoft.com
2014-04-22 16:23:48,go.microsoft.com
2014-04-22 16:24:57,www.univ-bpclermont.fr
