timestamp,site
2014-03-17 14:55:51,www.bing.com
2014-03-17 14:55:52,cms.abmr.net
2014-03-17 14:55:52,www.bing.com
2014-03-17 14:55:53,login.live.com
2014-03-17 14:55:53,www.bing.com
2014-03-17 14:56:36,www.bing.com
2014-03-17 14:56:43,www.bing.com
2014-03-17 14:56:44,www.bing.com
2014-03-17 14:56:46,www.bing.com
2014-03-17 14:56:47,www.bing.com
2014-03-17 14:56:48,login.live.com
2014-03-17 14:56:51,www.bing.com
2014-03-17 14:56:52,www.bing.com
2014-03-17 14:56:53,login.live.com
2014-03-17 14:56:56,www.bing.com
2014-03-17 14:57:01,www.bing.com
2014-03-17 14:57:03,www.bing.com
2014-03-17 14:57:04,www.bing.com
2014-03-17 14:57:04,www.google.fr
2014-03-17 14:57:04,drive.google.com
2014-03-17 14:57:05,apis.google.com
2014-03-17 14:57:08,www.google.com
2014-03-17 14:57:09,ssl.bing.com
2014-03-17 14:57:09,accounts.google.com
2014-03-17 14:57:09,www.google.com
2014-03-17 14:57:23,accounts.youtube.com
2014-03-17 14:57:29,accounts.google.fr
2014-03-17 14:57:30,apis.google.com
2014-03-17 14:57:30,www.google.fr
2014-03-17 14:57:30,www.google.com
2014-03-17 14:57:34,drive.google.com
2014-03-17 14:57:34,accounts.google.com
2014-03-17 14:57:34,accounts.youtube.com
2014-03-17 14:57:35,apis.google.com
2014-03-17 14:57:35,accounts.google.fr
2014-03-17 14:57:35,www.google.fr
2014-03-17 14:57:35,www.google.com
2014-03-17 14:57:35,drive.google.com
2014-03-17 14:57:38,0.drive.google.com
2014-03-17 14:57:40,drive.google.com
2014-03-17 14:57:43,drive.google.com
2014-03-17 14:57:43,docs.google.com
2014-03-17 14:57:43,plus.google.com
2014-03-17 14:57:44,docs.google.com
2014-03-17 14:57:46,plus.google.com
2014-03-17 14:57:46,apis.google.com
2014-03-17 14:57:46,lh3.google.com
2014-03-17 14:57:46,lh5.google.com
2014-03-17 14:57:46,lh4.google.com
2014-03-17 14:57:46,lh6.google.com
2014-03-17 14:57:46,drive.google.com
2014-03-17 14:57:47,drive.google.com
2014-03-17 14:57:47,lh3.google.com
2014-03-17 14:57:47,lh4.google.com
2014-03-17 14:57:47,lh6.google.com
2014-03-17 14:57:48,lh3.google.com
2014-03-17 14:58:05,0.drive.google.com
2014-03-17 14:58:05,drive.google.com
2014-03-17 14:58:05,docs.google.com
2014-03-17 14:58:06,lh4.google.com
2014-03-17 14:58:20,lh3.google.com
2014-03-17 14:58:20,lh5.google.com
2014-03-17 14:58:24,lh4.google.com
2014-03-17 14:58:24,lh3.google.com
2014-03-17 14:58:24,drive.google.com
2014-03-17 14:58:24,accounts.google.com
2014-03-17 14:58:25,accounts.youtube.com
2014-03-17 14:58:25,www.google.fr
2014-03-17 14:58:27,docs.google.com
2014-03-17 14:58:30,docs.google.com
2014-03-17 14:58:32,1.drive.google.com
2014-03-17 14:58:33,1.drive.google.com
2014-03-17 14:58:43,docs.google.com
2014-03-17 14:58:45,docs.google.com
2014-03-17 14:58:46,docs.google.com
2014-03-17 14:58:48,apis.google.com
2014-03-17 14:58:48,docs.google.com
2014-03-17 14:58:49,www.google.com
2014-03-17 14:58:50,accounts.google.com
2014-03-17 14:58:50,0.docs.google.com
2014-03-17 14:58:51,0.docs.google.com
2014-03-17 14:58:51,docs.google.com
2014-03-17 14:58:54,ieonline.microsoft.com
2014-03-17 14:59:08,docs.google.com
2014-03-17 14:59:09,gg.google.com
2014-03-17 14:59:13,apis.google.com
2014-03-17 14:59:13,www.google.com
2014-03-17 14:59:15,accounts.google.com
2014-03-17 14:59:15,0.docs.google.com
2014-03-17 14:59:17,docs.google.com
2014-03-17 14:59:18,apis.google.com
2014-03-17 14:59:18,1.docs.google.com
2014-03-17 14:59:26,docs.google.com
2014-03-17 14:59:26,plus.google.com
2014-03-17 14:59:27,docs.google.com
2014-03-17 14:59:27,drive.google.com
2014-03-17 14:59:28,drive.google.com
2014-03-17 14:59:28,gg.google.com
2014-03-17 14:59:29,clients6.google.com
2014-03-17 14:59:30,docs.google.com
2014-03-17 14:59:31,2.docs.google.com
2014-03-17 15:00:04,docs.google.com
2014-03-17 15:00:06,docs.google.com
2014-03-17 15:00:18,docs.google.com
2014-03-17 15:00:20,docs.google.com
2014-03-17 15:00:21,apis.google.com
2014-03-17 15:00:21,clients6.google.com
2014-03-17 15:00:21,2.docs.google.com
2014-03-17 15:00:21,drive.google.com
2014-03-17 15:00:21,3.docs.google.com
2014-03-17 15:00:23,3.docs.google.com
2014-03-17 15:00:28,docs.google.com
2014-03-17 15:00:36,www.google.com
2014-03-17 15:00:46,www.dropbox.com
2014-03-17 15:00:50,docs.google.com
2014-03-17 15:00:52,drive.google.com
2014-03-17 15:00:52,clients6.google.com
2014-03-17 15:00:52,3.docs.google.com
2014-03-17 15:00:54,4.docs.google.com
2014-03-17 15:00:55,4.docs.google.com
2014-03-17 15:01:02,4.docs.google.com
2014-03-17 15:01:02,docs.google.com
2014-03-17 15:01:13,ajax.googleapis.com
2014-03-17 15:01:44,www.google.com
2014-03-17 15:01:57,www.dropbox.com
2014-03-17 15:02:11,docs.google.com
2014-03-17 15:02:11,clients6.google.com
2014-03-17 15:02:11,www.dropbox.com
2014-03-17 15:02:11,drive.google.com
2014-03-17 15:02:14,www.dropbox.com
2014-03-17 15:02:26,www.dropbox.com
2014-03-17 15:02:40,www.dropbox.com
2014-03-17 15:02:44,www.dropbox.com
2014-03-17 15:02:46,www.dropbox.com
2014-03-17 15:03:28,www.dropbox.com
2014-03-17 15:03:42,www.dropbox.com
2014-03-17 15:03:46,ajax.googleapis.com
2014-03-17 15:03:55,www.dropbox.com
2014-03-17 15:04:07,www.dropbox.com
2014-03-17 15:04:49,www.dropbox.com
2014-03-17 15:06:10,drive.google.com
2014-03-17 15:08:33,drive.google.com
2014-03-17 15:08:33,plus.google.com
2014-03-17 15:08:33,1.drive.google.com
2014-03-24 11:48:46,www.bing.com
2014-03-24 11:48:47,www.bing.com
2014-03-24 11:48:48,www.google.fr
2014-03-24 11:48:48,www.bing.com
2014-03-24 11:48:48,cms.abmr.net
2014-03-24 11:48:49,www.bing.com
2014-03-24 11:48:56,www.bing.com
2014-03-24 11:49:01,login.live.com
2014-03-24 11:49:03,www.google.fr
2014-03-24 11:49:04,apis.google.com
2014-03-24 11:49:06,www.google.com
2014-03-24 11:49:07,accounts.google.com
2014-03-24 11:49:07,www.google.com
2014-03-24 11:49:13,ssl.bing.com
2014-03-24 11:49:21,apis.google.com
2014-03-24 11:49:24,accounts.youtube.com
2014-03-24 11:49:34,www.google.fr
2014-03-24 11:49:46,www.google.com
2014-03-24 11:49:46,accounts.google.fr
2014-03-24 11:49:46,www.google.fr
2014-03-24 11:49:49,drive.google.com
2014-03-24 11:49:49,accounts.google.com
2014-03-24 11:49:49,accounts.youtube.com
2014-03-24 11:49:50,accounts.google.fr
2014-03-24 11:49:50,apis.google.com
2014-03-24 11:49:50,www.google.fr
2014-03-24 11:49:50,www.google.com
2014-03-24 11:49:50,drive.google.com
2014-03-24 11:49:52,0.drive.google.com
2014-03-24 11:49:53,0.drive.google.com
2014-03-24 11:49:55,apis.google.com
2014-03-24 11:49:55,drive.google.com
2014-03-24 11:49:55,docs.google.com
2014-03-24 11:49:55,plus.google.com
2014-03-24 11:49:56,docs.google.com
2014-03-24 11:49:56,plus.google.com
2014-03-24 11:50:09,docs.google.com
2014-03-24 11:50:11,docs.google.com
2014-03-24 11:50:12,docs.google.com
2014-03-24 11:50:13,docs.google.com
2014-03-24 11:50:14,docs.google.com
2014-03-24 11:50:16,clients2.google.com
2014-03-24 11:50:17,clients2.google.com
2014-03-24 11:50:18,docs.google.com
2014-03-24 11:50:19,www.google.com
2014-03-24 11:50:20,1.docs.google.com
2014-03-24 11:50:21,1.docs.google.com
2014-03-24 11:50:24,www.google.com
2014-03-24 11:50:28,0.docs.google.com
2014-03-24 11:50:28,apis.google.com
2014-03-24 11:50:29,0.docs.google.com
2014-03-24 11:50:32,apis.google.com
2014-03-24 11:51:06,gg.google.com
2014-03-24 11:51:41,ieonline.microsoft.com
2014-03-24 11:52:31,docs.google.com
2014-03-24 11:52:32,1.docs.google.com
2014-03-24 11:52:33,0.docs.google.com
2014-03-24 11:52:33,docs.google.com
2014-03-24 11:52:42,drive.google.com
2014-03-24 11:52:56,plus.google.com
2014-03-24 11:52:57,0.drive.google.com
2014-03-24 11:53:03,gg.google.com
2014-03-24 11:53:03,apis.google.com
2014-03-24 11:53:04,www.google.fr
2014-03-24 11:53:04,www.google.com
2014-03-24 11:53:18,accounts.google.fr
2014-03-24 11:53:18,docs.google.com
2014-03-24 11:53:18,accounts.youtube.com
2014-03-24 11:53:18,accounts.google.com
2014-03-24 11:53:18,www.google.com
2014-03-24 11:53:18,drive.google.com
2014-03-31 11:56:05,www.bing.com
2014-03-31 11:56:06,www.bing.com
2014-03-31 11:56:07,cms.abmr.net
2014-03-31 11:56:07,www.bing.com
2014-03-31 11:56:09,www.bing.com
2014-03-31 11:56:09,www.google.fr
2014-03-31 11:56:16,www.bing.com
2014-03-31 11:56:17,login.live.com
2014-03-31 11:56:18,www.google.fr
2014-03-31 11:56:22,www.google.fr
2014-03-31 11:56:24,www.google.fr
2014-03-31 11:56:25,apis.google.com
2014-03-31 11:56:27,www.google.com
2014-03-31 11:56:28,www.google.com
2014-03-31 11:56:28,accounts.google.com
2014-03-31 11:56:38,apis.google.com
2014-03-31 11:56:42,accounts.youtube.com
2014-03-31 11:56:52,www.google.fr
2014-03-31 11:56:59,accounts.google.fr
2014-03-31 11:57:00,www.google.fr
2014-03-31 11:57:00,www.google.com
2014-03-31 11:57:03,apis.google.com
2014-03-31 11:57:03,www.google.fr
2014-03-31 11:57:03,drive.google.com
2014-03-31 11:57:03,accounts.google.com
2014-03-31 11:57:03,accounts.youtube.com
2014-03-31 11:57:03,accounts.google.fr
2014-03-31 11:57:04,www.google.fr
2014-03-31 11:57:04,drive.google.com
2014-03-31 11:57:04,www.google.com
2014-03-31 11:57:06,0.drive.google.com
2014-03-31 11:57:07,0.drive.google.com
2014-03-31 11:57:09,plus.google.com
2014-03-31 11:57:09,drive.google.com
2014-03-31 11:57:09,docs.google.com
2014-03-31 11:57:09,apis.google.com
2014-03-31 11:57:10,docs.google.com
2014-03-31 11:57:11,docs.google.com
2014-03-31 11:57:23,docs.google.com
2014-03-31 11:57:26,docs.google.com
2014-03-31 11:57:27,docs.google.com
2014-03-31 11:57:28,docs.google.com
2014-03-31 11:57:28,apis.google.com
2014-03-31 11:57:29,apis.google.com
2014-03-31 11:57:29,www.google.com
2014-03-31 11:57:30,docs.google.com
2014-03-31 11:57:30,apis.google.com
2014-03-31 11:57:31,0.docs.google.com
2014-03-31 11:57:31,apis.google.com
2014-03-31 11:57:32,0.docs.google.com
2014-03-31 11:57:41,apis.google.com
2014-03-31 11:57:41,www.google.com
2014-03-31 11:57:41,accounts.google.com
2014-03-31 11:57:43,clients6.google.com
2014-03-31 11:57:51,docs.google.com
2014-03-31 11:58:04,docs.google.com
2014-03-31 11:58:13,gg.google.com
2014-03-31 11:58:15,docs.google.com
2014-03-31 11:58:17,docs.google.com
2014-03-31 11:58:18,docs.google.com
2014-03-31 11:58:19,docs.google.com
2014-03-31 11:58:19,apis.google.com
2014-03-31 11:58:20,www.google.com
2014-03-31 11:58:21,1.docs.google.com
2014-03-31 11:58:22,accounts.google.com
2014-03-31 11:58:29,apis.google.com
2014-03-31 11:58:34,clients6.google.com
2014-03-31 11:59:01,ieonline.microsoft.com
2014-03-31 11:59:04,drive.google.com
2014-03-31 11:59:07,docs.google.com
2014-03-31 12:00:08,accounts.google.com
2014-03-31 12:00:08,www.google.com
2014-03-31 12:00:08,apis.google.com
2014-03-31 12:00:08,clients6.google.com
2014-03-31 12:00:08,docs.google.com
2014-03-31 12:00:08,1.docs.google.com
2014-03-31 12:00:23,accounts.google.com
2014-03-31 12:00:29,0.docs.google.com
2014-03-31 12:00:29,docs.google.com
2014-03-31 12:00:31,drive.google.com
2014-03-31 12:00:33,apis.google.com
2014-03-31 12:00:34,clients6.google.com
2014-03-31 12:00:34,www.google.com
2014-03-31 12:00:36,2.docs.google.com
2014-03-31 12:00:37,2.docs.google.com
2014-03-31 12:00:48,docs.google.com
2014-03-31 12:01:10,docs.google.com
2014-03-31 12:01:10,apis.google.com
2014-03-31 12:01:10,plus.google.com
2014-03-31 12:02:13,gg.google.com
2014-03-31 12:02:46,drive.google.com
2014-03-31 12:04:33,docs.google.com
2014-03-31 12:04:34,docs.google.com
2014-03-31 12:04:34,apis.google.com
2014-03-31 12:04:37,clients6.google.com
2014-03-31 12:05:08,docs.google.com
2014-03-31 12:07:04,drive.google.com
2014-03-31 12:09:33,docs.google.com
2014-03-31 12:10:08,docs.google.com
2014-03-31 12:10:09,clients2.google.com
2014-03-31 12:10:13,clients6.google.com
2014-03-31 12:10:13,clients2.google.com
2014-03-31 12:10:13,3.docs.google.com
2014-03-31 12:10:14,3.docs.google.com
2014-03-31 12:10:54,docs.google.com
2014-03-31 12:10:54,2.docs.google.com
2014-03-31 12:11:04,drive.google.com
2014-03-31 12:11:11,plus.google.com
2014-03-31 12:11:21,plus.google.com
2014-03-31 12:11:56,docs.google.com
2014-03-31 12:12:18,docs.google.com
2014-03-31 12:12:18,3.docs.google.com
2014-03-31 12:12:21,0.drive.google.com
2014-03-31 12:12:22,drive.google.com
2014-03-31 12:12:22,www.google.fr
2014-03-31 12:12:24,docs.google.com
2014-03-31 12:12:24,www.google.com
2014-03-31 12:12:24,accounts.google.com
2014-03-31 12:12:24,accounts.youtube.com
2014-03-31 12:12:24,accounts.google.fr
2014-03-31 12:12:24,drive.google.com
