timestamp,site
2014-02-21 10:37:55,clients1.google.com
2014-02-21 10:37:56,gtglobal-ocsp.geotrust.com
2014-02-21 10:37:56,clients1.google.com
2014-02-21 10:38:13,www.google.com
2014-02-21 10:38:13,www.google.fr
2014-02-21 10:38:13,apis.google.com
2014-02-21 10:44:48,ocsp.thawte.com
2014-02-21 10:44:54,www.squid-cache.org
2014-02-21 10:45:00,gtglobal-ocsp.geotrust.com
2014-02-21 10:45:00,clients1.google.com
2014-02-21 10:45:03,www.google.fr
2014-02-21 10:45:03,mail.google.com
2014-02-21 10:45:03,clients1.google.com
2014-02-21 10:45:04,clients1.google.com
2014-02-21 10:45:05,clients1.google.com
2014-02-21 10:45:38,clients1.google.com
2014-02-21 10:47:56,www.google.fr
2014-02-21 10:48:08,www.google.fr
2014-02-21 10:48:12,mail.google.com
2014-02-21 10:48:12,chatenabled.mail.google.com
2014-02-21 10:48:12,accounts.youtube.com
2014-02-21 10:48:12,accounts.google.com
2014-02-21 10:48:12,accounts.google.fr
2014-02-21 10:48:12,apis.google.com
2014-02-21 10:48:12,www.google.com
2014-02-21 10:48:12,clients2.google.com
2014-02-21 10:48:56,ocsp.thawte.com
2014-02-21 10:49:20,www.google.com
2014-02-21 10:49:20,gtglobal-ocsp.geotrust.com
2014-02-21 10:49:20,clients1.google.com
2014-02-21 10:49:21,clients1.google.com
2014-02-21 10:49:24,www.google.fr
2014-02-21 10:49:25,clients1.google.com
2014-02-21 10:49:25,ocsp.tcs.terena.org
2014-02-21 10:49:25,ocsp.usertrust.com
2014-02-21 10:49:26,clients1.google.com
2014-02-21 10:50:22,safebrowsing.clients.google.com
2014-02-21 10:50:22,safebrowsing-cache.google.com
2014-02-21 10:51:11,bibliotheque.clermont-universite.fr
2014-02-21 10:52:15,www.google.com
2014-02-21 10:52:17,www.google.fr
2014-02-21 10:54:45,ocsp.verisign.com
2014-02-21 10:56:45,ocsp.digicert.com
2014-02-21 11:07:30,www.google.fr
2014-02-21 11:07:30,stackoverflow.com
2014-02-21 11:07:31,i.stack.imgur.com
2014-02-21 11:07:33,ajax.googleapis.com
2014-02-21 11:07:35,stackoverflow.com
2014-02-21 11:07:35,ocsp.digicert.com
2014-02-21 11:07:36,cdn-careers.sstatic.net
2014-02-21 11:07:37,careers.stackoverflow.com
2014-02-21 11:07:37,cdn-careers.sstatic.net
2014-02-21 11:07:50,stackauth.com
2014-02-21 11:08:08,www.google.fr
2014-02-21 11:08:09,www.google.fr
2014-02-21 11:08:10,stackoverflow.com
2014-02-21 11:08:12,careers.stackoverflow.com
2014-02-21 11:08:12,stackoverflow.com
2014-02-21 11:08:13,careers.stackoverflow.com
2014-02-21 11:08:18,ocsp.verisign.com
2014-02-21 11:08:19,adzerk-www.s3.amazonaws.com
2014-02-21 11:10:06,www.gravatar.com
2014-02-21 11:10:24,www.google.fr
2014-02-21 11:10:34,www.google.com
2014-02-21 11:21:29,safebrowsing-cache.google.com
2014-02-21 11:21:29,safebrowsing.clients.google.com
2014-02-21 11:29:12,www.google.fr
2014-02-21 11:29:12,www.vogella.com
2014-02-21 11:29:13,cdn1.developermedia.com
2014-02-21 11:29:14,www.google.com
2014-02-21 11:29:14,www.vogella.com
2014-02-21 11:29:14,apps.developermedia.com
2014-02-21 11:29:14,clients1.google.com
2014-02-21 11:34:48,www.google.com
2014-02-21 11:34:49,www.google.fr
2014-02-21 11:45:39,www.google.fr
2014-02-21 11:45:40,stackoverflow.com
2014-02-21 11:45:40,i.stack.imgur.com
2014-02-21 11:45:41,careers.stackoverflow.com
2014-02-21 11:45:42,careers.stackoverflow.com
2014-02-21 11:47:36,www.gravatar.com
2014-02-21 11:48:30,www.google.fr
2014-02-21 11:48:31,stackoverflow.com
2014-02-21 11:48:32,stackoverflow.com
2014-02-21 11:48:32,careers.stackoverflow.com
2014-02-21 11:48:33,careers.stackoverflow.com
2014-02-21 11:50:26,www.gravatar.com
2014-02-21 11:50:27,www.gravatar.com
2014-02-21 11:51:04,safebrowsing-cache.google.com
2014-02-21 11:51:04,safebrowsing.clients.google.com
2014-02-21 11:51:21,www.google.com
2014-02-21 11:51:22,www.google.fr
2014-02-21 11:53:09,gtglobal-ocsp.geotrust.com
2014-02-21 11:53:09,clients1.google.com
2014-02-21 11:53:12,www.google.fr
2014-02-21 11:53:13,i.stack.imgur.com
2014-02-21 11:53:13,stackoverflow.com
2014-02-21 11:53:14,stackoverflow.com
2014-02-21 11:53:15,careers.stackoverflow.com
2014-02-21 11:55:09,www.gravatar.com
2014-02-21 11:56:08,www.google.fr
2014-02-21 11:56:17,www.google.com
2014-02-26 10:18:26,ocsp.thawte.com
2014-02-26 10:18:31,ocsp.usertrust.com
2014-02-26 10:18:31,gtglobal-ocsp.geotrust.com
2014-02-26 10:18:31,ocsp.tcs.terena.org
2014-02-26 10:18:31,clients1.google.com
2014-02-26 10:18:34,clients1.google.com
2014-02-26 10:19:48,safebrowsing.clients.google.com
2014-02-26 10:19:48,safebrowsing-cache.google.com
2014-02-26 10:19:49,safebrowsing-cache.google.com
2014-02-26 10:19:50,safebrowsing-cache.google.com
2014-02-28 10:30:18,ocsp.thawte.com
2014-02-28 10:30:40,clients1.google.com
2014-02-28 10:30:40,gtglobal-ocsp.geotrust.com
2014-02-28 10:30:44,www.google.fr
2014-02-28 10:30:44,en.wikipedia.org
2014-02-28 10:30:45,www.google.fr
2014-02-28 10:30:45,bits.wikimedia.org
2014-02-28 10:30:45,login.wikimedia.org
2014-02-28 10:30:46,meta.wikimedia.org
2014-02-28 10:30:46,bits.wikimedia.org
2014-02-28 10:31:10,en.wikipedia.org
2014-02-28 10:31:34,safebrowsing.clients.google.com
2014-02-28 10:31:34,safebrowsing-cache.google.com
2014-02-28 10:32:04,ocsp.verisign.com
2014-02-28 10:32:14,en.wikipedia.org
2014-02-28 10:32:15,meta.wikimedia.org
2014-02-28 10:33:37,apis.google.com
2014-02-28 10:33:38,www.google.fr
2014-02-28 10:33:38,www.google.com
2014-02-28 10:34:04,ocsp.digicert.com
2014-02-28 11:01:48,safebrowsing.clients.google.com
2014-02-28 11:01:48,safebrowsing-cache.google.com
2014-02-28 11:01:49,safebrowsing-cache.google.com
2014-02-28 11:11:54,www.google.fr
2014-02-28 11:11:55,i.stack.imgur.com
2014-02-28 11:11:55,ajax.googleapis.com
2014-02-28 11:11:55,stackoverflow.com
2014-02-28 11:11:58,stackoverflow.com
2014-02-28 11:11:58,careers.stackoverflow.com
2014-02-28 11:11:58,cdn-careers.sstatic.net
2014-02-28 11:11:59,ocsp.digicert.com
2014-02-28 11:12:14,stackauth.com
2014-02-28 11:13:51,www.gravatar.com
2014-02-28 11:14:46,www.google.com
2014-02-28 11:14:48,www.google.fr
2014-02-28 11:33:26,safebrowsing.clients.google.com
2014-02-28 11:33:26,safebrowsing-cache.google.com
2014-02-28 11:55:52,www.google.fr
2014-02-28 11:55:53,stackoverflow.com
2014-02-28 11:55:54,careers.stackoverflow.com
2014-02-28 11:57:49,www.gravatar.com
2014-02-28 11:58:46,www.google.fr
2014-02-28 12:04:49,safebrowsing.clients.google.com
2014-02-28 12:04:49,safebrowsing-cache.google.com
2014-03-21 10:30:43,clients1.google.com
2014-03-21 10:30:43,gtglobal-ocsp.geotrust.com
2014-03-21 10:30:44,ocsp.thawte.com
2014-03-21 10:31:17,clients1.google.com
2014-03-21 10:31:31,lilypond.org
2014-03-21 10:31:31,www.google.fr
2014-03-21 10:31:32,www.google.fr
2014-03-21 10:31:32,lilypond.org
2014-03-21 10:31:33,lilypond.org
2014-03-21 10:31:36,lilypond.org
2014-03-21 10:31:37,lilypond.org
2014-03-21 10:31:37,www.w3.org
2014-03-21 10:31:43,lilypond.org
2014-03-21 10:31:44,lilypond.org
2014-03-21 10:33:33,safebrowsing.clients.google.com
2014-03-21 10:33:33,safebrowsing-cache.google.com
2014-03-21 10:33:38,sb-ssl.google.com
2014-03-21 10:34:14,apis.google.com
2014-03-21 10:34:15,www.google.com
2014-03-21 10:34:16,www.google.fr
2014-03-21 10:34:17,lilypond.org
2014-03-21 10:35:06,lilypond.org
2014-03-21 10:35:46,lilypond.org
2014-03-21 10:36:20,lilypond.org
2014-03-21 10:38:12,lilypond.org
2014-03-21 10:38:27,ocsp.verisign.com
2014-03-21 10:40:27,ocsp.digicert.com
2014-03-21 10:43:38,lilypond.org
2014-03-21 10:44:43,lilypond.org
2014-03-21 10:45:03,lilypond.org
2014-03-21 10:45:04,lilypond.org
2014-03-21 10:45:05,lilypond.org
2014-03-21 10:45:06,lilypond.org
2014-03-21 10:51:54,lilypond.org
2014-03-21 10:55:03,lilypond.org
2014-03-21 10:55:04,lilypond.org
2014-03-21 11:01:38,lilypond.org
2014-03-21 11:03:10,safebrowsing.clients.google.com
2014-03-21 11:03:10,safebrowsing-cache.google.com
2014-03-21 11:03:33,lilypond.org
2014-03-21 11:03:46,lilypond.org
2014-03-21 11:05:16,lilypond.org
2014-03-21 11:06:15,lilypond.org
2014-03-21 11:06:49,lilypond.org
2014-03-21 11:06:59,lilypond.org
2014-03-21 11:07:06,lilypond.org
2014-03-21 11:08:38,lilypond.org
2014-03-21 11:10:06,lilypond.org
2014-03-21 11:10:26,lilypond.org
2014-03-21 11:10:41,lilypond.org
2014-03-21 11:11:22,lilypond.org
2014-03-21 11:11:26,lilypond.org
2014-03-21 11:11:28,lilypond.org
2014-03-21 11:12:07,lilypond.org
2014-03-21 11:21:14,lilypond.org
2014-03-21 11:22:29,lilypond.org
2014-03-21 11:22:35,lilypond.org
2014-03-21 11:23:57,lilypond.org
2014-03-21 11:25:42,lilypond.org
2014-03-21 11:26:02,lilypond.org
2014-03-21 11:32:05,lilypond.org
2014-03-21 11:32:33,lilypond.org
2014-03-21 11:32:45,safebrowsing.clients.google.com
2014-03-21 11:32:45,safebrowsing-cache.google.com
2014-03-21 11:32:46,safebrowsing-cache.google.com
2014-03-21 11:33:21,lilypond.org
2014-03-21 11:33:34,gtssl-ocsp.geotrust.com
2014-03-21 11:33:54,lilypond.org
2014-03-21 11:35:11,lilypond.org
2014-03-21 11:35:12,lilypond.org
2014-03-21 11:35:46,lilypond.org
2014-03-21 11:35:50,lilypond.org
2014-03-21 11:35:51,lilypond.org
2014-03-21 11:35:52,lilypond.org
2014-03-21 11:35:53,lilypond.org
2014-03-21 11:38:29,lilypond.org
2014-03-21 11:39:29,lilypond.org
2014-03-21 11:39:37,lilypond.org
2014-03-21 11:42:46,lilypond.org
2014-03-21 11:42:59,lilypond.org
2014-03-21 11:43:00,lilypond.org
2014-03-21 11:52:52,clients1.google.com
2014-03-21 11:52:52,gtglobal-ocsp.geotrust.com
2014-03-21 11:52:54,www.google.fr
2014-03-21 11:55:36,www.google.fr
2014-03-21 11:55:37,www.gravatar.com
2014-03-21 11:55:37,lilypond.1069038.n5.nabble.com
2014-03-21 11:55:37,i2.wp.com
2014-03-21 11:55:37,www.adbayes.com
2014-03-21 11:55:38,www.adbayes.com
2014-03-21 11:55:38,lilypond.1069038.n5.nabble.com
2014-03-21 11:55:39,www.google.com
2014-03-21 11:55:40,clients1.google.com
2014-03-21 11:55:40,lilypond.1069038.n5.nabble.com
2014-03-21 11:55:40,www.google.com
2014-03-21 11:55:41,ocsp.verisign.com
2014-03-21 11:55:42,www.google.fr
2014-03-21 11:55:42,lilypond.1069038.n5.nabble.com
2014-03-21 11:55:43,lsr.di.unimi.it
2014-03-21 11:55:44,lsr.di.unimi.it
2014-03-21 11:55:56,lsr.di.unimi.it
2014-03-21 11:57:14,www.google.fr
2014-03-21 11:57:47,www.google.fr
2014-03-21 11:57:47,platform.twitter.com
2014-03-21 11:57:47,a.fsdn.com
2014-03-21 11:57:48,a.fsdn.com
2014-03-21 11:57:48,sourceforge.net
2014-03-21 11:57:48,www.facebook.com
2014-03-21 11:57:48,consent-st.truste.com
2014-03-21 11:57:49,clients1.google.com
2014-03-21 11:57:49,d3f8ykwhia686p.cloudfront.net
2014-03-21 11:57:49,a.fsdn.com
2014-03-21 11:57:49,consent-st.truste.com
2014-03-21 11:57:49,platform.twitter.com
2014-03-21 11:57:49,rp.gwallet.com
2014-03-21 11:57:49,sourceforge.net
2014-03-21 11:57:50,sourceforge.net
2014-03-21 11:57:50,evsecure-ocsp.verisign.com
2014-03-21 11:57:50,ajax.googleapis.com
2014-03-21 11:57:50,dsp.active-agent.com
2014-03-21 11:57:50,www.google.com
2014-03-21 11:57:50,consent-st.truste.com
2014-03-21 11:57:51,www.google.com
2014-03-21 11:57:51,hal9000.redintelligence.net
2014-03-21 11:57:52,banniere.reussissonsensemble.fr
2014-03-21 11:57:52,a.nonstoppartner.net
2014-03-21 11:57:52,banner.nonstoppartner.net
2014-03-21 11:57:52,ea.numericable.fr
2014-03-21 11:57:53,platform.twitter.com
2014-03-21 11:57:53,medias.norauto.fr
2014-03-21 11:58:21,secure.gravatar.com
2014-03-21 11:58:21,twitter.com
2014-03-21 11:59:49,platform.twitter.com
2014-03-21 11:59:56,www.google.fr
2014-03-21 11:59:57,minimaths.free.fr
2014-03-21 11:59:58,minimaths.free.fr
2014-03-21 11:59:59,minimaths.free.fr
2014-03-21 12:00:00,minimaths.free.fr
2014-03-21 12:00:01,minimaths.free.fr
2014-03-21 12:00:02,minimaths.free.fr
2014-03-21 12:00:03,minimaths.free.fr
2014-03-21 12:00:04,minimaths.free.fr
2014-03-21 12:00:05,minimaths.free.fr
2014-03-21 12:00:06,minimaths.free.fr
2014-03-21 12:00:43,apis.google.com
2014-03-21 12:00:44,accounts.google.com
2014-03-21 12:00:51,lilypond.org
2014-03-21 12:01:19,lilypond.1069038.n5.nabble.com
2014-03-21 12:02:13,minimaths.free.fr
2014-03-21 12:02:14,minimaths.free.fr
2014-03-21 12:02:15,minimaths.free.fr
2014-03-21 12:02:16,minimaths.free.fr
2014-03-21 12:02:17,minimaths.free.fr
2014-03-21 12:02:18,minimaths.free.fr
2014-03-21 12:03:09,www.google.fr
2014-03-26 10:19:24,clients1.google.com
2014-03-26 10:19:24,gtglobal-ocsp.geotrust.com
2014-03-26 10:19:25,clients1.google.com
2014-03-26 10:19:29,ocsp.tcs.terena.org
2014-03-26 10:19:29,ocsp.usertrust.com
2014-03-26 10:22:19,sb-ssl.google.com
2014-03-26 10:22:40,safebrowsing.clients.google.com
2014-03-26 10:22:40,safebrowsing-cache.google.com
2014-03-26 10:22:41,safebrowsing-cache.google.com
2014-03-26 10:24:48,ocsp.thawte.com
2014-03-26 10:26:48,ocsp.verisign.com
2014-03-28 10:37:33,ocsp.thawte.com
2014-03-28 10:38:04,www.squid-cache.org
2014-03-28 10:38:25,gtglobal-ocsp.geotrust.com
2014-03-28 10:38:25,clients1.google.com
2014-03-28 10:38:27,clients1.google.com
2014-03-28 10:38:34,www.google.fr
2014-03-28 10:38:34,qt-project.org
2014-03-28 10:38:34,www.google.com
2014-03-28 10:38:35,qt-project.org
2014-03-28 10:38:35,www.google.com
2014-03-28 10:38:35,www.youtube.com
2014-03-28 10:38:35,ajax.googleapis.com
2014-03-28 10:38:36,clients1.google.com
2014-03-28 10:38:36,qt-project.org
2014-03-28 10:38:36,www.google.com
2014-03-28 10:38:47,qt-project.org
2014-03-28 10:38:48,qt-project.org
2014-03-28 10:38:48,clients1.google.com
2014-03-28 10:38:48,www.google.com
2014-03-28 10:38:55,qt-project.org
2014-03-28 10:38:56,qt-project.org
2014-03-28 10:38:57,qt-project.org
2014-03-28 10:38:57,www.google.com
2014-03-28 10:38:57,clients1.google.com
2014-03-28 10:39:00,qt-project.org
2014-03-28 10:39:01,qt-project.org
2014-03-28 10:39:01,www.google.com
2014-03-28 10:39:01,clients1.google.com
2014-03-28 10:39:02,qt-project.org
2014-03-28 10:39:05,qt-project.org
2014-03-28 10:39:09,qt-project.org
2014-03-28 10:39:11,qt-project.org
2014-03-28 10:39:19,ocsp.digicert.com
2014-03-28 10:39:19,qt-project.org
2014-03-28 10:39:20,clients1.google.com
2014-03-28 10:39:20,qt-project.org
2014-03-28 10:39:20,www.google.com
2014-03-28 10:39:20,ocsp.digicert.com
2014-03-28 10:40:14,qt-project.org
2014-03-28 10:40:15,qt-project.org
2014-03-28 10:40:37,qt-project.org
2014-03-28 10:40:38,www.google.com
2014-03-28 10:40:38,clients1.google.com
2014-03-28 10:40:38,qt-project.org
2014-03-28 10:40:45,qt-project.org
2014-03-28 10:40:45,www.google.com
2014-03-28 10:40:46,clients1.google.com
2014-03-28 10:40:46,www.google.com
2014-03-28 10:40:46,qt-project.org
2014-03-28 10:41:24,apis.google.com
2014-03-28 10:41:25,www.google.com
2014-03-28 10:41:26,www.google.fr
2014-03-28 10:41:29,qt-project.org
2014-03-28 10:41:30,www.google.com
2014-03-28 10:41:30,clients1.google.com
2014-03-28 10:41:31,qt-project.org
2014-03-28 10:41:42,safebrowsing.clients.google.com
2014-03-28 10:41:43,safebrowsing-cache.google.com
2014-03-28 10:41:50,qt-project.org
2014-03-28 10:42:02,qt-project.org
2014-03-28 10:42:33,qt-project.org
2014-03-28 10:42:48,qt-project.org
2014-03-28 10:42:51,qt-project.org
2014-03-28 10:43:05,qt-project.org
2014-03-28 10:44:26,www.googleapis.com
2014-03-28 10:44:39,qt-project.org
2014-03-28 10:44:42,qt-project.org
2014-03-28 10:44:43,qt-project.org
2014-03-28 10:44:44,qt-project.org
2014-03-28 10:44:46,clients1.google.com
2014-03-28 10:44:46,qt-project.org
2014-03-28 10:44:46,www.google.com
2014-03-28 10:47:42,www.googleapis.com
