timestamp,site
2013-05-12 13:52:07,go.microsoft.com
2013-05-12 13:52:07,windows.microsoft.com
2013-05-12 13:52:08,js.microsoft.com
2013-05-12 13:52:08,res1.windows.microsoft.com
2013-05-12 13:52:08,ajax.microsoft.com
2013-05-12 13:52:08,windows.microsoft.com
2013-05-12 13:52:08,res2.windows.microsoft.com
2013-05-12 13:52:10,res2.windows.microsoft.com
2013-05-12 13:52:11,www.bing.com
2013-05-12 13:52:11,www.facebook.com
2013-05-12 13:52:11,windows.microsoft.com
2013-05-12 13:52:12,res1.windows.microsoft.com
2013-05-12 13:52:14,www.facebook.com
2013-05-12 13:52:15,js.microsoft.com
2013-05-12 13:52:16,res1.windows.microsoft.com
2013-05-12 13:52:16,res2.windows.microsoft.com
2013-05-12 13:52:17,res1.windows.microsoft.com
2013-05-12 13:52:24,windows.microsoft.com
2013-05-12 13:52:24,fpdownload2.macromedia.com
2013-05-12 13:52:30,res1.windows.microsoft.com
2013-05-12 13:54:08,ieonline.microsoft.com
2013-05-12 13:54:08,go.microsoft.com
2013-11-18 08:56:45,www.google.com
2013-11-18 08:56:45,www.google.fr
2013-11-18 08:56:46,clients1.google.fr
2013-11-18 08:56:49,www.google.com
2013-11-18 08:56:49,www.google.fr
2013-11-18 08:56:49,clients1.google.com
2013-11-18 08:57:20,clients1.google.com
2013-11-18 08:57:22,mail.google.com
2013-11-18 08:57:23,clients1.google.com
2013-11-18 09:01:20,accounts.google.fr
2013-11-18 09:01:20,accounts.google.com
2013-11-18 09:01:20,accounts.google.co.ma
2013-11-18 09:01:23,www.google.com
2013-11-18 09:01:34,mail.google.com
2013-11-18 09:04:55,clients1.google.fr
2013-11-18 09:04:55,www.google.fr
2013-11-18 09:04:55,www.google.com
2013-11-18 09:04:57,clients1.google.fr
2013-11-18 09:04:58,clients1.google.fr
2013-11-18 09:04:59,clients1.google.fr
2013-11-18 09:05:00,clients1.google.fr
2013-11-18 09:05:01,clients1.google.fr
2013-11-18 09:05:02,clients1.google.fr
2013-11-18 09:05:03,clients1.google.fr
2013-11-18 09:05:05,clients1.google.fr
2013-11-18 09:05:05,www.google.fr
2013-11-18 09:05:13,www.google.fr
2013-11-18 09:05:13,python.lycee.free.fr
2013-11-18 09:05:14,python.lycee.free.fr
2013-11-18 09:09:34,clients1.google.fr
2013-11-18 09:09:35,clients1.google.fr
2013-11-18 09:09:36,clients1.google.fr
2013-11-18 09:09:37,clients1.google.fr
2013-11-18 09:09:38,clients1.google.fr
2013-11-18 09:09:44,clients1.google.fr
2013-11-18 09:09:45,www.google.fr
2013-11-18 09:09:46,clients1.google.fr
2013-11-18 09:10:04,www.google.fr
2013-11-18 09:10:04,static.ccm2.net
2013-11-18 09:10:04,www.commentcamarche.net
2013-11-18 09:10:04,r.ccmbg.com
2013-11-18 09:10:04,r.ccm2.net
2013-11-18 09:10:04,ba.commentcamarche.net
2013-11-18 09:10:05,ba.commentcamarche.net
2013-11-18 09:10:05,static.ccm2.net
2013-11-18 09:10:05,connect.facebook.net
2013-11-18 09:10:06,platform.twitter.com
2013-11-18 09:10:06,s-static.ak.facebook.com
2013-11-18 09:10:06,www.facebook.com
2013-11-18 09:10:06,static.ak.facebook.com
2013-11-18 09:10:06,static.ccm2.net
2013-11-18 09:10:06,static.ccmbg.com
2013-11-18 09:10:07,evsecure-ocsp.verisign.com
2013-11-18 09:10:08,www.commentcamarche.net
2013-11-18 09:10:14,static.ccm2.net
2013-11-18 09:10:16,static.ccm2.net
2013-11-18 09:10:16,ba.commentcamarche.net
2013-11-18 09:10:16,www.commentcamarche.net
2013-11-18 09:10:16,www.google.com
2013-11-18 09:10:17,www.google.com
2013-11-18 09:10:17,static.ak.facebook.com
2013-11-18 09:10:17,static.ccm2.net
2013-11-18 09:10:17,www.facebook.com
2013-11-18 09:10:18,s-static.ak.facebook.com
2013-11-18 09:10:18,player.kpsule.me
2013-11-18 09:10:18,www.facebook.com
2013-11-18 09:10:29,ba.commentcamarche.net
2013-11-18 09:10:29,clients1.google.com
2013-11-18 09:10:31,fsincere.free.fr
2013-11-18 09:10:31,www.google.fr
2013-11-18 09:10:32,fsincere.free.fr
2013-11-18 09:10:32,jigsaw.w3.org
2013-11-18 09:10:33,fsincere.free.fr
2013-11-18 09:10:48,twitter.com
2013-11-18 09:12:18,www.google.fr
2013-11-18 09:12:19,fr.openclassrooms.com
2013-11-18 09:12:19,www.google.com
2013-11-18 09:12:21,dnn506yrbagrg.cloudfront.net
2013-11-18 09:12:21,fr.openclassrooms.com
2013-11-18 09:12:21,www.google.com
2013-11-18 09:12:21,choices.truste.com
2013-11-18 09:12:22,fr.openclassrooms.com
2013-11-18 09:12:22,choices.truste.com
2013-11-18 09:12:22,clients1.google.com
2013-11-18 09:12:25,fr.openclassrooms.com
2013-11-18 09:12:26,choices.truste.com
2013-11-18 09:14:04,ajax.googleapis.com
2013-11-18 09:15:02,www.google.fr
2013-11-18 09:15:03,fsincere.free.fr
2013-11-18 09:15:05,www.google.com
2013-11-18 09:15:05,premium.hi-mediaserver.com
2013-11-18 09:15:05,www.developpez.com
2013-11-18 09:15:05,www.google.fr
2013-11-18 09:15:05,python.developpez.com
2013-11-18 09:15:06,i.creativecommons.org
2013-11-18 09:15:06,python.developpez.com
2013-11-18 09:15:06,www.developpez.com
2013-11-18 09:15:06,fsincere.free.fr
2013-11-18 09:16:21,accounts.google.com
2013-11-18 09:16:21,www.googleapis.com
2013-11-18 09:24:31,www.googleapis.com
2013-11-18 09:29:13,deptinfo-ensip.univ-poitiers.fr
2013-11-18 09:53:36,accounts.google.fr
2013-11-18 09:53:36,mail.google.com
2013-11-18 09:53:36,accounts.google.com
2013-11-18 09:53:36,accounts.google.co.ma
2013-11-21 10:23:00,clients1.google.fr
2013-11-21 10:23:00,www.google.fr
2013-11-21 10:23:00,www.google.com
2013-11-21 10:23:02,clients1.google.fr
2013-11-21 10:23:03,www.google.fr
2013-11-21 10:23:03,clients1.google.fr
2013-11-21 10:23:04,clients1.google.fr
2013-11-21 10:23:04,www.google.fr
2013-11-21 10:23:06,www.google.fr
2013-11-21 10:25:26,img.youtube.com
2013-11-21 10:25:26,www.google.com
2013-11-21 10:25:26,clients1.google.com
2013-11-21 10:25:29,www.google.com
2013-11-21 10:25:32,fr.wikipedia.org
2013-11-21 10:25:32,ocsp.digicert.com
2013-11-21 10:25:32,www.google.com
2013-11-21 10:25:32,bits.wikimedia.org
2013-11-21 10:25:33,bits.wikimedia.org
2013-11-21 10:25:33,meta.wikimedia.org
2013-11-21 10:25:34,bits.wikimedia.org
2013-11-21 10:25:34,meta.wikimedia.org
2013-11-21 10:25:34,fr.wikipedia.org
2013-11-21 10:25:35,bits.wikimedia.org
2013-11-21 10:26:33,fr.wikipedia.org
2013-11-21 10:26:33,login.wikimedia.org
2013-11-21 10:26:57,fr.wikipedia.org
2013-11-21 10:27:00,fr.wikipedia.org
2013-11-21 10:29:49,www.google.com
2013-11-21 10:29:50,clients1.google.com
2013-11-21 10:29:56,www.google.com
2013-11-21 10:29:57,www.cs.ucsb.edu
2013-11-21 10:37:01,fxfeeds.mozilla.com
2013-11-21 10:37:02,newsrss.bbc.co.uk
2013-11-21 10:37:02,feeds.bbci.co.uk
2013-11-21 10:37:32,www.google.com
2013-11-21 10:37:32,fr.wikipedia.org
2013-11-21 10:37:32,bits.wikimedia.org
2013-11-21 10:37:33,bits.wikimedia.org
2013-11-21 10:37:33,meta.wikimedia.org
2013-11-21 10:37:33,fr.wikipedia.org
2013-11-21 10:38:28,bits.wikimedia.org
2013-11-21 10:38:30,fr.wikipedia.org
2013-11-21 10:38:31,fr.wikipedia.org
2013-11-21 10:38:32,fr.wikipedia.org
2013-11-21 10:38:33,fr.wikipedia.org
2013-11-21 10:38:34,fr.wikipedia.org
2013-11-21 10:38:35,fr.wikipedia.org
2013-11-21 10:38:36,fr.wikipedia.org
2013-11-21 10:38:37,fr.wikipedia.org
2013-11-21 10:38:39,fr.wikipedia.org
2013-11-21 10:38:40,fr.wikipedia.org
2013-11-21 10:38:41,fr.wikipedia.org
2013-11-21 10:38:46,bits.wikimedia.org
2013-11-21 10:38:46,fr.wikipedia.org
2013-11-21 10:38:46,meta.wikimedia.org
2013-11-21 10:48:24,www.google.fr
2013-11-21 10:48:24,clients1.google.fr
2013-11-21 10:48:26,clients1.google.fr
2013-11-21 10:48:28,clients1.google.fr
2013-11-21 10:48:28,www.google.fr
2013-11-21 10:48:35,www.google.fr
2013-11-21 10:48:36,www.gta.ufrj.br
2013-11-21 10:48:53,www.google.fr
2013-11-21 10:48:53,man7.org
2013-11-21 10:48:54,man7.org
2013-11-21 10:48:57,man7.org
2013-11-21 10:49:02,clients1.google.fr
2013-11-21 10:49:03,clients1.google.fr
2013-11-21 10:49:06,www.google.fr
2013-11-21 10:49:06,clients1.google.fr
2013-11-21 10:49:10,www.google.fr
2013-11-21 10:49:10,ocsp.usertrust.com
2013-11-21 10:49:10,ocsp.comodoca.com
2013-11-21 10:49:11,cours.etsmtl.ca
2013-11-21 10:51:14,cours.etsmtl.ca
2013-11-21 11:04:23,www.google.com
2013-11-21 11:04:23,clients1.google.com
2013-11-21 11:04:31,www.google.com
2013-11-21 11:10:13,clients1.google.com
2013-11-21 11:10:14,clients1.google.com
2013-11-21 11:10:15,clients1.google.com
2013-11-21 11:10:16,clients1.google.com
2013-11-21 11:10:17,clients1.google.com
2013-11-21 11:10:19,clients1.google.com
2013-11-21 11:10:20,clients1.google.com
2013-11-21 11:10:23,www.google.com
2013-11-21 11:10:24,clients1.google.com
2013-11-21 11:10:34,www.google.com
2013-11-21 11:10:34,clients1.google.com
2013-11-21 11:10:53,www.google.com
2013-11-21 11:10:54,gtglobal-ocsp.geotrust.com
2013-11-21 11:10:54,www.commentcamarche.net
2013-11-21 11:10:54,static.ccm2.net
2013-11-21 11:10:54,r.ccm2.net
2013-11-21 11:10:54,ba.commentcamarche.net
2013-11-21 11:10:54,clients1.google.com
2013-11-21 11:10:55,ba.commentcamarche.net
2013-11-21 11:10:55,static.ccm2.net
2013-11-21 11:10:56,static.ccm2.net
2013-11-21 11:10:56,www.facebook.com
2013-11-21 11:10:56,connect.facebook.net
2013-11-21 11:10:56,platform.twitter.com
2013-11-21 11:10:56,static.ak.facebook.com
2013-11-21 11:10:57,s-static.ak.facebook.com
2013-11-21 11:10:57,www.facebook.com
2013-11-21 11:10:57,clients1.google.com
2013-11-21 11:10:57,evsecure-ocsp.verisign.com
2013-11-21 11:10:58,evsecure-ocsp.verisign.com
2013-11-21 11:10:59,player.kpsule.me
2013-11-21 11:10:59,clients1.google.com
2013-11-21 11:10:59,static.ccm2.net
2013-11-21 11:10:59,static.ccmbg.com
2013-11-21 11:10:59,platform.twitter.com
2013-11-21 11:10:59,www.facebook.com
2013-11-21 11:11:00,www.commentcamarche.net
2013-11-21 11:11:00,www.facebook.com
2013-11-21 11:11:30,twitter.com
2013-11-21 11:14:54,ajax.googleapis.com
2013-11-21 11:14:58,apis.google.com
2013-11-21 11:14:59,accounts.google.com
2013-11-21 11:14:59,apis.google.com
2013-11-21 11:15:14,fr.wikipedia.org
2013-11-21 11:15:15,bits.wikimedia.org
2013-11-21 11:15:16,fr.wikipedia.org
2013-11-21 11:15:16,meta.wikimedia.org
2013-11-21 11:15:21,fr.wikipedia.org
2013-11-21 11:15:23,fr.wikipedia.org
2013-11-21 11:15:24,fr.wikipedia.org
2013-11-21 11:15:25,fr.wikipedia.org
2013-11-21 11:15:29,fr.wikipedia.org
2013-11-21 11:15:30,fr.wikipedia.org
2013-11-21 11:15:31,meta.wikimedia.org
2013-11-21 11:15:31,fr.wikipedia.org
2013-11-21 11:15:38,www.squid-cache.org
2013-11-21 11:16:07,www.google.com
2013-11-21 11:16:07,clients1.google.com
2013-11-21 11:16:18,publib.boulder.ibm.com
2013-11-21 11:16:18,www.google.com
2013-11-21 11:16:19,publib.boulder.ibm.com
2013-11-21 11:16:20,publib.boulder.ibm.com
2013-11-21 11:16:21,www.ibm.com
2013-11-21 11:16:21,publib.boulder.ibm.com
2013-11-21 11:16:22,publib.boulder.ibm.com
2013-11-21 11:16:23,publib.boulder.ibm.com
2013-11-21 11:16:44,www.google.com
2013-11-21 11:16:45,publib.boulder.ibm.com
2013-11-21 11:16:46,publib.boulder.ibm.com
2013-11-21 11:16:47,publib.boulder.ibm.com
2013-11-21 11:16:48,publib.boulder.ibm.com
2013-11-21 11:16:59,clients1.google.com
2013-11-21 11:17:02,clients1.google.com
2013-11-21 11:17:07,www.google.com
2013-11-21 11:17:07,clients1.google.com
2013-11-21 11:17:14,books.google.com
2013-11-21 11:17:14,books.google.fr
2013-11-21 11:17:15,books.google.fr
2013-11-21 11:17:16,books.google.fr
2013-11-21 11:17:16,www.google.com
2013-11-21 11:17:16,bks5.books.google.fr
2013-11-21 11:17:17,books.google.fr
2013-11-21 11:17:18,books.google.fr
2013-11-21 11:17:19,books.google.fr
2013-11-21 11:17:20,books.google.fr
2013-11-21 11:17:29,moodle.insa-rouen.fr
2013-11-21 11:17:29,www.google.com
2013-11-21 11:17:29,ocsp.tcs.terena.org
2013-11-21 11:17:29,ocsp.usertrust.com
2013-11-21 11:17:29,ocsp.comodoca.com
2013-11-21 11:17:30,moodle.insa-rouen.fr
2013-11-21 11:21:20,apis.google.com
2013-11-21 11:21:21,apis.google.com
2013-11-21 11:29:54,clients1.google.com
2013-11-21 11:29:55,clients1.google.com
2013-11-21 11:29:56,clients1.google.com
2013-11-21 11:29:57,clients1.google.com
2013-11-21 11:29:58,clients1.google.com
2013-11-21 11:29:59,clients1.google.com
2013-11-21 11:30:00,clients1.google.com
2013-11-21 11:30:01,clients1.google.com
2013-11-21 11:30:05,clients1.google.com
2013-11-21 11:30:06,clients1.google.com
2013-11-21 11:30:07,clients1.google.com
2013-11-21 11:30:08,clients1.google.com
2013-11-21 11:30:12,clients1.google.com
2013-11-21 11:30:21,clients1.google.com
2013-11-21 11:30:21,www.google.com
2013-11-21 11:30:29,www.google.com
2013-11-21 11:30:29,www.emse.fr
2013-11-21 11:30:30,www.emse.fr
2013-11-21 11:37:33,www.emse.fr
2013-11-21 11:39:16,www.emse.fr
2013-11-21 11:39:22,www.emse.fr
2013-11-21 11:40:55,www.google.fr
2013-11-21 11:40:55,www.google.com
2013-11-21 11:40:55,clients1.google.fr
2013-11-21 11:40:57,clients1.google.fr
2013-11-21 11:40:58,clients1.google.fr
2013-11-21 11:40:59,clients1.google.fr
2013-11-21 11:41:03,clients1.google.fr
2013-11-21 11:41:15,clients1.google.fr
2013-11-21 11:41:16,clients1.google.fr
2013-11-21 11:47:25,clients1.google.fr
2013-11-21 11:47:28,clients1.google.fr
2013-11-21 11:47:30,clients1.google.fr
2013-11-21 11:47:31,clients1.google.fr
2013-11-21 11:47:32,clients1.google.fr
2013-11-21 11:47:33,clients1.google.fr
2013-11-21 11:47:34,clients1.google.fr
2013-11-21 11:47:36,clients1.google.fr
2013-11-21 11:47:37,clients1.google.fr
2013-11-21 11:47:42,www.google.fr
2013-11-21 11:47:42,clients1.google.fr
2013-11-21 11:48:29,www.google.fr
2013-11-21 11:48:30,shtroumbiniouf.free.fr
2013-11-21 11:48:33,shtroumbiniouf.free.fr
2013-11-21 11:52:02,feeds.bbci.co.uk
2013-11-21 11:52:02,newsrss.bbc.co.uk
2013-11-21 11:52:02,fxfeeds.mozilla.com
2013-11-21 11:54:39,clients1.google.fr
2013-11-21 11:54:39,www.google.com
2013-11-21 11:54:39,www.google.fr
2013-11-21 11:54:53,clients1.google.fr
2013-11-21 11:55:06,clients1.google.fr
2013-11-21 11:55:07,clients1.google.fr
2013-11-21 11:55:09,clients1.google.fr
2013-11-21 11:55:13,clients1.google.fr
2013-11-21 11:55:14,clients1.google.fr
2013-11-21 11:55:14,www.google.fr
2013-11-21 11:55:28,www.google.fr
2013-11-21 11:55:29,msdn.microsoft.com
2013-11-21 11:55:30,i3.msdn.microsoft.com
2013-11-21 11:55:30,i.msdn.microsoft.com
2013-11-21 11:55:31,msdn.microsoft.com
2013-11-21 11:55:31,js.microsoft.com
2013-11-21 11:55:31,i4.services.social.microsoft.com
2013-11-21 11:55:31,i2.msdn.microsoft.com
2013-11-21 11:55:32,msdn.microsoft.com
2013-11-21 11:55:32,i2.msdn.microsoft.com
2013-11-21 11:55:32,c1.microsoft.com
2013-11-21 11:55:33,c1.microsoft.com
2013-11-21 11:55:35,msdn.microsoft.com
2013-11-21 11:56:07,clients1.google.fr
2013-11-21 11:56:08,www.google.fr
2013-11-21 11:56:08,clients1.google.fr
2013-11-21 11:56:30,www.softlab.ntua.gr
2013-11-21 11:56:30,www.google.fr
2013-11-21 11:59:04,www.google.fr
2013-11-21 11:59:04,clients1.google.fr
2013-11-22 09:18:42,go.microsoft.com
2013-11-22 09:18:42,windows.microsoft.com
2013-11-22 09:18:42,res1.windows.microsoft.com
2013-11-22 09:18:42,res2.windows.microsoft.com
2013-11-22 09:18:42,ajax.microsoft.com
2013-11-22 09:18:42,js.microsoft.com
2013-11-22 09:18:44,res2.windows.microsoft.com
2013-11-22 09:18:45,res2.windows.microsoft.com
2013-11-22 09:18:45,res1.windows.microsoft.com
2013-11-22 09:18:46,windows.microsoft.com
2013-11-22 09:18:47,js.microsoft.com
2013-11-22 09:18:47,res1.windows.microsoft.com
2013-11-22 09:19:55,ieonline.microsoft.com
2013-11-22 09:21:33,go.microsoft.com
2013-11-22 09:21:34,www.iegallery.com
2013-11-22 09:21:34,www.service-public.fr
2013-11-25 08:12:45,www.google.fr
2013-11-25 08:12:45,google.fr
2013-11-25 08:12:45,clients1.google.fr
2013-11-25 08:12:48,www.google.fr
2013-11-25 08:13:01,clients1.google.fr
2013-11-25 08:13:05,www.google.fr
2013-11-25 08:13:05,clients1.google.fr
2013-11-25 08:13:15,www.google.fr
2013-11-25 08:13:15,clients1.google.com
2013-11-25 08:13:16,gtglobal-ocsp.geotrust.com
2013-11-25 08:13:16,ocsp.tcs.terena.org
2013-11-25 08:13:16,ocsp.usertrust.com
2013-11-25 08:13:16,ocsp.comodoca.com
2013-11-25 08:13:23,clients1.google.com
2013-11-25 08:13:24,safebrowsing.clients.google.com
2013-11-25 08:13:24,safebrowsing-cache.google.com
2013-11-25 08:13:25,safebrowsing-cache.google.com
2013-11-25 08:13:26,safebrowsing-cache.google.com
2013-11-25 08:13:27,safebrowsing-cache.google.com
2013-11-25 08:13:28,safebrowsing-cache.google.com
2013-11-25 08:13:29,safebrowsing-cache.google.com
2013-11-25 08:14:29,safebrowsing-cache.google.com
2013-11-25 08:14:30,safebrowsing-cache.google.com
2013-11-25 08:17:23,sb-ssl.google.com
2013-11-25 08:26:45,fxfeeds.mozilla.com
2013-11-25 08:26:45,feeds.bbci.co.uk
2013-11-25 08:26:45,newsrss.bbc.co.uk
2013-11-25 10:50:45,go.microsoft.com
2013-11-25 10:50:45,www.iegallery.com
2013-11-25 10:50:46,www.iegallery.com
2013-11-25 10:50:47,www.iegallery.com
2013-11-25 10:50:48,www.iegallery.com
2013-11-25 10:50:56,www.iegallery.com
2013-11-25 10:51:58,ieonline.microsoft.com
2013-11-25 15:56:18,www.google.com
2013-11-25 15:56:18,www.google.fr
2013-11-25 15:56:18,clients1.google.fr
2013-11-25 15:56:21,clients1.google.com
2013-11-25 15:56:21,www.google.com
2013-11-25 15:56:21,www.google.fr
2013-11-25 15:56:22,clients1.google.com
2013-11-25 15:56:22,gtglobal-ocsp.geotrust.com
2013-11-25 15:56:29,clients1.google.com
2013-11-25 15:56:31,mail.google.com
2013-11-25 16:00:29,accounts.google.fr
2013-11-25 16:00:29,accounts.google.co.ma
2013-11-25 16:00:29,accounts.google.com
2013-11-25 16:00:53,mail.google.com
2013-11-25 16:02:55,sb-ssl.google.com
2013-11-25 16:05:50,ocsp.digicert.com
2013-11-25 16:05:51,ocsp.digicert.com
2013-11-25 16:09:12,www.google.fr
2013-11-25 16:09:12,www.google.co.ma
2013-11-25 16:09:14,www.google.co.ma
2013-11-25 16:09:15,www.squid-cache.org
2013-11-25 16:09:20,www.google.com
2013-11-25 16:09:20,clients1.google.fr
2013-11-25 16:09:20,www.google.fr
2013-11-25 16:09:22,clients1.google.fr
2013-11-25 16:09:25,www.google.fr
2013-11-25 16:09:26,clients1.google.fr
2013-11-25 16:09:26,www.google.fr
2013-11-25 16:09:27,www.google.fr
2013-11-25 16:09:30,ocsp.tcs.terena.org
2013-11-25 16:09:33,ocsp.comodoca.com
2013-11-25 16:09:33,ocsp.usertrust.com
2013-11-25 16:13:12,accounts.google.com
2013-11-25 16:13:12,accounts.google.co.ma
2013-11-25 16:13:12,accounts.google.fr
2013-11-25 16:13:13,mail.google.com
2013-12-17 15:08:54,ieonline.microsoft.com
2014-01-04 13:54:41,ocsp.thawte.com
2014-01-04 13:54:53,ocsp.usertrust.com
2014-01-04 13:54:53,ocsp.tcs.terena.org
2014-01-04 13:56:52,clients1.google.com
2014-01-04 13:56:55,clients1.google.com
2014-01-04 13:56:55,gtglobal-ocsp.geotrust.com
2014-01-04 13:57:01,www.google.fr
2014-01-04 13:57:02,fr.openclassrooms.com
2014-01-04 13:57:03,fr.openclassrooms.com
2014-01-04 13:57:03,www.google.com
2014-01-04 13:57:03,doug1izaerwt3.cloudfront.net
2014-01-04 13:57:03,www.google.fr
2014-01-04 13:57:04,www.google.com
2014-01-04 13:57:04,fr.openclassrooms.com
2014-01-04 13:57:05,fr.openclassrooms.com
2014-01-04 13:57:06,fr.openclassrooms.com
2014-01-04 13:57:06,clients1.google.com
2014-01-04 13:57:07,clients1.google.com
2014-01-04 13:57:07,dnn506yrbagrg.cloudfront.net
2014-01-04 13:57:07,www.google.com
2014-01-04 13:57:07,doug1izaerwt3.cloudfront.net
2014-01-04 13:57:09,fr.openclassrooms.com
2014-01-04 13:57:10,ad.publicidees.com
2014-01-04 13:57:10,dnn506yrbagrg.cloudfront.net
2014-01-04 13:57:11,www.facebook.com
2014-01-04 13:57:12,ocsp.verisign.com
2014-01-04 13:57:13,ce.lijit.com
2014-01-04 13:57:15,ocsp.verisign.com
2014-01-04 13:57:15,fr.openclassrooms.com
2014-01-04 13:57:16,ocsp.verisign.com
2014-01-04 13:57:16,dps.bing.com
2014-01-04 13:57:17,cm.adgrx.com
2014-01-04 13:57:17,um.simpli.fi
2014-01-04 13:57:18,adventori.com
2014-01-04 13:57:18,ocsp.comodoca.com
2014-01-04 13:57:18,clients1.google.com
2014-01-04 13:57:34,pixel2368.everesttech.net
2014-01-04 13:57:45,safebrowsing.clients.google.com
2014-01-04 13:57:45,safebrowsing-cache.google.com
2014-01-04 13:57:46,safebrowsing-cache.google.com
2014-01-04 13:59:23,fr.openclassrooms.com
2014-01-04 13:59:25,doug1izaerwt3.cloudfront.net
2014-01-04 13:59:25,fr.openclassrooms.com
2014-01-04 13:59:25,www.google.com
2014-01-04 13:59:26,fr.openclassrooms.com
2014-01-04 13:59:28,www.google.com
2014-01-04 13:59:28,ocsp.verisign.com
2014-01-04 13:59:30,ocsp.godaddy.com
2014-01-04 13:59:33,um.simpli.fi
2014-01-04 13:59:33,apnx-match.dotomi.com
2014-01-04 13:59:33,c1.adform.net
2014-01-04 13:59:51,fr.openclassrooms.com
2014-01-04 13:59:52,www.google.com
2014-01-04 13:59:52,apis.google.com
2014-01-04 13:59:53,doug1izaerwt3.cloudfront.net
2014-01-04 13:59:53,www.google.com
2014-01-04 13:59:53,www.google.fr
2014-01-04 13:59:54,www.google.com
2014-01-04 14:00:00,www.facebook.com
2014-01-04 14:00:00,admaym.com
2014-01-04 14:00:00,ce.lijit.com
2014-01-04 14:00:01,y.one.impact-ad.jp
2014-01-04 14:00:01,s.kau.li
2014-01-04 14:00:01,cs.specificclick.net
2014-01-04 14:00:01,gtssl-ocsp.geotrust.com
2014-01-04 14:00:03,www.google.com
2014-01-04 14:00:03,um.simpli.fi
2014-01-04 14:00:13,www.facebook.com
2014-01-04 14:02:04,ocsp.verisign.com
2014-01-04 14:02:49,www.googleapis.com
2014-01-04 14:04:03,ocsp.digicert.com
2014-01-04 14:04:04,ocsp.digicert.com
2014-01-04 14:07:50,fr.openclassrooms.com
2014-01-04 14:07:52,www.google.com
2014-01-04 14:07:52,doug1izaerwt3.cloudfront.net
2014-01-04 14:07:52,dnn506yrbagrg.cloudfront.net
2014-01-04 14:07:53,www.facebook.com
2014-01-04 14:08:05,fr.openclassrooms.com
2014-01-04 14:08:06,www.google.com
2014-01-04 14:08:06,doug1izaerwt3.cloudfront.net
2014-01-04 14:08:06,dnn506yrbagrg.cloudfront.net
2014-01-04 14:08:07,www.google.com
2014-01-04 14:08:08,fr.openclassrooms.com
2014-01-04 14:08:12,cs.specificclick.net
2014-01-04 14:08:17,fr.openclassrooms.com
2014-01-04 14:08:19,www.google.com
2014-01-04 14:08:19,doug1izaerwt3.cloudfront.net
2014-01-04 14:08:20,www.google.com
2014-01-04 14:11:15,www.googleapis.com
2014-01-04 14:13:43,fr.openclassrooms.com
2014-01-04 14:13:44,www.google.com
2014-01-04 14:13:44,doug1izaerwt3.cloudfront.net
2014-01-04 14:13:45,fr.openclassrooms.com
2014-01-04 14:13:46,fr.openclassrooms.com
2014-01-04 14:13:46,www.google.com
2014-01-04 14:13:49,um.simpli.fi
2014-01-04 14:13:49,c1.adform.net
2014-01-04 14:13:49,pr.ybp.yahoo.com
2014-01-04 14:13:51,i1-js-14-3-01-10077-495541308-i.init.cedexis-radar.net
2014-01-04 14:13:52,i1-js-14-3-01-10077-584820841-i.init.cedexis-radar.net
2014-01-04 14:13:53,probe.cedexis.org
2014-01-04 14:13:54,probe.cedexis.org
2014-01-04 14:13:54,aspserveur.bench.cedexis.com
2014-01-04 14:13:55,aspserveur.bench.cedexis.com
2014-01-04 14:13:55,bitgravity.cedexis.com
2014-01-04 14:13:56,bitgravity.cedexis.com
2014-01-04 14:13:57,fastly.bench.cedexis.com.global.prod.fastly.net
2014-01-04 14:13:57,fastly.bench.cedexis.com
2014-01-04 14:13:58,fastly.bench.cedexis.com
2014-01-04 14:13:59,netdna.cedexis.com
2014-01-04 14:14:00,netdna.cedexis.com
2014-01-04 14:14:06,ecvideo.aufeminin.com
2014-01-04 14:14:07,ecvideo.aufeminin.com
2014-01-04 14:16:42,www.googleapis.com
2014-01-04 14:27:50,www.squid-cache.org
2014-01-04 14:28:33,se.ethz.ch
2014-01-04 14:28:33,www.google.fr
2014-01-04 14:28:33,se.inf.ethz.ch
2014-01-04 14:29:43,safebrowsing.clients.google.com
2014-01-04 14:29:43,safebrowsing-cache.google.com
2014-01-04 14:29:44,safebrowsing-cache.google.com
2014-01-04 14:29:45,www.google.fr
2014-01-04 14:29:46,www.infres.enst.fr
2014-01-04 14:29:47,www.infres.enst.fr
2014-01-04 14:31:38,www.google.fr
2014-01-04 14:58:15,safebrowsing.clients.google.com
2014-01-04 14:58:15,safebrowsing-cache.google.com
2014-01-04 14:58:16,safebrowsing-cache.google.com
2014-01-04 15:10:32,gtglobal-ocsp.geotrust.com
2014-01-04 15:10:32,clients1.google.com
2014-01-04 15:10:36,clients1.google.com
2014-01-04 15:10:43,clients1.google.com
2014-01-04 15:10:48,www.google.fr
2014-01-04 15:10:50,www.info-jeunes.net
2014-01-04 15:10:50,ajax.googleapis.com
2014-01-04 15:10:51,platform.twitter.com
2014-01-04 15:10:51,www.info-jeunes.net
2014-01-04 15:10:52,www.info-jeunes.net
2014-01-04 15:10:52,platform.twitter.com
2014-01-04 15:10:52,www.facebook.com
2014-01-04 15:10:53,www.info-jeunes.net
2014-01-04 15:10:53,evsecure-ocsp.verisign.com
2014-01-04 15:11:11,www.info-jeunes.net
2014-01-04 15:11:12,www.info-jeunes.net
2014-01-04 15:11:14,www.info-jeunes.net
2014-01-04 15:11:17,www.info-jeunes.net
2014-01-04 15:11:17,www.facebook.com
2014-01-04 15:11:38,twitter.com
2014-01-04 15:12:42,www.info-jeunes.net
2014-01-04 15:12:43,www.info-jeunes.net
2014-01-04 15:12:44,www.info-jeunes.net
2014-01-04 15:12:45,www.info-jeunes.net
2014-01-04 15:12:46,www.info-jeunes.net
2014-01-04 15:12:47,www.info-jeunes.net
2014-01-04 15:12:47,www.facebook.com
2014-01-04 15:13:15,www.info-jeunes.net
2014-01-04 15:13:16,www.info-jeunes.net
2014-01-04 15:13:17,www.info-jeunes.net
2014-01-04 15:13:18,twitter.com
2014-01-04 15:13:18,www.info-jeunes.net
2014-01-04 15:13:19,www.info-jeunes.net
2014-01-04 15:13:20,www.info-jeunes.net
2014-01-04 15:13:21,www.info-jeunes.net
2014-01-04 15:13:23,www.info-jeunes.net
2014-01-04 15:13:25,www.facebook.com
2014-01-04 15:13:25,www.info-jeunes.net
2014-01-04 15:13:41,www.google.fr
2014-01-04 15:13:57,twitter.com
2014-01-04 15:15:04,maps.google.fr
2014-01-04 15:15:07,clients1.google.com
2014-01-04 15:16:24,www.info-jeunes.net
2014-01-04 15:16:25,www.info-jeunes.net
2014-01-04 15:16:26,www.info-jeunes.net
2014-01-04 15:16:27,www.info-jeunes.net
2014-01-04 15:16:28,www.info-jeunes.net
2014-01-04 15:17:51,www.google.com
2014-01-04 15:17:53,www.google.fr
2014-01-04 15:18:02,maps-api-ssl.google.com
2014-01-04 15:18:28,mts1.google.com
2014-01-04 15:18:29,www.info-jeunes.net
2014-01-04 15:18:30,www.info-jeunes.net
2014-01-04 15:18:36,mts0.google.com
2014-01-04 15:18:39,maps.google.fr
2014-01-04 15:18:39,cbks0.google.com
2014-01-04 15:29:11,safebrowsing.clients.google.com
2014-01-04 15:29:11,safebrowsing-cache.google.com
2014-01-04 15:29:12,safebrowsing-cache.google.com
2014-01-27 08:14:25,www.bing.com
2014-01-27 08:15:01,ieonline.microsoft.com
2014-01-27 08:15:08,www.bing.com
2014-01-27 08:15:55,ieonline.microsoft.com
2014-01-27 08:19:09,javadl-esd.sun.com
2014-01-28 13:59:31,dl.javafx.com
2014-01-28 19:52:11,javadl-esd-secure.oracle.com
2014-01-29 14:25:26,go.microsoft.com
2014-01-29 14:25:26,www.iegallery.com
2014-01-29 14:25:27,www.iegallery.com
2014-01-29 14:25:28,www.iegallery.com
2014-01-29 14:25:29,www.iegallery.com
2014-01-29 14:26:40,ieonline.microsoft.com
2014-02-18 10:22:14,www.iegallery.com
2014-02-18 10:22:14,go.microsoft.com
2014-02-18 10:22:15,www.iegallery.com
2014-02-18 10:23:05,ieonline.microsoft.com
2014-02-20 13:52:53,www.bing.com
2014-02-20 13:53:40,ieonline.microsoft.com
2014-02-26 10:04:37,ieonline.microsoft.com
2014-02-28 08:34:36,ieonline.microsoft.com
2014-02-28 08:35:37,ieonline.microsoft.com
2014-02-28 08:38:55,javadl-esd.sun.com
2014-03-19 10:11:31,ieonline.microsoft.com
2014-03-25 14:03:09,clients1.google.com
2014-03-25 14:03:09,gtglobal-ocsp.geotrust.com
2014-03-25 14:03:09,ocsp.thawte.com
2014-03-25 14:03:22,safebrowsing-cache.google.com
2014-03-25 14:03:22,safebrowsing.clients.google.com
2014-03-25 14:03:22,clients1.google.com
2014-03-25 14:03:32,clients1.google.com
2014-03-25 14:03:35,platform.twitter.com
2014-03-25 14:03:35,0.gravatar.com
2014-03-25 14:03:35,1.gravatar.com
2014-03-25 14:03:35,www.google.fr
2014-03-25 14:03:35,www.tux-planet.fr
2014-03-25 14:03:36,i2.wp.com
2014-03-25 14:03:36,www.tux-planet.fr
2014-03-25 14:03:37,www.tux-planet.fr
2014-03-25 14:03:38,platform.twitter.com
2014-03-25 14:03:38,clients1.google.com
2014-03-25 14:03:38,www.tux-planet.fr
2014-03-25 14:03:38,www.google.com
2014-03-25 14:03:39,www.google.com
2014-03-25 14:03:39,hal9000.redintelligence.net
2014-03-25 14:03:39,clients1.google.com
2014-03-25 14:03:39,evsecure-ocsp.verisign.com
2014-03-25 14:03:40,hal9000.redintelligence.net
2014-03-25 14:03:40,n35.hal9000.redintelligence.net
2014-03-25 14:03:40,ad.publicidees.com
2014-03-25 14:03:40,ocsp.comodoca.com
2014-03-25 14:03:40,ocsp.usertrust.com
2014-03-25 14:03:40,www.kdukvh.com
2014-03-25 14:04:09,twitter.com
2014-03-25 14:05:37,www.squid-cache.org
2014-03-25 14:06:05,sb-ssl.google.com
2014-03-25 14:06:06,www.google.fr
2014-03-25 14:06:12,www.google.com
2014-03-25 14:06:12,ajax.googleapis.com
2014-03-25 14:06:12,www.developpez.net
2014-03-25 14:06:13,www.developpez.net
2014-03-25 14:06:13,ajax.googleapis.com
2014-03-25 14:06:13,www.google.com
2014-03-25 14:06:14,www.developpez.net
2014-03-25 14:06:15,www.developpez.net
2014-03-25 14:06:15,sync.uuidcshmg.com
2014-03-25 14:06:15,www.facebook.com
2014-03-25 14:06:18,www.google.com
2014-03-25 14:06:33,apis.google.com
2014-03-25 14:06:34,accounts.google.com
2014-03-25 14:08:52,www.google.fr
2014-03-25 14:09:36,www.google.fr
2014-03-25 14:09:37,linux.about.com
2014-03-25 14:09:37,static.nrelate.com
2014-03-25 14:09:37,0.tqn.com
2014-03-25 14:09:37,z.about.com
2014-03-25 14:09:39,0.tqn.com
2014-03-25 14:09:39,linux.about.com
2014-03-25 14:09:40,0.tqn.com
2014-03-25 14:09:40,z.about.com
2014-03-25 14:09:40,www.google.fr
2014-03-25 14:09:41,0.tqn.com
2014-03-25 14:10:59,ocsp.verisign.com
2014-03-25 14:11:36,platform.twitter.com
2014-03-25 14:12:28,www.google.com
2014-03-25 14:12:30,www.google.fr
2014-03-25 14:12:59,ocsp.digicert.com
2014-03-25 14:14:14,www.google.fr
2014-03-25 14:14:15,www.cyberciti.biz
2014-03-25 14:14:15,s0.cyberciti.org
2014-03-25 14:14:15,figs.cyberciti.biz
2014-03-25 14:14:16,www.facebook.com
2014-03-25 14:14:16,platform.twitter.com
2014-03-25 14:14:16,www.cyberciti.biz
2014-03-25 14:14:17,gtssl-ocsp.geotrust.com
2014-03-25 14:14:17,platform.twitter.com
2014-03-25 14:14:49,ocsp.digicert.com
2014-03-25 14:14:51,twitter.com
2014-03-25 14:15:19,syndication.twitter.com
2014-03-25 14:16:16,pbs.twimg.com
2014-03-25 14:16:17,platform.twitter.com
2014-03-25 14:16:42,www.google.com
2014-03-25 14:16:49,syndication.twitter.com
2014-03-25 14:16:57,www.google.fr
2014-03-25 14:17:12,accounts.google.com
2014-03-25 14:17:13,apis.google.com
2014-03-25 14:18:19,syndication.twitter.com
2014-03-25 14:19:49,syndication.twitter.com
2014-03-25 14:21:19,syndication.twitter.com
2014-03-25 14:22:03,www.tuteurs.ens.fr
2014-03-25 14:22:03,www.google.fr
2014-03-25 14:22:04,www.tuteurs.ens.fr
2014-03-25 14:22:25,www.google.fr
2014-03-25 14:22:26,bits.wikimedia.org
2014-03-25 14:22:26,fr.wikipedia.org
2014-03-25 14:22:27,login.wikimedia.org
2014-03-25 14:22:27,fr.wikipedia.org
2014-03-25 14:22:27,bits.wikimedia.org
2014-03-25 14:22:27,meta.wikimedia.org
2014-03-25 14:22:28,meta.wikimedia.org
2014-03-25 14:22:49,syndication.twitter.com
2014-03-25 14:24:08,www.google.com
2014-03-25 14:24:19,syndication.twitter.com
2014-03-25 14:24:35,www.google.fr
2014-03-25 14:25:49,syndication.twitter.com
2014-03-25 14:27:19,syndication.twitter.com
2014-03-25 14:27:46,www.google.com
2014-03-25 14:28:29,www.google.fr
2014-03-25 14:28:49,syndication.twitter.com
2014-03-25 14:30:03,hotmail.fr
2014-03-25 14:30:04,evintl-ocsp.verisign.com
2014-03-25 14:30:04,evsecure-ocsp.verisign.com
2014-03-25 14:30:04,login.live.com
2014-03-25 14:30:06,login.live.com
2014-03-25 14:30:06,ocsp.digicert.com
2014-03-25 14:30:07,ocsp.entrust.net
2014-03-25 14:30:07,ocsp.digicert.com
2014-03-25 14:30:17,windowslive.tt.omtrdc.net
2014-03-25 14:30:19,syndication.twitter.com
2014-03-25 14:30:26,login.live.com
2014-03-25 14:30:27,login.live.com
2014-03-25 14:30:28,evintl-ocsp.verisign.com
2014-03-25 14:30:35,ocsp.verisign.com
2014-03-25 14:31:29,mail.live.com
2014-03-25 14:31:34,cid-d05502385e08ba91.users.storage.live.com
2014-03-25 14:31:35,h.live.com
2014-03-25 14:31:38,people.directory.live.com
2014-03-25 14:31:41,dub118.mail.live.com
2014-03-25 14:31:42,storage.live.com
2014-03-25 14:31:45,dm2301files.storage.live.com
2014-03-25 14:31:49,syndication.twitter.com
2014-03-25 14:32:14,js.live.net
2014-03-25 14:32:38,secure.shared.live.com
2014-03-25 14:32:51,h.live.com
2014-03-25 14:32:54,h.live.com
2014-03-25 14:32:57,dub118.mail.live.com
2014-03-25 14:33:19,syndication.twitter.com
2014-03-25 14:33:50,safebrowsing-cache.google.com
2014-03-25 14:33:50,safebrowsing.clients.google.com
2014-03-25 14:34:15,dub118.mail.live.com
2014-03-25 14:34:16,dub118.mail.live.com
2014-03-25 14:34:17,h.live.com
2014-03-25 14:34:49,syndication.twitter.com
2014-03-25 14:36:01,www.google.fr
2014-03-25 14:36:02,gcc.gnu.org
2014-03-25 14:36:20,syndication.twitter.com
2014-03-25 14:36:42,people.directory.live.com
2014-03-25 14:36:43,www.google.fr
2014-03-25 14:36:43,community.linuxmint.com
2014-03-25 14:37:03,dub118.mail.live.com
2014-03-25 14:37:50,syndication.twitter.com
2014-03-25 14:39:20,syndication.twitter.com
2014-03-25 14:39:31,www.google.fr
2014-03-25 14:39:42,h.live.com
2014-03-25 14:39:43,dub118.mail.live.com
2014-03-25 14:39:46,dub118.mail.live.com
2014-03-25 14:40:50,syndication.twitter.com
2014-03-25 14:41:45,proxy-bay-people.directory.live.com
2014-03-25 14:42:20,syndication.twitter.com
2014-03-25 14:43:50,syndication.twitter.com
2014-03-25 14:43:53,www.infres.enst.fr
2014-03-25 14:43:53,www.google.fr
2014-03-25 14:43:54,www.infres.enst.fr
2014-03-25 14:45:20,syndication.twitter.com
2014-03-25 14:46:33,www.google.fr
2014-03-25 14:46:50,syndication.twitter.com
2014-03-25 14:48:20,syndication.twitter.com
2014-03-25 14:49:50,syndication.twitter.com
2014-03-25 14:51:20,syndication.twitter.com
2014-03-25 14:52:50,syndication.twitter.com
2014-03-25 14:52:53,g.msn.com
2014-03-25 14:53:15,proxy-bay-people.directory.live.com
2014-03-25 14:53:26,h.live.com
2014-03-25 14:53:29,dub118.mail.live.com
2014-03-25 14:54:20,syndication.twitter.com
2014-03-25 14:54:20,h2.msn.com
2014-03-25 14:54:32,dub118.mail.live.com
2014-03-25 14:54:36,h.live.com
2014-03-25 14:55:49,www.google.fr
2014-03-25 14:55:49,www-igm.univ-mlv.fr
2014-03-25 14:55:49,perso0.free.fr
2014-03-25 14:55:49,igm.u-pem.fr
2014-03-25 14:55:50,syndication.twitter.com
2014-03-25 14:57:20,syndication.twitter.com
2014-03-25 14:58:16,proxy-bay-people.directory.live.com
2014-03-25 14:58:37,www.google.fr
2014-03-25 14:58:50,syndication.twitter.com
2014-03-25 15:00:20,syndication.twitter.com
2014-03-25 15:01:12,www.google.fr
2014-03-25 15:01:12,perso0.free.fr
2014-03-25 15:01:50,syndication.twitter.com
2014-03-25 15:01:53,dub118.mail.live.com
2014-03-25 15:01:53,h.live.com
2014-03-25 15:03:18,proxy-bay-people.directory.live.com
2014-03-25 15:03:20,syndication.twitter.com
2014-03-25 15:04:05,www.google.fr
2014-03-25 15:04:43,safebrowsing.clients.google.com
2014-03-25 15:04:43,safebrowsing-cache.google.com
2014-03-25 15:04:44,safebrowsing-cache.google.com
2014-03-25 15:04:50,syndication.twitter.com
2014-03-25 15:06:20,syndication.twitter.com
2014-03-25 15:07:50,syndication.twitter.com
2014-03-25 15:08:36,www.google.fr
2014-03-25 15:08:36,www.cplusplus.com
2014-03-25 15:08:37,www.cplusplus.com
2014-03-25 15:08:40,www.cplusplus.com
2014-03-25 15:09:21,syndication.twitter.com
2014-03-25 15:10:51,syndication.twitter.com
2014-03-25 15:11:59,www.google.fr
2014-03-25 15:12:07,www.fsr.ac.ma
2014-03-25 15:12:08,www.fsr.ac.ma
2014-03-25 15:12:09,www.fsr.ac.ma
2014-03-25 15:12:10,www.fsr.ac.ma
2014-03-25 15:12:18,www.fsr.ac.ma
2014-03-25 15:12:19,www.fsr.ac.ma
2014-03-25 15:12:21,syndication.twitter.com
2014-03-25 15:12:21,www.fsr.ac.ma
2014-03-25 15:12:22,www.fsr.ac.ma
2014-03-25 15:13:51,syndication.twitter.com
2014-03-25 15:15:21,syndication.twitter.com
2014-03-25 15:16:51,syndication.twitter.com
2014-03-25 15:18:21,syndication.twitter.com
2014-03-25 15:19:51,syndication.twitter.com
2014-03-25 15:21:21,syndication.twitter.com
2014-03-25 15:22:51,syndication.twitter.com
2014-03-25 15:24:21,syndication.twitter.com
2014-03-25 15:25:51,syndication.twitter.com
2014-03-25 15:27:21,syndication.twitter.com
2014-03-25 15:28:51,syndication.twitter.com
2014-03-25 15:30:21,syndication.twitter.com
2014-03-25 15:31:51,syndication.twitter.com
2014-03-25 15:32:32,evsecure-ocsp.verisign.com
2014-03-25 15:32:34,ocsp.verisign.com
2014-03-25 15:32:42,dub118.mail.live.com
2014-03-25 15:32:42,proxy-bay-people.directory.live.com
2014-03-25 15:32:42,h.live.com
2014-03-25 15:32:42,cid-d05502385e08ba91.users.storage.live.com
2014-04-02 14:22:22,ieonline.microsoft.com
2014-04-02 14:22:38,javadl-esd-secure.oracle.com
2014-04-14 20:48:47,ocsp.thawte.com
2014-04-14 20:49:03,www.squid-cache.org
2014-04-14 20:49:37,hotmail.fr
2014-04-14 20:49:38,login.live.com
2014-04-14 20:49:38,evsecure-ocsp.verisign.com
2014-04-14 20:49:38,evintl-ocsp.verisign.com
2014-04-14 20:49:39,ocsp.digicert.com
2014-04-14 20:49:39,login.live.com
2014-04-14 20:49:40,ocsp.digicert.com
2014-04-14 20:49:50,windowslive.tt.omtrdc.net
2014-04-14 20:49:54,login.live.com
2014-04-14 20:49:55,evintl-ocsp.verisign.com
2014-04-14 20:49:59,ocsp.verisign.com
2014-04-14 20:50:00,dub118.mail.live.com
2014-04-14 20:50:56,mail.live.com
2014-04-14 20:51:01,people.directory.live.com
2014-04-14 20:51:01,h.bing.com
2014-04-14 20:51:03,storage.live.com
2014-04-14 20:51:05,dub118.mail.live.com
2014-04-14 20:51:06,dub118.mail.live.com
2014-04-14 20:51:06,proxy-bay-people.directory.live.com
2014-04-14 20:51:12,dm2301files.storage.live.com
2014-04-14 20:51:23,g.msn.com
2014-04-14 20:51:54,dub118.mail.live.com
2014-04-14 20:51:55,cid-d05502385e08ba91.users.storage.live.com
2014-04-14 20:51:55,dub118.mail.live.com
2014-04-14 20:51:59,secure.shared.live.com
2014-04-14 20:52:02,js.live.net
2014-04-14 20:52:08,h.live.com
2014-04-14 20:52:13,dub118.mail.live.com
2014-04-14 20:52:45,h2.msn.com
2014-04-14 20:52:49,p.sfx.ms
2014-04-14 20:53:05,safebrowsing-cache.google.com
2014-04-14 20:53:05,safebrowsing.clients.google.com
2014-04-14 20:53:06,safebrowsing-cache.google.com
2014-04-14 20:56:04,proxy-bay-people.directory.live.com
2014-04-14 20:56:07,dub118.mail.live.com
2014-04-14 20:56:36,ocsp.verisign.com
2014-04-14 20:57:10,h.live.com
2014-04-14 20:57:13,dub118.afx.ms
2014-04-14 20:57:14,dub118.mail.live.com
2014-04-14 20:58:36,ocsp.digicert.com
2014-04-14 20:58:37,ocsp.digicert.com
2014-04-16 08:38:12,sqm.telemetry.microsoft.com
2014-04-16 08:38:13,sqm.telemetry.microsoft.com
2014-04-16 08:39:35,api.bing.com
2014-04-16 08:39:36,api.bing.com
2014-04-16 08:39:37,api.bing.com
2014-04-16 08:39:37,www.bing.com
2014-04-16 08:39:38,www.bing.com
2014-04-16 08:39:39,cms.abmr.net
2014-04-16 08:39:39,www.bing.com
2014-04-16 08:40:12,us-request.foxitservice.com
2014-04-16 08:40:30,ieonline.microsoft.com
2014-04-22 08:58:15,armmf.adobe.com
2014-04-22 08:58:43,armmf.adobe.com
2014-04-22 09:00:22,ieonline.microsoft.com
2014-04-23 08:09:23,www.univ-bpclermont.fr
2014-04-23 08:09:24,www.univ-bpclermont.fr
2014-04-23 08:09:49,www.univ-bpclermont.fr
2014-04-23 08:10:44,ieonline.microsoft.com
2014-04-23 08:43:55,www.univ-bpclermont.fr
