timestamp,site
2014-01-02 08:14:23,www.bing.com
2014-01-02 08:14:24,www.bing.com
2014-01-02 08:14:24,792817.r.msn.com
2014-01-02 08:14:24,www.eurosportplayer.fr
2014-01-02 08:14:24,cms.abmr.net
2014-01-02 08:14:24,layout.eurosportplayer.fr
2014-01-02 08:14:25,layout.eurosportplayer.fr
2014-01-02 08:14:25,layout.eurosportplayer.com
2014-01-02 08:14:26,layout.eurosportplayer.com
2014-01-02 08:14:26,mastertag.effiliation.com
2014-01-02 08:14:26,www.google.com
2014-01-02 08:14:26,www.google.fr
2014-01-02 08:14:26,www.eurosportplayer.fr
2014-01-02 08:14:27,www.bing.com
2014-01-02 08:14:27,layout.eurosport.com
2014-01-02 08:14:28,www.bing.com
2014-01-02 08:14:28,www.eurosport.fr
2014-01-02 08:14:29,layout.eurosport.com
2014-01-02 08:14:29,layout.eurosport.fr
2014-01-02 08:14:30,layout.eurosport.com
2014-01-02 08:14:30,i.eurosport.fr
2014-01-02 08:14:30,i.eurosport.com
2014-01-02 08:14:30,layout.eurosport.fr
2014-01-02 08:14:31,i.eurosport.com
2014-01-02 08:14:31,i.eurosport.fr
2014-01-02 08:14:32,platform.twitter.com
2014-01-02 08:14:32,connect.facebook.net
2014-01-02 08:14:32,s.tf1.fr
2014-01-02 08:14:32,static1.webedia.fr
2014-01-02 08:14:32,apis.google.com
2014-01-02 08:14:32,i.eurosport.fr
2014-01-02 08:14:32,layout.eurosport.fr
2014-01-02 08:14:32,layout.eurosport.com
2014-01-02 08:14:32,i.eurosport.com
2014-01-02 08:14:33,s-static.ak.facebook.com
2014-01-02 08:14:33,layout.eurosport.fr
2014-01-02 08:14:33,go.disqus.com
2014-01-02 08:14:33,apis.google.com
2014-01-02 08:14:33,static.ak.facebook.com
2014-01-02 08:14:33,www.facebook.com
2014-01-02 08:14:33,eurosport-fr.disqus.com
2014-01-02 08:14:33,platform.twitter.com
2014-01-02 08:14:34,apis.google.com
2014-01-02 08:14:34,eurosport-fr.disqus.com
2014-01-02 08:14:34,www.eficiens-serving2.com
2014-01-02 08:14:34,fpdownload2.macromedia.com
2014-01-02 08:14:35,accounts.google.com
2014-01-02 08:14:35,www.facebook.com
2014-01-02 08:14:35,apis.google.com
2014-01-02 08:14:35,twitter.com
2014-01-02 08:14:35,mercato.eurosport.fr
2014-01-02 08:14:36,i.eurosport.fr
2014-01-02 08:14:36,www.facebook.com
2014-01-02 08:14:36,tracking.eurosport.com
2014-01-02 08:14:36,layout.eurosport.com
2014-01-02 08:14:36,www.google.com
2014-01-02 08:14:36,apis.google.com
2014-01-02 08:14:36,twitter.com
2014-01-02 08:14:36,www.google.fr
2014-01-02 08:14:37,apis.google.com
2014-01-02 08:14:37,accounts.google.com
2014-01-02 08:14:37,rp.gwallet.com
2014-01-02 08:14:38,c1.adform.net
2014-01-02 08:14:39,rubicon-match.dotomi.com
2014-01-02 08:14:39,mercato.eurosport.fr
2014-01-02 08:14:39,eurosportbet.loa24.com
2014-01-02 08:14:40,dtm.weddingpaperdivas.com
2014-01-02 08:14:40,i.eurosport.fr
2014-01-02 08:14:42,i.eurosport.fr
2014-01-02 08:14:42,s-static.ak.facebook.com
2014-01-02 08:14:42,static.ak.facebook.com
2014-01-02 08:14:42,www.facebook.com
2014-01-02 08:14:42,apis.google.com
2014-01-02 08:14:43,i.eurosport.fr
2014-01-02 08:14:43,mercato.eurosport.fr
2014-01-02 08:14:43,eurosport-fr.disqus.com
2014-01-02 08:14:43,layout.eurosport.fr
2014-01-02 08:14:43,www.facebook.com
2014-01-02 08:14:43,apis.google.com
2014-01-02 08:14:44,syndication.twitter.com
2014-01-02 08:14:44,www.facebook.com
2014-01-02 08:14:44,mercato.eurosport.fr
2014-01-02 08:14:44,eurosport-fr.disqus.com
2014-01-02 08:14:44,layout.eurosport.fr
2014-01-02 08:14:44,platform.twitter.com
2014-01-02 08:14:45,www.newsring.fr
2014-01-02 08:14:45,eurosportbet.loa24.com
2014-01-02 08:14:45,apis.google.com
2014-01-02 08:14:45,twitter.com
2014-01-02 08:14:46,go.disqus.com
2014-01-02 08:14:46,pr.ybp.yahoo.com
2014-01-02 08:14:46,www.newsring.fr
2014-01-02 08:14:46,eurosport-fr.disqus.com
2014-01-02 08:14:46,um.simpli.fi
2014-01-02 08:14:46,debats.terrafemina.com
2014-01-02 08:14:46,twitter.com
2014-01-02 08:14:46,syndication.twitter.com
2014-01-02 08:14:46,accounts.google.com
2014-01-02 08:14:47,twitter.com
2014-01-02 08:14:47,accounts.google.com
2014-01-02 08:14:47,www.google.com
2014-01-02 08:14:47,disqus.com
2014-01-02 08:14:47,platform.twitter.com
2014-01-02 08:14:48,platform.twitter.com
2014-01-02 08:14:48,pixel2368.everesttech.net
2014-01-02 08:14:48,mercato.eurosport.fr
2014-01-02 08:14:49,pixel2368.everesttech.net
2014-01-02 08:14:49,disqus.com
2014-01-02 08:14:49,pbs.twimg.com
2014-01-02 08:14:49,o.twimg.com
2014-01-02 08:14:50,pbs.twimg.com
2014-01-02 08:14:51,pbs.twimg.com
2014-01-02 08:14:51,disqus.com
2014-01-02 08:14:52,twitter.com
2014-01-02 08:15:02,i.eurosport.fr
2014-01-02 08:17:24,platform.twitter.com
2014-01-02 08:17:54,www.google.com
2014-01-02 08:18:00,www.facebook.com
2014-01-02 08:18:28,apis.google.com
2014-01-02 08:18:28,accounts.google.com
2014-01-02 08:18:28,twitter.com
2014-01-02 08:18:28,www.facebook.com
2014-01-02 08:18:28,static.ak.facebook.com
2014-01-02 08:18:28,eurosport-fr.disqus.com
2014-01-02 08:18:28,www.google.com
2014-01-02 08:18:28,www.google.fr
2014-01-02 08:18:28,s-static.ak.facebook.com
2014-01-02 08:18:29,www.facebook.com
2014-01-02 08:18:29,i.eurosport.fr
2014-01-02 08:18:31,accounts.google.com
2014-01-02 08:18:31,i.eurosport.fr
2014-01-02 08:18:31,www.facebook.com
2014-01-02 08:18:32,rbp.mxptint.net
2014-01-02 08:18:33,www.eurosport.fr
2014-01-02 08:18:33,match.rtbidder.net
2014-01-02 08:18:39,i.eurosport.fr
2014-01-02 08:18:57,www.eurosport.fr
2014-01-02 08:19:03,i.eurosport.fr
2014-01-02 08:19:03,twitter.com
2014-01-02 08:19:04,i.eurosport.fr
2014-01-02 08:19:07,dnl.eurosport.com
2014-01-02 08:19:07,i.eurosport.fr
2014-01-02 08:19:08,i.eurosport.fr
2014-01-02 08:19:08,dnl.eurosport.com
2014-01-02 08:19:11,dnl.eurosport.com
2014-01-02 08:19:12,dnl.eurosport.com
2014-01-02 08:19:17,i.eurosport.fr
2014-01-02 08:19:21,www.eurosport.fr
2014-01-02 08:19:23,i.eurosport.fr
2014-01-02 08:19:23,www.facebook.com
2014-01-02 08:19:23,tracking.eurosport.com
2014-01-02 08:19:27,www.facebook.com
2014-01-02 08:19:28,twitter.com
2014-01-02 08:19:28,s-static.ak.facebook.com
2014-01-02 08:19:28,apis.google.com
2014-01-02 08:19:28,eurosport-fr.disqus.com
2014-01-02 08:19:28,www.eurosport.fr
2014-01-02 08:19:28,static.ak.facebook.com
2014-01-02 08:19:28,www.google.com
2014-01-02 08:19:28,slpubmedias.tf1.fr
2014-01-02 08:19:28,www.google.fr
2014-01-02 08:19:28,www.facebook.com
2014-01-02 08:19:29,slpubmedias.tf1.fr
2014-01-02 08:19:29,www.facebook.com
2014-01-02 08:19:29,go.disqus.com
2014-01-02 08:19:30,disqus.com
2014-01-02 08:19:30,s.tf1.fr
2014-01-02 08:19:30,query.yahooapis.com
2014-01-02 08:19:31,www.facebook.com
2014-01-02 08:19:32,twitter.com
2014-01-02 08:19:33,www.eurosport.fr
2014-01-02 08:19:34,twitter.com
2014-01-02 08:19:34,disqus.com
2014-01-02 08:19:35,accounts.google.com
2014-01-02 08:19:35,disqus.com
2014-01-02 08:20:01,i.eurosport.fr
2014-01-02 08:20:55,www.facebook.com
2014-01-02 08:20:56,www.facebook.com
2014-01-02 08:20:59,api.bing.com
2014-01-02 08:21:00,api.bing.com
2014-01-02 08:21:02,api.bing.com
2014-01-02 08:21:03,api.bing.com
2014-01-02 08:21:04,api.bing.com
2014-01-02 08:21:05,api.bing.com
2014-01-02 08:21:06,www.bing.com
2014-01-02 08:21:09,www.bing.com
2014-01-02 08:21:11,www.bing.com
2014-01-02 08:21:11,login.live.com
2014-01-02 08:21:12,www.bing.com
2014-01-02 08:21:13,www.bing.com
2014-01-02 08:21:14,www.bing.com
2014-01-02 08:21:14,login.live.com
2014-01-02 08:21:15,www.bing.com
2014-01-02 08:21:16,www.bing.com
2014-01-02 08:21:17,www.bing.com
2014-01-02 08:21:17,www.footmercato.net
2014-01-02 08:21:17,login.live.com
2014-01-02 08:21:18,www.footmercato.net
2014-01-02 08:21:18,s-static.ak.facebook.com
2014-01-02 08:21:18,www.audienceinsights.net
2014-01-02 08:21:18,static.ak.facebook.com
2014-01-02 08:21:18,images.footmercato.net
2014-01-02 08:21:19,www.conforama.fr
2014-01-02 08:21:19,static.eplayer.performgroup.com
2014-01-02 08:21:19,images.footmercato.net
2014-01-02 08:21:19,www.footmercato.net
2014-01-02 08:21:19,banniere.reussissonsensemble.fr
2014-01-02 08:21:20,images.eplayer.performgroup.com
2014-01-02 08:21:20,images.footmercato.net
2014-01-02 08:21:20,www.footmercato.net
2014-01-02 08:21:21,www.footmercato.net
2014-01-02 08:21:21,www.facebook.com
2014-01-02 08:21:22,static.eplayer.performgroup.com
2014-01-02 08:21:22,connect.facebook.net
2014-01-02 08:21:22,ea.numericable.fr
2014-01-02 08:21:23,connect.facebook.net
2014-01-02 08:21:23,graph.facebook.com
2014-01-02 08:21:23,ea.virginmobile.fr
2014-01-02 08:21:23,www.footmercato.net
2014-01-02 08:21:24,static.eplayer.performgroup.com
2014-01-02 08:21:25,static.eplayer.performgroup.com
2014-01-02 08:21:26,static.eplayer.performgroup.com
2014-01-02 08:21:27,tinyurl.com
2014-01-02 08:21:27,static.eplayer.performgroup.com
2014-01-02 08:21:27,images.performgroup.com
2014-01-02 08:21:28,images.performgroup.com
2014-01-02 08:21:48,www.audienceinsights.net
2014-01-02 08:21:48,www.footmercato.net
2014-01-02 08:21:49,static.ak.facebook.com
2014-01-02 08:21:49,www.footmercato.net
2014-01-02 08:21:49,images.footmercato.net
2014-01-02 08:21:49,apis.google.com
2014-01-02 08:21:49,s-static.ak.facebook.com
2014-01-02 08:21:50,platform.twitter.com
2014-01-02 08:21:50,www.facebook.com
2014-01-02 08:21:51,www.facebook.com
2014-01-02 08:21:51,www.footmercato.net
2014-01-02 08:21:51,apis.google.com
2014-01-02 08:22:16,www.footmercato.net
2014-01-02 08:22:16,apis.google.com
2014-01-02 08:22:17,s-static.ak.facebook.com
2014-01-02 08:22:17,twitter.com
2014-01-02 08:22:17,www.dailymotion.com
2014-01-02 08:22:17,ajax.googleapis.com
2014-01-02 08:22:17,ea.galerieslafayette.com
2014-01-02 08:22:17,static.ak.facebook.com
2014-01-02 08:22:17,www.audienceinsights.net
2014-01-02 08:22:17,tracking.veoxa.com
2014-01-02 08:22:17,accounts.google.com
2014-01-02 08:22:18,www.dailymotion.com
2014-01-02 08:22:18,www.galerieslafayette.com
2014-01-02 08:22:18,static.galerieslafayette.com
2014-01-02 08:22:19,www.galerieslafayette.com
2014-01-02 08:22:19,static.galerieslafayette.com
2014-01-02 08:22:20,d1447tq2m68ekg.cloudfront.net
2014-01-02 08:22:20,ea.galerieslafayette.com
2014-01-02 08:22:20,lc.iadvize.com
2014-01-02 08:22:20,www.facebook.com
2014-01-02 08:22:20,www.footmercato.net
2014-01-02 08:22:20,platform.twitter.com
2014-01-02 08:22:20,adventori.com
2014-01-02 08:22:20,static.galerieslafayette.com
2014-01-02 08:22:21,audience.visiblemeasures.com
2014-01-02 08:22:21,ea.galerieslafayette.com
2014-01-02 08:22:21,www.dailymotion.com
2014-01-02 08:22:21,static.galerieslafayette.com
2014-01-02 08:22:21,fr-himedia.videoplaza.tv
2014-01-02 08:22:21,twitter.com
2014-01-02 08:22:21,apis.google.com
2014-01-02 08:22:22,od2.visiblemeasures.com
2014-01-02 08:22:22,www.dailymotion.com
2014-01-02 08:22:22,fr-himedia.videoplaza.tv
2014-01-02 08:22:22,lc.iadvize.com
2014-01-02 08:22:24,static.ak.facebook.com
2014-01-02 08:22:24,s-static.ak.facebook.com
2014-01-02 08:22:24,ea.galerieslafayette.com
2014-01-02 08:22:24,lc.iadvize.com
2014-01-02 08:22:24,emailretargeting.com
2014-01-02 08:22:24,www.facebook.com
2014-01-02 08:22:24,www.dailymotion.com
2014-01-02 08:22:25,lc.iadvize.com
2014-01-02 08:22:25,static.iadvize.com
2014-01-02 08:22:25,www.dailymotion.com
2014-01-02 08:22:25,static.galerieslafayette.com
2014-01-02 08:22:25,dc1w54.wysistat.com
2014-01-02 08:22:57,www.dailymotion.com
2014-01-02 08:22:58,od2.visiblemeasures.com
2014-01-02 08:22:58,www.dailymotion.com
2014-01-02 08:22:58,logger-02.vty.dailymotion.com
2014-01-02 08:22:58,audience.visiblemeasures.com
2014-01-02 08:22:59,www.dailymotion.com
2014-01-02 08:23:04,od2.visiblemeasures.com
2014-01-02 08:23:10,logger-02.vty.dailymotion.com
2014-01-02 08:23:11,od2.visiblemeasures.com
2014-01-02 08:23:13,od2.visiblemeasures.com
2014-01-02 08:23:16,www.audienceinsights.net
2014-01-02 08:23:16,www.footmercato.net
2014-01-02 08:23:17,s-static.ak.facebook.com
2014-01-02 08:23:17,images.footmercato.net
2014-01-02 08:23:17,static.ak.facebook.com
2014-01-02 08:23:18,www.facebook.com
2014-01-02 08:23:18,apis.google.com
2014-01-02 08:23:19,platform.twitter.com
2014-01-02 08:23:19,syndication.twitter.com
2014-01-02 08:23:21,pbs.twimg.com
2014-01-02 08:23:25,lc.iadvize.com
2014-01-02 08:23:49,twitter.com
2014-01-02 08:24:27,s-static.ak.facebook.com
2014-01-02 08:24:27,platform.twitter.com
2014-01-02 08:24:27,pbs.twimg.com
2014-01-02 08:24:27,images.footmercato.net
2014-01-02 08:24:27,static.ak.facebook.com
2014-01-02 08:24:27,www.audienceinsights.net
2014-01-02 08:24:27,www.footmercato.net
2014-01-02 08:24:27,www.dailymotion.com
2014-01-02 08:24:28,www.facebook.com
2014-01-02 08:24:28,platform.twitter.com
2014-01-02 08:24:28,www.dailymotion.com
2014-01-02 08:24:29,twitter.com
2014-01-02 08:24:29,apis.google.com
2014-01-02 08:24:29,www.dailymotion.com
2014-01-02 08:24:29,audience.visiblemeasures.com
2014-01-02 08:24:29,fr-himedia.videoplaza.tv
2014-01-02 08:24:29,od2.visiblemeasures.com
2014-01-02 08:24:30,od2.visiblemeasures.com
2014-01-02 08:24:30,www.dailymotion.com
2014-01-02 08:24:52,www.dailymotion.com
2014-01-02 08:24:52,logger-02.vty.dailymotion.com
2014-01-02 08:24:52,audience.visiblemeasures.com
2014-01-02 08:24:53,od2.visiblemeasures.com
2014-01-02 08:24:53,www.dailymotion.com
2014-01-02 08:24:57,od2.visiblemeasures.com
2014-01-02 08:25:01,od2.visiblemeasures.com
2014-01-02 08:25:03,od2.visiblemeasures.com
2014-01-02 08:25:05,od2.visiblemeasures.com
2014-01-02 08:25:09,www.dailymotion.com
2014-01-02 08:25:10,od2.visiblemeasures.com
2014-01-02 08:25:13,logger-02.vty.dailymotion.com
2014-01-02 08:25:14,od2.visiblemeasures.com
2014-01-02 08:25:18,od2.visiblemeasures.com
2014-01-02 08:25:22,od2.visiblemeasures.com
2014-01-02 08:25:24,od2.visiblemeasures.com
2014-01-02 08:25:26,od2.visiblemeasures.com
2014-01-02 08:25:26,www.dailymotion.com
2014-01-02 08:25:31,od2.visiblemeasures.com
2014-01-02 08:25:34,logger-02.vty.dailymotion.com
2014-01-02 08:25:34,od2.visiblemeasures.com
2014-01-02 08:25:35,www.dailymotion.com
2014-01-02 08:25:36,www.dailymotion.com
2014-01-02 08:25:37,www.dailymotion.com
2014-01-02 08:25:38,www.dailymotion.com
2014-01-02 08:25:39,www.dailymotion.com
2014-01-02 08:25:40,www.dailymotion.com
2014-01-02 08:25:40,vast.bp3849534.btrll.com
2014-01-02 08:25:41,vast.bp3849534.btrll.com
2014-01-02 08:25:41,www.dailymotion.com
2014-01-02 08:25:41,vast.bp3849535.btrll.com
2014-01-02 08:25:42,www.dailymotion.com
2014-01-02 08:25:44,www.dailymotion.com
2014-01-02 08:25:46,www.dailymotion.com
2014-01-02 08:25:47,www.dailymotion.com
2014-01-02 08:25:49,www.dailymotion.com
2014-01-02 08:25:52,www.dailymotion.com
2014-01-02 08:25:53,vast.bp3849914.btrll.com
2014-01-02 08:25:53,www.dailymotion.com
2014-01-02 08:25:54,www.dailymotion.com
2014-01-02 08:25:55,www.dailymotion.com
2014-01-02 08:25:57,www.dailymotion.com
2014-01-02 08:26:41,www.footmercato.net
2014-01-02 08:26:42,images.footmercato.net
2014-01-02 08:26:42,www.footmercato.net
2014-01-02 08:26:42,s-static.ak.facebook.com
2014-01-02 08:26:42,www.audienceinsights.net
2014-01-02 08:26:42,static.ak.facebook.com
2014-01-02 08:26:43,www.footmercato.net
2014-01-02 08:26:43,images.footmercato.net
2014-01-02 08:26:44,www.footmercato.net
2014-01-02 08:26:45,www.footmercato.net
2014-01-02 08:26:45,www.facebook.com
2014-01-02 08:26:46,www.facebook.com
2014-01-02 08:27:16,twitter.com
2014-01-02 08:27:21,www.footmercato.net
2014-01-02 08:27:21,www.audienceinsights.net
2014-01-02 08:27:21,apis.google.com
2014-01-02 08:27:22,connect.facebook.net
2014-01-02 08:27:22,static.ak.facebook.com
2014-01-02 08:27:22,www.footmercato.net
2014-01-02 08:27:22,s-static.ak.facebook.com
2014-01-02 08:27:23,www.conforama.fr
2014-01-02 08:27:23,www.facebook.com
2014-01-02 08:27:24,graph.facebook.com
2014-01-02 08:27:24,twitter.com
2014-01-02 08:27:24,www.facebook.com
2014-01-02 08:27:25,match.rtbidder.net
2014-01-02 08:27:25,www.footmercato.net
2014-01-02 08:28:55,www.facebook.com
2014-01-02 08:28:58,www.footmercato.net
2014-01-02 08:28:58,apis.google.com
2014-01-02 08:28:59,www.audienceinsights.net
2014-01-02 08:29:00,s-static.ak.facebook.com
2014-01-02 08:29:00,www.footmercato.net
2014-01-02 08:29:00,static.ak.facebook.com
2014-01-02 08:29:00,images.footmercato.net
2014-01-02 08:29:01,images.footmercato.net
2014-01-02 08:29:01,images.eplayer.performgroup.com
2014-01-02 08:29:01,www.footmercato.net
2014-01-02 08:29:02,www.facebook.com
2014-01-02 08:29:02,www.footmercato.net
2014-01-02 08:29:02,ad.publicidees.com
2014-01-02 08:29:03,graph.facebook.com
2014-01-02 08:29:07,images.performgroup.com
2014-01-02 08:29:07,tinyurl.com
2014-01-02 08:29:08,tinyurl.com
2014-01-02 08:29:08,images.performgroup.com
2014-01-02 08:31:03,www.footmercato.net
2014-01-02 08:31:06,www.footmercato.net
2014-01-02 08:31:06,www.audienceinsights.net
2014-01-02 08:31:07,s-static.ak.facebook.com
2014-01-02 08:31:07,static.ak.facebook.com
2014-01-02 08:31:07,www.footmercato.net
2014-01-02 08:31:07,images.footmercato.net
2014-01-02 08:31:08,images.footmercato.net
2014-01-02 08:31:08,hal9000.redintelligence.net
2014-01-02 08:31:09,www.footmercato.net
2014-01-02 08:31:09,www.facebook.com
2014-01-02 08:31:09,static.veoxa.com
2014-01-02 08:31:09,tracking.veoxa.com
2014-01-02 08:31:40,twitter.com
2014-01-02 08:31:54,www.footmercato.net
2014-01-02 08:31:55,www.facebook.com
2014-01-02 08:31:55,platform.twitter.com
2014-01-02 08:31:55,www.audienceinsights.net
2014-01-02 08:31:55,static.ak.facebook.com
2014-01-02 08:31:55,images.footmercato.net
2014-01-02 08:31:55,apis.google.com
2014-01-02 08:31:55,s-static.ak.facebook.com
2014-01-02 08:32:26,twitter.com
2014-01-02 08:33:13,www.footmercato.net
2014-01-02 08:33:13,apis.google.com
2014-01-02 08:33:14,www.footmercato.net
2014-01-02 08:33:14,images.footmercato.net
2014-01-02 08:33:14,s-static.ak.facebook.com
2014-01-02 08:33:14,static.ak.facebook.com
2014-01-02 08:33:14,www.audienceinsights.net
2014-01-02 08:33:14,static.eplayer.performgroup.com
2014-01-02 08:33:15,images.footmercato.net
2014-01-02 08:33:15,images.eplayer.performgroup.com
2014-01-02 08:33:16,www.beead.fr
2014-01-02 08:33:16,www.ebz.io
2014-01-02 08:33:17,www.footmercato.net
2014-01-02 08:33:17,static.ebz.io
2014-01-02 08:33:17,static.eplayer.performgroup.com
2014-01-02 08:33:17,www.facebook.com
2014-01-02 08:33:18,graph.facebook.com
2014-01-02 08:33:19,static.eplayer.performgroup.com
2014-01-02 08:33:22,static.eplayer.performgroup.com
2014-01-02 08:33:22,images.performgroup.com
2014-01-02 08:33:22,tinyurl.com
2014-01-02 08:33:23,images.performgroup.com
2014-01-02 08:50:04,api.bing.com
2014-01-02 08:50:05,api.bing.com
2014-01-02 08:50:07,www.bing.com
2014-01-02 08:50:08,www.bing.com
2014-01-02 09:07:11,office.microsoft.com
2014-01-02 09:07:11,office14client.microsoft.com
2014-01-02 09:07:12,office.microsoft.com
2014-01-02 09:22:08,www.ffsa.fr
2014-01-02 09:22:09,www.ffsa.fr
2014-01-02 09:22:26,www.msport.net
2014-01-02 09:22:30,sante-medecine.commentcamarche.net
2014-01-02 09:22:30,ba.commentcamarche.net
2014-01-02 09:22:30,html5shim.googlecode.com
2014-01-02 09:22:30,static.ccm2.net
2014-01-02 09:22:31,apis.google.com
2014-01-02 09:22:31,ba.commentcamarche.net
2014-01-02 09:22:31,static.ccm2.net
2014-01-02 09:22:31,www.facebook.com
2014-01-02 09:22:31,platform.twitter.com
2014-01-02 09:22:31,static.commentcamarche.net
2014-01-02 09:22:32,r.ccm2.net
2014-01-02 09:22:32,www.facebook.com
2014-01-02 09:22:32,platform.twitter.com
2014-01-02 09:22:32,static.ccm2.net
2014-01-02 09:22:32,accounts.google.com
2014-01-02 09:22:32,apis.google.com
2014-01-02 09:22:32,twitter.com
2014-01-02 09:22:32,ajax.googleapis.com
2014-01-02 09:22:33,www.facebook.com
2014-01-02 09:22:33,accounts.google.com
2014-01-02 09:22:33,apis.google.com
2014-01-02 09:22:33,twitter.com
2014-01-02 09:22:33,pixel.alephd.com
2014-01-02 09:22:33,connect.facebook.net
2014-01-02 09:22:33,www.linternaute.com
2014-01-02 09:22:33,static.ak.facebook.com
2014-01-02 09:22:33,ba.commentcamarche.net
2014-01-02 09:22:33,www.commentcamarche.net
2014-01-02 09:22:33,static.ccm2.net
2014-01-02 09:22:33,platform.twitter.com
2014-01-02 09:22:33,s-static.ak.facebook.com
2014-01-02 09:22:34,ba.commentcamarche.net
2014-01-02 09:22:34,static.ccmbg.com
2014-01-02 09:22:34,www.facebook.com
2014-01-02 09:22:34,sante-medecine.commentcamarche.net
2014-01-02 09:22:34,static.ccm2.net
2014-01-02 09:22:34,eulerian.canal-plus.com
2014-01-02 09:23:04,twitter.com
2014-01-02 09:25:39,www.google.fr
2014-01-02 09:25:40,www.google.fr
2014-01-02 09:25:40,www.google.com
2014-01-02 09:25:56,www.google.fr
2014-01-02 09:25:56,www.footmercato.net
2014-01-02 09:25:56,www.audienceinsights.net
2014-01-02 09:25:56,www.google.com
2014-01-02 09:25:57,static.eplayer.performgroup.com
2014-01-02 09:25:57,static.ak.facebook.com
2014-01-02 09:25:57,www.footmercato.net
2014-01-02 09:25:57,www.dailymotion.com
2014-01-02 09:25:57,s-static.ak.facebook.com
2014-01-02 09:25:57,apis.google.com
2014-01-02 09:26:00,static.eplayer.performgroup.com
2014-01-02 09:26:00,www.facebook.com
2014-01-02 09:26:00,images.eplayer.performgroup.com
2014-01-02 09:26:01,connect.facebook.net
2014-01-02 09:26:01,accounts.google.com
2014-01-02 09:26:01,apis.google.com
2014-01-02 09:26:01,static.eplayer.performgroup.com
2014-01-02 09:26:02,accounts.google.com
2014-01-02 09:26:02,connect.facebook.net
2014-01-02 09:26:02,apis.google.com
2014-01-02 09:26:02,graph.facebook.com
2014-01-02 09:26:03,static.eplayer.performgroup.com
2014-01-02 09:26:05,static.eplayer.performgroup.com
2014-01-02 09:26:05,images.performgroup.com
2014-01-02 09:26:05,tinyurl.com
2014-01-02 09:26:23,www.google.fr
2014-01-02 09:26:41,www.google.fr
2014-01-02 09:26:52,bits.wikimedia.org
2014-01-02 09:26:52,login.wikimedia.org
2014-01-02 09:26:52,meta.wikimedia.org
2014-01-02 09:26:52,www.google.fr
2014-01-02 09:26:52,fr.wikipedia.org
2014-01-02 09:26:53,fr.wikipedia.org
2014-01-02 09:26:53,meta.wikimedia.org
2014-01-02 09:26:53,bits.wikimedia.org
2014-01-02 09:27:00,www.google.fr
2014-01-02 09:27:01,www.chronofoot.com
2014-01-02 09:27:01,static.cfstatic.com
2014-01-02 09:27:01,img1.cfstatic.com
2014-01-02 09:27:01,img0.cfstatic.com
2014-01-02 09:27:01,static.ak.facebook.com
2014-01-02 09:27:01,videosfr.s3.amazonaws.com
2014-01-02 09:27:01,www.google.fr
2014-01-02 09:27:01,s-static.ak.facebook.com
2014-01-02 09:27:01,www.facebook.com
2014-01-02 09:27:01,img.chronofoot.com
2014-01-02 09:27:02,www.facebook.com
2014-01-02 09:27:02,img0.cfstatic.com
2014-01-02 09:27:02,img1.cfstatic.com
2014-01-02 09:27:03,choices.truste.com
2014-01-02 09:27:03,www.chronofoot.com
2014-01-02 09:27:03,www.facebook.com
2014-01-02 09:27:04,choices.truste.com
2014-01-02 09:27:05,choices.truste.com
2014-01-02 09:27:16,www.chronofoot.com
2014-01-02 09:27:53,www.google.fr
2014-01-02 09:27:54,www.google.com
2014-01-02 09:28:04,www.google.fr
2014-01-02 09:28:05,fr.fifa.com
2014-01-02 09:28:05,ifr.fifa.com
2014-01-02 09:28:05,www.google.fr
2014-01-02 09:28:05,www.google.com
2014-01-02 09:28:06,metrics.fifa.com
2014-01-02 09:28:06,ifr.fifa.com
2014-01-02 09:28:06,fr.fifa.com
2014-01-02 09:28:25,img1.cfstatic.com
2014-01-02 09:30:20,img0.cfstatic.com
2014-01-02 09:30:20,www.chronofoot.com
2014-01-02 09:31:20,metrics.fifa.com
2014-01-02 09:31:20,fr.fifa.com
2014-01-02 09:31:23,metrics.fifa.com
2014-01-02 09:31:25,www.football-observatory.com
2014-01-02 09:31:53,www.football-observatory.com
2014-01-02 09:31:56,www.football-observatory.com
2014-01-02 09:31:57,www.football-observatory.com
2014-01-02 09:36:51,www.google.fr
2014-01-02 09:36:52,s-static.ak.facebook.com
2014-01-02 09:36:52,www.facebook.com
2014-01-02 09:36:52,videosfr.s3.amazonaws.com
2014-01-02 09:36:52,static.ak.facebook.com
2014-01-02 09:36:52,www.chronofoot.com
2014-01-02 09:36:53,hal9000.redintelligence.net
2014-01-02 09:36:54,banniere.reussissonsensemble.fr
2014-01-02 09:36:54,hal9000.redintelligence.net
2014-01-02 09:36:54,um.simpli.fi
2014-01-02 09:36:54,n20.hal9000.redintelligence.net
2014-01-02 09:36:55,banner.nonstoppartner.net
2014-01-02 09:36:55,a.nonstoppartner.net
2014-01-02 09:36:55,ea.numericable.fr
2014-01-02 09:36:55,banniere.reussissonsensemble.fr
2014-01-02 09:37:06,www.chronofoot.com
2014-01-02 09:37:37,www.google.fr
2014-01-02 09:37:38,www.lexpress.fr
2014-01-02 09:37:38,static.lexpress.fr
2014-01-02 09:37:38,html5shiv.googlecode.com
2014-01-02 09:37:38,www.google.fr
2014-01-02 09:37:39,ajax.googleapis.com
2014-01-02 09:37:39,pixel.alephd.com
2014-01-02 09:37:39,www.lexpress.fr
2014-01-02 09:37:39,static.lexpress.fr
2014-01-02 09:37:40,static.lexpress.fr
2014-01-02 09:37:40,communaute.lexpress.fr
2014-01-02 09:37:40,platform.twitter.com
2014-01-02 09:37:40,api.adyoulike.com
2014-01-02 09:37:40,static.ak.facebook.com
2014-01-02 09:37:40,s-static.ak.facebook.com
2014-01-02 09:37:41,www.facebook.com
2014-01-02 09:37:41,www.lexpress.fr
2014-01-02 09:37:41,api.adyoulike.com
2014-01-02 09:37:42,rp.gwallet.com
2014-01-02 09:37:43,media.kpsule.me
2014-01-02 09:37:50,pixel.alephd.com
2014-01-02 09:37:50,www.lexpress.fr
2014-01-02 09:37:51,www.facebook.com
2014-01-02 09:37:51,s-static.ak.facebook.com
2014-01-02 09:37:51,listener.ezakus.net
2014-01-02 09:37:51,platform.twitter.com
2014-01-02 09:37:51,www.lexpress.fr
2014-01-02 09:37:51,static.ak.facebook.com
2014-01-02 09:37:52,api.adyoulike.com
2014-01-02 09:37:54,adventori.com
2014-01-02 09:37:55,apnx-match.dotomi.com
2014-01-02 09:38:01,www.lexpress.fr
2014-01-02 09:38:02,www.lexpress.fr
2014-01-02 09:38:02,pixel.alephd.com
2014-01-02 09:38:02,static.lexpress.fr
2014-01-02 09:38:02,platform.twitter.com
2014-01-02 09:38:03,static.ak.facebook.com
2014-01-02 09:38:03,api.adyoulike.com
2014-01-02 09:38:03,www.facebook.com
2014-01-02 09:38:03,s-static.ak.facebook.com
2014-01-02 09:38:12,www.lexpress.fr
2014-01-02 09:38:13,pixel.alephd.com
2014-01-02 09:38:13,www.lexpress.fr
2014-01-02 09:38:13,platform.twitter.com
2014-01-02 09:38:13,static.lexpress.fr
2014-01-02 09:38:14,s-static.ak.facebook.com
2014-01-02 09:38:14,www.facebook.com
2014-01-02 09:38:14,api.adyoulike.com
2014-01-02 09:38:14,static.ak.facebook.com
2014-01-02 09:38:23,www.lexpress.fr
2014-01-02 09:38:24,pixel.alephd.com
2014-01-02 09:38:24,www.lexpress.fr
2014-01-02 09:38:24,platform.twitter.com
2014-01-02 09:38:25,api.adyoulike.com
2014-01-02 09:38:25,www.facebook.com
2014-01-02 09:38:25,static.ak.facebook.com
2014-01-02 09:38:25,s-static.ak.facebook.com
2014-01-02 09:38:27,pixel.alephd.com
2014-01-02 09:38:27,www.lexpress.fr
2014-01-02 09:38:27,its.tradelab.fr
2014-01-02 09:38:27,mm.eulerian.net
2014-01-02 09:38:27,platform.twitter.com
2014-01-02 09:38:28,s-static.ak.facebook.com
2014-01-02 09:38:28,api.adyoulike.com
2014-01-02 09:38:28,www.facebook.com
2014-01-02 09:38:28,static.ak.facebook.com
2014-01-02 09:38:34,its.tradelab.fr
2014-01-02 09:38:35,www.lexpress.fr
2014-01-02 09:38:35,pixel.alephd.com
2014-01-02 09:38:36,www.facebook.com
2014-01-02 09:38:36,s-static.ak.facebook.com
2014-01-02 09:38:36,api.adyoulike.com
2014-01-02 09:38:36,platform.twitter.com
2014-01-02 09:38:36,static.ak.facebook.com
2014-01-02 09:38:41,www.lexpress.fr
2014-01-02 09:38:41,pixel.alephd.com
2014-01-02 09:38:42,www.facebook.com
2014-01-02 09:38:42,s-static.ak.facebook.com
2014-01-02 09:38:42,static.ak.facebook.com
2014-01-02 09:38:42,www.lexpress.fr
2014-01-02 09:38:42,mm.eulerian.net
2014-01-02 09:38:42,api.adyoulike.com
2014-01-02 09:38:42,platform.twitter.com
2014-01-02 09:38:46,platform.twitter.com
2014-01-02 09:38:46,pixel.alephd.com
2014-01-02 09:38:46,www.lexpress.fr
2014-01-02 09:38:47,static.ak.facebook.com
2014-01-02 09:38:47,api.adyoulike.com
2014-01-02 09:38:47,s-static.ak.facebook.com
2014-01-02 09:38:47,www.facebook.com
2014-01-02 09:38:51,static.lexpress.fr
2014-01-02 09:38:51,pixel.alephd.com
2014-01-02 09:38:51,html5shiv.googlecode.com
2014-01-02 09:38:51,www.lexpress.fr
2014-01-02 09:38:51,platform.twitter.com
2014-01-02 09:38:52,s-static.ak.facebook.com
2014-01-02 09:38:52,www.facebook.com
2014-01-02 09:38:52,static.ak.facebook.com
2014-01-02 09:38:52,api.adyoulike.com
2014-01-02 09:39:01,www.lexpress.fr
2014-01-02 09:39:02,platform.twitter.com
2014-01-02 09:39:02,www.facebook.com
2014-01-02 09:39:02,s-static.ak.facebook.com
2014-01-02 09:39:02,pixel.alephd.com
2014-01-02 09:39:02,www.lexpress.fr
2014-01-02 09:39:02,static.lexpress.fr
2014-01-02 09:39:02,player.kpsule.me
2014-01-02 09:39:02,services.kpsule.me
2014-01-02 09:39:02,static.ak.facebook.com
2014-01-02 09:39:03,player.kpsule.me
2014-01-02 09:39:13,www.facebook.com
2014-01-02 09:39:13,s-static.ak.facebook.com
2014-01-02 09:39:13,www.lexpress.fr
2014-01-02 09:39:13,platform.twitter.com
2014-01-02 09:39:13,pixel.alephd.com
2014-01-02 09:39:13,static.ak.facebook.com
2014-01-02 09:39:29,pixel.alephd.com
2014-01-02 09:39:29,www.lexpress.fr
2014-01-02 09:39:30,static.ak.facebook.com
2014-01-02 09:39:30,www.facebook.com
2014-01-02 09:39:30,s-static.ak.facebook.com
2014-01-02 09:39:40,pixel.alephd.com
2014-01-02 09:39:40,its.tradelab.fr
2014-01-02 09:39:40,www.lexpress.fr
2014-01-02 09:39:41,s-static.ak.facebook.com
2014-01-02 09:39:41,static.ak.facebook.com
2014-01-02 09:39:41,s374.meetrics.net
2014-01-02 09:39:41,www.facebook.com
2014-01-02 09:39:41,platform.twitter.com
2014-01-02 09:39:51,its.tradelab.fr
2014-01-02 09:39:51,www.lexpress.fr
2014-01-02 09:39:52,pixel.alephd.com
2014-01-02 09:39:52,its.tradelab.fr
2014-01-02 09:39:52,platform.twitter.com
2014-01-02 09:39:53,static.ak.facebook.com
2014-01-02 09:39:53,www.facebook.com
2014-01-02 09:39:53,s-static.ak.facebook.com
2014-01-02 09:39:54,its.tradelab.fr
2014-03-22 07:57:05,api.bing.com
2014-03-22 07:57:06,api.bing.com
2014-03-22 07:57:07,api.bing.com
2014-03-22 07:57:10,www.bing.com
2014-03-22 07:57:11,www.bing.com
2014-03-22 07:57:12,www.bing.com
2014-03-22 07:57:12,cms.abmr.net
2014-03-22 07:57:13,login.live.com
2014-03-22 07:57:13,www.bing.com
2014-03-22 07:57:18,www.bing.com
2014-03-22 07:57:18,ssl.bing.com
2014-03-22 07:59:54,office14client.microsoft.com
2014-03-22 07:59:54,office.microsoft.com
2014-03-22 07:59:55,office.microsoft.com
2014-03-22 08:18:18,office14client.microsoft.com
2014-03-22 08:18:18,office.microsoft.com
2014-03-22 08:18:19,office.microsoft.com
2014-03-22 08:18:20,office.microsoft.com
2014-03-22 08:18:21,office.microsoft.com
2014-03-22 08:22:52,api.bing.com
2014-03-22 08:22:53,api.bing.com
2014-03-22 08:22:54,api.bing.com
2014-03-22 08:22:55,www.bing.com
2014-03-22 08:22:56,www.bing.com
2014-03-22 08:22:56,apis.google.com
2014-03-22 08:22:56,assets4.fcbarcelona.com
2014-03-22 08:22:56,assets2.fcbarcelona.com
2014-03-22 08:22:57,apis.google.com
2014-03-22 08:22:57,media4.fcbarcelona.com
2014-03-22 08:22:57,media1.fcbarcelona.com
2014-03-22 08:22:57,connect.facebook.net
2014-03-22 08:22:57,assets4.fcbarcelona.com
2014-03-22 08:22:57,assets1.fcbarcelona.com
2014-03-22 08:22:57,assets2.fcbarcelona.com
2014-03-22 08:22:57,assets3.fcbarcelona.com
2014-03-22 08:22:58,media4.fcbarcelona.com
2014-03-22 08:22:58,media1.fcbarcelona.com
2014-03-22 08:22:58,fpdownload2.macromedia.com
2014-03-22 08:22:58,media2.fcbarcelona.com
2014-03-22 08:22:58,s-static.ak.facebook.com
2014-03-22 08:22:58,apis.google.com
2014-03-22 08:22:58,static.ak.facebook.com
2014-03-22 08:22:58,assets3.fcbarcelona.com
2014-03-22 08:22:59,s.ytimg.com
2014-03-22 08:22:59,assets2.fcbarcelona.com
2014-03-22 08:22:59,assets3.fcbarcelona.com
2014-03-22 08:22:59,media1.fcbarcelona.com
2014-03-22 08:22:59,media3.fcbarcelona.com
2014-03-22 08:22:59,assets1.fcbarcelona.com
2014-03-22 08:22:59,www.youtube.com
2014-03-22 08:22:59,platform.twitter.com
2014-03-22 08:22:59,media4.fcbarcelona.com
2014-03-22 08:22:59,i1.ytimg.com
2014-03-22 08:22:59,media2.fcbarcelona.com
2014-03-22 08:23:00,media2.fcbarcelona.com
2014-03-22 08:23:00,www.youtube.com
2014-03-22 08:23:00,media4.fcbarcelona.com
2014-03-22 08:23:00,media1.fcbarcelona.com
2014-03-22 08:23:00,assets1.fcbarcelona.com
2014-03-22 08:23:00,assets3.fcbarcelona.com
2014-03-22 08:23:00,i1.ytimg.com
2014-03-22 08:23:00,media3.fcbarcelona.com
2014-03-22 08:23:01,media2.fcbarcelona.com
2014-03-22 08:23:01,www.facebook.com
2014-03-22 08:23:01,s.ytimg.com
2014-03-22 08:23:01,www.google.com
2014-03-22 08:23:01,platform.twitter.com
2014-03-22 08:23:01,dnn506yrbagrg.cloudfront.net
2014-03-22 08:23:01,assets4.fcbarcelona.com
2014-03-22 08:23:01,twitter.com
2014-03-22 08:23:02,s.ytimg.com
2014-03-22 08:23:02,platform.twitter.com
2014-03-22 08:23:19,assets3.fcbarcelona.com
2014-03-22 08:23:20,media2.fcbarcelona.com
2014-03-22 08:23:20,media4.fcbarcelona.com
2014-03-22 08:23:20,www.youtube.com
2014-03-22 08:23:20,static.ak.facebook.com
2014-03-22 08:23:20,media1.fcbarcelona.com
2014-03-22 08:23:20,media3.fcbarcelona.com
2014-03-22 08:23:20,twitter.com
2014-03-22 08:23:20,s-static.ak.facebook.com
2014-03-22 08:23:21,media1.fcbarcelona.com
2014-03-22 08:23:21,media3.fcbarcelona.com
2014-03-22 08:23:21,media4.fcbarcelona.com
2014-03-22 08:23:21,media2.fcbarcelona.com
2014-03-22 08:23:22,media4.fcbarcelona.com
2014-03-22 08:23:22,www.youtube.com
2014-03-22 08:23:22,i1.ytimg.com
2014-03-22 08:23:22,media3.fcbarcelona.com
2014-03-22 08:23:22,media2.fcbarcelona.com
2014-03-22 08:23:23,www.facebook.com
2014-03-22 08:23:23,assets4.fcbarcelona.com
2014-03-22 08:23:23,widgets.twimg.com
2014-03-22 08:23:24,www.youtube.com
2014-03-22 08:23:24,media4.fcbarcelona.com
2014-03-22 08:23:31,www.facebook.com
2014-03-22 08:23:32,s-static.ak.facebook.com
2014-03-22 08:23:32,assets3.fcbarcelona.com
2014-03-22 08:23:32,static.ak.facebook.com
2014-03-22 08:23:33,www.youtube.com
2014-03-22 08:23:33,www.facebook.com
2014-03-22 08:23:34,media3.fcbarcelona.com
2014-03-22 08:23:34,media2.fcbarcelona.com
2014-03-22 08:23:34,media4.fcbarcelona.com
2014-03-22 08:23:36,static.ak.facebook.com
2014-03-22 08:23:36,media2.fcbarcelona.com
2014-03-22 08:23:36,media3.fcbarcelona.com
2014-03-22 08:23:36,media1.fcbarcelona.com
2014-03-22 08:23:36,media4.fcbarcelona.com
2014-03-22 08:23:36,assets3.fcbarcelona.com
2014-03-22 08:23:36,s-static.ak.facebook.com
2014-03-22 08:23:36,www.facebook.com
2014-03-22 08:23:37,media4.fcbarcelona.com
2014-03-22 08:23:37,media3.fcbarcelona.com
2014-03-22 08:23:37,media2.fcbarcelona.com
2014-03-22 08:23:37,media1.fcbarcelona.com
2014-03-22 08:23:38,s-static.ak.facebook.com
2014-03-22 08:23:38,www.facebook.com
2014-03-22 08:23:38,static.ak.facebook.com
2014-03-22 08:23:39,www.facebook.com
2014-03-22 08:24:09,twitter.com
2014-03-22 08:25:48,media4.fcbarcelona.com
2014-03-22 08:25:48,media2.fcbarcelona.com
2014-03-22 08:25:48,s-static.ak.facebook.com
2014-03-22 08:25:48,static.ak.facebook.com
2014-03-22 08:25:48,media1.fcbarcelona.com
2014-03-22 08:25:48,assets3.fcbarcelona.com
2014-03-22 08:25:49,media3.fcbarcelona.com
2014-03-22 08:25:49,www.facebook.com
2014-03-22 08:26:20,twitter.com
2014-03-22 08:29:36,media4.fcbarcelona.com
2014-03-22 08:29:36,media3.fcbarcelona.com
2014-03-22 08:29:36,media1.fcbarcelona.com
2014-03-22 08:29:36,media2.fcbarcelona.com
2014-03-22 08:29:36,assets3.fcbarcelona.com
2014-03-22 08:29:37,s-static.ak.facebook.com
2014-03-22 08:29:37,www.facebook.com
2014-03-22 08:29:37,static.ak.facebook.com
2014-03-22 08:30:18,media4.fcbarcelona.com
2014-03-22 08:30:18,media2.fcbarcelona.com
2014-03-22 08:30:18,media3.fcbarcelona.com
2014-03-22 08:30:18,media1.fcbarcelona.com
2014-03-22 08:30:19,media3.fcbarcelona.com
2014-03-22 08:30:19,media1.fcbarcelona.com
2014-03-22 08:45:58,media3.fcbarcelona.com
2014-03-22 08:45:58,connect.facebook.net
2014-03-22 08:45:58,assets3.fcbarcelona.com
2014-03-22 08:45:58,media2.fcbarcelona.com
2014-03-22 08:45:58,media4.fcbarcelona.com
2014-03-22 08:45:58,media1.fcbarcelona.com
2014-03-22 08:45:59,static.ak.facebook.com
2014-03-22 08:45:59,www.facebook.com
2014-03-22 08:45:59,s-static.ak.facebook.com
2014-03-22 08:46:24,static.ak.facebook.com
2014-03-22 08:46:24,media3.fcbarcelona.com
2014-03-22 08:46:24,www.facebook.com
2014-03-22 08:46:24,media2.fcbarcelona.com
2014-03-22 08:46:24,media1.fcbarcelona.com
2014-03-22 08:46:24,media4.fcbarcelona.com
2014-03-22 08:46:24,platform.twitter.com
2014-03-22 08:46:24,assets3.fcbarcelona.com
2014-03-22 08:46:24,s-static.ak.facebook.com
2014-03-22 08:46:25,media3.fcbarcelona.com
2014-03-22 08:46:26,www.facebook.com
2014-03-22 08:46:59,www.bing.com
2014-03-22 08:47:00,twitter.com
2014-03-22 08:47:00,www.bing.com
2014-03-22 08:47:02,login.live.com
2014-03-22 08:47:02,www.bing.com
2014-03-22 08:47:03,www.bing.com
2014-03-22 08:47:05,assets3.fcbarcelona.com
2014-03-22 08:47:06,media3.fcbarcelona.com
2014-03-22 08:47:06,connect.facebook.net
2014-03-22 08:47:06,media1.fcbarcelona.com
2014-03-22 08:47:06,static.ak.facebook.com
2014-03-22 08:47:06,media4.fcbarcelona.com
2014-03-22 08:47:06,media2.fcbarcelona.com
2014-03-22 08:47:06,s-static.ak.facebook.com
2014-03-22 08:47:06,apis.google.com
2014-03-22 08:47:06,ssl.bing.com
2014-03-22 08:47:07,media1.fcbarcelona.com
2014-03-22 08:47:07,dptxx5y7copd8.cloudfront.net
2014-03-22 08:47:07,media2.fcbarcelona.com
2014-03-22 08:47:07,www.facebook.com
2014-03-22 08:47:22,www.facebook.com
2014-03-22 08:47:23,www.facebook.com
2014-03-22 08:47:27,www.bing.com
2014-03-22 08:47:28,www.bing.com
2014-03-22 08:47:29,fr.wikipedia.org
2014-03-22 08:47:29,bits.wikimedia.org
2014-03-22 08:47:29,login.wikimedia.org
2014-03-22 08:47:30,meta.wikimedia.org
2014-03-22 08:47:30,fr.wikipedia.org
2014-03-22 08:47:30,bits.wikimedia.org
2014-03-22 08:50:53,www.bing.com
2014-03-22 08:50:54,www.bing.com
2014-03-22 08:50:55,ts2.mm.bing.net
2014-03-22 08:50:55,ts4.mm.bing.net
2014-03-22 08:50:55,ts3.mm.bing.net
2014-03-22 08:50:55,ts1.mm.bing.net
2014-03-22 08:50:55,www.bing.com
2014-03-22 08:50:56,ts2.mm.bing.net
2014-03-22 08:50:56,ts1.mm.bing.net
2014-03-22 08:50:56,ts3.mm.bing.net
2014-03-22 08:50:56,www.bing.com
2014-03-22 08:50:56,ts4.mm.bing.net
2014-03-22 08:50:57,www.bing.com
2014-03-22 08:50:57,ts4.mm.bing.net
2014-03-22 08:50:57,ts3.mm.bing.net
2014-03-22 08:50:57,ts2.mm.bing.net
2014-03-22 08:50:57,ts1.mm.bing.net
2014-03-22 08:50:57,api.bing.com
2014-03-22 08:50:58,ts1.mm.bing.net
2014-03-22 08:50:58,www.bing.com
2014-03-22 08:50:59,ts1.mm.bing.net
2014-03-22 08:50:59,login.live.com
2014-03-22 08:50:59,www.bing.com
2014-03-22 08:51:00,ts1.mm.bing.net
2014-03-22 08:51:00,www.bing.com
2014-03-22 08:51:01,ssl.bing.com
2014-03-22 08:51:01,www.bing.com
2014-03-22 08:51:01,ts1.mm.bing.net
2014-03-22 08:51:01,ts4.mm.bing.net
2014-03-22 08:51:01,ts2.mm.bing.net
2014-03-22 08:51:01,ts3.mm.bing.net
2014-03-22 08:51:02,ts3.mm.bing.net
2014-03-22 08:51:02,ts2.mm.bing.net
2014-03-22 08:51:02,ts1.mm.bing.net
2014-03-22 08:51:02,ts4.mm.bing.net
2014-03-22 08:51:03,www.bing.com
2014-03-22 08:51:05,www.bing.com
2014-03-22 08:51:06,ts1.mm.bing.net
2014-03-22 08:51:07,www.bing.com
2014-03-22 08:51:07,ts1.mm.bing.net
2014-03-22 08:51:08,ts1.mm.bing.net
2014-03-22 08:51:08,www.bing.com
2014-03-22 08:51:08,ts4.mm.bing.net
2014-03-22 08:51:08,ts2.mm.bing.net
2014-03-22 08:51:08,ts3.mm.bing.net
2014-03-22 08:51:09,ts1.mm.bing.net
2014-03-22 08:51:09,ts2.mm.bing.net
2014-03-22 08:51:09,ts3.mm.bing.net
2014-03-22 08:51:09,www.bing.com
2014-03-22 08:51:09,ts4.mm.bing.net
2014-03-22 08:51:11,ts1.mm.bing.net
2014-03-22 08:51:11,www.bing.com
2014-03-22 08:51:12,ts1.mm.bing.net
2014-03-22 08:51:12,www.bing.com
2014-03-22 08:51:14,www.bing.com
2014-03-22 08:51:14,ts1.mm.bing.net
2014-03-22 08:51:14,ts4.mm.bing.net
2014-03-22 08:51:14,ts3.mm.bing.net
2014-03-22 08:51:14,ts2.mm.bing.net
2014-03-22 08:51:15,ts2.mm.bing.net
2014-03-22 08:51:15,ts4.mm.bing.net
2014-03-22 08:51:15,ts1.mm.bing.net
2014-03-22 08:51:15,www.bing.com
2014-03-22 08:51:17,www.bing.com
2014-03-22 08:51:19,ts1.mm.bing.net
2014-03-22 08:51:20,ts2.mm.bing.net
2014-03-22 08:51:20,www.bing.com
2014-03-22 08:51:20,ts1.mm.bing.net
2014-03-22 08:51:20,ts3.mm.bing.net
2014-03-22 08:51:20,ts4.mm.bing.net
2014-03-22 08:51:21,www.bing.com
2014-03-22 08:51:21,ts1.mm.bing.net
2014-03-22 08:51:23,ts1.mm.bing.net
2014-03-22 08:51:24,ts1.mm.bing.net
2014-03-22 08:51:25,ts1.mm.bing.net
2014-03-22 08:51:28,ts1.mm.bing.net
2014-03-22 08:51:29,www.bing.com
2014-03-22 08:51:29,ts1.mm.bing.net
2014-03-22 08:51:30,ts4.mm.bing.net
2014-03-22 08:51:30,ts2.mm.bing.net
2014-03-22 08:51:30,ts3.mm.bing.net
2014-03-22 08:51:30,ts1.mm.bing.net
2014-03-22 08:51:35,ts1.mm.bing.net
2014-03-22 08:51:36,www.bing.com
2014-03-22 08:51:36,ts1.mm.bing.net
2014-03-22 08:51:37,ts1.mm.bing.net
2014-03-22 08:51:37,www.bing.com
2014-03-22 08:51:38,ts1.mm.bing.net
2014-03-22 08:51:39,ts1.mm.bing.net
2014-03-22 08:51:41,ts1.mm.bing.net
2014-03-22 08:51:41,www.bing.com
2014-03-22 08:51:45,ts1.mm.bing.net
2014-03-22 08:51:50,ts3.mm.bing.net
2014-03-22 08:55:32,ts1.mm.bing.net
2014-03-22 09:10:05,www.bing.com
2014-03-22 09:10:06,www.bing.com
2014-03-22 09:10:07,login.live.com
2014-03-22 09:10:08,www.bing.com
2014-03-22 09:10:12,www.bing.com
2014-03-22 09:10:13,www.bing.com
2014-03-22 09:10:15,www.bing.com
2014-03-22 09:10:15,login.live.com
2014-03-22 09:10:18,www.bing.com
2014-03-22 09:10:19,www.bing.com
2014-03-22 09:10:20,www.bing.com
2014-03-22 09:10:21,login.live.com
2014-03-22 09:10:21,ssl.bing.com
2014-03-22 09:10:21,bits.wikimedia.org
2014-03-22 09:10:21,fr.wikipedia.org
2014-03-22 09:10:21,meta.wikimedia.org
2014-03-22 09:10:36,www.bing.com
2014-03-22 09:10:39,login.live.com
2014-03-22 09:10:42,ssl.bing.com
2014-03-22 09:10:42,www.bing.com
2014-03-22 09:10:42,www.storyfoot.com
2014-03-22 09:10:42,www.google.fr
2014-03-22 09:10:43,www.storyfoot.com
2014-03-22 09:10:43,www.google.fr
2014-03-22 09:10:46,www.storyfoot.com
2014-03-22 09:11:43,www.bing.com
2014-03-22 09:11:48,www.bing.com
2014-03-22 09:11:49,img1.cfstatic.com
2014-03-22 09:11:49,static.cfstatic.com
2014-03-22 09:11:49,img0.cfstatic.com
2014-03-22 09:11:49,www.chronofoot.com
2014-03-22 09:11:50,www.facebook.com
2014-03-22 09:11:50,s-static.ak.facebook.com
2014-03-22 09:11:50,img0.cfstatic.com
2014-03-22 09:11:50,img1.cfstatic.com
2014-03-22 09:11:50,www.chronofoot.com
2014-03-22 09:11:50,connect.facebook.net
2014-03-22 09:11:50,static.ak.facebook.com
2014-03-22 09:11:50,tv.cfstatic.com
2014-03-22 09:11:51,www.chronofoot.com
2014-03-22 09:11:51,tv.cfstatic.com
2014-03-22 09:11:51,videosfr.s3.amazonaws.com
2014-03-22 09:11:53,vast.bp3854592.btrll.com
2014-03-22 09:11:54,studio.brainient.com
2014-03-22 09:11:56,img1.cfstatic.com
2014-03-22 09:11:56,cloudfront.brainient.com
2014-03-22 09:11:56,img0.cfstatic.com
2014-03-22 09:11:57,img0.cfstatic.com
2014-03-22 09:11:57,img1.cfstatic.com
2014-03-22 09:11:57,cloudfront.brainient.com
2014-03-22 09:11:58,ac.brainient.com
2014-03-22 09:11:58,liverail.api.peer39.net
2014-03-22 09:11:58,cdn-assets.brainient.com
2014-03-22 09:11:59,ac.brainient.com
2014-03-22 09:11:59,geo.brainient.com
2014-03-22 09:11:59,img1.cfstatic.com
2014-03-22 09:12:00,cdn-assets.brainient.com
2014-03-22 09:12:00,maps.googleapis.com
2014-03-22 09:12:00,ac.brainient.com
2014-03-22 09:12:04,img1.cfstatic.com
2014-03-22 09:12:05,img0.cfstatic.com
2014-03-22 09:12:05,ac.brainient.com
2014-03-22 09:12:06,img1.cfstatic.com
2014-03-22 09:12:07,img0.cfstatic.com
2014-03-22 09:12:08,img1.cfstatic.com
2014-03-22 09:12:10,ac.brainient.com
2014-03-22 09:12:16,ac.brainient.com
2014-03-22 09:12:20,tv.chronofoot.com
2014-03-22 09:12:20,www.bing.com
2014-03-22 09:12:30,www.bing.com
2014-03-22 09:12:35,images.maxifoot.fr
2014-03-22 09:12:35,www.maxifoot.fr
2014-03-22 09:12:35,s-static.ak.facebook.com
2014-03-22 09:12:35,static.ak.facebook.com
2014-03-22 09:12:35,www.bing.com
2014-03-22 09:12:35,photo.maxifoot.fr
2014-03-22 09:12:35,platform.twitter.com
2014-03-22 09:12:36,twitter.com
2014-03-22 09:12:36,static.eplayer.performgroup.com
2014-03-22 09:12:36,platform.twitter.com
2014-03-22 09:12:36,www.maxifoot.fr
2014-03-22 09:12:36,png16.maxifoot-live.com
2014-03-22 09:12:36,apis.google.com
2014-03-22 09:12:37,www.maxifoot.fr
2014-03-22 09:12:37,apis.google.com
2014-03-22 09:12:37,accounts.google.com
2014-03-22 09:12:37,twitter.com
2014-03-22 09:12:37,pub2.maxifoot.fr
2014-03-22 09:12:37,www.facebook.com
2014-03-22 09:12:37,static.eplayer.performgroup.com
2014-03-22 09:12:38,static.eplayer.performgroup.com
2014-03-22 09:12:38,accounts.google.com
2014-03-22 09:12:38,twitter.com
2014-03-22 09:12:39,www.facebook.com
2014-03-22 09:12:39,graph.facebook.com
2014-03-22 09:12:39,www.maxifoot.fr
2014-03-22 09:12:40,static.eplayer.performgroup.com
2014-03-22 09:12:41,static.eplayer.performgroup.com
2014-03-22 09:12:42,static.eplayer.performgroup.com
2014-03-22 09:12:43,images.performgroup.com
2014-03-22 09:12:43,static.eplayer.performgroup.com
2014-03-22 09:12:43,tinyurl.com
2014-03-22 09:12:57,photo.maxifoot.fr
2014-03-22 09:13:07,www.facebook.com
2014-03-22 09:13:10,www.bing.com
2014-03-22 09:13:20,www.bing.com
2014-03-22 09:13:32,www.bing.com
2014-03-22 09:13:34,login.live.com
2014-03-22 09:13:34,www.bing.com
2014-03-22 09:13:37,www.actusports.fr
2014-03-22 09:13:37,static.ak.facebook.com
2014-03-22 09:13:37,static.actusports.fr
2014-03-22 09:13:37,s-static.ak.facebook.com
2014-03-22 09:13:37,ssl.bing.com
2014-03-22 09:13:37,www.bing.com
2014-03-22 09:13:38,static.actusports.fr
2014-03-22 09:13:38,www.facebook.com
2014-03-22 09:13:38,graph.facebook.com
2014-03-22 09:13:38,www.google.com
2014-03-22 09:13:39,widgets.sportsevents365.com
2014-03-22 09:13:39,graph.facebook.com
2014-03-22 09:13:39,www.google.com
2014-03-22 09:13:39,www.actusports.fr
2014-03-22 09:13:39,static.actusports.fr
2014-03-22 09:13:39,www.ultimedia.com
2014-03-22 09:13:40,static.actusports.fr
2014-03-22 09:13:40,www.actusports.fr
2014-03-22 09:13:40,widgets.sportsevents365.com
2014-03-22 09:13:40,graph.facebook.com
2014-03-22 09:13:40,www.gambling-affiliation.com
2014-03-22 09:13:40,www.google.fr
2014-03-22 09:13:41,www.gambling-affiliation.com
2014-03-22 09:13:41,apis.google.com
2014-03-22 09:13:41,www.facebook.com
2014-03-22 09:13:41,widgets.sportsevents365.com
2014-03-22 09:13:41,graph.facebook.com
2014-03-22 09:13:41,aff.sportsevents365.com
2014-03-22 09:13:41,static.actusports.fr
2014-03-22 09:13:41,www.google.fr
2014-03-22 09:13:41,www.actusports.fr
2014-03-22 09:13:42,accounts.google.com
2014-03-22 09:13:42,apis.google.com
2014-03-22 09:13:42,widgets.sportsevents365.com
2014-03-22 09:13:43,apis.google.com
2014-03-22 09:13:43,aff.sportsevents365.com
2014-03-22 09:13:43,tag.webcompteur.com
2014-03-22 09:13:44,platform.twitter.com
2014-03-22 09:13:44,www.webcompteur.com
2014-03-22 09:13:44,tag.webcompteur.com
2014-03-22 09:13:44,static.actusports.fr
2014-03-22 09:13:44,apis.google.com
2014-03-22 09:13:44,www.facebook.com
2014-03-22 09:13:45,www.actusports.fr
2014-03-22 09:13:45,twitter.com
2014-03-22 09:13:46,www.actusports.fr
2014-03-22 09:13:47,www.actusports.fr
2014-03-22 09:13:48,www.actusports.fr
2014-03-22 09:13:49,www.actusports.fr
2014-03-22 09:13:50,www.actusports.fr
2014-03-22 09:13:51,www.ultimedia.com
2014-03-22 09:13:51,twitter.com
2014-03-22 09:13:52,platform.twitter.com
2014-03-22 09:13:59,www.facebook.com
2014-03-22 09:14:00,www.facebook.com
2014-03-22 09:14:20,pbs.twimg.com
2014-03-22 09:14:20,www.google.com
2014-03-22 09:14:23,www.bing.com
2014-03-22 09:14:24,twitter.com
2014-03-22 09:14:25,www.bing.com
2014-03-22 09:14:26,www.bing.com
2014-03-22 09:14:27,ts4.mm.bing.net
2014-03-22 09:14:27,platform.twitter.com
2014-03-22 09:14:27,www.bing.com
2014-03-22 09:14:27,ts3.mm.bing.net
2014-03-22 09:14:27,ts2.mm.bing.net
2014-03-22 09:14:27,ts1.mm.bing.net
2014-03-22 09:14:28,ts2.mm.bing.net
2014-03-22 09:14:28,www.bing.com
2014-03-22 09:14:28,api.bing.com
2014-03-22 09:14:28,ts3.mm.bing.net
2014-03-22 09:14:28,ts4.mm.bing.net
2014-03-22 09:14:28,ts1.mm.bing.net
2014-03-22 09:14:29,ts4.mm.bing.net
2014-03-22 09:14:29,ts1.mm.bing.net
2014-03-22 09:14:29,www.bing.com
2014-03-22 09:14:30,www.bing.com
2014-03-22 09:14:30,franche-comte.france3.fr
2014-03-22 09:14:30,tout-metz.com
2014-03-22 09:14:30,login.live.com
2014-03-22 09:14:31,ssl.bing.com
2014-03-22 09:14:31,cache.20minutes.fr
2014-03-22 09:14:31,www.fff.fr
2014-03-22 09:14:31,ts1.mm.bing.net
2014-03-22 09:14:31,www.lejournaldesentreprises.com
2014-03-22 09:14:31,www.mhscfoot.com
2014-03-22 09:14:31,www.lemeilleurdupsg.com
2014-03-22 09:14:31,s.psg.fr
2014-03-22 09:14:32,www.fc-charleroi.be
2014-03-22 09:14:32,ts1.mm.bing.net
2014-03-22 09:14:32,www.bing.com
2014-03-22 09:14:32,www.vafc.free.fr
2014-03-22 09:14:34,www.bing.com
2014-03-22 09:14:35,ts1.mm.bing.net
2014-03-22 09:14:35,www.bing.com
2014-03-22 09:14:36,www.bing.com
2014-03-22 09:14:36,ts2.mm.bing.net
2014-03-22 09:14:37,www.lamanchelibre.fr
2014-03-22 09:14:37,img299.imageshack.us
2014-03-22 09:14:37,s.olweb.fr
2014-03-22 09:14:38,ts1.mm.bing.net
2014-03-22 09:14:38,www.bing.com
2014-03-22 09:14:38,imageshack.us
2014-03-22 09:14:38,images.actufoot.com
2014-03-22 09:14:38,cahiersdufootball.net
2014-03-22 09:14:38,www.ouest-france.fr
2014-03-22 09:14:38,ekladata.com
2014-03-22 09:14:38,www.macreablog.com
2014-03-22 09:14:39,static.oujdacity.net
2014-03-22 09:14:39,www.bing.com
2014-03-22 09:14:40,ts1.mm.bing.net
2014-03-22 09:14:41,www.bing.com
2014-03-22 09:14:42,www.bing.com
2014-03-22 09:14:43,ts1.mm.bing.net
2014-03-22 09:14:44,login.live.com
2014-03-22 09:14:44,www.bing.com
2014-03-22 09:14:44,www.foot-national.com
2014-03-22 09:14:44,statique.foot-national.com
2014-03-22 09:14:45,statique.foot-national.com
2014-03-22 09:14:45,sc.tynt.com
2014-03-22 09:14:45,www.facebook.com
2014-03-22 09:14:45,static.ak.facebook.com
2014-03-22 09:14:45,s-static.ak.facebook.com
2014-03-22 09:14:46,go.disqus.com
2014-03-22 09:14:46,statique.foot-national.com
2014-03-22 09:14:46,footnational.disqus.com
2014-03-22 09:14:46,widget.achetezfacile.com
2014-03-22 09:14:47,ajax.googleapis.com
2014-03-22 09:14:47,disqus.com
2014-03-22 09:14:47,i.htfacile.fr
2014-03-22 09:14:47,statique.foot-national.com
2014-03-22 09:14:48,disqus.com
2014-03-22 09:14:48,media.conforama.fr
2014-03-22 09:14:49,statique.foot-national.com
2014-03-22 09:14:49,apis.google.com
2014-03-22 09:14:50,accounts.google.com
2014-03-22 09:14:50,www.facebook.com
2014-03-22 09:14:53,www.facebook.com
2014-03-22 09:14:54,www.bing.com
2014-03-22 09:14:56,login.live.com
2014-03-22 09:15:04,www.bing.com
2014-03-22 09:15:10,ssl.bing.com
2014-03-22 09:15:10,www.bing.com
2014-03-22 09:15:10,www.fff.fr
2014-03-22 09:15:11,www.fff.fr
2014-03-22 09:15:11,widget.cloud.opta.net
2014-03-22 09:15:12,widget.cloud.opta.net
2014-03-22 09:15:12,www.fff.fr
2014-03-22 09:15:13,www.fff.fr
2014-03-22 09:15:13,assets-pub.lefigaro.fr
2014-03-22 09:15:13,maps.google.com
2014-03-22 09:15:14,www.fff.fr
2014-03-22 09:15:14,widget.cloud.opta.net
2014-03-22 09:15:14,www.youtube.com
2014-03-22 09:15:14,w.sharethis.com
2014-03-22 09:15:15,www.fff.fr
2014-03-22 09:15:16,www.fff.fr
2014-03-22 09:15:16,static.ak.facebook.com
2014-03-22 09:15:16,s-static.ak.facebook.com
2014-03-22 09:15:16,s.ytimg.com
2014-03-22 09:15:16,www.youtube.com
2014-03-22 09:15:16,platform.twitter.com
2014-03-22 09:15:17,w.sharethis.com
2014-03-22 09:15:17,s.ytimg.com
2014-03-22 09:15:17,twitter.com
2014-03-22 09:15:17,edge.sharethis.com
2014-03-22 09:15:17,www.facebook.com
2014-03-22 09:15:17,widget.cloud.opta.net
2014-03-22 09:15:18,www.facebook.com
2014-03-22 09:15:18,w.sharethis.com
2014-03-22 09:15:19,maps.googleapis.com
2014-03-22 09:16:19,apis.google.com
2014-03-22 09:16:19,accounts.google.com
2014-03-22 09:16:59,api.bing.com
2014-03-22 09:17:00,api.bing.com
2014-03-22 09:17:02,api.bing.com
2014-03-22 09:17:03,api.bing.com
2014-03-22 09:17:04,api.bing.com
2014-03-22 09:17:05,api.bing.com
2014-03-22 09:17:06,www.bing.com
2014-03-22 09:17:07,www.bing.com
2014-03-22 09:17:08,www.bing.com
2014-03-22 09:17:09,dev.virtualearth.net
2014-03-22 09:17:10,login.live.com
2014-03-22 09:17:11,www.bing.com
2014-03-22 09:17:19,www.bing.com
2014-03-22 09:17:19,dev.virtualearth.net
2014-03-22 09:17:20,ssl.bing.com
2014-03-22 09:17:20,www.bing.com
2014-03-22 09:17:21,login.live.com
2014-03-22 09:17:21,www.fcbayern.de
2014-03-22 09:17:21,www.bing.com
2014-03-22 09:17:22,www.fcbayern.de
2014-03-22 09:17:23,www.fcbayern.de
2014-03-22 09:17:24,www.fcbayern.de
2014-03-22 09:17:25,connect.facebook.net
2014-03-22 09:17:25,platform.twitter.com
2014-03-22 09:17:25,apis.google.com
2014-03-22 09:17:25,www.fcbayern.de
2014-03-22 09:17:26,www.fcbayern.de
2014-03-22 09:17:26,static.ak.facebook.com
2014-03-22 09:17:26,s-static.ak.facebook.com
2014-03-22 09:17:26,www.facebook.com
2014-03-22 09:17:26,apis.google.com
2014-03-22 09:17:26,accounts.google.com
2014-03-22 09:17:47,accounts.google.com
2014-03-22 09:17:48,www.fcbayern.de
2014-03-22 09:17:48,www.fcb.tv
2014-03-22 09:17:49,www.fcb.tv
2014-03-22 09:17:49,www.fcbayern.de
2014-03-22 09:17:50,www.fcb.tv
2014-03-22 09:17:51,accounts.google.com
2014-03-22 09:17:51,www.fcbayern.de
2014-03-22 09:17:51,www.fcb.tv
2014-03-22 09:17:52,www.fcb.tv
2014-03-22 09:17:52,accounts.google.com
2014-03-22 09:17:54,www.fcb.tv
2014-03-22 09:17:55,www.fcb.tv
2014-03-22 09:17:58,www.fcbayern.de
2014-03-22 09:17:59,www.fcbayern.de
2014-03-22 09:17:59,static.ak.facebook.com
2014-03-22 09:17:59,s-static.ak.facebook.com
2014-03-22 09:17:59,www.facebook.com
2014-03-22 09:18:00,www.fcbayern.de
2014-03-22 09:18:01,www.fcbayern.de
2014-03-22 09:18:02,www.fcbayern.de
2014-03-22 09:18:03,www.fcbayern.de
2014-03-22 09:18:03,static.ak.facebook.com
2014-03-22 09:18:03,s-static.ak.facebook.com
2014-03-22 09:18:03,www.facebook.com
2014-03-22 09:18:03,pbs.twimg.com
2014-03-22 09:18:04,www.fcbayern.de
2014-03-22 09:18:22,www.fcbayern.de
2014-03-22 09:18:37,www.fcbayern.de
2014-03-22 09:18:38,www.fcbayern.de
2014-03-22 09:18:39,s-static.ak.facebook.com
2014-03-22 09:18:39,www.facebook.com
2014-03-22 09:18:39,static.ak.facebook.com
2014-03-22 09:18:39,www.fcbayern.de
2014-03-22 09:18:48,www.fcbayern.de
2014-03-22 09:18:49,connect.facebook.net
2014-03-22 09:18:49,www.fcbayern.de
2014-03-22 09:18:50,www.fcbayern.de
2014-03-22 09:18:52,static.ak.facebook.com
2014-03-22 09:18:52,s-static.ak.facebook.com
2014-03-22 09:18:52,www.facebook.com
2014-03-22 09:18:59,www.fcbayern.de
2014-03-22 09:18:59,www.myfcb.de
2014-03-22 09:19:00,www.myfcb.de
2014-03-22 09:19:00,ajax.googleapis.com
2014-03-22 09:19:01,ajax.googleapis.com
2014-03-22 09:19:02,www.youtube.com
2014-03-22 09:19:03,s.ytimg.com
2014-03-22 09:19:04,s.ytimg.com
2014-03-22 09:19:04,www.facebook.com
2014-03-22 09:19:04,connect.facebook.net
2014-03-22 09:19:04,plusone.google.com
2014-03-22 09:19:05,s.ytimg.com
2014-03-22 09:19:05,www.google.com
2014-03-22 09:19:05,platform.twitter.com
2014-03-22 09:19:05,plusone.google.com
2014-03-22 09:19:05,www.facebook.com
2014-03-22 09:19:05,s-static.ak.facebook.com
2014-03-22 09:19:05,twitter.com
2014-03-22 09:19:05,www.myfcb.de
2014-03-22 09:19:05,connect.facebook.net
2014-03-22 09:19:13,www.fcbayern.de
2014-03-22 09:19:14,www.fcbayern.de
2014-03-22 09:19:15,www.fcbayern.de
2014-03-22 09:19:16,www.fcbayern.de
2014-03-22 09:19:17,www.fcbayern.de
2014-03-22 09:19:18,www.fcbayern.de
2014-03-22 09:19:21,www.fcbayern.de
2014-03-22 09:19:22,www.fcbayern.de
2014-03-22 09:19:22,static.ak.facebook.com
2014-03-22 09:19:22,s-static.ak.facebook.com
2014-03-22 09:19:22,www.facebook.com
2014-03-22 09:19:28,www.fcbayern.de
2014-03-22 09:19:29,www.fcbayern.de
2014-03-22 09:19:30,static.ak.facebook.com
2014-03-22 09:19:30,www.facebook.com
2014-03-22 09:19:30,s-static.ak.facebook.com
2014-03-22 09:19:30,www.fcbayern.de
2014-03-22 09:19:36,twitter.com
2014-03-22 09:19:58,www.google.com
2014-03-22 09:19:59,www.bing.com
2014-03-22 09:19:59,dev.virtualearth.net
2014-03-22 09:20:01,www.bing.com
2014-03-22 09:20:01,login.live.com
2014-03-22 09:20:06,www.myfcb.de
2014-03-22 09:20:09,www.bing.com
2014-03-22 09:20:10,www.bing.com
2014-03-22 09:20:16,www.bing.com
2014-03-22 09:20:18,connect.facebook.net
2014-03-22 09:20:18,fcbayern-fr.com
2014-03-22 09:20:18,ssl.bing.com
2014-03-22 09:20:18,ajax.googleapis.com
2014-03-22 09:20:19,s-static.ak.facebook.com
2014-03-22 09:20:19,www.facebook.com
2014-03-22 09:20:19,static.ak.facebook.com
2014-03-22 09:20:19,fcbayern-fr.com
2014-03-22 09:20:20,fcbayern-fr.com
2014-03-22 09:20:41,fcbayern-fr.com
2014-03-22 09:20:42,static.ak.facebook.com
2014-03-22 09:20:42,s-static.ak.facebook.com
2014-03-22 09:20:42,www.football-euro2008.com
2014-03-22 09:20:42,www.kcpace.com
2014-03-22 09:20:42,www.facebook.com
2014-03-22 09:20:42,fcbayern-fr.com
2014-03-22 09:24:34,fcbayern-fr.com
2014-03-22 09:24:35,static.ak.facebook.com
2014-03-22 09:24:35,www.facebook.com
2014-03-22 09:24:35,s-static.ak.facebook.com
2014-03-22 09:25:50,fcbayern-fr.com
2014-03-22 09:25:51,s-static.ak.facebook.com
2014-03-22 09:25:51,www.facebook.com
2014-03-22 09:25:51,static.ak.facebook.com
2014-03-22 09:25:51,fcbayern-fr.com
2014-03-22 09:26:17,fcbayern-fr.com
2014-03-22 09:26:18,www.facebook.com
2014-03-22 09:26:18,static.ak.facebook.com
2014-03-22 09:26:18,s-static.ak.facebook.com
2014-03-22 09:26:45,www.bing.com
2014-03-22 09:26:46,dev.virtualearth.net
2014-03-22 09:26:48,www.bing.com
2014-03-22 09:26:48,login.live.com
2014-03-22 09:26:49,www.bing.com
2014-03-22 09:26:50,www.bing.com
2014-03-22 09:26:52,www.bing.com
2014-03-22 09:26:52,login.live.com
2014-03-22 09:26:53,www.football.fr
2014-03-22 09:26:53,html5shiv.googlecode.com
2014-03-22 09:26:53,team.newsweb.fr
2014-03-22 09:26:53,emailretargeting.com
2014-03-22 09:26:53,ssl.bing.com
2014-03-22 09:26:54,www.football.fr
2014-03-22 09:26:54,dc1w54.wysistat.com
2014-03-22 09:26:55,static.ak.facebook.com
2014-03-22 09:26:55,xml.betclick.com
2014-03-22 09:26:55,s-static.ak.facebook.com
2014-03-22 09:26:55,www.football.fr
2014-03-22 09:26:55,apis.google.com
2014-03-22 09:26:56,sync.uuidcshmg.com
2014-03-22 09:26:57,www.facebook.com
2014-03-22 09:26:58,platform.twitter.com
2014-03-22 09:26:59,platform.twitter.com
2014-03-22 09:27:00,www.football.fr
2014-03-22 09:27:00,webdyn.football.fr
2014-03-22 09:27:03,www.football.fr
2014-03-22 09:27:04,dc1w54.wysistat.com
2014-03-22 09:27:04,apis.google.com
2014-03-22 09:27:04,sync.uuidcshmg.com
2014-03-22 09:27:06,www.facebook.com
2014-03-22 09:27:06,static.ak.facebook.com
2014-03-22 09:27:06,s-static.ak.facebook.com
2014-03-22 09:27:09,www.football.fr
2014-03-22 09:27:09,webdyn.football.fr
2014-03-22 09:27:12,platform.twitter.com
2014-03-22 09:27:19,www.bing.com
2014-03-22 09:27:19,html5shiv.googlecode.com
2014-03-22 09:27:20,dc1w54.wysistat.com
2014-03-22 09:27:20,apis.google.com
2014-03-22 09:27:21,s-static.ak.facebook.com
2014-03-22 09:27:21,apis.google.com
2014-03-22 09:27:21,xml.betclick.com
2014-03-22 09:27:21,sync.uuidcshmg.com
2014-03-22 09:27:21,static.ak.facebook.com
2014-03-22 09:27:22,www.facebook.com
2014-03-22 09:27:23,platform.twitter.com
2014-03-22 09:27:25,www.football.fr
2014-03-22 09:27:25,player.kpsule.me
2014-03-22 09:27:25,platform.twitter.com
2014-03-22 09:27:25,www.facebook.com
2014-03-22 09:27:25,webdyn.football.fr
2014-03-22 09:27:31,apis.google.com
2014-03-22 09:27:31,s-static.ak.facebook.com
2014-03-22 09:27:31,static.ak.facebook.com
2014-03-22 09:27:31,dc1w54.wysistat.com
2014-03-22 09:27:31,www.football.fr
2014-03-22 09:27:31,sync.uuidcshmg.com
2014-03-22 09:27:33,www.facebook.com
2014-03-22 09:27:35,its.tradelab.fr
2014-03-22 09:27:36,www.football.fr
2014-03-22 09:27:36,webdyn.football.fr
2014-03-22 09:27:39,platform.twitter.com
2014-03-22 09:29:25,www.bing.com
2014-03-22 09:29:26,www.bing.com
2014-03-22 09:29:27,www.bing.com
2014-03-22 09:29:28,login.live.com
2014-03-22 09:29:28,www.bing.com
2014-03-22 09:29:28,www.lequipe.fr
2014-03-22 09:29:29,ssl.bing.com
2014-03-22 09:29:29,www.lequipe.fr
2014-03-22 09:29:30,www.lequipe.fr
2014-03-22 09:29:30,static.lequipe.fr
2014-03-22 09:29:31,platform.twitter.com
2014-03-22 09:29:31,www.lequipe.fr
2014-03-22 09:29:31,www.facebook.com
2014-03-22 09:29:31,www.google.com
2014-03-22 09:29:31,code.jquery.com
2014-03-22 09:29:31,medias.lequipe.fr
2014-03-22 09:29:32,netstorage.lequipe.fr
2014-03-22 09:29:32,twitter.com
2014-03-22 09:29:32,medias.lequipe.fr
2014-03-22 09:29:32,www.lequipe.fr
2014-03-22 09:29:32,static.lequipe.fr
2014-03-22 09:29:32,pmu.eficiens-serving.com
2014-03-22 09:29:32,www.google.com
2014-03-22 09:29:33,www.google.com
2014-03-22 09:29:33,medias.lequipe.fr
2014-03-22 09:29:33,pmu.eficiens-serving.com
2014-03-22 09:29:33,static.lequipe.fr
2014-03-22 09:29:33,www.lequipe.fr
2014-03-22 09:29:33,twitter.com
2014-03-22 09:29:34,www.lequipe.fr
2014-03-22 09:29:34,widget.achetezfacile.com
2014-03-22 09:29:34,apis.google.com
2014-03-22 09:29:34,rp.gwallet.com
2014-03-22 09:29:35,www.facebook.com
2014-03-22 09:29:35,i.htfacile.fr
2014-03-22 09:29:35,www.lequipe.fr
2014-03-22 09:29:35,c1.adform.net
2014-03-22 09:29:35,apis.google.com
2014-03-22 09:29:35,static.lequipe.fr
2014-03-22 09:29:36,s-static.ak.facebook.com
2014-03-22 09:29:36,apis.google.com
2014-03-22 09:29:36,accounts.google.com
2014-03-22 09:29:36,static.ak.facebook.com
2014-03-22 09:29:36,www.lequipe.fr
2014-03-22 09:29:36,c1.adform.net
2014-03-22 09:29:37,platform.twitter.com
2014-03-22 09:29:37,www.facebook.com
2014-03-22 09:29:37,www.lequipe.fr
2014-03-22 09:29:38,accounts.google.com
2014-03-22 09:29:38,platform.twitter.com
2014-03-22 09:29:41,static.lequipe.fr
2014-03-22 09:29:54,www.lequipe.fr
2014-03-22 09:30:07,www.facebook.com
2014-03-22 09:30:40,www.lequipe.fr
2014-03-22 09:31:42,www.lequipe.fr
2014-03-22 09:32:44,www.lequipe.fr
2014-03-22 09:33:46,www.lequipe.fr
2014-03-22 09:34:47,www.lequipe.fr
2014-03-22 09:35:50,www.lequipe.fr
2014-03-22 09:36:51,www.lequipe.fr
2014-03-22 09:37:19,maps.googleapis.com
2014-03-22 09:37:19,maps-api-ssl.google.com
2014-03-22 09:37:20,mts0.googleapis.com
2014-03-22 09:37:20,mts1.googleapis.com
2014-03-22 09:37:20,maps.googleapis.com
2014-03-22 09:37:20,maps-api-ssl.google.com
2014-03-22 09:37:21,mts0.googleapis.com
2014-03-22 09:37:21,mts1.googleapis.com
2014-03-22 09:37:54,www.lequipe.fr
2014-03-22 09:38:11,maps.googleapis.com
2014-03-22 09:38:11,mts1.googleapis.com
2014-03-22 09:38:11,mts0.googleapis.com
2014-03-22 09:38:12,mts0.googleapis.com
2014-03-22 09:38:12,maps.googleapis.com
2014-03-22 09:38:12,mts1.googleapis.com
2014-03-22 09:38:12,www.lequipe.fr
2014-03-22 09:38:56,mts0.googleapis.com
2014-03-22 09:38:56,www.lequipe.fr
2014-03-22 09:39:16,maps.googleapis.com
2014-03-22 09:39:16,mts0.googleapis.com
2014-03-22 09:39:24,s-static.ak.facebook.com
2014-03-22 09:39:25,www.bing.com
2014-03-22 09:39:28,login.live.com
2014-03-22 09:39:30,www.bing.com
2014-03-22 09:39:30,ssl.bing.com
2014-03-22 09:39:38,www.bing.com
2014-03-22 09:39:40,www.bing.com
2014-03-22 09:39:40,login.live.com
2014-03-22 09:39:41,www.bing.com
2014-03-22 09:39:48,fr.wikipedia.org
2014-03-22 09:39:48,www.bing.com
2014-03-22 09:39:48,ssl.bing.com
2014-03-22 09:39:48,bits.wikimedia.org
2014-03-22 09:39:49,meta.wikimedia.org
2014-03-22 09:39:49,bits.wikimedia.org
2014-03-22 09:39:50,fr.wikipedia.org
2014-03-22 09:39:53,www.bing.com
2014-03-22 09:39:55,meta.wikimedia.org
2014-03-22 09:39:55,fr.wikipedia.org
2014-03-22 09:39:55,www.bing.com
