timestamp,site
2013-06-12 10:19:19,fpdownload2.macromedia.com
2013-06-12 10:19:22,go.microsoft.com
2013-06-12 10:19:22,windows.microsoft.com
2013-06-12 10:19:22,ajax.microsoft.com
2013-06-12 10:19:22,js.microsoft.com
2013-06-12 10:19:22,res2.windows.microsoft.com
2013-06-12 10:19:22,res1.windows.microsoft.com
2013-06-12 10:19:23,js.microsoft.com
2013-06-12 10:19:23,windows.microsoft.com
2013-06-12 10:19:38,www.google.fr
2013-06-12 10:19:52,apis.google.com
2013-06-12 10:19:52,www.google.fr
2013-06-12 10:19:55,www.google.com
2013-06-12 10:20:51,mail.google.com
2013-06-12 10:20:53,accounts.google.com
2013-06-12 10:20:54,mail.google.com
2013-06-12 10:20:54,www.google.com
2013-06-12 10:20:54,accounts.google.com
2013-06-12 10:20:54,www.google.fr
2013-06-12 10:20:54,apis.google.com
2013-06-12 10:20:56,mail.google.com
2013-06-12 10:20:57,accounts.google.com
2013-06-12 10:20:57,apis.google.com
2013-06-12 10:20:57,mail.google.com
2013-06-12 10:20:57,www.google.com
2013-06-12 10:20:59,apis.google.com
2013-06-12 10:21:11,accounts.youtube.com
2013-06-12 10:21:11,accounts.google.fr
2013-06-12 10:21:14,www.google.com
2013-06-12 10:21:14,mail.google.com
2013-06-12 10:21:14,plus.google.com
2013-06-12 10:21:14,accounts.google.com
2013-06-12 10:21:14,accounts.google.fr
2013-06-12 10:21:14,apis.google.com
2013-06-12 10:21:14,clients2.google.com
2013-06-12 10:21:15,mail.google.com
2013-06-12 10:21:15,clients2.google.com
2013-06-12 10:21:15,plus.google.com
2013-06-12 10:21:16,apis.google.com
2013-06-12 10:21:18,chatenabled.mail.google.com
2013-06-12 10:21:18,plus.google.com
2013-06-12 10:21:19,b.mail.google.com
2013-06-12 10:21:19,apis.google.com
2013-06-12 10:21:31,www.google.fr
2013-06-12 10:21:32,apis.google.com
2013-06-12 10:21:34,www.google.com
2013-06-12 10:21:48,www.google.fr
2013-06-12 10:21:48,www.google.com
2013-06-12 10:21:48,apis.google.com
2013-06-12 10:21:49,www.google.fr
2013-06-12 10:21:51,plus.google.com
2013-06-12 10:23:14,mail.google.com
2013-06-12 10:24:16,mail.google.com
2013-06-12 10:25:15,mail.google.com
2013-06-12 10:25:20,plus.google.com
2013-06-12 10:26:16,chatenabled.mail.google.com
2013-06-12 10:26:16,apis.google.com
2013-06-12 10:26:17,apis.google.com
2013-06-12 10:26:25,plus.google.com
2013-06-12 10:26:49,clients6.google.com
2013-06-12 10:26:50,mail.google.com
2013-06-12 10:27:15,mail.google.com
2013-06-12 10:28:16,mail.google.com
2013-06-12 10:29:16,mail.google.com
2013-06-12 10:30:09,clients6.google.com
2013-06-12 10:30:18,shell.windows.com
2013-06-12 10:30:18,go.microsoft.com
2013-06-12 10:30:19,shell.windows.com
2013-06-12 10:30:20,shell.windows.com
2013-06-12 10:30:50,apis.google.com
2013-06-12 10:31:15,plus.google.com
2013-06-12 10:34:09,clients6.google.com
2013-06-12 10:34:17,clients6.google.com
2013-06-12 10:35:20,plus.google.com
2013-06-12 10:35:30,plus.google.com
2013-06-12 10:38:47,clients6.google.com
2013-06-12 10:40:17,clients6.google.com
2013-06-12 10:45:30,plus.google.com
2013-06-12 10:45:34,clients6.google.com
2013-06-12 10:49:35,plus.google.com
2013-06-12 10:50:16,mail.google.com
2013-06-12 10:52:55,clients6.google.com
2013-06-12 10:55:31,plus.google.com
2013-06-12 10:58:17,clients6.google.com
2013-06-12 11:05:31,plus.google.com
2013-06-12 11:06:18,chatenabled.mail.google.com
2013-06-12 11:12:00,clients6.google.com
2013-06-12 11:15:31,plus.google.com
2013-06-12 11:19:04,mail.google.com
2013-06-12 11:19:06,mail.google.com
2013-06-12 11:25:07,b.mail.google.com
2013-06-12 11:25:32,plus.google.com
2013-06-12 11:25:47,clients6.google.com
2013-06-12 11:35:32,plus.google.com
2013-06-12 11:45:32,plus.google.com
2013-06-12 11:55:32,plus.google.com
2013-06-12 11:58:43,www.google.fr
2013-06-12 11:58:55,www.google.fr
2013-06-12 11:58:56,apis.google.com
2013-06-12 11:58:58,www.google.com
2013-06-12 11:59:03,accounts.google.com
2013-06-12 11:59:13,plus.google.com
2013-06-12 12:02:56,apis.google.com
2013-06-12 12:02:58,www.google.fr
2013-06-12 12:02:58,www.google.com
2013-06-12 12:03:03,accounts.google.com
2013-06-12 12:03:13,plus.google.com
2013-06-12 12:05:05,mail.google.com
2013-06-12 12:05:33,plus.google.com
2013-06-12 12:07:08,plus.google.com
2013-06-12 12:07:08,www.google.com
2013-06-12 12:07:08,mail.google.com
2013-06-12 12:07:19,mail.google.com
2013-06-12 12:07:20,accounts.google.fr
2013-06-12 12:07:20,accounts.google.com
2013-06-12 12:07:20,www.google.fr
2013-06-12 12:07:20,www.google.com
2013-06-12 12:07:24,b.mail.google.com
2013-06-12 12:07:37,accounts.youtube.com
2013-06-12 12:07:37,clients6.google.com
2013-06-12 12:08:17,accounts.google.com
2013-06-12 12:08:17,mail.google.com
2013-06-12 12:08:17,accounts.google.fr
2013-06-12 12:08:17,www.google.fr
2013-06-12 12:08:17,clients6.google.com
2013-06-12 12:08:17,accounts.youtube.com
2013-06-12 12:11:19,www.google.fr
2013-06-12 12:11:30,www.google.fr
2013-06-12 12:11:31,apis.google.com
2013-06-12 12:11:34,www.google.com
2013-06-12 12:11:46,apis.google.com
2013-06-12 12:11:46,www.google.fr
2013-06-12 12:11:46,www.google.com
2013-06-12 12:11:47,www.google.fr
2013-12-13 10:24:11,fpdownload2.macromedia.com
2013-12-13 10:24:17,www.google.fr
2013-12-13 10:24:29,www.google.fr
2013-12-13 10:24:29,apis.google.com
2013-12-13 10:24:32,www.google.com
2013-12-13 10:25:37,www.google.com
2013-12-13 10:25:37,apis.google.com
2013-12-13 10:25:37,www.google.fr
2013-12-13 10:26:17,mail.google.com
2013-12-13 10:26:18,mail.google.com
2013-12-13 10:26:19,mail.google.com
2013-12-13 10:26:20,accounts.google.com
2013-12-13 10:26:25,accounts.youtube.com
2013-12-13 10:26:25,www.google.com
2013-12-13 10:26:29,accounts.google.fr
2013-12-13 10:26:33,clients2.google.com
2013-12-13 10:26:33,plus.google.com
2013-12-13 10:26:33,www.google.com
2013-12-13 10:26:33,mail.google.com
2013-12-13 10:26:33,accounts.google.com
2013-12-13 10:26:33,accounts.youtube.com
2013-12-13 10:26:33,accounts.google.fr
2013-12-13 10:26:33,apis.google.com
2013-12-13 10:26:34,plus.google.com
2013-12-13 10:26:34,mail.google.com
2013-12-13 10:26:34,clients2.google.com
2013-12-13 10:26:35,apis.google.com
2013-12-13 10:26:35,plus.google.com
2013-12-13 10:26:37,chatenabled.mail.google.com
2013-12-13 10:26:38,accounts.google.com
2013-12-13 10:26:38,b.mail.google.com
2013-12-13 10:26:42,chatenabled.mail.google.com
2013-12-13 10:26:42,plus.google.com
2013-12-13 10:26:43,mail.google.com
2013-12-13 10:26:43,apis.google.com
2013-12-13 10:26:44,mail.google.com
2013-12-13 10:26:47,plus.google.com
2013-12-13 10:27:02,shell.windows.com
2013-12-13 10:27:02,go.microsoft.com
2013-12-13 10:27:03,shell.windows.com
2013-12-13 10:27:04,shell.windows.com
2013-12-13 10:27:07,clients6.google.com
2013-12-13 10:27:07,mail.google.com
2013-12-13 10:28:33,mail.google.com
2013-12-13 10:31:07,apis.google.com
2013-12-13 10:31:10,clients6.google.com
2013-12-13 10:31:13,clients6.google.com
2013-12-13 10:31:29,plus.google.com
2013-12-13 10:35:13,clients6.google.com
2013-12-13 10:37:41,plus.google.com
2013-12-13 10:41:41,plus.google.com
2013-12-13 10:44:29,clients6.google.com
2013-12-13 10:50:49,plus.google.com
2013-12-13 10:52:48,mail.google.com
2013-12-13 10:56:55,clients6.google.com
2013-12-13 11:00:35,mail.google.com
2013-12-13 11:00:50,plus.google.com
2013-12-13 11:10:50,plus.google.com
2013-12-13 11:14:56,mail.google.com
2013-12-13 11:17:47,mail.google.com
2013-12-13 11:20:50,plus.google.com
2013-12-13 11:21:47,mail.google.com
2013-12-13 11:26:47,mail.google.com
2013-12-13 11:30:50,plus.google.com
2013-12-13 11:30:52,b.mail.google.com
2013-12-13 11:31:47,mail.google.com
2013-12-13 11:36:47,mail.google.com
2013-12-13 11:40:51,plus.google.com
2013-12-13 11:42:37,mail.google.com
2013-12-13 11:46:47,mail.google.com
2013-12-13 11:49:02,mail.google.com
2013-12-13 11:50:51,plus.google.com
2013-12-13 11:53:36,clients6.google.com
2013-12-13 12:00:51,plus.google.com
2013-12-13 12:08:37,mail.google.com
2013-12-13 12:10:52,plus.google.com
2013-12-13 12:13:37,mail.google.com
2013-12-13 12:16:24,b.mail.google.com
2013-12-13 12:16:31,mail.google.com
2013-12-17 23:37:32,ieonline.microsoft.com
2013-12-17 23:37:37,www.google.fr
2013-12-17 23:37:39,www.google.com
2013-12-17 23:37:40,apis.google.com
2013-12-17 23:37:42,www.google.fr
2013-12-17 23:37:42,mail.google.com
2013-12-17 23:37:42,accounts.google.com
2013-12-17 23:37:43,www.google.fr
2013-12-17 23:37:43,accounts.youtube.com
2013-12-17 23:37:45,apis.google.com
2013-12-17 23:38:00,www.google.com
2013-12-17 23:38:01,accounts.google.fr
2013-12-17 23:38:04,accounts.google.com
2013-12-17 23:38:04,accounts.youtube.com
2013-12-17 23:38:04,accounts.google.fr
2013-12-17 23:38:05,plus.google.com
2013-12-17 23:38:05,mail.google.com
2013-12-17 23:38:05,clients2.google.com
2013-12-17 23:38:05,apis.google.com
2013-12-17 23:38:05,www.google.com
2013-12-17 23:38:06,clients2.google.com
2013-12-17 23:38:06,plus.google.com
2013-12-17 23:38:07,mail.google.com
2013-12-17 23:38:08,mail.google.com
2013-12-17 23:38:08,plus.google.com
2013-12-17 23:38:09,chatenabled.mail.google.com
2013-12-17 23:38:09,mail.google.com
2013-12-17 23:38:11,apis.google.com
2013-12-17 23:38:11,accounts.google.com
2013-12-17 23:38:11,chatenabled.mail.google.com
2013-12-17 23:38:11,plus.google.com
2013-12-17 23:38:12,plus.google.com
2013-12-17 23:38:12,gm1.ggpht.com
2013-12-17 23:38:19,mail.google.com
2013-12-17 23:38:23,mail.google.com
2013-12-17 23:38:42,mail.google.com
2013-12-17 23:38:42,clients6.google.com
2013-12-17 23:39:34,go.microsoft.com
2013-12-17 23:39:34,ieonline.microsoft.com
2013-12-17 23:42:12,gm1.ggpht.com
2013-12-17 23:42:13,gm1.ggpht.com
2013-12-17 23:42:14,mail.google.com
2013-12-17 23:42:42,apis.google.com
2013-12-17 23:42:42,clients6.google.com
2013-12-17 23:46:45,apis.google.com
2013-12-17 23:52:12,plus.google.com
2013-12-17 23:53:17,plus.google.com
2013-12-18 14:43:26,www.google.com
2013-12-18 14:43:36,www.youtube.com
2013-12-18 14:43:36,s.ytimg.com
2013-12-18 14:43:36,i1.ytimg.com
2013-12-18 14:43:37,i1.ytimg.com
2013-12-18 14:43:37,s.ytimg.com
2013-12-18 14:43:38,s.ytimg.com
2013-12-18 14:43:39,apis.google.com
2013-12-18 14:43:39,s.ytimg.com
2013-12-18 14:43:40,s.ytimg.com
2013-12-18 14:43:41,clients1.google.com
2013-12-18 14:43:44,s.ytimg.com
2013-12-18 14:43:45,apis.google.com
2013-12-18 14:43:46,i1.ytimg.com
2013-12-18 14:43:51,r2---sn-gxo5uxg-jqbe.googlevideo.com
2013-12-18 14:43:51,s.ytimg.com
2013-12-18 14:43:51,www.youtube.com
2013-12-18 14:43:51,www.youtube-nocookie.com
2013-12-18 14:43:52,s.ytimg.com
2013-12-18 14:43:52,s.youtube.com
2013-12-18 14:43:52,www.google.com
2013-12-18 14:43:52,i1.ytimg.com
2013-12-18 14:43:53,www.youtube.com
2013-12-18 14:43:53,adm.fwmrm.net
2013-12-18 14:43:55,assets.vevo.com
2013-12-18 14:43:55,i1.ytimg.com
2013-12-18 14:43:55,www.youtube.com
2013-12-18 14:43:56,i1.ytimg.com
2013-12-18 14:44:11,r2---sn-gxo5uxg-jqbe.googlevideo.com
2013-12-18 14:44:11,www.youtube.com
2013-12-18 14:44:11,s.youtube.com
2013-12-18 14:44:18,s.youtube.com
2013-12-18 14:44:21,s.youtube.com
2013-12-18 14:44:28,s.youtube.com
2013-12-18 14:44:30,r2---sn-gxo5uxg-jqbe.googlevideo.com
2013-12-18 14:44:31,r2---sn-gxo5uxg-jqbe.googlevideo.com
2013-12-18 14:44:38,s.youtube.com
2013-12-18 14:44:45,r2---sn-gxo5uxg-jqbe.googlevideo.com
2013-12-18 14:44:50,r2---sn-gxo5uxg-jqbe.googlevideo.com
2013-12-18 14:44:51,s.youtube.com
2013-12-18 14:45:00,r2---sn-gxo5uxg-jqbe.googlevideo.com
2013-12-18 14:45:08,r2---sn-gxo5uxg-jqbe.googlevideo.com
2013-12-18 14:45:13,s.youtube.com
2013-12-18 14:45:16,r2---sn-gxo5uxg-jqbe.googlevideo.com
2013-12-18 14:45:21,s.youtube.com
2013-12-18 14:45:26,ieonline.microsoft.com
2013-12-18 14:45:26,go.microsoft.com
2013-12-18 14:45:31,r2---sn-gxo5uxg-jqbe.googlevideo.com
2013-12-18 14:45:32,r2---sn-gxo5uxg-jqbe.googlevideo.com
2013-12-18 14:45:46,r2---sn-gxo5uxg-jqbe.googlevideo.com
2013-12-18 14:45:51,s.youtube.com
2013-12-18 14:45:53,s.youtube.com
2013-12-18 14:45:56,r2---sn-gxo5uxg-jqbe.googlevideo.com
2013-12-18 14:46:01,r2---sn-gxo5uxg-jqbe.googlevideo.com
2013-12-18 14:46:15,r2---sn-gxo5uxg-jqbe.googlevideo.com
2013-12-18 14:46:16,r2---sn-gxo5uxg-jqbe.googlevideo.com
2013-12-18 14:46:21,s.youtube.com
2013-12-18 14:46:31,r2---sn-gxo5uxg-jqbe.googlevideo.com
2013-12-18 14:46:33,s.youtube.com
2013-12-18 14:46:46,r2---sn-gxo5uxg-jqbe.googlevideo.com
2013-12-18 14:46:50,r2---sn-gxo5uxg-jqbe.googlevideo.com
2013-12-18 14:46:51,s.youtube.com
2013-12-18 14:47:01,r2---sn-gxo5uxg-jqbe.googlevideo.com
2013-12-18 14:47:08,r2---sn-gxo5uxg-jqbe.googlevideo.com
2013-12-18 14:47:13,www.youtube.com
2013-12-18 14:47:13,s.youtube.com
2013-12-18 14:47:16,r2---sn-gxo5uxg-jqbe.googlevideo.com
2013-12-18 14:47:21,s.youtube.com
2013-12-18 14:47:25,r2---sn-gxo5uxg-jqbe.googlevideo.com
2013-12-18 14:47:32,r2---sn-gxo5uxg-jqbe.googlevideo.com
2013-12-18 14:47:41,r2---sn-gxo5uxg-jqbe.googlevideo.com
2013-12-18 14:47:47,r2---sn-gxo5uxg-jqbe.googlevideo.com
2013-12-18 14:47:51,s.youtube.com
2013-12-18 14:47:54,s.youtube.com
2013-12-18 14:47:58,r2---sn-gxo5uxg-jqbe.googlevideo.com
2013-12-18 14:48:02,r2---sn-gxo5uxg-jqbe.googlevideo.com
2013-12-18 14:48:14,r2---sn-gxo5uxg-jqbe.googlevideo.com
2013-12-18 14:48:17,r2---sn-gxo5uxg-jqbe.googlevideo.com
2013-12-18 14:48:21,s.youtube.com
2013-12-18 14:48:29,r2---sn-gxo5uxg-jqbe.googlevideo.com
2013-12-18 14:48:32,r2---sn-gxo5uxg-jqbe.googlevideo.com
2013-12-18 14:48:34,s.youtube.com
2013-12-18 14:48:44,r2---sn-gxo5uxg-jqbe.googlevideo.com
2013-12-18 14:48:47,r2---sn-gxo5uxg-jqbe.googlevideo.com
2013-12-18 14:48:51,s.youtube.com
2013-12-18 14:49:01,r2---sn-gxo5uxg-jqbe.googlevideo.com
2013-12-18 14:49:02,r2---sn-gxo5uxg-jqbe.googlevideo.com
2013-12-18 14:49:14,s.youtube.com
2013-12-18 14:49:17,r2---sn-gxo5uxg-jqbe.googlevideo.com
2013-12-18 14:49:21,s.youtube.com
2013-12-18 14:49:23,r2---sn-gxo5uxg-jqbe.googlevideo.com
2013-12-18 14:49:32,r2---sn-gxo5uxg-jqbe.googlevideo.com
2013-12-18 14:49:51,s.youtube.com
2013-12-18 14:49:54,s.youtube.com
2013-12-18 14:50:06,s.ytimg.com
2013-12-18 14:50:07,i1.ytimg.com
2013-12-18 14:50:21,s.youtube.com
2013-12-18 14:50:34,s.youtube.com
2013-12-18 14:50:37,s.youtube.com
2013-12-18 14:51:14,s.youtube.com
2013-12-18 14:51:54,s.youtube.com
2013-12-18 15:27:08,clients1.google.com
2013-12-18 15:27:12,clients1.google.com
2013-12-18 15:27:13,clients1.google.com
2013-12-18 15:27:15,clients1.google.com
2013-12-18 15:27:16,clients1.google.com
2013-12-18 15:27:17,clients1.google.com
2013-12-18 15:27:18,clients1.google.com
2013-12-18 15:27:18,s.ytimg.com
2013-12-18 15:27:18,www.google.com
2013-12-18 15:27:19,www.youtube.com
2013-12-18 15:27:19,i1.ytimg.com
2013-12-18 15:27:20,s.ytimg.com
2013-12-18 15:27:21,adventori.com
2013-12-18 15:27:22,www.youtube.com
2013-12-18 15:27:22,www.youtube-nocookie.com
2013-12-18 15:27:23,s.ytimg.com
2013-12-18 15:27:23,i1.ytimg.com
2013-12-18 15:27:23,s.youtube.com
2013-12-18 15:27:24,lh5.ggpht.com
2013-12-18 15:27:24,adm.fwmrm.net
2013-12-18 15:27:24,i1.ytimg.com
2013-12-18 15:27:24,i3.ytimg.com
2013-12-18 15:27:24,www.youtube.com
2013-12-18 15:27:24,s.ytimg.com
2013-12-18 15:27:25,www.youtube.com
2013-12-18 15:27:26,www.youtube.com
2013-12-18 15:27:26,assets.vevo.com
2013-12-18 15:27:26,r2---sn-gxo5uxg-jqbe.googlevideo.com
2013-12-18 15:27:27,i1.ytimg.com
2013-12-18 15:27:27,www.youtube.com
2013-12-18 15:27:47,www.youtube.com
2013-12-18 15:27:47,r2---sn-gxo5uxg-jqbe.googlevideo.com
2013-12-18 15:27:48,r2---sn-gxo5uxg-jqbe.googlevideo.com
2013-12-18 15:27:48,s.youtube.com
2013-12-18 15:27:51,s.youtube.com
2013-12-18 15:27:51,r2---sn-gxo5uxg-jqbe.googlevideo.com
2013-12-18 15:27:52,r2---sn-gxo5uxg-jqbe.googlevideo.com
2013-12-18 15:27:57,s.youtube.com
2013-12-18 15:28:01,s.youtube.com
2013-12-18 15:28:07,r2---sn-gxo5uxg-jqbe.googlevideo.com
2013-12-18 15:28:11,s.youtube.com
2013-12-18 15:28:17,r2---sn-gxo5uxg-jqbe.googlevideo.com
2013-12-18 15:28:22,r2---sn-gxo5uxg-jqbe.googlevideo.com
2013-12-18 15:28:23,s.youtube.com
2013-12-18 15:28:27,s.youtube.com
2013-12-18 15:28:28,www.youtube.com
2013-12-18 15:28:37,r2---sn-gxo5uxg-jqbe.googlevideo.com
2013-12-18 15:33:57,ieonline.microsoft.com
2013-12-18 15:37:50,i1.ytimg.com
2013-12-18 15:37:50,www.youtube.com
2013-12-18 15:37:50,s.ytimg.com
2013-12-18 15:37:51,i1.ytimg.com
2013-12-18 15:37:51,s.ytimg.com
2013-12-18 15:37:52,s.ytimg.com
2013-12-18 15:37:52,apis.google.com
2013-12-18 15:37:53,s.ytimg.com
2013-12-18 15:37:54,clients1.google.com
2013-12-18 15:37:57,s.ytimg.com
2013-12-18 15:37:58,apis.google.com
2013-12-18 15:37:58,www.youtube.com
2013-12-18 15:37:58,s.ytimg.com
2013-12-18 15:37:58,www.google.com
2013-12-18 15:37:58,i1.ytimg.com
2013-12-18 15:37:59,s.ytimg.com
2013-12-18 15:38:00,adventori.com
2013-12-18 15:38:05,www.youtube.com
2013-12-18 15:38:05,r2---sn-gxo5uxg-jqbe.googlevideo.com
2013-12-18 15:38:05,www.youtube-nocookie.com
2013-12-18 15:38:05,s.ytimg.com
2013-12-18 15:38:06,www.youtube.com
2013-12-18 15:38:06,www.google.com
2013-12-18 15:38:06,i1.ytimg.com
2013-12-18 15:38:06,s.youtube.com
2013-12-18 15:38:06,s.ytimg.com
2013-12-18 15:38:07,gdata.youtube.com
2013-12-18 15:38:07,www.youtube.com
2013-12-18 15:38:07,i4.ytimg.com
2013-12-18 15:38:07,i1.ytimg.com
2013-12-18 15:38:07,r4---sn-gxo5uxg-jqbe.googlevideo.com
2013-12-18 15:38:07,s.youtube.com
2013-12-18 15:38:08,r4---sn-gxo5uxg-jqbe.googlevideo.com
2013-12-18 15:38:08,s.youtube.com
2013-12-18 15:38:08,www.youtube.com
2013-12-18 15:38:09,www.youtube.com
2013-12-18 15:38:09,i1.ytimg.com
2013-12-18 15:38:14,s.youtube.com
2013-12-18 15:38:14,r2---sn-gxo5uxg-jqbe.googlevideo.com
2013-12-18 15:38:14,www.youtube.com
2013-12-18 15:38:15,s.youtube.com
2013-12-18 15:38:15,r2---sn-gxo5uxg-jqbe.googlevideo.com
2013-12-18 15:38:17,s.youtube.com
2013-12-18 15:38:18,r2---sn-gxo5uxg-jqbe.googlevideo.com
2013-12-18 15:38:19,r2---sn-gxo5uxg-jqbe.googlevideo.com
2013-12-18 15:38:20,r2---sn-gxo5uxg-jqbe.googlevideo.com
2013-12-18 15:38:20,s.youtube.com
2013-12-18 15:38:24,s.youtube.com
2013-12-18 15:38:30,s.youtube.com
2013-12-18 15:38:33,r2---sn-gxo5uxg-jqbe.googlevideo.com
2013-12-18 15:38:35,r2---sn-gxo5uxg-jqbe.googlevideo.com
2013-12-18 15:38:40,s.youtube.com
2013-12-18 15:38:48,r2---sn-gxo5uxg-jqbe.googlevideo.com
2013-12-18 15:38:51,r2---sn-gxo5uxg-jqbe.googlevideo.com
2013-12-18 15:38:54,s.youtube.com
2013-12-18 15:39:04,r2---sn-gxo5uxg-jqbe.googlevideo.com
2013-12-18 15:39:08,r2---sn-gxo5uxg-jqbe.googlevideo.com
2013-12-18 15:39:14,s.youtube.com
2013-12-18 15:39:19,r2---sn-gxo5uxg-jqbe.googlevideo.com
2013-12-18 15:39:23,r2---sn-gxo5uxg-jqbe.googlevideo.com
2013-12-18 15:39:24,s.youtube.com
2013-12-18 15:39:34,r2---sn-gxo5uxg-jqbe.googlevideo.com
2013-12-18 15:39:36,r2---sn-gxo5uxg-jqbe.googlevideo.com
2013-12-18 15:39:49,r2---sn-gxo5uxg-jqbe.googlevideo.com
2013-12-18 15:39:53,r2---sn-gxo5uxg-jqbe.googlevideo.com
2013-12-18 15:39:54,s.youtube.com
2013-12-18 15:40:04,r2---sn-gxo5uxg-jqbe.googlevideo.com
2013-12-18 15:40:09,r2---sn-gxo5uxg-jqbe.googlevideo.com
2013-12-18 15:40:19,r2---sn-gxo5uxg-jqbe.googlevideo.com
2013-12-18 15:40:24,s.youtube.com
2013-12-18 15:40:24,r2---sn-gxo5uxg-jqbe.googlevideo.com
2013-12-18 15:40:34,s.youtube.com
2013-12-18 15:40:47,www.youtube.com
2013-12-18 15:40:54,s.ytimg.com
2013-12-18 15:40:54,i1.ytimg.com
2013-12-18 15:40:55,s.youtube.com
2013-12-18 15:41:14,s.youtube.com
2013-12-18 15:41:25,s.youtube.com
2013-12-18 15:41:54,s.youtube.com
2013-12-18 15:42:34,s.youtube.com
2013-12-18 15:47:10,r2---sn-gxo5uxg-jqbe.googlevideo.com
2013-12-18 15:47:14,s.youtube.com
2013-12-18 15:47:16,s.youtube.com
2013-12-18 15:47:46,s.youtube.com
2013-12-18 15:47:54,s.youtube.com
2013-12-18 15:48:16,s.youtube.com
2013-12-18 15:48:34,s.youtube.com
2013-12-18 15:48:46,s.youtube.com
2013-12-18 15:49:14,s.youtube.com
2013-12-18 15:49:16,s.youtube.com
2013-12-18 15:49:46,s.youtube.com
2013-12-18 15:49:54,s.youtube.com
2013-12-18 15:50:16,s.youtube.com
2013-12-18 15:50:20,s.youtube.com
2013-12-18 15:50:33,clients1.google.com
2013-12-18 15:50:35,s.youtube.com
2013-12-18 15:50:48,clients1.google.com
2013-12-18 15:50:49,clients1.google.com
2013-12-18 15:50:52,www.google.com
2013-12-18 15:50:53,www.youtube.com
2013-12-18 15:50:53,i1.ytimg.com
2013-12-18 15:50:54,adventori.com
2013-12-18 15:50:55,www.youtube-nocookie.com
2013-12-18 15:50:55,r4---sn-gxo5uxg-jqbe.googlevideo.com
2013-12-18 15:50:55,s.ytimg.com
2013-12-18 15:50:55,www.youtube.com
2013-12-18 15:50:56,i1.ytimg.com
2013-12-18 15:50:56,s.youtube.com
2013-12-18 15:50:56,lh3.ggpht.com
2013-12-18 15:50:57,www.youtube.com
2013-12-18 15:50:57,i1.ytimg.com
2013-12-18 15:50:58,lh3.ggpht.com
2013-12-18 15:50:58,i1.ytimg.com
2013-12-18 15:50:58,www.youtube.com
2013-12-18 15:50:58,r4---sn-gxo5uxg-jqbe.googlevideo.com
2013-12-18 15:50:58,s.youtube.com
2013-12-18 15:50:59,r4---sn-gxo5uxg-jqbe.googlevideo.com
2013-12-18 15:50:59,www.google.com
2013-12-18 15:50:59,www.youtube.com
2013-12-18 15:50:59,i1.ytimg.com
2013-12-18 15:51:00,r4---sn-gxo5uxg-jqbe.googlevideo.com
2013-12-18 15:51:01,r4---sn-gxo5uxg-jqbe.googlevideo.com
2013-12-18 15:51:04,s.youtube.com
2013-12-18 15:51:08,www.youtube.com
2013-12-18 15:51:08,s.youtube.com
2013-12-18 15:51:14,s.youtube.com
2013-12-18 15:51:17,r4---sn-gxo5uxg-jqbe.googlevideo.com
2013-12-18 15:51:18,r4---sn-gxo5uxg-jqbe.googlevideo.com
2013-12-18 15:51:24,s.youtube.com
2013-12-18 15:51:32,r4---sn-gxo5uxg-jqbe.googlevideo.com
2013-12-18 15:51:38,s.youtube.com
2013-12-18 15:51:40,r4---sn-gxo5uxg-jqbe.googlevideo.com
2013-12-18 15:51:47,r4---sn-gxo5uxg-jqbe.googlevideo.com
2013-12-18 15:51:54,s.youtube.com
2013-12-18 15:52:01,r4---sn-gxo5uxg-jqbe.googlevideo.com
2013-12-18 15:52:02,r4---sn-gxo5uxg-jqbe.googlevideo.com
2013-12-18 15:52:08,s.youtube.com
2013-12-18 15:52:17,r4---sn-gxo5uxg-jqbe.googlevideo.com
2013-12-18 15:52:18,r4---sn-gxo5uxg-jqbe.googlevideo.com
2013-12-18 15:52:32,r4---sn-gxo5uxg-jqbe.googlevideo.com
2013-12-18 15:52:34,s.youtube.com
2013-12-18 15:52:37,www.google.fr
2013-12-18 15:52:38,www.google.fr
2013-12-18 15:52:38,s.youtube.com
2013-12-18 15:52:39,www.google.com
2013-12-18 15:52:39,apis.google.com
2013-12-18 15:52:40,r4---sn-gxo5uxg-jqbe.googlevideo.com
2013-12-18 15:52:47,www.google.fr
2013-12-18 15:52:47,translate.google.fr
2013-12-18 15:52:47,r4---sn-gxo5uxg-jqbe.googlevideo.com
2013-12-18 15:52:47,www.google.com
2013-12-18 15:52:47,apis.google.com
2013-12-18 15:52:48,translate.google.fr
2013-12-18 15:52:49,translate.google.fr
2013-12-18 15:52:50,translate.google.fr
2013-12-18 15:52:52,translate.google.fr
2013-12-18 15:52:55,translate.google.fr
2013-12-18 15:53:02,r4---sn-gxo5uxg-jqbe.googlevideo.com
2013-12-18 15:53:04,translate.google.fr
2013-12-18 15:53:08,s.youtube.com
2013-12-18 15:53:14,s.youtube.com
2013-12-18 15:53:18,r4---sn-gxo5uxg-jqbe.googlevideo.com
2013-12-18 15:53:23,r4---sn-gxo5uxg-jqbe.googlevideo.com
2013-12-18 15:53:32,r4---sn-gxo5uxg-jqbe.googlevideo.com
2013-12-18 15:53:38,s.youtube.com
2013-12-18 15:53:40,r4---sn-gxo5uxg-jqbe.googlevideo.com
2013-12-18 15:53:48,r4---sn-gxo5uxg-jqbe.googlevideo.com
2013-12-18 15:53:54,s.youtube.com
2013-12-18 15:54:00,www.youtube.com
2013-12-18 15:54:02,r4---sn-gxo5uxg-jqbe.googlevideo.com
2013-12-18 15:54:03,r4---sn-gxo5uxg-jqbe.googlevideo.com
2013-12-18 15:54:08,s.youtube.com
2013-12-18 15:54:18,r4---sn-gxo5uxg-jqbe.googlevideo.com
2013-12-18 15:54:23,r4---sn-gxo5uxg-jqbe.googlevideo.com
2013-12-18 15:54:33,r4---sn-gxo5uxg-jqbe.googlevideo.com
2013-12-18 15:54:34,s.youtube.com
2013-12-18 15:54:37,www.google.fr
2013-12-18 15:54:38,s.youtube.com
2013-12-18 15:54:42,r4---sn-gxo5uxg-jqbe.googlevideo.com
2013-12-18 15:54:48,r4---sn-gxo5uxg-jqbe.googlevideo.com
2013-12-18 15:54:57,r4---sn-gxo5uxg-jqbe.googlevideo.com
2013-12-18 15:55:03,r4---sn-gxo5uxg-jqbe.googlevideo.com
2013-12-18 15:55:08,s.youtube.com
2013-12-18 15:55:14,s.youtube.com
2013-12-18 15:55:18,r4---sn-gxo5uxg-jqbe.googlevideo.com
2013-12-18 15:55:34,r4---sn-gxo5uxg-jqbe.googlevideo.com
2013-12-18 15:55:38,s.youtube.com
2013-12-18 15:55:40,r4---sn-gxo5uxg-jqbe.googlevideo.com
2013-12-18 15:55:49,r4---sn-gxo5uxg-jqbe.googlevideo.com
2013-12-18 15:55:54,s.youtube.com
2013-12-18 15:55:56,r4---sn-gxo5uxg-jqbe.googlevideo.com
2013-12-18 15:56:04,r4---sn-gxo5uxg-jqbe.googlevideo.com
2013-12-18 15:56:08,s.youtube.com
2013-12-18 15:56:18,r4---sn-gxo5uxg-jqbe.googlevideo.com
2013-12-18 15:56:19,r4---sn-gxo5uxg-jqbe.googlevideo.com
2013-12-18 15:56:34,s.youtube.com
2013-12-18 15:56:34,r4---sn-gxo5uxg-jqbe.googlevideo.com
2013-12-18 15:56:38,s.youtube.com
2013-12-18 15:56:49,r4---sn-gxo5uxg-jqbe.googlevideo.com
2013-12-18 15:56:56,r4---sn-gxo5uxg-jqbe.googlevideo.com
2013-12-18 15:57:04,r4---sn-gxo5uxg-jqbe.googlevideo.com
2013-12-18 15:57:08,s.youtube.com
2013-12-18 15:57:14,s.youtube.com
2013-12-18 15:57:18,r4---sn-gxo5uxg-jqbe.googlevideo.com
2013-12-18 15:57:19,r4---sn-gxo5uxg-jqbe.googlevideo.com
2013-12-18 15:57:34,r4---sn-gxo5uxg-jqbe.googlevideo.com
2013-12-18 15:57:35,r4---sn-gxo5uxg-jqbe.googlevideo.com
2013-12-18 15:57:38,s.youtube.com
2013-12-18 15:57:49,r4---sn-gxo5uxg-jqbe.googlevideo.com
2013-12-18 15:57:54,s.youtube.com
2013-12-18 15:57:56,r4---sn-gxo5uxg-jqbe.googlevideo.com
2013-12-18 15:58:04,r4---sn-gxo5uxg-jqbe.googlevideo.com
2013-12-18 15:58:09,s.youtube.com
2013-12-18 15:58:13,r4---sn-gxo5uxg-jqbe.googlevideo.com
2013-12-18 15:58:20,r4---sn-gxo5uxg-jqbe.googlevideo.com
2013-12-18 15:58:35,s.youtube.com
2013-12-18 15:58:39,s.youtube.com
2013-12-18 15:58:55,i1.ytimg.com
2013-12-18 15:59:09,s.youtube.com
2013-12-18 15:59:15,s.youtube.com
2013-12-18 15:59:25,s.youtube.com
2013-12-18 15:59:25,i1.ytimg.com
2013-12-18 15:59:55,s.youtube.com
2013-12-18 16:00:15,plus.googleapis.com
2013-12-18 16:00:15,i1.ytimg.com
2013-12-18 16:00:15,www.youtube.com
2013-12-18 16:00:16,i1.ytimg.com
2013-12-18 16:00:16,apis.google.com
2013-12-18 16:00:16,plus.googleapis.com
2013-12-18 16:00:17,i1.ytimg.com
2013-12-18 16:00:17,plus.googleapis.com
2013-12-18 16:00:23,i1.ytimg.com
2013-12-18 16:00:28,i1.ytimg.com
2013-12-18 16:00:28,r3---sn-gxo5uxg-jqbe.googlevideo.com
2013-12-18 16:00:28,www.youtube.com
2013-12-18 16:00:29,www.youtube.com
2013-12-18 16:00:29,i1.ytimg.com
2013-12-18 16:00:29,i2.ytimg.com
2013-12-18 16:00:35,i1.ytimg.com
2013-12-18 16:00:35,www.youtube.com
2013-12-18 16:00:36,plus.googleapis.com
2013-12-18 16:00:38,i1.ytimg.com
2013-12-18 16:00:48,www.youtube.com
2013-12-18 16:00:48,r4---sn-gxo5uxg-jqbe.googlevideo.com
2013-12-18 16:00:49,lh4.ggpht.com
2013-12-18 16:00:49,i1.ytimg.com
2013-12-18 16:00:49,www.youtube-nocookie.com
2013-12-18 16:00:49,www.youtube.com
2013-12-18 16:00:55,www.youtube.com
2013-12-18 16:00:55,lh4.ggpht.com
2013-12-18 16:00:56,i1.ytimg.com
2013-12-18 16:00:56,plus.googleapis.com
2013-12-18 16:00:57,www.youtube.com
2013-12-18 16:00:57,i1.ytimg.com
2013-12-18 16:00:57,lh5.ggpht.com
2013-12-18 16:00:57,r1---sn-gxo5uxg-jqbe.googlevideo.com
2013-12-18 16:00:58,www.youtube.com
2013-12-18 16:00:58,i3.ytimg.com
2013-12-18 16:00:59,clients1.google.com
2013-12-18 16:01:00,www.youtube.com
2013-12-18 16:01:01,www.youtube-nocookie.com
2013-12-18 16:01:01,r1---sn-gxo5uxg-jqbe.googlevideo.com
2013-12-18 16:01:02,s.youtube.com
2013-12-18 16:01:02,www.youtube.com
2013-12-18 16:01:02,clients1.google.com
2013-12-18 16:01:03,lh5.ggpht.com
2013-12-18 16:01:03,www.youtube.com
2013-12-18 16:01:03,gdata.youtube.com
2013-12-18 16:01:03,i1.ytimg.com
2013-12-18 16:01:03,s.ytimg.com
2013-12-18 16:01:03,r2---sn-gxo5uxg-jqbe.googlevideo.com
2013-12-18 16:01:03,s.youtube.com
2013-12-18 16:01:04,s.youtube.com
2013-12-18 16:01:04,r2---sn-gxo5uxg-jqbe.googlevideo.com
2013-12-18 16:01:04,www.youtube.com
2013-12-18 16:01:05,i1.ytimg.com
2013-12-18 16:01:05,www.youtube.com
2013-12-18 16:01:11,s.youtube.com
2013-12-18 16:01:13,s.youtube.com
2013-12-18 16:01:16,www.youtube.com
2013-12-18 16:01:19,www.youtube.com
2013-12-18 16:01:21,s.youtube.com
2013-12-18 16:01:23,s.youtube.com
2013-12-18 16:01:24,s.youtube.com
2013-12-18 16:01:24,r1---sn-gxo5uxg-jqbe.googlevideo.com
2013-12-18 16:01:24,www.youtube.com
2013-12-18 16:01:26,i1.ytimg.com
2013-12-18 16:01:28,r1---sn-gxo5uxg-jqbe.googlevideo.com
2013-12-18 16:01:29,r1---sn-gxo5uxg-jqbe.googlevideo.com
2013-12-18 16:01:31,s.youtube.com
2013-12-18 16:01:32,s.youtube.com
2013-12-18 16:01:33,s.youtube.com
2013-12-18 16:01:34,s.youtube.com
2013-12-18 16:01:42,s.youtube.com
2013-12-18 16:01:43,r1---sn-gxo5uxg-jqbe.googlevideo.com
2013-12-18 16:01:44,r1---sn-gxo5uxg-jqbe.googlevideo.com
2013-12-18 16:01:52,s.youtube.com
2013-12-18 16:01:58,r1---sn-gxo5uxg-jqbe.googlevideo.com
2013-12-18 16:02:00,r1---sn-gxo5uxg-jqbe.googlevideo.com
2013-12-18 16:02:04,s.youtube.com
2013-12-18 16:02:13,r1---sn-gxo5uxg-jqbe.googlevideo.com
2013-12-18 16:02:15,r1---sn-gxo5uxg-jqbe.googlevideo.com
2013-12-18 16:02:23,s.youtube.com
2013-12-18 16:02:29,r1---sn-gxo5uxg-jqbe.googlevideo.com
2013-12-18 16:02:31,r1---sn-gxo5uxg-jqbe.googlevideo.com
2013-12-18 16:02:34,s.youtube.com
2013-12-18 16:02:44,r1---sn-gxo5uxg-jqbe.googlevideo.com
2013-12-18 16:02:46,r1---sn-gxo5uxg-jqbe.googlevideo.com
2013-12-18 16:02:58,r1---sn-gxo5uxg-jqbe.googlevideo.com
2013-12-18 16:03:01,r1---sn-gxo5uxg-jqbe.googlevideo.com
2013-12-18 16:03:03,s.youtube.com
2013-12-18 16:03:04,s.youtube.com
2013-12-18 16:03:14,r1---sn-gxo5uxg-jqbe.googlevideo.com
2013-12-18 16:03:17,r1---sn-gxo5uxg-jqbe.googlevideo.com
2013-12-18 16:03:29,r1---sn-gxo5uxg-jqbe.googlevideo.com
2013-12-18 16:03:32,r1---sn-gxo5uxg-jqbe.googlevideo.com
2013-12-18 16:03:34,s.youtube.com
2013-12-18 16:03:44,apis.google.com
2013-12-18 16:03:44,r1---sn-gxo5uxg-jqbe.googlevideo.com
2013-12-18 16:03:44,s.youtube.com
2013-12-18 16:03:48,r1---sn-gxo5uxg-jqbe.googlevideo.com
2013-12-18 16:03:56,www.google.fr
2013-12-18 16:03:57,perso.univ-rennes1.fr
2013-12-18 16:03:57,www.google.fr
2013-12-18 16:03:57,blogperso.univ-rennes1.fr
2013-12-18 16:03:59,r1---sn-gxo5uxg-jqbe.googlevideo.com
2013-12-18 16:04:03,r1---sn-gxo5uxg-jqbe.googlevideo.com
2013-12-18 16:04:04,s.youtube.com
2013-12-18 16:04:14,r1---sn-gxo5uxg-jqbe.googlevideo.com
2013-12-18 16:04:19,r1---sn-gxo5uxg-jqbe.googlevideo.com
2013-12-18 16:04:24,s.youtube.com
2013-12-18 16:04:26,www.youtube.com
2013-12-18 16:04:29,r1---sn-gxo5uxg-jqbe.googlevideo.com
2013-12-18 16:04:34,r1---sn-gxo5uxg-jqbe.googlevideo.com
2013-12-18 16:04:34,s.youtube.com
2013-12-18 16:04:45,r1---sn-gxo5uxg-jqbe.googlevideo.com
2013-12-18 16:04:49,r1---sn-gxo5uxg-jqbe.googlevideo.com
2013-12-18 16:05:00,r1---sn-gxo5uxg-jqbe.googlevideo.com
2013-12-18 16:05:04,s.youtube.com
2013-12-18 16:05:05,s.youtube.com
2013-12-18 16:05:05,r1---sn-gxo5uxg-jqbe.googlevideo.com
2013-12-18 16:05:15,r1---sn-gxo5uxg-jqbe.googlevideo.com
2013-12-18 16:05:20,r1---sn-gxo5uxg-jqbe.googlevideo.com
2013-12-18 16:05:28,www.google.fr
2013-12-18 16:05:30,r1---sn-gxo5uxg-jqbe.googlevideo.com
2013-12-18 16:05:35,r1---sn-gxo5uxg-jqbe.googlevideo.com
2013-12-18 16:05:35,s.youtube.com
2013-12-18 16:05:44,s.youtube.com
2013-12-18 16:05:45,r1---sn-gxo5uxg-jqbe.googlevideo.com
2013-12-18 16:05:51,r1---sn-gxo5uxg-jqbe.googlevideo.com
2013-12-18 16:06:00,r1---sn-gxo5uxg-jqbe.googlevideo.com
2013-12-18 16:06:05,s.youtube.com
2013-12-18 16:06:06,r1---sn-gxo5uxg-jqbe.googlevideo.com
2013-12-18 16:06:15,r1---sn-gxo5uxg-jqbe.googlevideo.com
2013-12-18 16:06:22,r1---sn-gxo5uxg-jqbe.googlevideo.com
2013-12-18 16:06:24,s.youtube.com
2013-12-18 16:06:30,r1---sn-gxo5uxg-jqbe.googlevideo.com
2013-12-18 16:06:35,s.youtube.com
2013-12-18 16:06:37,r1---sn-gxo5uxg-jqbe.googlevideo.com
2013-12-18 16:06:45,r1---sn-gxo5uxg-jqbe.googlevideo.com
2013-12-18 16:06:52,r1---sn-gxo5uxg-jqbe.googlevideo.com
2013-12-18 16:07:00,r1---sn-gxo5uxg-jqbe.googlevideo.com
2013-12-18 16:07:04,s.youtube.com
2013-12-18 16:07:05,s.youtube.com
2013-12-18 16:07:32,i1.ytimg.com
2013-12-18 16:07:35,s.youtube.com
2013-12-18 16:07:44,s.youtube.com
2013-12-18 16:08:02,s.youtube.com
2013-12-18 16:08:03,s.youtube.com
2013-12-18 16:08:24,s.youtube.com
2013-12-18 16:08:37,i1.ytimg.com
2013-12-18 16:08:38,www.youtube.com
2013-12-18 16:08:39,www.youtube-nocookie.com
2013-12-18 16:08:39,s.youtube.com
2013-12-18 16:08:39,r4---sn-gxo5uxg-jqbe.googlevideo.com
2013-12-18 16:08:40,www.youtube.com
2013-12-18 16:08:41,n.dyntrk.com
2013-12-18 16:08:41,www.youtube.com
2013-12-18 16:08:42,n.dyntrk.com
2013-12-18 16:08:42,www.youtube.com
2013-12-18 16:08:43,i1.ytimg.com
2013-12-18 16:08:43,www.youtube.com
2013-12-18 16:08:44,n.dyntrk.com
2013-12-18 16:08:46,n.dyntrk.com
2013-12-18 16:08:48,n.dyntrk.com
2013-12-18 16:08:50,n.dyntrk.com
2013-12-18 16:08:50,www.youtube.com
2013-12-18 16:08:50,r4---sn-gxo5uxg-jqbe.googlevideo.com
2013-12-18 16:08:51,s.youtube.com
2013-12-18 16:08:51,r4---sn-gxo5uxg-jqbe.googlevideo.com
2013-12-18 16:08:54,r4---sn-gxo5uxg-jqbe.googlevideo.com
2013-12-18 16:08:55,s.youtube.com
2013-12-18 16:08:58,r4---sn-gxo5uxg-jqbe.googlevideo.com
2013-12-18 16:09:01,s.youtube.com
2013-12-18 16:09:05,s.youtube.com
2013-12-18 16:09:10,r4---sn-gxo5uxg-jqbe.googlevideo.com
2013-12-18 16:09:14,r4---sn-gxo5uxg-jqbe.googlevideo.com
2013-12-18 16:09:15,s.youtube.com
2013-12-18 16:09:25,r4---sn-gxo5uxg-jqbe.googlevideo.com
2013-12-18 16:09:30,r4---sn-gxo5uxg-jqbe.googlevideo.com
2013-12-18 16:09:31,s.youtube.com
2013-12-18 16:09:40,r4---sn-gxo5uxg-jqbe.googlevideo.com
2013-12-18 16:09:47,r4---sn-gxo5uxg-jqbe.googlevideo.com
2013-12-18 16:09:50,s.youtube.com
2013-12-18 16:09:55,r4---sn-gxo5uxg-jqbe.googlevideo.com
2013-12-18 16:10:01,s.youtube.com
2013-12-18 16:10:03,r4---sn-gxo5uxg-jqbe.googlevideo.com
2013-12-18 16:10:10,r4---sn-gxo5uxg-jqbe.googlevideo.com
2013-12-18 16:10:19,r4---sn-gxo5uxg-jqbe.googlevideo.com
2013-12-18 16:10:25,r4---sn-gxo5uxg-jqbe.googlevideo.com
2013-12-18 16:10:30,s.youtube.com
2013-12-18 16:10:31,s.youtube.com
2013-12-18 16:10:35,r4---sn-gxo5uxg-jqbe.googlevideo.com
2013-12-18 16:10:40,r4---sn-gxo5uxg-jqbe.googlevideo.com
2013-12-18 16:10:51,r4---sn-gxo5uxg-jqbe.googlevideo.com
2013-12-18 16:10:55,r4---sn-gxo5uxg-jqbe.googlevideo.com
2013-12-18 16:11:01,s.youtube.com
2013-12-18 16:11:07,r4---sn-gxo5uxg-jqbe.googlevideo.com
2013-12-18 16:11:10,s.youtube.com
2013-12-18 16:11:10,r4---sn-gxo5uxg-jqbe.googlevideo.com
2013-12-18 16:11:23,r4---sn-gxo5uxg-jqbe.googlevideo.com
2013-12-18 16:11:26,r4---sn-gxo5uxg-jqbe.googlevideo.com
2013-12-18 16:11:31,s.youtube.com
2013-12-18 16:11:40,r4---sn-gxo5uxg-jqbe.googlevideo.com
2013-12-19 21:28:26,www.youtube.com
2013-12-19 21:28:26,s.ytimg.com
2013-12-19 21:28:26,i1.ytimg.com
2013-12-19 21:28:27,i1.ytimg.com
2013-12-19 21:28:27,s.ytimg.com
2013-12-19 21:28:27,www.google.com
2013-12-19 21:28:28,s.ytimg.com
2013-12-19 21:28:28,apis.google.com
2013-12-19 21:28:28,i1.ytimg.com
2013-12-19 21:28:29,www.youtube.com
2013-12-19 21:28:29,i2.ytimg.com
2013-12-19 21:28:33,s.ytimg.com
2013-12-19 21:28:34,i1.ytimg.com
2013-12-19 21:28:35,i1.ytimg.com
2013-12-19 21:28:35,apis.google.com
2013-12-19 21:28:39,s.ytimg.com
2013-12-19 21:28:39,clients1.google.com
2013-12-19 21:28:43,clients1.google.com
2013-12-19 21:28:44,clients1.google.com
2013-12-19 21:28:46,www.google.com
2013-12-19 21:28:46,s.ytimg.com
2013-12-19 21:28:46,www.youtube.com
2013-12-19 21:28:47,i1.ytimg.com
2013-12-19 21:28:47,s.ytimg.com
2013-12-19 21:28:47,i3.ytimg.com
2013-12-19 21:28:48,s.ytimg.com
2013-12-19 21:28:48,www.google.com
2013-12-19 21:28:48,clients1.google.com
2013-12-19 21:28:51,i1.ytimg.com
2013-12-19 21:28:52,i1.ytimg.com
2013-12-19 21:28:55,www.youtube.com
2013-12-19 21:28:55,s.ytimg.com
2013-12-19 21:28:55,r2---sn-gxo5uxg-jqbe.googlevideo.com
2013-12-19 21:28:56,s.ytimg.com
2013-12-19 21:28:56,i1.ytimg.com
2013-12-19 21:28:56,www.youtube.com
2013-12-19 21:28:56,www.google.com
2013-12-19 21:28:56,lh6.ggpht.com
2013-12-19 21:28:56,s.youtube.com
2013-12-19 21:28:57,www.youtube.com
2013-12-19 21:28:57,gdata.youtube.com
2013-12-19 21:28:58,apis.google.com
2013-12-19 21:28:58,lh6.ggpht.com
2013-12-19 21:28:58,www.youtube.com
2013-12-19 21:28:58,r2---sn-gxo5uxg-jqbe.googlevideo.com
2013-12-19 21:28:58,s.youtube.com
2013-12-19 21:28:58,s.ytimg.com
2013-12-19 21:28:58,i1.ytimg.com
2013-12-19 21:28:59,apis.google.com
2013-12-19 21:28:59,www.youtube.com
2013-12-19 21:28:59,i1.ytimg.com
2013-12-19 21:28:59,s.youtube.com
2013-12-19 21:29:00,i1.ytimg.com
2013-12-19 21:29:08,s.youtube.com
2013-12-19 21:29:11,www.youtube.com
2013-12-19 21:29:15,www.youtube.com
2013-12-19 21:29:18,s.youtube.com
2013-12-19 21:29:19,s.youtube.com
2013-12-19 21:29:19,r2---sn-gxo5uxg-jqbe.googlevideo.com
2013-12-19 21:29:19,www.youtube.com
2013-12-19 21:29:20,i1.ytimg.com
2013-12-19 21:29:24,s.youtube.com
2013-12-19 21:29:28,s.youtube.com
2013-12-19 21:29:29,s.youtube.com
2013-12-19 21:29:34,s.youtube.com
2013-12-19 21:29:38,r2---sn-gxo5uxg-jqbe.googlevideo.com
2013-12-19 21:29:44,s.youtube.com
2013-12-19 21:29:44,r2---sn-gxo5uxg-jqbe.googlevideo.com
2013-12-19 21:29:53,r2---sn-gxo5uxg-jqbe.googlevideo.com
2013-12-19 21:29:59,s.youtube.com
2013-12-19 21:30:08,r2---sn-gxo5uxg-jqbe.googlevideo.com
2013-12-19 21:30:15,r2---sn-gxo5uxg-jqbe.googlevideo.com
2013-12-19 21:30:16,s.youtube.com
2013-12-19 21:30:22,ieonline.microsoft.com
2013-12-19 21:30:22,go.microsoft.com
2013-12-19 21:30:23,r2---sn-gxo5uxg-jqbe.googlevideo.com
2013-12-19 21:30:29,s.youtube.com
2013-12-19 21:30:39,r2---sn-gxo5uxg-jqbe.googlevideo.com
2013-12-19 21:30:45,r2---sn-gxo5uxg-jqbe.googlevideo.com
2013-12-19 21:30:54,r2---sn-gxo5uxg-jqbe.googlevideo.com
2013-12-19 21:30:57,s.youtube.com
2013-12-19 21:30:59,s.youtube.com
2013-12-19 21:31:06,r2---sn-gxo5uxg-jqbe.googlevideo.com
2013-12-19 21:31:09,r2---sn-gxo5uxg-jqbe.googlevideo.com
2013-12-19 21:31:21,r2---sn-gxo5uxg-jqbe.googlevideo.com
2013-12-19 21:31:25,r2---sn-gxo5uxg-jqbe.googlevideo.com
2013-12-19 21:31:29,s.youtube.com
2013-12-19 21:31:37,s.youtube.com
2013-12-19 21:31:39,r2---sn-gxo5uxg-jqbe.googlevideo.com
2013-12-19 21:31:41,r2---sn-gxo5uxg-jqbe.googlevideo.com
2013-12-19 21:31:55,r2---sn-gxo5uxg-jqbe.googlevideo.com
2013-12-19 21:31:59,s.youtube.com
2013-12-19 21:32:10,r2---sn-gxo5uxg-jqbe.googlevideo.com
2013-12-19 21:32:17,s.youtube.com
2013-12-19 21:32:17,r2---sn-gxo5uxg-jqbe.googlevideo.com
2013-12-19 21:32:22,www.youtube.com
2013-12-19 21:32:25,r2---sn-gxo5uxg-jqbe.googlevideo.com
2013-12-19 21:32:29,s.youtube.com
2013-12-19 21:32:40,r2---sn-gxo5uxg-jqbe.googlevideo.com
2013-12-19 21:32:48,r2---sn-gxo5uxg-jqbe.googlevideo.com
2013-12-19 21:32:55,r2---sn-gxo5uxg-jqbe.googlevideo.com
2013-12-19 21:32:57,s.youtube.com
2013-12-19 21:32:59,s.youtube.com
2013-12-19 21:33:10,r2---sn-gxo5uxg-jqbe.googlevideo.com
2013-12-19 21:33:29,s.youtube.com
2013-12-19 21:33:37,s.youtube.com
2013-12-19 21:33:37,s.ytimg.com
2013-12-19 21:33:38,i1.ytimg.com
2013-12-19 21:34:00,s.youtube.com
2013-12-19 21:34:08,s.youtube.com
2013-12-19 21:34:17,s.youtube.com
2013-12-19 21:34:57,s.youtube.com
2013-12-19 22:38:03,www.google.fr
2013-12-19 22:38:04,www.google.fr
2013-12-19 22:38:05,www.google.com
2013-12-19 22:38:15,www.google.fr
2013-12-19 22:38:15,accounts.google.com
2013-12-19 22:38:15,apis.google.com
2013-12-19 22:38:16,accounts.youtube.com
2013-12-19 22:38:18,www.google.fr
2013-12-19 22:38:19,accounts.google.fr
2013-12-19 22:38:19,www.google.fr
2013-12-19 22:38:19,www.google.com
2013-12-19 22:38:20,plus.google.com
2013-12-19 22:38:22,plus.google.com
2013-12-19 22:38:25,accounts.google.fr
2013-12-19 22:38:25,plus.google.com
2013-12-19 22:38:25,accounts.youtube.com
2013-12-19 22:38:25,accounts.google.com
2013-12-19 22:38:25,www.google.fr
2013-12-19 22:38:28,mail.google.com
2013-12-19 22:38:31,apis.google.com
2013-12-19 22:38:32,clients2.google.com
2013-12-19 22:38:32,accounts.google.com
2013-12-19 22:38:32,www.google.com
2013-12-19 22:38:32,www.google.fr
2013-12-19 22:38:34,clients2.google.com
2013-12-19 22:38:34,mail.google.com
2013-12-19 22:38:35,mail.google.com
2013-12-19 22:38:36,chatenabled.mail.google.com
2013-12-19 22:38:36,plus.google.com
2013-12-19 22:38:36,mail.google.com
2013-12-19 22:38:44,plus.google.com
2013-12-19 22:38:44,accounts.google.com
2013-12-19 22:38:46,chatenabled.mail.google.com
2013-12-19 22:38:46,apis.google.com
2013-12-19 22:39:16,plus.google.com
2013-12-19 22:39:16,clients6.google.com
2013-12-19 22:39:32,mail.google.com
2013-12-19 22:40:36,mail.google.com
2013-12-19 22:43:17,clients6.google.com
2013-12-19 22:43:17,apis.google.com
2013-12-19 22:43:32,plus.google.com
2013-12-19 22:52:45,plus.google.com
2013-12-19 22:53:35,plus.google.com
2013-12-19 22:54:40,www.facebook.com
2013-12-19 22:54:40,mail.google.com
2013-12-19 22:54:49,www.facebook.com
2013-12-19 22:54:52,www.google.fr
2013-12-19 22:55:02,fr-fr.facebook.com
2013-12-19 22:55:02,mail.google.com
2013-12-19 22:58:54,plus.google.com
2013-12-19 22:58:55,www.google.fr
2013-12-19 22:58:56,www.google.fr
2013-12-19 22:59:02,www.google.fr
2013-12-20 10:29:29,javadl-esd.sun.com
2013-12-20 11:52:57,fpdownload2.macromedia.com
2013-12-20 11:52:59,go.microsoft.com
2013-12-20 11:52:59,ieonline.microsoft.com
2013-12-20 11:53:04,www.bing.com
