timestamp,site
2014-01-04 14:56:26,ocsp.thawte.com
2014-01-04 14:56:29,www.google.com
2014-01-04 14:56:30,clients1.google.com
2014-01-04 14:56:30,gtglobal-ocsp.geotrust.com
2014-01-04 14:56:31,clients1.google.com
2014-01-04 14:56:35,imss-www.upmf-grenoble.fr
2014-01-04 14:56:35,www.google.fr
2014-01-04 14:57:27,gtssl-ocsp.geotrust.com
2014-01-04 14:59:28,www.google.com
2014-01-04 14:59:28,apis.google.com
2014-01-04 14:59:30,www.google.fr
2014-01-04 15:00:01,www.liafa.jussieu.fr
2014-01-04 15:00:01,www.google.fr
2014-01-04 15:00:02,www.liafa.jussieu.fr
2014-01-04 15:00:04,www.liafa.jussieu.fr
2014-01-04 15:00:58,safebrowsing-cache.google.com
2014-01-04 15:00:58,safebrowsing.clients.google.com
2014-01-04 15:00:59,safebrowsing-cache.google.com
2014-01-04 15:02:57,www.google.fr
2014-01-04 15:04:23,ocsp.verisign.com
2014-01-04 15:06:21,ocsp.digicert.com
2014-01-04 15:06:22,ocsp.digicert.com
2014-01-04 15:21:07,www.google.fr
2014-01-04 15:21:08,bits.wikimedia.org
2014-01-04 15:21:08,fr.wikipedia.org
2014-01-04 15:21:09,meta.wikimedia.org
2014-01-04 15:21:09,login.wikimedia.org
2014-01-04 15:21:09,bits.wikimedia.org
2014-01-04 15:21:09,fr.wikipedia.org
2014-01-04 15:21:20,www.google.fr
2014-01-04 15:21:20,lita.sciences.univ-metz.fr
2014-01-04 15:21:21,lita.sciences.univ-metz.fr
2014-01-04 15:23:47,www.liafa.jussieu.fr
2014-01-04 15:24:12,www.google.fr
2014-01-04 15:32:52,safebrowsing.clients.google.com
2014-01-04 15:32:52,safebrowsing-cache.google.com
2014-01-04 15:32:53,safebrowsing-cache.google.com
2014-02-04 08:19:25,ocsp.thawte.com
2014-02-04 08:19:27,clients1.google.com
2014-02-04 08:19:27,gtglobal-ocsp.geotrust.com
2014-02-04 08:19:33,clients1.google.com
2014-02-04 08:19:36,www.google.fr
2014-02-04 08:19:36,docs.oracle.com
2014-02-04 08:19:36,www.oracle.com
2014-02-04 08:19:37,docs.oracle.com
2014-02-04 08:19:59,safebrowsing-cache.google.com
2014-02-04 08:19:59,safebrowsing.clients.google.com
2014-02-04 08:22:28,www.google.com
2014-02-04 08:22:28,id.google.fr
2014-02-04 08:22:30,apis.google.com
2014-02-04 08:22:31,www.google.fr
2014-02-04 08:23:45,www.google.fr
2014-02-04 08:23:45,docs.oracle.com
2014-02-04 08:23:46,docs.oracle.com
2014-02-04 08:24:31,docs.oracle.com
2014-02-04 08:24:32,docs.oracle.com
2014-02-04 08:24:54,docs.oracle.com
2014-02-04 08:25:11,docs.oracle.com
2014-02-04 08:26:27,www.jmdoudoux.fr
2014-02-04 08:26:27,www.google.fr
2014-02-04 08:26:28,clients1.google.com
2014-02-04 08:26:28,www.jmdoudoux.fr
2014-02-04 08:26:29,www.jmdoudoux.fr
2014-02-04 08:26:40,www.jmdoudoux.fr
2014-02-04 08:27:32,www.google.fr
2014-02-04 08:29:04,docs.oracle.com
2014-02-04 08:29:05,docs.oracle.com
2014-02-04 08:29:24,apis.google.com
2014-02-04 08:29:24,accounts.google.com
2014-02-04 08:30:25,www.google.com
2014-02-04 08:30:25,id.google.fr
2014-02-04 08:30:27,www.google.fr
2014-02-04 08:31:36,www.google.fr
2014-02-04 08:31:37,www.jmdoudoux.fr
2014-02-04 08:33:44,www.google.fr
2014-02-04 08:33:45,docs.oracle.com
2014-02-04 08:33:46,docs.oracle.com
2014-02-04 08:34:32,apis.google.com
2014-02-04 08:34:37,www.google.fr
2014-02-04 08:34:38,docs.oracle.com
2014-02-04 08:34:39,docs.oracle.com
2014-02-04 08:37:03,docs.oracle.com
2014-02-04 08:37:24,www.google.com
2014-02-04 08:37:29,www.google.fr
2014-02-04 08:38:17,www.google.com
2014-02-04 08:38:35,www.google.fr
2014-02-04 08:38:36,docs.oracle.com
2014-02-04 08:38:37,docs.oracle.com
2014-02-04 08:38:39,docs.oracle.com
2014-02-04 08:39:35,docs.oracle.com
2014-02-04 08:39:37,docs.oracle.com
2014-02-04 08:41:18,www.google.com
2014-02-04 08:41:28,www.google.fr
2014-02-04 08:46:49,www.google.fr
2014-02-04 08:46:50,pic.dhe.ibm.com
2014-02-04 08:46:51,pt200204.unica.com
2014-02-04 08:46:51,pic.dhe.ibm.com
2014-02-04 08:46:51,www.ibm.com
2014-02-04 08:46:52,pic.dhe.ibm.com
2014-02-04 08:46:52,www.ibm.com
2014-02-04 08:46:52,pt200204.unica.com
2014-02-04 08:46:53,pic.dhe.ibm.com
2014-02-04 08:46:54,pic.dhe.ibm.com
2014-02-04 08:46:55,pic.dhe.ibm.com
2014-02-04 08:49:39,www.google.com
2014-02-04 08:49:44,www.google.fr
2014-02-04 08:50:19,clients1.google.com
2014-02-04 08:50:22,clients1.google.com
2014-02-04 08:51:00,www.google.fr
2014-02-04 08:51:01,www.velocityreviews.com
2014-02-04 08:51:01,www.google.com
2014-02-04 08:51:02,www.velocityreviews.com
2014-02-04 08:51:03,hal9000.redintelligence.net
2014-02-04 08:51:04,hal9000.redintelligence.net
2014-02-04 08:51:05,banniere.reussissonsensemble.fr
2014-02-04 08:51:06,banniere.reussissonsensemble.fr
2014-02-04 08:51:06,rapidssl-ocsp.geotrust.com
2014-02-04 08:51:08,www.velocityreviews.com
2014-02-04 08:51:13,www.velocityreviews.com
2014-02-04 08:51:14,www.velocityreviews.com
2014-02-04 08:51:43,www.google.fr
2014-02-04 08:51:44,stackoverflow.com
2014-02-04 08:51:44,ajax.googleapis.com
2014-02-04 08:51:47,cdn-careers.sstatic.net
2014-02-04 08:51:47,stackoverflow.com
2014-02-04 08:51:48,careers.stackoverflow.com
2014-02-04 08:51:48,ocsp.digicert.com
2014-02-04 08:51:48,safebrowsing-cache.google.com
2014-02-04 08:51:48,safebrowsing.clients.google.com
2014-02-04 08:51:48,cdn-careers.sstatic.net
2014-02-04 08:51:49,safebrowsing-cache.google.com
2014-02-04 08:51:50,safebrowsing-cache.google.com
2014-02-04 08:51:51,safebrowsing-cache.google.com
2014-02-04 08:52:03,stackauth.com
2014-02-04 08:52:34,www.google.fr
2014-02-04 08:52:34,docs.oracle.com
2014-02-04 08:52:35,docs.oracle.com
2014-02-04 08:53:28,www.google.fr
2014-02-04 08:53:29,docs.oracle.com
2014-02-04 08:53:31,docs.oracle.com
2014-02-04 08:53:35,apis.google.com
2014-02-04 08:53:37,groups.google.com
2014-02-04 08:53:41,www.gravatar.com
2014-02-04 08:53:42,www.gravatar.com
2014-02-04 08:54:52,www.google.fr
2014-02-04 08:54:53,docs.oracle.com
2014-02-04 08:55:44,docs.oracle.com
2014-02-04 08:55:45,docs.oracle.com
2014-02-04 08:57:45,www.google.com
2014-02-04 08:57:49,www.google.fr
2014-02-04 08:58:48,www.google.com
2014-02-04 08:59:19,www.google.fr
2014-02-04 08:59:21,ajax.googleapis.com
2014-02-04 08:59:21,www.developpez.net
2014-02-04 08:59:22,ajax.googleapis.com
2014-02-04 08:59:22,www.google.com
2014-02-04 08:59:22,www.developpez.net
2014-02-04 08:59:23,sync.uuidcshmg.com
2014-02-04 08:59:23,www.developpez.net
2014-02-04 08:59:24,ocsp.verisign.com
2014-02-04 08:59:26,dps.bing.com
2014-02-04 08:59:57,www.google.fr
2014-02-04 08:59:57,jmdoudoux.developpez.com
2014-02-04 08:59:58,www.developpez.com
2014-02-04 08:59:58,jmdoudoux.developpez.com
2014-02-04 08:59:58,sync.uuidcshmg.com
2014-02-04 09:00:00,um.simpli.fi
2014-02-04 09:00:00,c1.adform.net
2014-02-04 09:01:51,www.google.com
2014-02-04 09:02:01,docs.oracle.com
2014-02-04 09:02:06,www.google.fr
2014-02-04 09:02:24,www.facebook.com
2014-02-04 09:02:34,docs.oracle.com
2014-02-04 09:14:05,docs.oracle.com
2014-02-04 09:20:47,safebrowsing.clients.google.com
2014-02-04 09:20:47,safebrowsing-cache.google.com
2014-02-04 09:20:48,safebrowsing-cache.google.com
2014-02-04 09:29:18,www.google.com
2014-02-04 09:29:30,gtglobal-ocsp.geotrust.com
2014-02-04 09:29:30,clients1.google.com
2014-02-04 09:29:34,www.google.fr
2014-02-04 09:29:35,docs.oracle.com
2014-02-04 09:29:35,www.google.fr
2014-02-04 09:29:36,docs.oracle.com
2014-02-04 09:30:05,docs.oracle.com
2014-02-04 09:30:06,docs.oracle.com
2014-02-04 09:32:07,www.google.fr
2014-02-04 09:32:07,docs.oracle.com
2014-02-04 09:34:59,www.google.com
2014-02-04 09:35:02,www.google.fr
2014-02-04 09:38:37,docs.oracle.com
2014-02-04 09:39:19,docs.oracle.com
2014-02-04 09:45:17,www.google.fr
2014-02-04 09:45:17,www.jmdoudoux.fr
2014-02-04 09:45:18,www.jmdoudoux.fr
2014-02-04 09:45:19,www.jmdoudoux.fr
2014-02-04 09:48:09,www.google.com
2014-02-04 09:48:13,www.google.fr
2014-02-04 09:48:14,apis.google.com
2014-02-04 09:49:39,safebrowsing-cache.google.com
2014-02-04 09:49:39,safebrowsing.clients.google.com
2014-02-04 10:01:10,www.google.com
2014-02-04 10:01:16,ocsp.godaddy.com
2014-02-04 10:01:18,clients1.google.com
2014-02-04 10:01:19,clients1.google.com
2014-02-04 10:01:21,ocsp.godaddy.com
2014-02-04 10:01:26,login.ubuntu.com
2014-02-04 10:01:27,one.ubuntu.com
2014-02-04 10:01:56,one.ubuntu.com
2014-02-04 10:02:19,one.ubuntu.com
2014-02-04 10:02:20,login.ubuntu.com
2014-02-04 10:02:21,www.google.com
2014-02-04 10:02:21,www.google.fr
2014-02-04 10:02:21,ajax.googleapis.com
2014-02-04 14:00:03,ocsp.thawte.com
2014-02-04 14:00:05,www.google.com
2014-02-04 14:00:06,gtglobal-ocsp.geotrust.com
2014-02-04 14:00:06,clients1.google.com
2014-02-04 14:00:08,clients1.google.com
2014-02-04 14:00:10,www.google.fr
2014-02-04 14:00:12,ajax.googleapis.com
2014-02-04 14:00:12,www.developpez.net
2014-02-04 14:00:12,www.google.com
2014-02-04 14:00:13,www.developpez.net
2014-02-04 14:00:13,sync.uuidcshmg.com
2014-02-04 14:00:14,ocsp.verisign.com
2014-02-04 14:00:17,dps.bing.com
2014-02-04 14:00:52,safebrowsing.clients.google.com
2014-02-04 14:00:52,safebrowsing-cache.google.com
2014-02-04 14:01:51,wwwpeople.unil.ch
2014-02-04 14:01:51,www.google.fr
2014-02-04 14:03:04,apis.google.com
2014-02-04 14:03:05,www.google.com
2014-02-04 14:03:15,www.facebook.com
2014-02-04 14:03:47,www.google.fr
2014-02-04 14:03:50,nobelis.eu
2014-02-04 14:03:50,www.squid-cache.org
2014-02-04 14:03:56,www.google.fr
2014-02-04 14:03:57,i22.servimg.com
2014-02-04 14:03:57,statistiques.forumpro.fr
2014-02-04 14:03:57,ajax.googleapis.com
2014-02-04 14:03:57,illiweb.com
2014-02-04 14:03:58,illiweb.com
2014-02-04 14:03:59,clients1.google.com
2014-02-04 14:03:59,hal9000.redintelligence.net
2014-02-04 14:03:59,www.google.com
2014-02-04 14:04:00,rapidssl-ocsp.geotrust.com
2014-02-04 14:04:00,ea.numericable.fr
2014-02-04 14:04:00,n33.hal9000.redintelligence.net
2014-02-04 14:04:21,www.google.fr
2014-02-04 14:04:21,www.math.univ-montp2.fr
2014-02-04 14:04:32,www.google.fr
2014-02-04 14:04:32,cran.r-project.org
2014-02-04 14:04:33,cran.r-project.org
2014-02-04 14:04:44,www.google.fr
2014-02-04 14:08:00,ocsp.verisign.com
2014-02-04 14:10:00,ocsp.digicert.com
2014-02-04 14:10:47,www.google.fr
2014-02-04 14:10:47,fr.wikipedia.org
2014-02-04 14:10:47,bits.wikimedia.org
2014-02-04 14:10:48,login.wikimedia.org
2014-02-04 14:10:48,bits.wikimedia.org
2014-02-04 14:10:48,meta.wikimedia.org
2014-02-04 14:10:48,fr.wikipedia.org
2014-02-04 14:10:49,meta.wikimedia.org
2014-02-04 14:10:57,www.google.fr
2014-02-04 14:12:11,www.google.fr
2014-02-04 14:12:12,www.duclert.org
2014-02-04 14:12:26,www.duclert.org
2014-02-04 14:12:27,www.duclert.org
2014-02-04 14:12:40,www.duclert.org
2014-02-04 14:12:53,www.duclert.org
2014-02-04 14:12:57,www.duclert.org
2014-02-04 14:13:04,www.duclert.org
2014-02-04 14:13:21,www.duclert.org
2014-02-04 14:13:40,www.duclert.org
2014-02-04 14:14:03,www.google.fr
2014-02-04 14:14:03,www.math.univ-montp2.fr
2014-02-04 14:14:31,gtssl-ocsp.geotrust.com
2014-02-04 14:16:54,www.google.fr
2014-02-04 14:32:16,safebrowsing.clients.google.com
2014-02-04 14:32:17,safebrowsing-cache.google.com
2014-02-04 14:37:02,www.google.fr
2014-02-04 14:37:13,www.duclert.org
2014-02-04 14:37:14,www.duclert.org
2014-02-04 14:39:58,www.google.fr
2014-02-04 15:01:48,clients1.google.com
2014-02-04 15:01:48,gtglobal-ocsp.geotrust.com
2014-02-04 15:01:51,ocsp.godaddy.com
2014-02-04 15:01:52,clients1.google.com
2014-02-04 15:01:54,ocsp.godaddy.com
2014-02-04 15:01:59,one.ubuntu.com
2014-02-04 15:02:00,login.ubuntu.com
2014-02-04 15:02:10,login.ubuntu.com
2014-02-04 15:02:18,one.ubuntu.com
2014-02-04 15:02:30,one.ubuntu.com
2014-02-04 15:03:09,safebrowsing-cache.google.com
2014-02-04 15:03:09,safebrowsing.clients.google.com
2014-02-04 15:04:44,id.google.fr
2014-02-04 15:04:47,www.google.fr
2014-02-04 15:04:48,ajax.googleapis.com
2014-02-04 15:04:52,www.google.com
2014-02-04 15:22:39,www.duclert.org
2014-02-04 15:29:17,one.ubuntu.com
2014-02-04 15:29:24,one.ubuntu.com
2014-02-04 15:29:50,one.ubuntu.com
2014-02-04 15:33:01,login.ubuntu.com
2014-02-04 15:33:01,one.ubuntu.com
2014-02-18 15:47:14,ocsp.thawte.com
2014-02-18 15:47:18,clients1.google.com
2014-02-18 15:47:18,gtglobal-ocsp.geotrust.com
2014-02-18 15:48:04,clients1.google.com
2014-02-18 15:48:07,ocsp.digicert.com
2014-02-18 15:48:08,ocsp.digicert.com
2014-02-18 15:48:12,clients1.google.com
2014-02-18 15:48:14,ocsp.digicert.com
2014-02-18 15:48:18,github.com
2014-02-18 15:48:21,github.global.ssl.fastly.net
2014-02-18 15:48:24,github.com
2014-02-18 15:48:48,github.global.ssl.fastly.net
2014-02-18 15:48:49,avatars.github.com
2014-02-18 15:48:49,identicons.github.com
2014-02-18 15:48:52,github.global.ssl.fastly.net
2014-02-18 15:48:53,github.com
2014-02-18 15:49:12,github.global.ssl.fastly.net
2014-02-18 15:49:13,github.global.ssl.fastly.net
2014-02-18 15:49:13,github.com
2014-02-18 15:50:34,2.gravatar.com
2014-02-18 15:50:34,0.gravatar.com
2014-02-18 15:50:38,1.gravatar.com
2014-02-18 15:50:49,github.global.ssl.fastly.net
2014-02-18 15:50:50,avatars.github.com
2014-02-18 15:51:00,apis.google.com
2014-02-18 15:51:00,github.com
2014-02-18 15:51:00,safebrowsing-cache.google.com
2014-02-18 15:51:00,safebrowsing.clients.google.com
2014-02-18 15:51:01,www.google.com
2014-02-18 15:51:01,safebrowsing-cache.google.com
2014-02-18 15:51:02,safebrowsing-cache.google.com
2014-02-18 15:51:02,www.google.fr
2014-02-18 15:51:26,github.com
2014-02-18 15:51:28,github.com
2014-02-18 15:54:58,ocsp.verisign.com
2014-02-18 15:55:28,github.global.ssl.fastly.net
2014-02-18 15:55:29,github.global.ssl.fastly.net
2014-02-18 15:55:29,identicons.github.com
2014-02-18 15:55:30,avatars.github.com
2014-02-18 15:55:38,github.com
2014-02-18 15:56:58,ocsp.digicert.com
2014-02-18 15:57:15,2.gravatar.com
2014-02-18 15:57:15,1.gravatar.com
2014-02-18 15:57:35,github.global.ssl.fastly.net
2014-02-18 15:57:36,identicons.github.com
2014-02-18 15:57:36,github.com
2014-02-18 15:57:36,avatars.github.com
2014-02-18 15:59:21,2.gravatar.com
2014-02-18 15:59:22,1.gravatar.com
2014-02-18 15:59:46,bertrandmasson.free.fr
2014-02-18 15:59:46,www.google.fr
2014-02-18 16:01:19,github.com
2014-02-18 16:01:19,avatars.github.com
2014-02-18 16:01:19,github.global.ssl.fastly.net
2014-02-18 16:02:39,www.google.com
2014-02-18 16:02:41,www.google.fr
2014-02-18 16:03:04,0.gravatar.com
2014-02-18 16:20:55,safebrowsing.clients.google.com
2014-02-18 16:20:56,safebrowsing-cache.google.com
2014-02-18 16:25:27,www.google.fr
2014-02-18 16:25:32,www.commentcamarche.net
2014-02-18 16:28:14,www.google.com
2014-02-18 16:28:17,www.google.fr
2014-02-18 16:29:26,github.global.ssl.fastly.net
2014-02-18 16:29:27,github.com
2014-02-18 16:29:27,avatars.github.com
2014-02-18 16:30:01,github.global.ssl.fastly.net
2014-02-18 16:30:02,identicons.github.com
2014-02-18 16:30:02,avatars.github.com
2014-02-18 16:30:02,github.global.ssl.fastly.net
2014-02-18 16:30:06,github.com
2014-02-18 16:30:06,github.global.ssl.fastly.net
2014-02-18 16:31:10,github.global.ssl.fastly.net
2014-02-18 16:31:11,identicons.github.com
2014-02-18 16:31:11,github.global.ssl.fastly.net
2014-02-18 16:31:12,github.com
2014-02-18 16:31:12,avatars.github.com
2014-02-18 16:31:40,github.com
2014-02-18 16:31:40,identicons.github.com
2014-02-18 16:31:41,identicons.github.com
2014-02-18 16:32:45,github.global.ssl.fastly.net
2014-02-18 16:32:46,identicons.github.com
2014-02-18 16:32:46,avatars.github.com
2014-02-18 16:32:46,github.global.ssl.fastly.net
2014-02-18 16:32:47,github.com
2014-02-18 16:33:08,github.global.ssl.fastly.net
2014-02-18 16:33:08,github.com
2014-02-18 16:33:26,1.gravatar.com
2014-02-18 16:34:31,2.gravatar.com
2014-02-18 16:34:51,github.global.ssl.fastly.net
2014-02-18 16:34:52,avatars.github.com
2014-02-18 16:34:55,github.com
2014-02-18 16:36:36,0.gravatar.com
2014-02-18 16:50:15,safebrowsing.clients.google.com
2014-02-18 16:50:15,safebrowsing-cache.google.com
2014-02-18 16:50:16,safebrowsing-cache.google.com
2014-02-18 17:02:19,ocsp.digicert.com
2014-02-18 17:02:20,ocsp.digicert.com
2014-02-18 17:02:21,ocsp.digicert.com
2014-02-18 17:02:31,github.global.ssl.fastly.net
2014-02-18 17:02:31,avatars.github.com
2014-02-18 17:02:32,github.com
2014-02-18 17:04:16,1.gravatar.com
2014-02-18 17:09:41,clients1.google.com
2014-02-18 17:09:41,gtglobal-ocsp.geotrust.com
2014-02-18 17:09:44,www.google.fr
2014-02-18 17:09:45,www.developpez.net
2014-02-18 17:09:46,www.developpez.net
2014-02-18 17:09:46,ajax.googleapis.com
2014-02-18 17:09:46,www.google.com
2014-02-18 17:09:47,www.developpez.net
2014-02-18 17:09:47,premium.hi-mediaserver.com
2014-02-18 17:09:48,www.facebook.com
2014-02-18 17:10:01,clients1.google.com
2014-02-18 17:12:36,www.google.com
2014-02-18 17:12:48,www.google.fr
2014-02-18 17:16:32,www.google.fr
2014-02-18 17:16:32,www.zonecss.fr
2014-02-18 17:16:33,www.zonecss.fr
2014-02-18 17:16:34,apis.google.com
2014-02-18 17:16:34,www.zonecss.fr
2014-02-18 17:16:34,www.facebook.com
2014-02-18 17:16:34,connect.facebook.net
2014-02-18 17:16:34,www.aliasdmc.com
2014-02-18 17:16:34,www.aliasdmc.fr
2014-02-18 17:16:34,search.aliasdmc.fr
2014-02-18 17:16:34,zoneflashmx.free.fr
2014-02-18 17:16:35,static.ak.facebook.com
2014-02-18 17:16:35,s-static.ak.facebook.com
2014-02-18 17:16:37,www.google.com
2014-02-18 17:16:37,www.zonecss.fr
2014-02-18 17:16:37,clients1.google.com
2014-02-18 17:16:38,www.google.com
2014-02-18 17:16:38,clients1.google.com
2014-02-18 17:16:38,www.facebook.com
2014-02-18 17:16:38,www.zonecss.fr
2014-02-18 17:18:23,safebrowsing.clients.google.com
2014-02-18 17:18:24,safebrowsing-cache.google.com
2014-02-18 17:18:25,safebrowsing-cache.google.com
2014-02-18 17:19:27,www.google.fr
2014-02-18 17:19:32,apis.google.com
2014-02-18 17:19:34,accounts.google.com
2014-02-18 17:41:12,github.com
2014-02-19 08:18:25,www.google.com
2014-02-19 08:18:26,clients1.google.com
2014-02-19 08:18:26,www.google.com
2014-02-19 08:18:29,www.google.com
2014-02-19 08:18:30,clients1.google.com
2014-02-19 08:18:31,clients1.google.com
2014-02-19 08:18:31,www.google.com
2014-02-19 08:18:34,clients1.google.com
2014-02-19 08:18:35,clients1.google.com
2014-02-19 08:18:36,clients1.google.com
2014-02-19 08:18:37,www.google.com
2014-02-19 08:18:37,clients1.google.com
2014-02-19 08:18:38,www.google.com
2014-02-19 08:18:39,ocsp.godaddy.com
2014-02-19 08:18:40,gtglobal-ocsp.geotrust.com
2014-02-19 08:18:40,ocsp.godaddy.com
2014-02-19 08:18:40,clients1.google.com
2014-02-19 08:18:46,one.ubuntu.com
2014-02-19 08:18:49,ocsp.godaddy.com
2014-02-19 08:18:49,clients1.google.com
2014-02-19 08:18:55,login.ubuntu.com
2014-02-19 08:18:56,one.ubuntu.com
2014-02-19 08:19:20,login.ubuntu.com
2014-02-19 08:19:26,login.ubuntu.com
2014-02-19 08:19:35,login.ubuntu.com
2014-02-19 08:19:42,login.ubuntu.com
2014-02-19 08:19:50,login.ubuntu.com
2014-02-19 08:19:57,login.ubuntu.com
2014-02-19 08:20:04,login.ubuntu.com
2014-02-19 08:20:33,safebrowsing-cache.google.com
2014-02-19 08:20:33,safebrowsing.clients.google.com
2014-02-19 08:20:33,clients1.google.com
2014-02-19 08:20:34,safebrowsing-cache.google.com
2014-02-19 08:20:35,safebrowsing-cache.google.com
2014-02-19 08:20:36,safebrowsing-cache.google.com
2014-02-19 08:20:37,safebrowsing-cache.google.com
2014-02-19 08:20:38,safebrowsing-cache.google.com
2014-02-19 08:20:55,login.ubuntu.com
2014-02-19 08:21:02,login.ubuntu.com
2014-02-19 08:21:03,one.ubuntu.com
2014-02-19 08:21:13,one.ubuntu.com
2014-02-19 08:21:21,one.ubuntu.com
2014-02-19 08:22:40,ajax.googleapis.com
2014-02-19 08:23:59,www.google.com
2014-02-19 08:24:33,sb-ssl.google.com
2014-02-19 08:24:50,www.google.com
2014-02-19 08:32:48,fxfeeds.mozilla.com
2014-02-19 08:32:48,newsrss.bbc.co.uk
2014-02-19 08:32:48,feeds.bbci.co.uk
2014-02-19 08:37:31,safebrowsing.clients.google.com
2014-02-19 08:37:31,safebrowsing-cache.google.com
2014-02-19 08:37:32,safebrowsing-cache.google.com
2014-02-19 08:37:33,safebrowsing-cache.google.com
2014-02-19 08:37:34,safebrowsing-cache.google.com
2014-02-19 08:37:35,safebrowsing-cache.google.com
2014-02-19 08:37:36,safebrowsing-cache.google.com
2014-02-19 08:43:01,one.ubuntu.com
2014-02-19 08:52:21,www.google.com
2014-02-19 08:52:22,clients1.google.com
2014-02-19 08:52:25,www.google.com
2014-02-19 08:52:25,docs.oracle.com
2014-02-19 08:52:25,www.oracle.com
2014-02-19 08:54:54,one.ubuntu.com
2014-02-19 09:02:33,www.google.com
2014-02-19 09:02:33,clients1.google.com
2014-02-19 09:02:42,clients1.google.com
2014-02-19 09:02:44,www.google.com
2014-02-19 09:02:44,clients1.google.com
2014-02-19 09:02:46,www.google.com
2014-02-19 09:02:46,www.commentcamarche.net
2014-02-19 09:02:46,ba.commentcamarche.net
2014-02-19 09:02:47,ba.commentcamarche.net
2014-02-19 09:02:47,static.ccm2.net
2014-02-19 09:02:47,r.ccm2.net
2014-02-19 09:02:47,www.facebook.com
2014-02-19 09:02:47,clients1.google.com
2014-02-19 09:02:49,ba.commentcamarche.net
2014-02-19 09:02:49,eulerian.canal-plus.com
2014-02-19 09:02:49,rapidssl-ocsp.geotrust.com
2014-02-19 09:02:49,platform.twitter.com
2014-02-19 09:02:49,www.facebook.com
2014-02-19 09:02:49,static.ccm2.net
2014-02-19 09:02:50,static.ak.facebook.com
2014-02-19 09:02:50,evsecure-ocsp.verisign.com
2014-02-19 09:02:50,clients1.google.com
2014-02-19 09:02:50,connect.facebook.net
2014-02-19 09:02:50,static.ccm2.net
2014-02-19 09:02:50,www.commentcamarche.net
2014-02-19 09:02:50,ba.commentcamarche.net
2014-02-19 09:02:50,www.facebook.com
2014-02-19 09:02:50,platform.twitter.com
2014-02-19 09:02:50,static.ccmbg.com
2014-02-19 09:02:51,eulerian.canal-plus.com
2014-02-19 09:02:51,www.facebook.com
2014-02-19 09:02:51,s-static.ak.facebook.com
2014-02-19 09:02:51,www.commentcamarche.net
2014-02-19 09:03:21,twitter.com
2014-02-19 09:06:47,ajax.googleapis.com
2014-02-19 09:06:50,accounts.google.com
2014-02-19 09:06:50,apis.google.com
2014-02-19 09:09:17,safebrowsing-cache.google.com
2014-02-19 09:09:17,safebrowsing.clients.google.com
2014-02-19 09:09:18,safebrowsing-cache.google.com
2014-02-19 09:09:19,safebrowsing-cache.google.com
2014-02-19 09:09:20,safebrowsing-cache.google.com
2014-02-19 09:35:50,www.google.com
2014-02-19 09:35:50,clients1.google.com
2014-02-19 09:35:53,www.google.com
2014-02-19 09:35:54,static.ccmbg.com
2014-02-19 09:35:54,r.ccmbg.com
2014-02-19 09:35:54,www.linternaute.com
2014-02-19 09:35:54,cea.linternaute.com
2014-02-19 09:35:55,i-linter.linternaute.com
2014-02-19 09:35:55,www.francetvinfo.fr
2014-02-19 09:35:55,www.facebook.com
2014-02-19 09:35:55,p.ccmbg.com
2014-02-19 09:35:55,tc.airfrance.com
2014-02-19 09:35:55,static.ccmbg.com
2014-02-19 09:35:55,www.linternaute.com
2014-02-19 09:35:55,pixel.alephd.com
2014-02-19 09:35:55,ajax.googleapis.com
2014-02-19 09:35:55,r.ccmbg.com
2014-02-19 09:35:55,cea.linternaute.com
2014-02-19 09:35:56,video.journaldesfemmes.com
2014-02-19 09:35:56,pixel.alephd.com
2014-02-19 09:35:56,player.ooyala.com
2014-02-19 09:35:56,www.francetvinfo.fr
2014-02-19 09:35:56,www.linternaute.com
2014-02-19 09:35:57,r.ccmbg.com
2014-02-19 09:35:57,static.ccmbg.com
2014-02-19 09:36:00,connect.facebook.net
2014-02-19 09:36:00,apis.google.com
2014-02-19 09:36:00,platform.twitter.com
2014-02-19 09:36:00,www.facebook.com
2014-02-19 09:36:00,static.ak.facebook.com
2014-02-19 09:36:00,widgets.pinterest.com
2014-02-19 09:36:00,s-static.ak.facebook.com
2014-02-19 09:36:01,www.linternaute.com
2014-02-19 09:36:01,ocsp.verisign.com
2014-02-19 09:36:01,platform.twitter.com
2014-02-19 09:36:01,www.facebook.com
2014-02-19 09:36:31,twitter.com
2014-02-19 09:36:46,www.linternaute.com
2014-02-19 09:36:46,edd.linternaute.com
2014-02-19 09:36:47,www.francetvinfo.fr
2014-02-19 09:36:47,www.linternaute.com
2014-02-19 09:36:47,pixel.alephd.com
2014-02-19 09:36:47,edd.linternaute.com
2014-02-19 09:36:47,p.ccmbg.com
2014-02-19 09:36:47,www.facebook.com
2014-02-19 09:36:48,pixel.alephd.com
2014-02-19 09:36:49,www.facebook.com
2014-02-19 09:36:49,static.ak.facebook.com
2014-02-19 09:36:49,s-static.ak.facebook.com
2014-02-19 09:36:52,platform.twitter.com
2014-02-19 09:36:53,apnx-match.dotomi.com
2014-02-19 09:36:58,clients1.google.com
2014-02-19 09:36:58,www.google.com
2014-02-19 09:37:00,www.google.com
2014-02-19 09:37:00,bits.wikimedia.org
2014-02-19 09:37:00,fr.wikipedia.org
2014-02-19 09:37:00,login.wikimedia.org
2014-02-19 09:37:01,bits.wikimedia.org
2014-02-19 09:37:01,meta.wikimedia.org
2014-02-19 09:37:01,fr.wikipedia.org
2014-02-19 09:39:02,platform.twitter.com
2014-02-19 09:39:40,safebrowsing.clients.google.com
2014-02-19 09:39:40,safebrowsing-cache.google.com
2014-02-19 09:39:41,safebrowsing-cache.google.com
2014-02-19 09:39:42,safebrowsing-cache.google.com
2014-02-19 09:39:43,safebrowsing-cache.google.com
2014-02-19 09:39:44,safebrowsing-cache.google.com
2014-02-19 09:40:01,apis.google.com
2014-02-19 09:40:01,accounts.google.com
2014-02-19 09:40:49,apis.google.com
2014-02-19 09:47:48,feeds.bbci.co.uk
2014-02-19 09:47:48,newsrss.bbc.co.uk
2014-02-19 09:47:48,fxfeeds.mozilla.com
2014-02-19 10:03:23,ocsp.godaddy.com
2014-02-19 10:03:26,ocsp.godaddy.com
2014-02-19 10:03:38,one.ubuntu.com
2014-02-19 10:04:53,ocsp.godaddy.com
2014-02-19 10:04:57,login.ubuntu.com
2014-02-19 10:04:57,one.ubuntu.com
2014-02-19 10:06:05,ajax.googleapis.com
2014-02-19 10:06:05,one.ubuntu.com
2014-02-21 17:40:46,ocsp.thawte.com
2014-02-21 17:40:56,fc.isima.fr
2014-02-21 17:41:01,www.squid-cache.org
2014-02-21 17:41:04,isima.fr
2014-02-21 17:41:04,www.isima.fr
2014-02-21 17:41:05,isima.fr
2014-02-21 17:41:12,isima.fr
2014-02-21 17:41:13,isima.fr
2014-02-21 17:41:14,isima.fr
2014-02-21 17:41:15,isima.fr
2014-02-21 17:41:19,isima.fr
2014-02-21 17:41:21,isima.fr
2014-02-21 17:41:22,isima.fr
2014-02-26 08:12:51,ocsp.thawte.com
2014-02-26 08:13:00,clients1.google.com
2014-02-26 08:13:00,gtglobal-ocsp.geotrust.com
2014-02-26 08:13:01,clients1.google.com
2014-02-26 08:13:06,ocsp.godaddy.com
2014-02-26 08:13:08,clients1.google.com
2014-02-26 08:13:09,clients1.google.com
2014-02-26 08:13:12,ocsp.godaddy.com
2014-02-26 08:13:13,clients1.google.com
2014-02-26 08:13:16,one.ubuntu.com
2014-02-26 08:13:19,login.ubuntu.com
2014-02-26 08:13:35,login.ubuntu.com
2014-02-26 08:13:53,one.ubuntu.com
2014-02-26 08:14:02,one.ubuntu.com
2014-02-26 08:15:59,apis.google.com
2014-02-26 08:16:01,www.google.fr
2014-02-26 08:16:02,safebrowsing.clients.google.com
2014-02-26 08:16:02,safebrowsing-cache.google.com
2014-02-26 08:16:03,safebrowsing-cache.google.com
2014-02-26 08:16:04,ajax.googleapis.com
2014-02-26 08:16:04,safebrowsing-cache.google.com
2014-02-26 08:16:08,www.google.com
2014-02-26 08:16:27,www.squid-cache.org
2014-02-26 08:16:46,www.google.fr
2014-02-26 08:16:46,docs.oracle.com
2014-02-26 08:16:47,www.google.fr
2014-02-26 08:16:47,www.oracle.com
2014-02-26 08:16:47,docs.oracle.com
2014-02-26 08:16:49,docs.oracle.com
2014-02-26 08:16:56,docs.oracle.com
2014-02-26 08:17:17,docs.oracle.com
2014-02-26 08:17:18,docs.oracle.com
2014-02-26 08:19:39,www.google.com
2014-02-26 08:19:41,www.google.fr
2014-02-26 08:20:13,www.google.fr
2014-02-26 08:20:14,www.wordreference.com
2014-02-26 08:20:15,yui.yahooapis.com
2014-02-26 08:20:19,www.wordreference.com
2014-02-26 08:20:20,www.facebook.com
2014-02-26 08:20:21,www2.wordreference.com
2014-02-26 08:20:22,www.google.com
2014-02-26 08:20:23,www.wordreference.com
2014-02-26 08:20:26,www2.wordreference.com
2014-02-26 08:20:26,www.google.fr
2014-02-26 08:20:26,www.wordreference.com
2014-02-26 08:20:30,www2.wordreference.com
2014-02-26 08:20:30,www.google.com
2014-02-26 08:20:31,www2.wordreference.com
2014-02-26 08:20:32,www.wordreference.com
2014-02-26 08:20:33,clients1.google.com
2014-02-26 08:20:35,www.wordreference.com
2014-02-26 08:20:36,www.wordreference.com
2014-02-26 08:20:37,www.wordreference.com
2014-02-26 08:20:37,www2.wordreference.com
2014-02-26 08:20:37,http.tidaltv.com
2014-02-26 08:20:38,ocsp.verisign.com
2014-02-26 08:20:38,www2.wordreference.com
2014-02-26 08:20:38,http.tidaltv.com
2014-02-26 08:20:39,ftn.fortuneo.fr
2014-02-26 08:20:39,www.google.fr
2014-02-26 08:20:39,www.google.com
2014-02-26 08:20:39,rapidssl-ocsp.geotrust.com
2014-02-26 08:20:39,www2.wordreference.com
2014-02-26 08:20:39,www.facebook.com
2014-02-26 08:20:39,www.wordreference.com
2014-02-26 08:20:43,ocsp.verisign.com
2014-02-26 08:20:54,www.facebook.com
2014-02-26 08:20:55,www.wordreference.com
2014-02-26 08:20:55,ftn.fortuneo.fr
2014-02-26 08:20:56,www.google.fr
2014-02-26 08:20:56,www2.wordreference.com
2014-02-26 08:21:19,forum.wordreference.com
2014-02-26 08:21:19,ajax.googleapis.com
2014-02-26 08:21:20,forum.wordreference.com
2014-02-26 08:21:20,ajax.googleapis.com
2014-02-26 08:21:21,www.wordreference.com
2014-02-26 08:21:22,www2.wordreference.com
2014-02-26 08:21:47,choices.truste.com
2014-02-26 08:22:43,ocsp.digicert.com
2014-02-26 08:23:00,www.google.com
2014-02-26 08:23:06,www.google.fr
2014-02-26 08:23:21,apis.google.com
2014-02-26 08:24:17,docs.oracle.com
2014-02-26 08:30:47,www.google.fr
2014-02-26 08:30:47,bits.wikimedia.org
2014-02-26 08:30:47,fr.wikipedia.org
2014-02-26 08:30:48,bits.wikimedia.org
2014-02-26 08:30:48,login.wikimedia.org
2014-02-26 08:30:48,meta.wikimedia.org
2014-02-26 08:30:48,fr.wikipedia.org
2014-02-26 08:30:49,meta.wikimedia.org
2014-02-26 08:33:39,www.google.com
2014-02-26 08:33:41,www.google.fr
2014-02-26 09:30:18,www.squid-cache.org
2014-02-26 09:30:30,google.fr
2014-02-26 09:30:30,www.google.fr
2014-02-26 09:30:30,clients1.google.fr
2014-02-26 09:30:33,clients1.google.fr
2014-02-26 09:30:33,www.google.fr
2014-02-26 09:30:34,clients1.google.fr
2014-02-26 09:30:34,www.google.fr
2014-02-26 09:30:35,clients1.google.fr
2014-02-26 09:30:36,www.google.fr
2014-02-26 09:31:13,www.google.fr
2014-02-26 09:35:16,www.google.com
2014-02-26 09:35:16,clients1.google.com
2014-02-26 09:35:19,www.google.com
2014-02-26 09:35:19,liris.cnrs.fr
2014-02-26 09:35:36,kh6qrx0f8h.s.ad6media.fr
2014-02-26 09:35:36,platform.twitter.com
2014-02-26 09:35:36,www.facebook.com
2014-02-26 09:35:36,static.ccm2.net
2014-02-26 09:35:36,www.google.com
2014-02-26 09:35:36,www.commentcamarche.net
2014-02-26 09:35:36,ba.commentcamarche.net
2014-02-26 09:35:36,r.ccm2.net
2014-02-26 09:35:37,www.facebook.com
2014-02-26 09:35:37,platform.twitter.com
2014-02-26 09:35:50,platform.twitter.com
2014-02-26 09:35:50,static.ccm2.net
2014-02-26 09:35:50,www.facebook.com
2014-02-26 09:35:50,www.commentcamarche.net
2014-02-26 09:35:53,clients1.google.com
2014-02-26 09:35:54,clients1.google.com
2014-02-26 09:35:55,clients1.google.com
2014-02-26 09:35:56,www.google.com
2014-02-26 09:35:56,clients1.google.com
2014-02-26 09:36:13,www.google.com
2014-02-26 09:36:14,clients1.google.com
2014-02-26 09:36:16,clients1.google.com
2014-02-26 09:36:17,clients1.google.com
2014-02-26 09:36:18,clients1.google.com
2014-02-26 09:36:18,www.google.com
2014-02-26 09:36:20,www.google.com
2014-02-26 09:36:20,clients1.google.com
2014-02-26 09:36:21,www.google.com
2014-02-26 09:37:04,ocsp.godaddy.com
2014-02-26 09:37:04,www.google.com
2014-02-26 09:37:05,gtglobal-ocsp.geotrust.com
2014-02-26 09:37:05,clients1.google.com
2014-02-26 09:37:05,ocsp.godaddy.com
2014-02-26 09:37:06,clients1.google.com
2014-02-26 09:37:11,one.ubuntu.com
2014-02-26 09:37:12,ocsp.godaddy.com
2014-02-26 09:37:13,clients1.google.com
2014-02-26 09:37:19,login.ubuntu.com
2014-02-26 09:37:20,one.ubuntu.com
2014-02-26 09:37:37,login.ubuntu.com
2014-02-26 09:37:47,one.ubuntu.com
2014-02-26 09:38:00,one.ubuntu.com
2014-02-26 09:41:06,ajax.googleapis.com
2014-02-26 09:41:13,www.google.com
2014-02-26 09:43:29,feeds.bbci.co.uk
2014-02-26 09:43:29,newsrss.bbc.co.uk
2014-02-26 09:43:29,fxfeeds.mozilla.com
2014-02-26 09:43:49,www.google.com
2014-02-26 09:43:49,clients1.google.com
2014-02-26 09:43:51,www.google.com
2014-02-26 09:43:51,docs.oracle.com
2014-02-26 09:43:51,www.oracle.com
2014-02-26 09:43:52,docs.oracle.com
2014-02-26 09:43:52,www.google.com
2014-02-26 09:48:04,one.ubuntu.com
2014-02-26 09:52:06,docs.oracle.com
2014-02-26 09:53:52,www.google.com
2014-02-26 09:53:52,clients1.google.com
2014-02-26 09:58:41,one.ubuntu.com
2014-02-26 09:58:58,one.ubuntu.com
2014-02-26 10:00:12,login.ubuntu.com
2014-02-26 10:00:12,one.ubuntu.com
2014-03-19 08:03:18,clients1.google.com
2014-03-19 08:03:19,gtglobal-ocsp.geotrust.com
2014-03-19 08:03:19,ocsp.thawte.com
2014-03-19 08:03:29,ocsp.godaddy.com
2014-03-19 08:03:29,safebrowsing-cache.google.com
2014-03-19 08:03:29,safebrowsing.clients.google.com
2014-03-19 08:03:33,clients1.google.com
2014-03-19 08:03:35,clients1.google.com
2014-03-19 08:03:38,one.ubuntu.com
2014-03-19 08:03:39,ocsp.godaddy.com
2014-03-19 08:03:45,login.ubuntu.com
2014-03-19 08:03:52,one.ubuntu.com
2014-03-19 08:06:15,sb-ssl.google.com
2014-03-19 08:06:30,ajax.googleapis.com
2014-03-19 08:10:54,ocsp.verisign.com
2014-03-19 08:12:54,ocsp.digicert.com
2014-03-19 08:21:42,clients1.google.com
2014-03-19 08:21:49,imss-www.upmf-grenoble.fr
2014-03-19 08:21:49,www.google.fr
2014-03-19 08:21:50,www.google.fr
2014-03-19 08:21:50,imss-www.upmf-grenoble.fr
2014-03-19 08:24:41,id.google.fr
2014-03-19 08:24:43,www.google.com
2014-03-19 08:24:44,apis.google.com
2014-03-19 08:24:45,www.google.fr
2014-03-19 08:30:37,one.ubuntu.com
2014-03-19 08:33:44,one.ubuntu.com
2014-03-19 08:33:57,one.ubuntu.com
2014-03-19 08:34:33,safebrowsing.clients.google.com
2014-03-19 08:34:33,safebrowsing-cache.google.com
2014-03-19 08:34:34,safebrowsing-cache.google.com
2014-03-19 08:35:26,one.ubuntu.com
2014-03-19 09:05:46,safebrowsing-cache.google.com
2014-03-19 09:05:46,safebrowsing.clients.google.com
2014-03-19 09:29:51,www.google.com
2014-03-19 09:29:54,gtglobal-ocsp.geotrust.com
2014-03-19 09:29:54,clients1.google.com
2014-03-19 09:29:59,www.google.fr
2014-03-19 09:30:00,docs.oracle.com
2014-03-19 09:30:00,www.oracle.com
2014-03-19 09:30:01,docs.oracle.com
2014-03-19 09:30:45,ajax.googleapis.com
2014-03-19 09:30:45,www.google.fr
2014-03-19 09:30:46,stackoverflow.com
2014-03-19 09:30:47,cdn-careers.sstatic.net
2014-03-19 09:30:47,stackoverflow.com
2014-03-19 09:30:48,cdn-careers.sstatic.net
2014-03-19 09:30:48,ocsp.digicert.com
2014-03-19 09:30:48,careers.stackoverflow.com
2014-03-19 09:30:51,ocsp.digicert.com
2014-03-19 09:30:51,careers.stackoverflow.com
2014-03-19 09:31:02,ocsp.verisign.com
2014-03-19 09:31:03,adzerk-www.s3.amazonaws.com
2014-03-19 09:31:07,stackauth.com
2014-03-19 09:31:22,javarevisited.blogspot.com
2014-03-19 09:31:22,www.google.fr
2014-03-19 09:31:22,javarevisited.blogspot.fr
2014-03-19 09:31:23,3.bp.blogspot.com
2014-03-19 09:31:23,img1.blogblog.com
2014-03-19 09:31:23,clients1.google.com
2014-03-19 09:31:23,javarevisited.blogspot.fr
2014-03-19 09:31:23,www.google.com
2014-03-19 09:31:23,www.blogger.com
2014-03-19 09:31:23,img2.blogblog.com
2014-03-19 09:31:23,sc.tynt.com
2014-03-19 09:31:24,javarevisited.blogspot.fr
2014-03-19 09:31:25,www2.blogblog.com
2014-03-19 09:31:25,javarevisited.blogspot.fr
2014-03-19 09:31:26,www.google.com
2014-03-19 09:31:27,www.google.com
2014-03-19 09:31:27,clients1.google.com
2014-03-19 09:31:28,javarevisited.blogspot.fr
2014-03-19 09:31:28,www.google.com
2014-03-19 09:31:28,clients1.google.com
2014-03-19 09:31:29,connect.facebook.net
2014-03-19 09:31:29,cdn1.developermedia.com
2014-03-19 09:31:29,www.google.com
2014-03-19 09:31:31,safebrowsing.clients.google.com
2014-03-19 09:31:31,www.stumbleupon.com
2014-03-19 09:31:31,www.google.com
2014-03-19 09:31:31,s-static.ak.facebook.com
2014-03-19 09:31:31,platform.twitter.com
2014-03-19 09:31:31,clients1.google.com
2014-03-19 09:31:31,static.ak.facebook.com
2014-03-19 09:31:31,www.facebook.com
2014-03-19 09:31:32,platform.twitter.com
2014-03-19 09:31:32,www.google.com
2014-03-19 09:31:33,platform.twitter.com
2014-03-19 09:31:34,platform.twitter.com
2014-03-19 09:31:34,gtssl-ocsp.geotrust.com
2014-03-19 09:31:34,evsecure-ocsp.verisign.com
2014-03-19 09:31:35,evsecure-ocsp.verisign.com
2014-03-19 09:31:35,www.linkedin.com
2014-03-19 09:32:05,twitter.com
2014-03-19 09:32:06,twitter.com
2014-03-19 09:32:10,www.google.fr
2014-03-19 09:32:10,docs.oracle.com
2014-03-19 09:32:11,docs.oracle.com
2014-03-19 09:32:33,de.tynt.com
2014-03-19 09:32:34,apps.developermedia.com
2014-03-19 09:32:35,apps.developermedia.com
2014-03-19 09:32:42,www.gravatar.com
2014-03-19 09:33:30,platform.twitter.com
2014-03-19 09:34:14,safebrowsing.clients.google.com
2014-03-19 09:34:14,safebrowsing-cache.google.com
2014-03-19 09:34:15,safebrowsing-cache.google.com
2014-03-19 09:34:21,www.blogger.com
2014-03-19 09:34:24,www.googleapis.com
2014-03-19 09:34:26,accounts.google.com
2014-03-19 09:34:29,apis.google.com
2014-03-19 09:34:32,4.bp.blogspot.com
2014-03-19 09:34:32,gg.google.com
2014-03-19 09:35:01,www.google.com
2014-03-19 09:35:03,id.google.fr
2014-03-19 09:35:04,www.google.fr
2014-03-19 09:37:13,www.oracle.com
2014-03-19 09:37:13,consent-st.truste.com
2014-03-19 09:37:13,www.oracleimg.com
2014-03-19 09:37:14,www.oracle.com
2014-03-19 09:37:14,www.oracleimg.com
2014-03-19 09:37:14,consent-st.truste.com
2014-03-19 09:37:15,www.oracle.com
2014-03-19 09:37:15,www.oracleimg.com
2014-03-19 09:37:16,www.oracle.com
2014-03-19 09:37:16,img03.en25.com
2014-03-19 09:37:16,consent-st.truste.com
2014-03-19 09:37:17,consent-st.truste.com
2014-03-19 09:37:18,www.oracle.com
2014-03-19 09:37:18,www.oracleimg.com
2014-03-19 09:37:18,www.google.com
2014-03-19 09:37:18,ajax.googleapis.com
2014-03-19 09:37:18,s1973398186.t.eloqua.com
2014-03-19 09:37:19,www.oracle.com
2014-03-19 09:37:25,www.google.fr
2014-03-19 09:37:26,docs.oracle.com
2014-03-19 09:37:29,docs.oracle.com
2014-03-19 09:37:31,docs.oracle.com
2014-03-19 09:37:35,docs.oracle.com
2014-03-19 09:37:39,docs.oracle.com
2014-03-19 09:37:55,docs.oracle.com
2014-03-19 09:37:56,docs.oracle.com
2014-03-19 09:38:34,docs.oracle.com
2014-03-19 09:38:35,docs.oracle.com
2014-03-19 09:40:18,www.google.com
2014-03-19 09:40:21,www.google.fr
2014-03-19 09:40:37,docs.oracle.com
2014-03-19 09:40:39,docs.oracle.com
2014-03-19 09:48:33,www.google.fr
2014-03-19 09:48:33,docs.oracle.com
2014-03-19 09:48:34,docs.oracle.com
2014-03-19 09:48:37,docs.oracle.com
2014-03-19 09:48:38,docs.oracle.com
2014-03-19 09:51:13,docs.oracle.com
2014-03-19 09:51:15,docs.oracle.com
2014-03-19 09:51:23,docs.oracle.com
2014-03-19 09:51:24,www.google.com
2014-03-19 09:51:26,www.google.fr
2014-03-19 09:51:29,docs.oracle.com
2014-03-19 09:52:29,docs.oracle.com
2014-03-19 09:52:30,docs.oracle.com
2014-03-19 09:52:54,docs.oracle.com
2014-03-19 09:53:23,docs.oracle.com
2014-03-19 09:53:40,docs.oracle.com
2014-03-19 09:54:17,docs.oracle.com
2014-03-19 09:55:16,www.google.fr
2014-03-19 09:56:15,docs.oracle.com
2014-03-19 09:58:43,ocsp.godaddy.com
2014-03-19 09:58:45,ocsp.godaddy.com
2014-03-19 09:58:50,one.ubuntu.com
2014-03-19 14:10:25,go.microsoft.com
2014-03-19 14:10:25,windows.microsoft.com
2014-03-19 14:10:25,ajax.microsoft.com
2014-03-19 14:10:25,res2.windows.microsoft.com
2014-03-19 14:10:25,js.microsoft.com
2014-03-19 14:10:25,res1.windows.microsoft.com
2014-03-19 14:10:26,windows.microsoft.com
2014-03-19 14:10:26,js.microsoft.com
2014-03-19 14:10:26,res1.windows.microsoft.com
2014-03-19 14:10:30,www.bing.com
2014-03-19 14:13:24,ieonline.microsoft.com
2014-03-19 14:13:25,go.microsoft.com
2014-03-26 08:12:44,ocsp.thawte.com
2014-03-26 08:12:47,www.google.com
2014-03-26 08:12:48,clients1.google.com
2014-03-26 08:12:50,www.google.com
2014-03-26 08:12:50,clients1.google.com
2014-03-26 08:12:50,gtglobal-ocsp.geotrust.com
2014-03-26 08:12:55,ocsp.godaddy.com
2014-03-26 08:12:56,clients1.google.com
2014-03-26 08:12:58,clients1.google.com
2014-03-26 08:13:00,ocsp.godaddy.com
2014-03-26 08:13:06,login.ubuntu.com
2014-03-26 08:13:11,one.ubuntu.com
2014-03-26 08:14:08,safebrowsing.clients.google.com
2014-03-26 08:14:08,safebrowsing-cache.google.com
2014-03-26 08:14:09,safebrowsing-cache.google.com
2014-03-26 08:15:48,apis.google.com
2014-03-26 08:15:49,www.google.com
2014-03-26 08:15:51,www.google.fr
2014-03-26 08:15:52,ajax.googleapis.com
2014-03-26 08:16:03,www.google.fr
2014-03-26 08:16:03,ocsp.tcs.terena.org
2014-03-26 08:16:04,ocsp.usertrust.com
2014-03-26 08:18:56,www.google.com
2014-03-26 08:18:58,www.google.fr
2014-03-26 08:19:53,www.google.fr
2014-03-26 08:19:53,docs.oracle.com
2014-03-26 08:19:54,www.oracle.com
2014-03-26 08:19:54,docs.oracle.com
2014-03-26 08:19:55,docs.oracle.com
2014-03-26 08:19:59,ocsp.verisign.com
2014-03-26 08:21:35,www.google.fr
2014-03-26 08:21:36,www.tutorialspoint.com
2014-03-26 08:21:37,www.tutorialspoint.com
2014-03-26 08:21:38,www.tutorialspoint.com
2014-03-26 08:21:39,www.google.com
2014-03-26 08:21:40,clients1.google.com
2014-03-26 08:21:40,www.google.com
2014-03-26 08:21:41,clients1.google.com
2014-03-26 08:21:45,www.tutorialspoint.com
2014-03-26 08:21:46,www.tutorialspoint.com
2014-03-26 08:21:47,www.tutorialspoint.com
2014-03-26 08:21:48,www.tutorialspoint.com
2014-03-26 08:22:00,ocsp.digicert.com
2014-03-26 08:22:01,ocsp.digicert.com
2014-03-26 08:22:15,www.tutorialspoint.com
2014-03-26 08:23:16,www.google.fr
2014-03-26 08:23:16,docs.oracle.com
2014-03-26 08:24:36,accounts.google.com
2014-03-26 08:25:22,apis.google.com
2014-03-26 08:26:09,www.google.com
2014-03-26 08:26:11,www.google.fr
2014-03-26 08:27:59,www.tutorialspoint.com
2014-03-26 08:28:02,hal9000.redintelligence.net
2014-03-26 08:28:03,hal9000.redintelligence.net
2014-03-26 08:28:04,hal9000.redintelligence.net
2014-03-26 08:28:05,rapidssl-ocsp.geotrust.com
2014-03-26 08:28:05,ocsp.usertrust.com
2014-03-26 08:28:05,ocsp.comodoca.com
2014-03-26 08:28:05,www.kdukvh.com
2014-03-26 08:28:07,www.tutorialspoint.com
2014-03-26 08:30:09,www.tutorialspoint.com
2014-03-26 08:30:16,www.tutorialspoint.com
2014-03-26 08:31:05,www.tutorialspoint.com
2014-03-26 08:31:23,www.tutorialspoint.com
2014-03-26 08:34:22,apis.google.com
2014-03-26 08:34:53,docs.oracle.com
2014-03-26 08:34:53,www.google.fr
2014-03-26 08:34:54,docs.oracle.com
2014-03-26 08:37:46,www.google.com
2014-03-26 08:37:47,www.google.fr
2014-03-26 08:45:47,safebrowsing-cache.google.com
2014-03-26 08:45:47,safebrowsing.clients.google.com
2014-03-26 08:45:48,safebrowsing-cache.google.com
2014-03-26 08:49:57,www.google.fr
2014-03-26 08:49:57,docs.oracle.com
2014-03-26 08:50:41,docs.oracle.com
2014-03-26 08:50:42,docs.oracle.com
2014-03-26 08:52:47,www.google.com
2014-03-26 08:52:48,www.google.fr
2014-03-26 08:55:52,www.google.fr
2014-03-26 08:55:53,www.coderanch.com
2014-03-26 08:55:53,cache-www.coderanch.com
2014-03-26 08:55:54,www.permies.com
2014-03-26 08:55:54,www.coderanch.com
2014-03-26 08:55:59,www.google.fr
2014-03-26 08:56:00,docs.oracle.com
2014-03-26 08:56:01,docs.oracle.com
2014-03-26 08:56:27,docs.oracle.com
2014-03-26 08:56:54,docs.oracle.com
2014-03-26 08:56:55,docs.oracle.com
2014-03-26 08:58:46,www.google.com
2014-03-26 08:58:49,www.google.fr
2014-03-26 08:58:49,ajax.googleapis.com
2014-03-26 09:00:58,www.google.com
2014-03-26 09:01:03,www.google.fr
2014-03-26 09:01:04,docs.oracle.com
2014-03-26 09:01:05,docs.oracle.com
2014-03-26 09:03:55,www.google.com
2014-03-26 09:03:57,www.google.fr
2014-03-26 09:05:00,docs.oracle.com
2014-03-26 09:05:01,docs.oracle.com
2014-03-26 09:08:09,gtssl-ocsp.geotrust.com
2014-03-26 09:10:04,docs.oracle.com
2014-03-26 09:10:04,www.google.fr
2014-03-26 09:10:08,docs.oracle.com
2014-03-26 09:12:55,id.google.fr
2014-03-26 09:12:56,www.google.com
2014-03-26 09:12:58,www.google.fr
2014-03-26 09:16:00,safebrowsing-cache.google.com
2014-03-26 09:16:00,safebrowsing.clients.google.com
2014-03-26 09:16:01,safebrowsing-cache.google.com
2014-03-26 09:18:55,gtglobal-ocsp.geotrust.com
2014-03-26 09:18:55,clients1.google.com
2014-03-26 09:18:57,www.google.fr
2014-03-26 09:18:58,script.affilizr.com
2014-03-26 09:18:58,wtpn.twenga.fr
2014-03-26 09:18:58,forum-images.hardware.fr
2014-03-26 09:18:58,forum.hardware.fr
2014-03-26 09:18:59,wtpn.twenga.fr
2014-03-26 09:18:59,i4.ytimg.com
2014-03-26 09:18:59,fr.primary.affinitad.com
2014-03-26 09:19:00,forum.hardware.fr
2014-03-26 09:19:00,i11.twenga.com
2014-03-26 09:19:00,i10.twenga.com
2014-03-26 09:19:00,rbx-cdn-tpn.c4tw.net
2014-03-26 09:19:00,wtpn.twenga.fr
2014-03-26 09:21:51,www.google.com
2014-03-26 09:21:53,www.google.fr
2014-03-26 09:21:55,ajax.googleapis.com
2014-03-26 09:27:31,docs.oracle.com
2014-03-26 09:27:32,docs.oracle.com
2014-03-26 09:32:21,java.sun.com
2014-03-26 09:32:23,download.oracle.com
2014-03-26 09:32:23,docs.oracle.com
2014-03-26 09:32:57,ocsp.godaddy.com
2014-03-26 09:33:05,one.ubuntu.com
2014-03-26 09:33:14,one.ubuntu.com
2014-03-26 09:33:33,one.ubuntu.com
2014-03-26 09:36:45,docs.oracle.com
2014-03-26 09:36:46,docs.oracle.com
2014-03-26 09:44:38,www.google.fr
2014-03-26 09:44:39,docs.oracle.com
2014-03-26 09:45:22,safebrowsing-cache.google.com
2014-03-26 09:45:22,safebrowsing.clients.google.com
2014-03-26 09:47:28,www.google.com
2014-03-26 09:47:33,www.google.fr
2014-03-26 09:48:09,docs.oracle.com
2014-03-26 09:50:43,one.ubuntu.com
2014-03-26 09:56:19,www.google.com
2014-03-26 09:56:25,www.google.fr
2014-03-26 09:56:25,docs.oracle.com
2014-03-26 09:56:26,docs.oracle.com
2014-03-26 09:58:29,www.google.fr
2014-03-26 09:58:29,www.google.com
2014-03-26 10:00:55,ocsp.thawte.com
2014-03-26 10:00:59,gtglobal-ocsp.geotrust.com
2014-03-26 10:00:59,clients1.google.com
2014-03-26 10:01:07,www.google.fr
2014-03-26 10:01:08,www.coderanch.com
2014-03-26 10:01:08,cache-www.coderanch.com
2014-03-26 10:01:09,cache-www.coderanch.com
2014-03-26 10:01:24,www.google.fr
2014-03-26 10:01:25,docs.oracle.com
2014-03-26 10:01:33,docs.oracle.com
2014-03-26 10:01:34,docs.oracle.com
2014-03-26 10:02:09,docs.oracle.com
2014-03-26 10:02:33,docs.oracle.com
2014-03-26 10:02:34,docs.oracle.com
2014-03-26 10:02:53,safebrowsing.clients.google.com
2014-03-26 10:02:53,safebrowsing-cache.google.com
2014-03-26 10:03:12,www.google.fr
2014-03-26 10:03:12,www.google.com
2014-03-26 13:34:04,clients1.google.com
2014-03-26 13:34:04,gtglobal-ocsp.geotrust.com
2014-03-26 13:34:04,ocsp.thawte.com
2014-03-26 13:34:07,www.google.com
2014-03-26 13:34:08,clients1.google.com
2014-03-26 13:34:22,ocsp.godaddy.com
2014-03-26 13:34:23,ocsp.godaddy.com
2014-03-26 13:34:24,clients1.google.com
2014-03-26 13:34:27,ocsp.godaddy.com
2014-03-26 13:34:32,one.ubuntu.com
2014-03-26 13:34:33,login.ubuntu.com
2014-03-26 13:34:58,ocsp.godaddy.com
2014-03-26 13:35:02,login.ubuntu.com
2014-03-26 13:35:03,one.ubuntu.com
2014-03-26 13:35:13,one.ubuntu.com
2014-03-26 13:35:25,one.ubuntu.com
2014-03-26 13:36:59,safebrowsing.clients.google.com
2014-03-26 13:36:59,safebrowsing-cache.google.com
2014-03-26 13:36:59,sb-ssl.google.com
2014-03-26 13:37:00,safebrowsing-cache.google.com
2014-03-26 13:37:06,apis.google.com
2014-03-26 13:37:08,www.google.fr
2014-03-26 13:37:19,ajax.googleapis.com
2014-03-26 13:37:24,www.google.com
2014-03-26 14:00:18,one.ubuntu.com
2014-03-26 14:08:14,safebrowsing-cache.google.com
2014-03-26 14:08:14,safebrowsing.clients.google.com
2014-03-26 14:08:15,safebrowsing-cache.google.com
2014-03-26 14:39:04,safebrowsing.clients.google.com
2014-03-26 14:39:04,safebrowsing-cache.google.com
2014-03-26 14:39:05,safebrowsing-cache.google.com
2014-03-26 15:04:28,ocsp.godaddy.com
2014-03-26 15:04:29,ocsp.godaddy.com
2014-03-26 15:04:34,one.ubuntu.com
2014-03-26 15:09:30,safebrowsing-cache.google.com
2014-03-26 15:09:30,safebrowsing.clients.google.com
2014-03-26 15:09:31,safebrowsing-cache.google.com
2014-03-26 15:10:49,one.ubuntu.com
2014-03-26 15:23:06,one.ubuntu.com
2014-03-26 15:23:17,one.ubuntu.com
2014-03-26 15:28:27,one.ubuntu.com
2014-03-26 15:28:38,ocsp.godaddy.com
2014-03-26 15:28:43,login.ubuntu.com
2014-04-16 08:03:34,ocsp.thawte.com
2014-04-16 08:03:39,clients1.google.com
2014-04-16 08:03:39,www.google.com
2014-04-16 08:03:40,gtglobal-ocsp.geotrust.com
2014-04-16 08:03:41,clients1.google.com
2014-04-16 08:03:42,clients1.google.com
2014-04-16 08:03:44,ocsp.godaddy.com
2014-04-16 08:03:45,ocsp.godaddy.com
2014-04-16 08:03:45,clients1.google.com
2014-04-16 08:03:46,clients1.google.com
2014-04-16 08:03:47,clients1.google.com
2014-04-16 08:03:49,ocsp.godaddy.com
2014-04-16 08:03:54,login.ubuntu.com
2014-04-16 08:04:12,one.ubuntu.com
2014-04-16 08:04:14,ocsp.godaddy.com
2014-04-16 08:04:33,gtssl-ocsp.geotrust.com
2014-04-16 08:06:38,apis.google.com
2014-04-16 08:06:39,www.google.com
2014-04-16 08:06:40,ajax.googleapis.com
2014-04-16 08:06:40,www.google.fr
2014-04-16 08:06:52,safebrowsing.clients.google.com
2014-04-16 08:06:52,safebrowsing-cache.google.com
2014-04-16 08:06:53,safebrowsing-cache.google.com
2014-04-16 08:11:27,ocsp.verisign.com
2014-04-16 08:13:16,www.google.com
2014-04-16 08:13:19,docs.oracle.com
2014-04-16 08:13:20,docs.oracle.com
2014-04-16 08:13:20,www.oracle.com
2014-04-16 08:13:21,docs.oracle.com
2014-04-16 08:13:21,www.oracle.com
2014-04-16 08:13:27,ocsp.digicert.com
2014-04-16 08:13:47,docs.oracle.com
2014-04-16 08:16:12,www.google.com
2014-04-16 08:16:13,www.google.fr
2014-04-16 08:19:16,one.ubuntu.com
2014-04-16 08:19:43,www.google.fr
2014-04-16 08:19:44,docs.oracle.com
2014-04-16 08:20:01,docs.oracle.com
2014-04-16 08:22:31,www.google.com
2014-04-16 08:22:36,www.google.fr
2014-04-16 08:34:11,one.ubuntu.com
2014-04-16 08:34:19,one.ubuntu.com
2014-04-16 08:34:26,one.ubuntu.com
2014-04-16 08:34:44,one.ubuntu.com
2014-04-16 08:35:25,safebrowsing-cache.google.com
2014-04-16 08:35:25,safebrowsing.clients.google.com
2014-04-16 08:37:59,one.ubuntu.com
2014-04-16 08:46:13,www.google.fr
2014-04-16 08:46:14,docs.oracle.com
2014-04-16 08:49:08,www.google.fr
2014-04-16 09:06:37,safebrowsing-cache.google.com
2014-04-16 09:06:37,safebrowsing.clients.google.com
2014-04-16 09:06:38,safebrowsing-cache.google.com
2014-04-16 09:14:12,ocsp.godaddy.com
2014-04-16 09:14:17,one.ubuntu.com
2014-04-16 09:14:27,one.ubuntu.com
2014-04-16 09:14:32,ocsp.godaddy.com
2014-04-16 09:15:14,gtglobal-ocsp.geotrust.com
2014-04-16 09:15:14,clients1.google.com
2014-04-16 09:15:17,docs.oracle.com
2014-04-16 09:15:17,www.google.fr
2014-04-16 09:15:20,docs.oracle.com
2014-04-16 09:15:26,docs.oracle.com
2014-04-16 09:15:27,docs.oracle.com
2014-04-16 09:15:43,one.ubuntu.com
2014-04-16 09:16:47,clients1.google.com
2014-04-16 09:16:49,www.dinosoria.com
2014-04-16 09:16:49,www.google.fr
2014-04-16 09:16:50,www.dinosoria.com
2014-04-16 09:16:50,hal9000.redintelligence.net
2014-04-16 09:16:51,www.dinosoria.com
2014-04-16 09:16:51,hal9000.redintelligence.net
2014-04-16 09:16:51,images.eveiletjeux.net
2014-04-16 09:16:51,ea.numericable.fr
2014-04-16 09:16:51,banniere.reussissonsensemble.fr
2014-04-16 09:16:51,www.google.fr
2014-04-16 09:16:52,banniere.reussissonsensemble.fr
2014-04-16 09:19:34,www.google.com
2014-04-16 09:19:35,www.google.fr
2014-04-16 09:27:38,docs.oracle.com
2014-04-16 09:27:39,docs.oracle.com
2014-04-16 09:31:00,one.ubuntu.com
2014-04-16 09:31:10,one.ubuntu.com
2014-04-16 09:31:33,one.ubuntu.com
2014-04-16 09:34:00,www.google.com
2014-04-16 09:34:08,docs.oracle.com
2014-04-16 09:34:08,www.google.fr
2014-04-16 09:35:53,safebrowsing.clients.google.com
2014-04-16 09:35:53,safebrowsing-cache.google.com
2014-04-16 09:35:54,safebrowsing-cache.google.com
2014-04-16 09:36:05,docs.oracle.com
2014-04-16 09:36:06,docs.oracle.com
2014-04-16 09:37:01,www.google.com
2014-04-16 09:37:03,www.google.fr
2014-04-16 09:42:28,www.google.com
2014-04-16 09:42:29,www.google.com
2014-04-16 09:42:33,www.google.fr
2014-04-16 09:42:33,docs.oracle.com
2014-04-16 09:45:26,www.google.com
2014-04-16 09:45:28,www.google.fr
2014-04-16 10:00:04,one.ubuntu.com
2014-04-16 10:00:11,one.ubuntu.com
2014-04-16 10:00:30,ocsp.godaddy.com
2014-04-16 10:00:34,one.ubuntu.com
2014-04-16 10:00:34,login.ubuntu.com
2014-04-16 13:35:00,ocsp.thawte.com
2014-04-16 13:35:04,www.google.com
2014-04-16 13:35:04,clients1.google.com
2014-04-16 13:35:05,clients1.google.com
2014-04-16 13:35:05,gtglobal-ocsp.geotrust.com
2014-04-16 13:35:07,clients1.google.com
2014-04-16 13:35:07,ocsp.godaddy.com
2014-04-16 13:35:08,clients1.google.com
2014-04-16 13:35:09,clients1.google.com
2014-04-16 13:35:10,ocsp.godaddy.com
2014-04-16 13:35:15,login.ubuntu.com
2014-04-16 13:35:32,ocsp.godaddy.com
2014-04-16 13:35:35,one.ubuntu.com
2014-04-16 13:36:31,gtssl-ocsp.geotrust.com
2014-04-16 13:38:00,apis.google.com
2014-04-16 13:38:02,ajax.googleapis.com
2014-04-16 13:38:02,www.google.com
2014-04-16 13:38:03,www.google.fr
2014-04-16 13:38:25,ocsp.verisign.com
2014-04-16 13:39:03,safebrowsing.clients.google.com
2014-04-16 13:39:03,safebrowsing-cache.google.com
2014-04-16 13:40:25,ocsp.digicert.com
2014-04-16 14:10:35,safebrowsing.clients.google.com
2014-04-16 14:10:35,safebrowsing-cache.google.com
2014-04-16 14:10:36,safebrowsing-cache.google.com
2014-04-16 14:17:53,biol09.biol.umontreal.ca
2014-04-16 14:17:53,www.google.fr
2014-04-16 14:17:54,biol09.biol.umontreal.ca
2014-04-16 14:20:46,www.google.com
2014-04-16 14:20:49,www.google.fr
2014-04-16 14:34:06,ocsp.quovadisglobal.com
2014-04-16 14:34:22,stat.ethz.ch
2014-04-16 14:37:00,www.google.com
2014-04-16 14:37:02,www.google.fr
2014-04-16 14:38:46,safebrowsing-cache.google.com
2014-04-16 14:38:46,safebrowsing.clients.google.com
2014-04-16 14:50:18,clients1.google.com
2014-04-16 14:50:18,gtglobal-ocsp.geotrust.com
2014-04-16 14:50:21,stat.ethz.ch
2014-04-16 14:50:21,www.google.fr
2014-04-16 14:53:14,www.google.com
2014-04-16 14:53:17,www.google.fr
2014-04-16 15:00:35,www.google.fr
2014-04-16 15:00:35,stackoverflow.com
2014-04-16 15:00:35,ajax.googleapis.com
2014-04-16 15:00:36,i.stack.imgur.com
2014-04-16 15:00:36,cdn-careers.sstatic.net
2014-04-16 15:00:37,ocsp.godaddy.com
2014-04-16 15:00:37,stackoverflow.com
2014-04-16 15:00:37,cdn-careers.sstatic.net
2014-04-16 15:00:38,ocsp.digicert.com
2014-04-16 15:00:38,cdn-careers.sstatic.net
2014-04-16 15:00:38,careers.stackoverflow.com
2014-04-16 15:00:53,stackauth.com
2014-04-16 15:02:33,www.gravatar.com
2014-04-16 15:03:30,www.google.com
2014-04-16 15:03:31,www.google.fr
2014-04-16 15:07:17,safebrowsing.clients.google.com
2014-04-16 15:07:17,safebrowsing-cache.google.com
2014-04-16 15:07:18,safebrowsing-cache.google.com
2014-04-16 15:19:12,clients1.google.com
2014-04-16 15:19:13,www.google.fr
2014-04-16 15:19:13,stat.ethz.ch
2014-04-16 15:19:14,stat.ethz.ch
2014-04-16 15:22:07,id.google.fr
2014-04-16 15:22:07,www.google.com
2014-04-16 15:22:09,www.google.fr
2014-04-16 15:32:55,ocsp.godaddy.com
2014-04-16 15:33:01,one.ubuntu.com
2014-04-16 15:33:08,one.ubuntu.com
2014-04-16 15:33:14,one.ubuntu.com
2014-04-16 15:33:19,one.ubuntu.com
2014-04-16 15:33:29,ocsp.godaddy.com
2014-04-16 15:33:37,one.ubuntu.com
