timestamp,site
2014-01-16 08:22:47,fpdownload2.macromedia.com
2014-01-16 08:22:51,go.microsoft.com
2014-01-16 08:22:51,www.iegallery.com
2014-01-16 08:22:52,www.iegallery.com
2014-01-16 08:22:53,www.iegallery.com
2014-01-16 08:22:54,www.iegallery.com
2014-01-16 08:23:13,www.google.fr
2014-01-16 08:23:15,www.google.fr
2014-01-16 08:23:21,www.google.fr
2014-01-16 08:23:27,www.google.fr
2014-01-16 08:23:29,www.google.fr
2014-01-16 08:23:31,www.google.com
2014-01-16 08:23:36,www.google.com
2014-01-16 08:23:39,www.google.fr
2014-01-16 08:23:46,www.google.fr
2014-01-16 08:27:14,javadl-esd.sun.com
2014-01-22 08:07:31,office14client.microsoft.com
2014-01-22 08:07:31,office.microsoft.com
2014-01-22 08:07:33,office.microsoft.com
2014-01-22 08:21:13,ieonline.microsoft.com
2014-01-22 08:21:17,www.bing.com
2014-01-22 08:21:17,www.google.com
2014-01-22 08:21:31,www.google.fr
2014-01-22 08:21:32,www.google.fr
2014-01-22 08:21:33,www.google.com
2014-01-22 08:21:34,apis.google.com
2014-01-22 08:21:43,www.google.fr
2014-01-22 08:21:43,www.google.com
2014-01-22 08:21:44,apis.google.com
2014-01-22 08:21:44,www.google.fr
2014-01-22 08:22:23,www.google.fr
2014-01-22 08:22:24,www.google.fr
2014-01-22 08:22:39,www.google.fr
2014-01-22 08:22:40,www.google.fr
2014-01-22 08:23:12,ieonline.microsoft.com
2014-01-22 08:23:12,go.microsoft.com
2014-01-22 08:56:29,www.google.fr
2014-01-22 08:57:01,www.elitefoot.com
2014-01-22 08:57:01,www.google.fr
2014-01-22 08:57:02,www.google.fr
2014-01-22 08:57:02,www.elitefoot.com
2014-01-22 08:57:03,www.elitefoot.com
2014-01-22 08:57:05,www.google.com
2014-01-22 08:57:05,www.elitefoot.com
2014-01-22 08:57:28,www.google.com
2014-01-22 08:58:45,www.google.fr
2014-01-22 08:58:46,www.beead.fr
2014-01-22 08:58:46,www.google.fr
2014-01-22 08:58:46,www.les-sports.info
2014-01-22 08:58:47,www.les-sports.info
2014-01-22 08:58:48,www.les-sports.info
2014-01-22 08:58:49,www.google.fr
2014-01-22 08:58:49,www.les-sports.info
2014-01-22 08:58:51,accounts.google.com
2014-01-22 08:58:51,www.les-sports.info
2014-01-22 09:00:41,www.google.fr
2014-01-22 09:00:49,www.google.fr
2014-01-22 09:00:49,accounts.google.com
2014-01-22 09:00:49,apis.google.com
2014-01-22 09:00:51,clients1.google.fr
2014-01-22 09:00:51,www.google.fr
2014-01-22 09:01:01,www.google.fr
2014-01-22 09:01:26,www.google.fr
2014-01-22 09:01:26,clients1.google.fr
2014-01-22 09:02:25,clients1.google.fr
2014-01-22 09:02:25,www.google.fr
2014-01-22 09:02:44,www.google.fr
2014-01-22 09:03:06,clients1.google.fr
2014-01-22 09:03:06,www.google.fr
2014-01-22 09:05:02,clients1.google.fr
2014-01-22 09:05:02,www.google.fr
2014-01-22 09:08:56,www.google.fr
2014-01-22 09:08:57,www.google.fr
2014-01-22 09:09:11,www.google.fr
2014-01-22 09:09:12,www.google.fr
2014-01-22 09:10:13,www.google.fr
2014-02-19 08:09:58,www.google.com
2014-02-19 08:10:36,www.google.fr
2014-02-19 08:11:04,www.google.fr
2014-02-19 08:11:06,www.google.fr
2014-02-19 08:11:08,www.google.com
2014-02-19 08:11:08,apis.google.com
2014-02-19 08:11:25,www.google.com
2014-02-19 08:11:25,apis.google.com
2014-02-19 08:11:25,www.google.fr
2014-02-19 08:11:38,player.vimeo.com
2014-02-19 08:11:39,livepassdl.conviva.com
2014-02-19 08:11:40,pings.conviva.com
2014-02-19 08:11:46,pings.conviva.com
2014-02-19 08:11:53,go.microsoft.com
2014-02-19 08:11:53,ieonline.microsoft.com
2014-02-19 08:15:43,www.google.fr
2014-02-19 08:15:52,www.google.fr
2014-02-19 08:15:53,www.google.com
2014-02-19 08:15:53,apis.google.com
2014-02-19 08:15:53,www.google.fr
2014-02-19 08:16:14,player.vimeo.com
2014-02-19 08:16:14,livepassdl.conviva.com
2014-02-19 08:16:20,pings.conviva.com
2014-02-19 08:16:20,livepassdl.conviva.com
2014-02-19 08:19:15,office.microsoft.com
2014-02-19 08:19:15,office14client.microsoft.com
2014-02-19 08:19:16,office.microsoft.com
2014-02-19 08:21:44,ad.foxitsoftware.com
2014-02-19 08:21:45,addons.foxitsoftware.com
2014-02-19 08:55:57,www.google.fr
2014-02-19 08:58:51,www.google.fr
2014-02-19 09:00:37,www.google.fr
2014-02-19 09:00:41,www.google.fr
2014-02-19 09:00:41,www.franceinfo.fr
2014-02-19 09:00:41,platform.linkedin.com
2014-02-19 09:00:41,connect.facebook.net
2014-02-19 09:00:41,platform.twitter.com
2014-02-19 09:00:42,www.franceinfo.fr
2014-02-19 09:00:44,www.franceinfo.fr
2014-02-19 09:00:44,apis.google.com
2014-02-19 09:00:45,www.franceinfo.fr
2014-02-19 09:00:45,www.dailymotion.com
2014-02-19 09:00:46,www.linkedin.com
2014-02-19 09:00:46,www.facebook.com
2014-02-19 09:00:46,static.ak.facebook.com
2014-02-19 09:00:46,platform.twitter.com
2014-02-19 09:00:46,s-static.ak.facebook.com
2014-02-19 09:00:47,www.franceinfo.fr
2014-02-19 09:00:47,accounts.google.com
2014-02-19 09:00:47,twitter.com
2014-02-19 09:00:47,www.dailymotion.com
2014-02-19 09:00:47,fpdownload2.macromedia.com
2014-02-19 09:00:47,ajax.googleapis.com
2014-02-19 09:00:47,dnn506yrbagrg.cloudfront.net
2014-02-19 09:00:47,apis.google.com
2014-02-19 09:00:48,accounts.google.com
2014-02-19 09:00:48,www.franceinfo.fr
2014-02-19 09:00:48,apis.google.com
2014-02-19 09:01:14,s-static.ak.facebook.com
2014-02-19 09:01:17,s-static.ak.facebook.com
2014-02-19 09:01:18,twitter.com
2014-02-19 09:01:23,s-static.ak.facebook.com
2014-02-19 09:01:24,s-static.ak.facebook.com
2014-02-19 09:01:26,www.linkedin.com
2014-02-19 09:01:38,www.google.fr
2014-02-19 09:01:41,www.google.fr
2014-02-19 09:01:58,www.mobilicites.com
2014-02-19 09:01:58,www.google.fr
2014-02-19 09:01:59,www.google.com
2014-02-19 09:01:59,www.mobilicites.com
2014-02-19 09:02:00,www.google.com
2014-02-19 09:02:00,platform.twitter.com
2014-02-19 09:02:00,connect.facebook.net
2014-02-19 09:02:00,www.facebook.com
2014-02-19 09:02:00,www.mobilicites.com
2014-02-19 09:02:01,static.ak.facebook.com
2014-02-19 09:02:01,www.mobilicites.com
2014-02-19 09:02:01,s-static.ak.facebook.com
2014-02-19 09:02:01,apis.google.com
2014-02-19 09:02:01,www.facebook.com
2014-02-19 09:02:01,platform.twitter.com
2014-02-19 09:02:02,twitter.com
2014-02-19 09:02:02,accounts.google.com
2014-02-19 09:02:02,apis.google.com
2014-02-19 09:02:03,www.mobilicites.com
2014-02-19 09:02:03,accounts.google.com
2014-02-19 09:02:03,twitter.com
2014-02-19 09:02:03,apis.google.com
2014-02-19 09:02:16,www.mobilicites.com
2014-02-19 09:02:18,www.mobilicites.com
2014-02-19 09:02:31,www.google.fr
2014-02-19 09:02:33,apis.google.com
2014-02-19 09:02:33,www.google.fr
2014-02-19 09:02:33,www.google.com
2014-02-19 09:02:33,fr.euronews.com
2014-02-19 09:02:34,fr.euronews.com
2014-02-19 09:02:34,static.euronews.com
2014-02-19 09:02:34,connect.facebook.net
2014-02-19 09:02:34,platform.twitter.com
2014-02-19 09:02:34,apis.google.com
2014-02-19 09:02:35,www.facebook.com
2014-02-19 09:02:35,fr.euronews.com
2014-02-19 09:02:35,s-static.ak.facebook.com
2014-02-19 09:02:35,static.euronews.com
2014-02-19 09:02:35,static.ak.facebook.com
2014-02-19 09:02:35,platform.twitter.com
2014-02-19 09:02:36,twitter.com
2014-02-19 09:02:36,platform.twitter.com
2014-02-19 09:02:36,s.ytimg.com
2014-02-19 09:02:36,accounts.google.com
2014-02-19 09:02:36,www.youtube.com
2014-02-19 09:02:36,apis.google.com
2014-02-19 09:02:36,dnn506yrbagrg.cloudfront.net
2014-02-19 09:02:36,um.simpli.fi
2014-02-19 09:02:36,rp.gwallet.com
2014-02-19 09:02:37,platform.twitter.com
2014-02-19 09:02:37,apis.google.com
2014-02-19 09:02:37,fr.euronews.com
2014-02-19 09:02:37,s.ytimg.com
2014-02-19 09:02:37,pr.ybp.yahoo.com
2014-02-19 09:02:37,match.rtbidder.net
2014-02-19 09:02:39,i1-js-14-3-01-10052-414740557-i.init.cedexis-radar.net
2014-02-19 09:02:40,www.youtube.com
2014-02-19 09:02:40,chinacache.cedexis.com
2014-02-19 09:02:41,ec2-us-west-1a.cedexis.com
2014-02-19 09:02:42,ec2-us-west-1a.cedexis.com
2014-02-19 09:02:43,bitgravity.cedexis.com
2014-02-19 09:02:44,www.euronews.com
2014-02-19 09:02:44,bitgravity.cedexis.com
2014-02-19 09:02:45,prod-euronews.euronews.net
2014-02-19 09:02:45,www.euronews.com
2014-02-19 09:03:34,s-static.ak.facebook.com
2014-02-19 09:03:38,s-static.ak.facebook.com
2014-02-19 09:03:39,s-static.ak.facebook.com
2014-02-19 09:03:40,s-static.ak.facebook.com
2014-02-19 09:03:43,s-static.ak.facebook.com
2014-02-19 09:03:44,s-static.ak.facebook.com
2014-02-19 09:03:44,s.ytimg.com
2014-02-19 09:04:02,www.google.fr
2014-02-19 09:04:03,www.google.fr
2014-02-19 09:04:03,ajax.googleapis.com
2014-02-19 09:04:03,assets3.lefigaro.fr
2014-02-19 09:04:03,assets5.lefigaro.fr
2014-02-19 09:04:03,plus.lefigaro.fr
2014-02-19 09:04:03,assets4.lefigaro.fr
2014-02-19 09:04:03,assets2.lefigaro.fr
2014-02-19 09:04:03,api.fidji.lefigaro.fr
2014-02-19 09:04:03,www.lefigaro.fr
2014-02-19 09:04:03,assets6.lefigaro.fr
2014-02-19 09:04:04,assets5.lefigaro.fr
2014-02-19 09:04:04,plus.lefigaro.fr
2014-02-19 09:04:04,assets6.lefigaro.fr
2014-02-19 09:04:04,ajax.googleapis.com
2014-02-19 09:04:22,www.google.fr
2014-02-19 09:04:23,ajax.googleapis.com
2014-02-19 09:04:23,www.google.fr
2014-02-19 09:04:23,geoconfluences.ens-lyon.fr
2014-02-19 09:04:24,geoconfluences.ens-lyon.fr
2014-02-19 09:04:56,www.google.fr
2014-02-19 09:04:58,www.lefigaro.fr
2014-02-19 09:04:58,assets6.lefigaro.fr
2014-02-19 09:04:58,assets4.lefigaro.fr
2014-02-19 09:04:58,assets3.lefigaro.fr
2014-02-19 09:04:58,assets1.lefigaro.fr
2014-02-19 09:04:58,www.google.fr
2014-02-19 09:04:58,plus.lefigaro.fr
2014-02-19 09:04:58,api.fidji.lefigaro.fr
2014-02-19 09:04:59,assets-data.lefigaro.fr
2014-02-19 09:04:59,assets1.lefigaro.fr
2014-02-19 09:04:59,assets5.lefigaro.fr
2014-02-19 09:04:59,api.fidji.lefigaro.fr
2014-02-19 09:04:59,videosfr.s3.amazonaws.com
2014-02-19 09:05:00,www.lefigaro.fr
2014-02-19 09:05:00,assets4.lefigaro.fr
2014-02-19 09:05:03,assets1.lefigaro.fr
2014-02-19 09:05:03,assets-pub.lefigaro.fr
2014-02-19 09:05:03,www.facebook.com
2014-02-19 09:05:03,plus.lefigaro.fr
2014-02-19 09:05:03,rbp.mxptint.net
2014-02-19 09:05:03,twitter.com
2014-02-19 09:05:04,assets-pub.lefigaro.fr
2014-02-19 09:05:04,video.lefigaro.fr
2014-02-19 09:05:04,s-static.ak.facebook.com
2014-02-19 09:05:04,static.ak.facebook.com
2014-02-19 09:05:04,plus.lefigaro.fr
2014-02-19 09:05:05,apis.google.com
2014-02-19 09:05:05,platform.linkedin.com
2014-02-19 09:05:05,assets5.lefigaro.fr
2014-02-19 09:05:05,plus.lefigaro.fr
2014-02-19 09:05:05,api.fidji.lefigaro.fr
2014-02-19 09:05:05,foglio.basilic.io
2014-02-19 09:05:05,www.lefigaro.fr
2014-02-19 09:05:05,dnn506yrbagrg.cloudfront.net
2014-02-19 09:05:05,www.facebook.com
2014-02-19 09:05:05,platform.twitter.com
2014-02-19 09:05:06,apis.google.com
2014-02-19 09:05:06,accounts.google.com
2014-02-19 09:05:06,www.lefigaro.fr
2014-02-19 09:05:06,www.linkedin.com
2014-02-19 09:05:06,twitter.com
2014-02-19 09:05:09,i1-js-14-3-01-10036-463879155-i.init.cedexis-radar.net
2014-02-19 09:05:09,i1-js-14-3-01-10077-957407408-i.init.cedexis-radar.net
2014-02-19 09:05:10,ca.ecritel.bench.cedexis.com
2014-02-19 09:05:13,val.cloudwatt.bench.cedexis.com
2014-02-19 09:05:14,www.lefigaro.fr
2014-02-19 09:05:19,akvideo.aufeminin.com
2014-02-19 09:05:43,www.linkedin.com
2014-02-19 09:05:50,apis.google.com
2014-02-19 09:05:51,www.google.fr
2014-02-19 09:05:51,clients1.google.fr
2014-02-19 09:06:03,www.google.fr
2014-02-19 09:06:04,www.franceinfo.fr
2014-02-19 09:06:04,www.google.fr
2014-02-19 09:06:10,www.google.fr
2014-02-19 09:06:10,www.franceinfo.fr
2014-02-19 09:06:11,mkt.radiofrance.fr
2014-02-19 09:06:11,www.franceinfo.fr
2014-02-19 09:06:11,ajax.googleapis.com
2014-02-19 09:06:11,platform.linkedin.com
2014-02-19 09:06:11,www.dailymotion.com
2014-02-19 09:06:12,www.dailymotion.com
2014-02-19 09:06:12,www.franceinfo.fr
2014-02-19 09:06:13,www.franceinfo.fr
2014-02-19 09:06:13,static.ak.facebook.com
2014-02-19 09:06:13,www.facebook.com
2014-02-19 09:06:13,s-static.ak.facebook.com
2014-02-19 09:06:14,www.franceinfo.fr
2014-02-19 09:06:14,dnn506yrbagrg.cloudfront.net
2014-02-19 09:06:14,www.google.fr
2014-02-19 09:06:14,www.linkedin.com
2014-02-19 09:06:14,accounts.google.com
2014-02-19 09:06:17,apis.google.com
2014-02-19 09:06:17,i1-js-14-3-01-11987-191075479-i.init.cedexis-radar.net
2014-02-19 09:06:18,onapp.cedexis.com
2014-02-19 09:06:26,www.google.fr
2014-02-19 09:06:26,www.linkedin.com
2014-02-19 09:06:27,s-static.ak.facebook.com
2014-02-19 09:06:29,www.franceinfo.fr
2014-02-19 09:06:30,platform.linkedin.com
2014-02-19 09:06:30,www.franceinfo.fr
2014-02-19 09:06:30,www.linkedin.com
2014-02-19 09:06:36,static.rtl.fr
2014-02-19 09:06:36,www.rtl.fr
2014-02-19 09:06:36,twitter.com
2014-02-19 09:06:36,www.google.fr
2014-02-19 09:06:36,media.rtl.fr
2014-02-19 09:06:36,clients1.google.fr
2014-02-19 09:06:37,player.mediabong.com
2014-02-19 09:06:37,static.rtl.fr
2014-02-19 09:06:37,media.rtl.fr
2014-02-19 09:06:38,static.mediabong.com
2014-02-19 09:06:38,endor.mediabong.com
2014-02-19 09:06:38,static.rtl.fr
2014-02-19 09:06:38,pixel.alephd.com
2014-02-19 09:06:39,www.facebook.com
2014-02-19 09:06:39,media.rtl.fr
2014-02-19 09:06:39,mm.eulerian.net
2014-02-19 09:06:39,www.rtl.fr
2014-02-19 09:06:39,its.tradelab.fr
2014-02-19 09:06:39,static.rtl.fr
2014-02-19 09:06:39,endor.mediabong.com
2014-02-19 09:06:39,static.mediabong.com
2014-02-19 09:06:39,pixel.alephd.com
2014-02-19 09:06:39,sports.rtl.fr
2014-02-19 09:06:39,player.mediabong.com
2014-02-19 09:06:40,s-static.ak.facebook.com
2014-02-19 09:06:40,accounts.google.com
2014-02-19 09:06:40,twitter.com
2014-02-19 09:06:40,www.facebook.com
2014-02-19 09:06:40,www.google.fr
2014-02-19 09:06:40,www.google.com
2014-02-19 09:06:40,static.rtl.fr
2014-02-19 09:06:40,sports.rtl.fr
2014-02-19 09:06:40,static.ak.facebook.com
2014-02-19 09:06:40,endor.mediabong.com
2014-02-19 09:06:40,files.player.mediabong.com
2014-02-19 09:06:41,endor.mediabong.com
2014-02-19 09:06:41,video.mediabong.com
2014-02-19 09:06:41,www.google.com
2014-02-19 09:06:47,www.google.fr
2014-02-19 09:06:47,www.rtl.fr
2014-02-19 09:06:47,static.rtl.fr
2014-02-19 09:06:47,its.tradelab.fr
2014-02-19 09:06:53,www.google.fr
2014-02-19 09:06:53,apis.google.com
2014-02-19 09:06:53,clients1.google.fr
2014-02-19 09:07:05,www.google.fr
2014-02-19 09:08:23,www.google.fr
2014-02-19 09:08:23,www.journaldunet.com
2014-02-19 09:08:23,www.facebook.com
2014-02-19 09:08:23,r.ccmbg.com
2014-02-19 09:08:23,ba.journaldunet.com
2014-02-19 09:08:23,ajax.googleapis.com
2014-02-19 09:08:23,i-cms.journaldunet.com
2014-02-19 09:08:23,i-jdn.lejdn.fr
2014-02-19 09:08:23,static.ccmbg.com
2014-02-19 09:08:24,www.beead.fr
2014-02-19 09:08:24,static.ccmbg.com
2014-02-19 09:08:24,ba.journaldunet.com
2014-02-19 09:08:24,as.beead.net
2014-02-19 09:08:25,static.ak.facebook.com
2014-02-19 09:08:25,as.beead.net
2014-02-19 09:08:25,ba.journaldunet.com
2014-02-19 09:08:25,i-cms.journaldunet.com
2014-02-19 09:08:25,r.ccmbg.com
2014-02-19 09:08:25,static.ccmbg.com
2014-02-19 09:08:25,www.facebook.com
2014-02-19 09:08:25,s-static.ak.facebook.com
2014-02-19 09:08:26,r.ccmbg.com
2014-02-19 09:08:26,www.facebook.com
2014-02-19 09:08:26,apis.google.com
2014-02-19 09:08:27,apis.google.com
2014-02-19 09:08:27,static.ccmbg.com
2014-02-19 09:08:28,accounts.google.com
2014-02-19 09:08:28,www.linkedin.com
2014-02-19 09:08:28,as.beead.net
2014-02-19 09:08:29,twitter.com
2014-02-19 09:08:29,apis.google.com
2014-02-19 09:08:29,static.ebz.io
2014-02-19 09:08:30,platform.twitter.com
2014-02-19 09:08:35,www.journaldunet.com
2014-02-19 09:08:35,ba.journaldunet.com
2014-02-19 09:08:35,i-cms.journaldunet.com
2014-02-19 09:08:36,static.ak.facebook.com
2014-02-19 09:08:36,static.ccm2.net
2014-02-19 09:08:36,static.ccmbg.com
2014-02-19 09:08:36,ba.journaldunet.com
2014-02-19 09:08:36,r.linter.fr
2014-02-19 09:08:36,s-static.ak.facebook.com
2014-02-19 09:08:36,www.facebook.com
2014-02-19 09:08:36,r.ccmbg.com
2014-02-19 09:08:36,i-cms.journaldunet.com
2014-02-19 09:08:36,ak.c.ooyala.com
2014-02-19 09:08:36,i-jdn.lejdn.fr
2014-02-19 09:08:37,static.ccmbg.com
2014-02-19 09:08:37,www.facebook.com
2014-02-19 09:08:38,www.journaldunet.com
2014-02-19 09:08:38,www.linkedin.com
2014-02-19 09:08:38,i-cms.journaldunet.com
2014-02-19 09:08:38,static.ccmbg.com
2014-02-19 09:08:40,apis.google.com
2014-02-19 09:08:40,ba.journaldunet.com
2014-02-19 09:08:40,twitter.com
2014-02-19 09:08:40,www.facebook.com
2014-02-19 09:08:40,gpohu2ut9k.s.ad6media.fr
2014-02-19 09:08:41,static.ak.facebook.com
2014-02-19 09:08:42,www.facebook.com
2014-02-19 09:08:42,s-static.ak.facebook.com
2014-02-19 09:08:43,www.facebook.com
2014-02-19 09:08:43,www.linkedin.com
2014-02-19 09:08:46,platform.twitter.com
2014-02-19 09:08:51,apis.google.com
2014-02-19 09:08:51,twitter.com
2014-02-19 09:08:51,www.facebook.com
2014-02-19 09:08:51,www.journaldunet.com
2014-02-19 09:08:51,static.ccmbg.com
2014-02-19 09:08:51,i-jdn.lejdn.fr
2014-02-19 09:08:51,ajax.googleapis.com
2014-02-19 09:08:51,ba.journaldunet.com
2014-02-19 09:08:51,i-cms.journaldunet.com
2014-02-19 09:08:51,r.ccmbg.com
2014-02-19 09:08:51,connect.facebook.net
2014-02-19 09:08:52,videosfr.s3.amazonaws.com
2014-02-19 09:08:52,ba.journaldunet.com
2014-02-19 09:08:52,static.ccmbg.com
2014-02-19 09:08:53,s-static.ak.facebook.com
2014-02-19 09:08:53,static.ccmbg.com
2014-02-19 09:08:53,r.ccmbg.com
2014-02-19 09:08:53,i-cms.journaldunet.com
2014-02-19 09:08:53,ba.journaldunet.com
2014-02-19 09:08:53,static.ak.facebook.com
2014-02-19 09:08:53,www.facebook.com
2014-02-19 09:08:54,www.facebook.com
2014-02-19 09:08:55,www.linkedin.com
2014-02-19 09:08:57,platform.twitter.com
2014-02-19 09:09:25,twitter.com
2014-02-19 09:09:34,www.google.fr
2014-02-19 09:09:34,www.iau-idf.fr
2014-02-19 09:09:36,www.iau-idf.fr
2014-02-19 09:09:37,www.iau-idf.fr
2014-02-19 09:09:45,www.iau-idf.fr
2014-02-19 09:09:46,www.iau-idf.fr
2014-02-19 09:09:47,www.iau-idf.fr
2014-02-19 09:10:25,apis.google.com
2014-02-19 09:10:25,www.google.fr
2014-02-19 09:10:27,www.iau-idf.fr
2014-02-19 09:10:30,www.iau-idf.fr
2014-02-19 09:11:22,www.google.fr
2014-02-19 09:11:23,www.google.fr
2014-02-19 09:12:29,www.google.fr
2014-02-19 09:12:29,clients1.google.fr
2014-02-19 09:12:30,clients1.google.fr
2014-02-19 09:12:36,www.google.fr
2014-02-19 09:12:36,www.tbs-sct.gc.ca
2014-02-19 09:12:37,www.google.fr
2014-02-19 09:12:37,www.tbs-sct.gc.ca
2014-02-19 09:12:38,www.tbs-sct.gc.ca
2014-02-19 09:12:39,www.tbs-sct.gc.ca
2014-02-19 09:13:52,www.google.fr
2014-02-19 09:13:53,www.tbs-sct.gc.ca
2014-02-19 09:14:03,bourse.lesechos.fr
2014-02-19 09:14:03,www.google.fr
2014-02-19 09:14:04,pics.bourse.lesechos.com
2014-02-19 09:14:04,www.google.fr
2014-02-19 09:14:04,pics.2012.lesechos.com
2014-02-19 09:14:04,static_bourse.lesechos.com
2014-02-19 09:14:04,listener.ezakus.net
2014-02-19 09:14:04,www.lesechos.fr
2014-02-19 09:14:04,bourse.lesechos.fr
2014-02-19 09:14:04,clients1.google.fr
2014-02-19 09:14:07,static_bourse.lesechos.com
2014-02-19 09:14:07,bourse.lesechos.fr
2014-02-19 09:14:07,pics.bourse.lesechos.com
2014-02-19 09:14:08,ajax.googleapis.com
2014-02-19 09:14:08,compter.investir.fr
2014-02-19 09:14:08,pics.2012.lesechos.com
2014-02-19 09:14:08,tc.airfrance.com
2014-02-19 09:14:08,bourse.lesechos.fr
2014-02-19 09:14:08,pics.bourse.lesechos.com
2014-02-19 09:14:08,pixel.alephd.com
2014-02-19 09:14:09,pixel.alephd.com
2014-02-19 09:14:09,ajax.googleapis.com
2014-02-19 09:14:09,its.tradelab.fr
2014-02-19 09:14:10,apis.google.com
2014-02-19 09:14:10,s-static.ak.facebook.com
2014-02-19 09:14:10,accounts.google.com
2014-02-19 09:14:10,twitter.com
2014-02-19 09:14:10,static.ak.facebook.com
2014-02-19 09:14:10,pics.bourse.lesechos.com
2014-02-19 09:14:10,ajax.googleapis.com
2014-02-19 09:14:10,www.facebook.com
2014-02-19 09:14:10,redir.adbutter.net
2014-02-19 09:14:11,twitter.com
2014-02-19 09:14:12,www.facebook.com
2014-02-19 09:14:12,adventori.com
2014-02-19 09:14:13,um.simpli.fi
2014-02-19 09:14:13,pixel2368.everesttech.net
2014-02-19 09:14:16,bourse.lesechos.fr
2014-02-19 09:14:25,bourse.lesechos.fr
2014-02-19 09:14:34,bourse.lesechos.fr
2014-02-19 09:14:43,bourse.lesechos.fr
2014-02-19 09:14:52,bourse.lesechos.fr
2014-02-19 09:14:53,bourse.lesechos.fr
2014-02-19 09:14:53,compter.investir.fr
2014-02-19 09:14:53,www.google.fr
2014-02-19 09:14:54,pixel2368.everesttech.net
2014-02-19 09:14:54,bourse.lesechos.fr
2014-02-19 09:14:54,google.ezakus.net
2014-02-19 09:14:54,pics.bourse.lesechos.com
2014-02-19 09:14:55,its.tradelab.fr
2014-02-19 09:14:55,pixel.alephd.com
2014-02-19 09:14:55,tc.airfrance.com
2014-02-19 09:14:55,apnx-match.dotomi.com
2014-02-19 09:14:55,pics.bourse.lesechos.com
2014-02-19 09:14:56,twitter.com
2014-02-19 09:14:56,pics.bourse.lesechos.com
2014-02-19 09:14:56,static.ak.facebook.com
2014-02-19 09:14:56,static_bourse.lesechos.com
2014-02-19 09:14:56,dtm.pbteen.com
2014-02-19 09:14:56,apis.google.com
2014-02-19 09:14:56,www.facebook.com
2014-02-19 09:14:56,s-static.ak.facebook.com
2014-02-19 09:14:59,www.google.fr
2014-02-19 09:14:59,clients1.google.fr
2014-02-19 09:15:25,www.google.fr
2014-02-19 09:15:25,www.lesechos.fr
2014-02-19 09:15:25,pics.2012.lesechos.com
2014-02-19 09:15:25,archives.lesechos.fr
2014-02-19 09:15:25,pics.lesechos.com
2014-02-19 09:15:25,bourse.lesechos.fr
2014-02-19 09:15:26,s-static.ak.facebook.com
2014-02-19 09:15:26,images.lesechos.sdv.fr
2014-02-19 09:15:26,platform.twitter.com
2014-02-19 09:15:26,pics.2012.lesechos.com
2014-02-19 09:15:26,www.lesechos.fr
2014-02-19 09:15:26,static.ak.facebook.com
2014-02-19 09:15:26,platform.linkedin.com
2014-02-19 09:15:26,www.linkedin.com
2014-02-19 09:15:26,pixel.alephd.com
2014-02-19 09:15:26,its.tradelab.fr
2014-02-19 09:15:27,um.simpli.fi
2014-02-19 09:15:28,pics.lesechos.com
2014-02-19 09:15:28,www.lesechos.fr
2014-02-19 09:15:28,twitter.com
2014-02-19 09:15:28,www.facebook.com
2014-02-19 09:15:31,i1-js-14-3-01-10292-248386712-i.init.cedexis-radar.net
2014-02-19 09:15:34,us-west1.joyent.bench.cedexis.com
2014-02-19 09:15:36,dsaorigin.cedexis.com
2014-02-19 09:15:37,dynamic2.cedexis.com
2014-02-19 09:15:37,www.lesechos.fr
2014-02-19 09:15:38,www.lesechos.fr
2014-02-19 09:15:41,www.linkedin.com
2014-02-19 09:15:41,www.google.fr
2014-02-19 09:15:42,platform.linkedin.com
2014-02-19 09:15:42,www.lesechos.fr
2014-02-19 09:15:42,accounts.google.com
2014-02-19 09:15:42,apis.google.com
2014-02-19 09:15:43,static.ak.facebook.com
2014-02-19 09:15:43,s-static.ak.facebook.com
2014-02-19 09:15:43,www.linkedin.com
2014-02-19 09:15:43,its.tradelab.fr
2014-02-19 09:15:43,www.lesechos.fr
2014-02-19 09:15:43,www.facebook.com
2014-02-19 09:15:43,platform.twitter.com
2014-02-19 09:15:43,pixel.alephd.com
2014-02-19 09:15:44,pixel.alephd.com
2014-02-19 09:15:45,pics.lesechos.com
2014-02-19 09:15:45,www.facebook.com
2014-02-19 09:15:45,www.linkedin.com
2014-02-19 09:15:45,twitter.com
2014-02-19 09:15:48,clients1.google.fr
2014-02-19 09:15:48,www.google.fr
2014-02-19 09:15:48,apis.google.com
2014-02-19 09:15:59,www.google.fr
2014-02-19 09:16:34,www.google.fr
2014-02-19 09:16:34,images.lesechos.fr
2014-02-19 09:16:34,www.lesechos.fr
2014-02-19 09:16:34,platform.linkedin.com
2014-02-19 09:16:35,s-static.ak.facebook.com
2014-02-19 09:16:35,its.tradelab.fr
2014-02-19 09:16:35,www.linkedin.com
2014-02-19 09:16:35,pixel.alephd.com
2014-02-19 09:16:35,platform.twitter.com
2014-02-19 09:16:35,images.lesechos.sdv.fr
2014-02-19 09:16:35,static.ak.facebook.com
2014-02-19 09:16:36,www.facebook.com
2014-02-19 09:16:36,www.lesechos.fr
2014-02-19 09:16:37,twitter.com
2014-02-19 09:16:37,choices.truste.com
2014-02-19 09:16:38,choices.truste.com
2014-02-19 09:16:40,www.linkedin.com
2014-02-19 09:16:40,www.lesechos.fr
2014-02-19 09:16:40,netdna.cedexis.com
2014-02-19 09:16:40,i1-js-14-3-01-10292-642834922-i.init.cedexis-radar.net
2014-02-19 09:16:40,www.google.fr
2014-02-19 09:16:41,apis.google.com
2014-02-19 09:16:41,www.lesechos.fr
2014-02-19 09:16:41,platform.linkedin.com
2014-02-19 09:16:42,static.ak.facebook.com
2014-02-19 09:16:42,s-static.ak.facebook.com
2014-02-19 09:16:42,www.facebook.com
2014-02-19 09:16:42,platform.twitter.com
2014-02-19 09:16:42,www.lesechos.fr
2014-02-19 09:16:42,its.tradelab.fr
2014-02-19 09:16:42,pixel.alephd.com
2014-02-19 09:16:42,www.linkedin.com
2014-02-19 09:16:43,www.linkedin.com
2014-02-19 09:16:43,www.lesechos.fr
2014-02-19 09:16:55,apis.google.com
2014-02-19 09:16:55,twitter.com
2014-02-19 09:16:55,clients1.google.fr
2014-02-19 09:16:55,www.google.fr
2014-02-19 09:17:14,clients1.google.fr
2014-02-19 09:17:14,www.google.fr
2014-02-19 09:17:17,www.google.fr
2014-02-19 09:17:28,clients1.google.fr
2014-02-19 09:17:28,www.google.fr
2014-02-19 09:17:29,businessclefs.files.wordpress.com
2014-02-19 09:17:30,s0.wp.com
2014-02-19 09:17:30,s1.wp.com
2014-02-19 09:17:30,businessclefs.wordpress.com
2014-02-19 09:17:30,businessclefs.files.wordpress.com
2014-02-19 09:17:30,1.gravatar.com
2014-02-19 09:17:30,s2.wp.com
2014-02-19 09:17:31,s0.wp.com
2014-02-19 09:17:31,s1.wp.com
2014-02-19 09:17:31,s2.wp.com
2014-02-19 09:17:31,icdn2.digitaltrends.com
2014-02-19 09:17:31,www.petmd.com
2014-02-19 09:17:31,assets.vice.com
2014-02-19 09:17:31,public-api.wordpress.com
2014-02-19 09:17:31,0.gravatar.com
2014-02-19 09:17:31,businessclefs.files.wordpress.com
2014-02-19 09:17:32,apis.google.com
2014-02-19 09:17:32,accounts.google.com
2014-02-19 09:17:32,s0.wp.com
2014-02-19 09:17:32,kissmylisp.files.wordpress.com
2014-02-19 09:17:32,s2.wp.com
2014-02-19 09:17:32,widgets.wp.com
2014-02-19 09:17:32,0.gravatar.com
2014-02-19 09:17:32,d202m5krfqbpi5.cloudfront.net
2014-02-19 09:17:33,accounts.google.com
2014-02-19 09:17:33,businessclefs.wordpress.com
2014-02-19 09:17:33,api.facebook.com
2014-02-19 09:17:33,widgets.wp.com
2014-02-19 09:17:33,s0.wp.com
2014-02-19 09:17:33,d202m5krfqbpi5.cloudfront.net
2014-02-19 09:17:34,widgets.wp.com
2014-02-19 09:17:34,s0.wp.com
2014-02-19 09:17:36,www.google.fr
2014-02-19 09:17:37,d202m5krfqbpi5.cloudfront.net
2014-02-19 09:17:37,businessclefs.wordpress.com
2014-02-19 09:17:38,public-api.wordpress.com
2014-02-19 09:17:38,accounts.google.com
2014-02-19 09:17:38,images-na.ssl-images-amazon.com
2014-02-19 09:17:38,s2.wp.com
2014-02-19 09:17:38,s0.wp.com
2014-02-19 09:17:38,api.facebook.com
2014-02-19 09:17:54,businessclefs.files.wordpress.com
2014-02-19 09:17:55,businessclefs.files.wordpress.com
2014-02-19 09:17:55,businessclefs.wordpress.com
2014-02-19 09:17:55,s2.wp.com
2014-02-19 09:18:14,public-api.wordpress.com
2014-02-19 09:18:14,www.google.fr
2014-02-19 09:18:27,clients1.google.fr
2014-02-19 09:18:28,platform.linkedin.com
2014-02-19 09:18:28,images.lesechos.sdv.fr
2014-02-19 09:18:28,www.lesechos.fr
2014-02-19 09:18:28,www.google.fr
2014-02-19 09:18:29,platform.twitter.com
2014-02-19 09:18:29,www.linkedin.com
2014-02-19 09:18:29,its.tradelab.fr
2014-02-19 09:18:29,static.ak.facebook.com
2014-02-19 09:18:29,www.facebook.com
2014-02-19 09:18:29,pixel.alephd.com
2014-02-19 09:18:29,www.lesechos.fr
2014-02-19 09:18:29,s-static.ak.facebook.com
2014-02-19 09:18:32,i1-js-14-3-01-10292-163124766-i.init.cedexis-radar.net
2014-02-19 09:18:35,probe.cedexis.org
2014-02-19 09:18:36,probe.cedexis.org
2014-02-19 09:18:38,www.lesechos.fr
2014-02-19 09:18:39,www.lesechos.fr
2014-02-19 09:18:59,twitter.com
2014-02-19 09:19:02,www.linkedin.com
2014-02-19 09:19:02,www.lesechos.fr
2014-02-19 09:19:02,www.google.fr
2014-02-19 09:19:03,its.tradelab.fr
2014-02-19 09:19:03,pixel.alephd.com
2014-02-19 09:19:03,static.ak.facebook.com
2014-02-19 09:19:03,platform.linkedin.com
2014-02-19 09:19:03,www.lesechos.fr
2014-02-19 09:19:03,www.linkedin.com
2014-02-19 09:19:03,apis.google.com
2014-02-19 09:19:03,s-static.ak.facebook.com
2014-02-19 09:19:04,www.linkedin.com
2014-02-19 09:19:04,www.facebook.com
2014-02-19 09:19:04,platform.twitter.com
2014-02-19 09:19:14,les-carnets-d-afs.blogspot.com
2014-02-19 09:19:14,www.google.fr
2014-02-19 09:19:14,2.bp.blogspot.com
2014-02-19 09:19:14,apis.google.com
2014-02-19 09:19:15,img1.blogblog.com
2014-02-19 09:19:15,www.google.com
2014-02-19 09:19:15,les-carnets-d-afs.blogspot.fr
2014-02-19 09:19:15,twitter.com
2014-02-19 09:19:15,www.google.fr
2014-02-19 09:19:15,clients1.google.fr
2014-02-19 09:19:15,img2.blogblog.com
2014-02-19 09:19:15,www.blogger.com
2014-02-19 09:19:15,4.bp.blogspot.com
2014-02-19 09:19:16,1.bp.blogspot.com
2014-02-19 09:19:16,3.bp.blogspot.com
2014-02-19 09:19:16,4.bp.blogspot.com
2014-02-19 09:19:16,www.blogblog.com
2014-02-19 09:19:16,www.google.com
2014-02-19 09:19:16,i.creativecommons.org
2014-02-19 09:19:16,apis.google.com
2014-02-19 09:19:16,www.blogger.com
2014-02-19 09:19:17,www.google.com
2014-02-19 09:19:17,apis.google.com
2014-02-19 09:19:17,img1.blogblog.com
2014-02-19 09:19:18,www.blogger.com
2014-02-19 09:19:18,3.bp.blogspot.com
2014-02-19 09:19:18,apis.google.com
2014-02-19 09:19:18,accounts.google.com
2014-02-19 09:19:18,www.google.fr
2014-02-19 09:19:18,les-carnets-d-afs.blogspot.com
2014-02-19 09:19:18,les-carnets-d-afs.blogspot.fr
2014-02-19 09:19:18,img1.blogblog.com
2014-02-19 09:19:18,www.google.com
2014-02-19 09:19:18,4.bp.blogspot.com
2014-02-19 09:19:18,2.bp.blogspot.com
2014-02-19 09:19:18,1.bp.blogspot.com
2014-02-19 09:19:19,www.google.com
2014-02-19 09:19:19,apis.google.com
2014-02-19 09:19:19,www.blogger.com
2014-02-19 09:19:20,www.google.com
2014-02-19 09:19:25,les-carnets-d-afs.blogspot.fr
2014-02-19 09:19:47,apis.google.com
2014-02-19 09:19:47,www.google.fr
2014-02-19 09:19:48,www.data-publica.com
2014-02-19 09:19:48,apis.google.com
2014-02-19 09:19:48,platform.linkedin.com
2014-02-19 09:19:48,www.google.fr
2014-02-19 09:19:48,clients1.google.fr
2014-02-19 09:19:49,www.data-publica.com
2014-02-19 09:19:49,platform.linkedin.com
2014-02-19 09:19:49,w.sharethis.com
2014-02-19 09:19:50,www.data-publica.com
2014-02-19 09:19:50,1.gravatar.com
2014-02-19 09:19:50,maps.google.com
2014-02-19 09:19:50,i.creativecommons.org
2014-02-19 09:19:51,www.data-publica.com
2014-02-19 09:19:52,www.data-publica.com
2014-02-19 09:19:52,www.facebook.com
2014-02-19 09:19:52,static.ak.facebook.com
2014-02-19 09:19:52,www.linkedin.com
2014-02-19 09:19:52,s-static.ak.facebook.com
2014-02-19 09:19:53,accounts.google.com
2014-02-19 09:19:53,www.data-publica.com
2014-02-19 09:19:53,apis.google.com
2014-02-19 09:19:54,w.sharethis.com
2014-02-19 09:19:54,edge.sharethis.com
2014-02-19 09:19:54,www.data-publica.com
2014-02-19 09:19:55,www.data-publica.com
2014-02-19 09:19:56,0.gravatar.com
2014-02-19 09:19:59,w.sharethis.com
2014-02-19 09:20:05,www.google.fr
2014-02-19 09:20:06,platform.linkedin.com
2014-02-19 09:20:07,maps.google.com
2014-02-19 09:20:09,www.linkedin.com
2014-02-19 09:20:09,www.google.fr
2014-02-19 09:20:10,static.ak.facebook.com
2014-02-19 09:20:10,www.facebook.com
2014-02-19 09:20:10,www.linkedin.com
2014-02-19 09:20:10,platform.twitter.com
2014-02-19 09:20:10,s-static.ak.facebook.com
2014-02-19 09:20:10,apis.google.com
2014-02-19 09:20:11,twitter.com
2014-02-19 09:20:13,apis.google.com
2014-02-19 09:20:15,clients1.google.fr
2014-02-19 09:20:30,twitter.com
2014-02-19 09:20:30,clients1.google.fr
2014-02-19 09:20:30,apis.google.com
2014-02-19 09:20:42,www.google.fr
2014-02-19 09:21:02,clients1.google.fr
2014-02-19 09:21:02,www.google.fr
2014-02-19 09:21:04,www.google.fr
2014-02-19 09:21:08,www.google.fr
2014-02-19 09:21:08,cache.20minutes.fr
2014-02-19 09:21:08,www.20minutes.fr
2014-02-19 09:21:09,cache.20minutes.fr
2014-02-19 09:21:09,player.mediabong.com
2014-02-19 09:21:10,cache.20minutes.fr
2014-02-19 09:21:10,static.mediabong.com
2014-02-19 09:21:10,player.mediabong.com
2014-02-19 09:21:11,cache.20minutes.fr
2014-02-19 09:21:11,www.facebook.com
2014-02-19 09:21:11,its.tradelab.fr
2014-02-19 09:21:12,its.tradelab.fr
2014-02-19 09:21:12,cache.20minutes.fr
2014-02-19 09:21:13,static.ak.facebook.com
2014-02-19 09:21:13,accounts.google.com
2014-02-19 09:21:13,s-static.ak.facebook.com
2014-02-19 09:21:13,apis.google.com
2014-02-19 09:21:14,apis.google.com
2014-02-19 09:21:15,www.facebook.com
2014-02-19 09:21:15,apis.google.com
2014-02-19 09:21:16,www.facebook.com
2014-02-19 09:21:16,measure.20mn.fr
2014-02-19 09:21:16,video.mediabong.com
2014-02-19 09:21:16,twitter.com
2014-02-19 09:21:19,accounts.google.com
2014-02-19 09:21:19,i1-js-14-3-01-10005-485187784-i.init.cedexis-radar.net
2014-02-19 09:21:20,c1.adform.net
2014-02-19 09:21:20,http.tidaltv.com
2014-02-19 09:21:21,rubicon-match.dotomi.com
2014-02-19 09:21:22,val.cloudwatt.bench.cedexis.com
2014-02-19 09:21:23,origin-www.20minutes.fr
2014-02-19 09:21:24,origin-www.20minutes.fr
2014-02-19 09:22:03,www.google.fr
2014-02-19 09:22:03,its.tradelab.fr
2014-02-19 09:22:04,cache.20minutes.fr
2014-02-19 09:22:04,its.tradelab.fr
2014-02-19 09:22:04,www.20minutes.fr
2014-02-19 09:22:06,cache.20minutes.fr
2014-02-19 09:22:06,player.mediabong.com
2014-02-19 09:22:07,cache.20minutes.fr
2014-02-19 09:22:10,cache.20minutes.fr
2014-02-19 09:22:10,its.tradelab.fr
2014-02-19 09:22:11,static.ak.facebook.com
2014-02-19 09:22:11,s-static.ak.facebook.com
2014-02-19 09:22:12,apis.google.com
2014-02-19 09:22:12,www.facebook.com
2014-02-19 09:22:13,twitter.com
2014-02-19 09:22:43,twitter.com
2014-02-19 09:23:12,its.tradelab.fr
2014-02-19 09:24:10,measure.20mn.fr
2014-02-19 09:24:10,www.20minutes.fr
2014-02-19 09:24:12,i1-js-14-3-01-10077-301329317-i.init.cedexis-radar.net
2014-02-19 09:24:13,i1-js-14-3-01-10005-432976249-i.init.cedexis-radar.net
2014-02-19 09:24:13,probe.cedexis.org
2014-02-19 09:24:14,probe.cedexis.org
2014-02-19 09:24:14,netdna.cedexis.com
2014-02-19 09:24:15,lon.rackspace.bench.cedexis.com
2014-02-19 09:24:15,netdna.cedexis.com
2014-02-19 09:24:15,origin-www.20minutes.fr
2014-02-19 09:24:16,origin-www.20minutes.fr
2014-02-19 09:24:17,ec2-ap-northeast-1a.cedexis.com
2014-02-19 09:24:23,www.facebook.com
2014-02-19 09:24:30,www.facebook.com
2014-02-19 09:24:34,www.facebook.com
2014-02-19 09:24:36,www.facebook.com
2014-02-19 09:24:37,www.facebook.com
2014-02-19 09:24:38,www.facebook.com
2014-02-19 09:24:39,www.facebook.com
2014-02-19 09:24:43,www.20minutes.fr
2014-02-19 09:24:43,cache.20minutes.fr
2014-02-19 09:24:44,player.mediabong.com
2014-02-19 09:24:44,cache.20minutes.fr
2014-02-19 09:24:52,clients1.google.fr
2014-02-19 09:24:52,www.google.fr
2014-02-19 09:24:59,www.google.fr
2014-02-19 09:25:02,www.google.fr
2014-02-19 09:25:22,www.google.fr
2014-02-19 09:25:22,clients1.google.fr
2014-02-19 09:25:59,www.google.fr
2014-02-19 09:26:18,www.google.fr
2014-02-19 09:27:03,www.google.fr
2014-02-19 09:28:18,www.google.fr
2014-02-19 09:29:19,www.google.fr
2014-02-19 09:29:20,clients1.google.fr
2014-02-19 09:29:20,www.google.fr
2014-02-19 09:29:31,www.lefigaro.fr
2014-02-19 09:29:31,www.google.fr
2014-02-19 09:29:32,www.lefigaro.fr
2014-02-19 09:29:33,connect.facebook.net
2014-02-19 09:29:34,www.lefigaro.fr
2014-02-19 09:29:34,api.fidji.lefigaro.fr
2014-02-19 09:29:42,www.google.fr
2014-02-19 09:29:42,static.ak.facebook.com
2014-02-19 09:29:42,assets-pub.lefigaro.fr
2014-02-19 09:29:42,www.facebook.com
2014-02-19 09:29:42,plus.lefigaro.fr
2014-02-19 09:29:42,s-static.ak.facebook.com
2014-02-19 09:29:43,plus.lefigaro.fr
2014-02-19 09:29:43,api.fidji.lefigaro.fr
2014-02-19 09:29:47,plus.lefigaro.fr
2014-02-19 09:29:48,plus.lefigaro.fr
2014-02-19 09:29:48,assets6.lefigaro.fr
2014-02-19 09:29:48,dnn506yrbagrg.cloudfront.net
2014-02-19 09:29:49,foglio.basilic.io
2014-02-19 09:29:51,platform.linkedin.com
2014-02-19 09:29:51,www.linkedin.com
2014-02-19 09:29:51,www.facebook.com
2014-02-19 09:29:51,redir.adbutter.net
2014-02-19 09:29:52,twitter.com
2014-02-19 09:29:56,i1-js-14-3-01-10036-975008565-i.init.cedexis-radar.net
2014-02-19 09:29:58,dfw.rackspace.bench.cedexis.com
2014-02-19 09:29:59,dfw.rackspace.bench.cedexis.com
2014-02-19 09:29:59,www.lefigaro.fr
2014-02-19 09:30:00,www.lefigaro.fr
2014-02-19 09:31:26,www.linkedin.com
2014-02-19 09:31:26,apis.google.com
2014-02-19 09:31:35,www.google.fr
2014-02-19 09:31:44,www.lefigaro.fr
2014-02-19 09:31:44,www.google.fr
2014-02-19 09:31:45,www.lefigaro.fr
2014-02-19 09:31:46,plus.lefigaro.fr
2014-02-19 09:31:46,static.ak.facebook.com
2014-02-19 09:31:46,www.facebook.com
2014-02-19 09:31:46,www.google.fr
2014-02-19 09:31:46,api.fidji.lefigaro.fr
2014-02-19 09:31:46,clients1.google.fr
2014-02-19 09:31:46,s-static.ak.facebook.com
2014-02-19 09:31:47,assets6.lefigaro.fr
2014-02-19 09:31:47,plus.lefigaro.fr
2014-02-19 09:31:48,www.facebook.com
2014-02-19 09:31:48,platform.linkedin.com
2014-02-19 09:31:48,foglio.basilic.io
2014-02-19 09:31:49,apis.google.com
2014-02-19 09:31:49,www.linkedin.com
2014-02-19 09:31:49,api.fidji.lefigaro.fr
2014-02-19 09:31:55,apis.google.com
2014-02-19 09:31:55,twitter.com
2014-02-19 09:31:55,www.google.fr
2014-02-19 09:31:55,www.linkedin.com
2014-02-19 09:31:56,www.lefigaro.fr
2014-02-19 09:31:57,www.google.fr
2014-02-19 09:31:57,www.lefigaro.fr
2014-02-19 09:31:57,assets6.lefigaro.fr
2014-02-19 09:31:59,www.facebook.com
2014-02-19 09:32:05,twitter.com
2014-02-19 09:32:05,www.google.fr
2014-02-19 09:32:05,clients1.google.fr
2014-02-19 09:32:20,www.google.fr
2014-02-19 09:32:49,www.google.fr
2014-02-19 09:32:49,3.bp.blogspot.com
2014-02-19 09:32:49,hell-of-a-sport.blogspot.com
2014-02-19 09:32:49,hell-of-a-sport.blogspot.fr
2014-02-19 09:32:49,www.google.com
2014-02-19 09:32:50,www.blogger.com
2014-02-19 09:32:50,img1.blogblog.com
2014-02-19 09:32:50,www.blogblog.com
2014-02-19 09:32:50,3.bp.blogspot.com
2014-02-19 09:32:50,2.bp.blogspot.com
2014-02-19 09:32:50,4.bp.blogspot.com
2014-02-19 09:32:50,platform.twitter.com
2014-02-19 09:32:50,apis.google.com
2014-02-19 09:32:50,www.google.fr
2014-02-19 09:32:50,img2.blogblog.com
2014-02-19 09:32:51,img1.blogblog.com
2014-02-19 09:32:51,1.bp.blogspot.com
2014-02-19 09:32:51,www.blogger.com
2014-02-19 09:32:51,apis.google.com
2014-02-19 09:32:51,www.google.com
2014-02-19 09:32:52,www.google.com
2014-02-19 09:32:52,www.blogger.com
2014-02-19 09:32:52,img1.blogblog.com
2014-02-19 09:32:52,hell-of-a-sport.blogspot.fr
2014-02-19 09:32:54,chart.googleapis.com
2014-02-19 09:32:54,www.google.com
2014-02-19 09:32:54,accounts.google.com
2014-02-19 09:32:55,platform.twitter.com
2014-02-19 09:32:56,www.google.fr
2014-02-19 09:32:56,www.google.com
2014-02-19 09:32:56,hell-of-a-sport.blogspot.fr
2014-02-19 09:32:56,www.blogger.com
2014-02-19 09:32:56,apis.google.com
2014-02-19 09:32:56,hell-of-a-sport.blogspot.com
2014-02-19 09:32:57,img1.blogblog.com
2014-02-19 09:32:57,www.google.com
2014-02-19 09:32:57,pbs.twimg.com
2014-02-19 09:32:57,www.blogblog.com
2014-02-19 09:32:58,www.google.com
2014-02-19 09:32:58,hell-of-a-sport.blogspot.fr
2014-02-19 09:32:58,platform.twitter.com
2014-02-19 09:32:58,pbs.twimg.com
2014-02-19 09:33:01,hell-of-a-sport.blogspot.fr
2014-02-19 09:33:33,twitter.com
2014-02-19 09:33:34,syndication.twitter.com
2014-02-19 09:33:52,www.google.com
2014-02-19 09:33:52,www.blogger.com
2014-02-19 09:34:04,syndication.twitter.com
2014-02-19 09:34:30,pbs.twimg.com
2014-02-19 09:34:30,apis.google.com
2014-02-19 09:34:30,www.blogger.com
2014-02-19 09:34:30,platform.twitter.com
2014-02-19 09:34:32,clients1.google.fr
2014-02-19 09:34:32,www.google.fr
2014-02-19 09:34:45,www.google.fr
2014-02-19 09:34:46,www.google.fr
2014-02-19 09:34:46,leplus.nouvelobs.com
2014-02-19 09:34:46,referentiel.nouvelobs.com
2014-02-19 09:34:47,www.ultimedia.com
2014-02-19 09:34:47,referentiel.nouvelobs.com
2014-02-19 09:34:47,api-leplus.nouvelobs.com
2014-02-19 09:34:47,leplus.nouvelobs.com
2014-02-19 09:34:48,referentiel.nouvelobs.com
2014-02-19 09:34:48,leplus.nouvelobs.com
2014-02-19 09:34:49,leplus.nouvelobs.com
2014-02-19 09:34:49,api-leplus.nouvelobs.com
2014-02-19 09:34:49,referentiel.nouvelobs.com
2014-02-19 09:34:49,ssobs.nouvelobs.com
2014-02-19 09:34:49,www.google.fr
2014-02-19 09:34:50,x2.vindicosuite.com
2014-02-19 09:34:50,api.adyoulike.com
2014-02-19 09:34:50,cshoppingbox.partner.leguide.com
2014-02-19 09:34:50,leplus.nouvelobs.com
2014-02-19 09:34:50,ssobs.nouvelobs.com
2014-02-19 09:34:50,connect.facebook.net
2014-02-19 09:34:50,api-leplus.nouvelobs.com
2014-02-19 09:34:50,platform.twitter.com
2014-02-19 09:34:50,referentiel.nouvelobs.com
2014-02-19 09:34:51,static.ak.facebook.com
2014-02-19 09:34:51,cshoppingbox.partner.leguide.com
2014-02-19 09:34:51,s-static.ak.facebook.com
2014-02-19 09:34:51,www.facebook.com
2014-02-19 09:34:51,ajax.googleapis.com
2014-02-19 09:34:51,code.jquery.com
2014-02-19 09:34:51,api.adyoulike.com
2014-02-19 09:34:51,platform.twitter.com
2014-02-19 09:34:51,cimg.leguide.com
2014-02-19 09:34:59,clients1.google.fr
2014-02-19 09:34:59,www.lesponsoring.fr
2014-02-19 09:34:59,www.google.fr
2014-02-19 09:35:00,www.lesponsoring.fr
2014-02-19 09:35:01,www.lesponsoring.fr
2014-02-19 09:35:01,www.france-adot.org
2014-02-19 09:35:03,www.youtube.com
2014-02-19 09:35:03,s.ytimg.com
2014-02-19 09:35:03,i1.ytimg.com
2014-02-19 09:35:04,i1.ytimg.com
2014-02-19 09:35:04,www.google.fr
2014-02-19 09:35:04,www.lesponsoring.fr
2014-02-19 09:35:54,www.google.fr
2014-02-19 09:35:54,clients1.google.fr
2014-02-19 09:36:39,www.google.fr
2014-02-19 09:36:39,www.viruslist.com
2014-02-19 09:36:40,www.viruslist.com
2014-02-19 09:36:42,www.viruslist.com
2014-02-19 09:36:45,www.google.fr
2014-02-19 09:36:45,www.viruslist.com
2014-02-19 09:37:06,clients1.google.fr
2014-02-19 09:37:06,www.zonebourse.com
2014-02-19 09:37:06,www.google.fr
2014-02-19 09:37:07,img.zonebourse.com
2014-02-19 09:37:07,www.zonebourse.com
2014-02-19 09:37:07,b312.zonebourse.com
2014-02-19 09:37:08,platform.twitter.com
2014-02-19 09:37:08,fbstatic-a.akamaihd.net
2014-02-19 09:37:08,www.zonebourse.com
2014-02-19 09:37:08,platform.linkedin.com
2014-02-19 09:37:08,www.facebook.com
2014-02-19 09:37:08,www.linkedin.com
2014-02-19 09:37:08,img.zonebourse.com
2014-02-19 09:37:08,b312.zonebourse.com
2014-02-19 09:37:09,s-static.ak.facebook.com
2014-02-19 09:37:09,static.ak.facebook.com
2014-02-19 09:37:09,twitter.com
2014-02-19 09:37:09,www.zonebourse.com
2014-02-19 09:37:10,dc1w54.wysistat.com
2014-02-19 09:37:11,www.linkedin.com
2014-02-19 09:37:11,www.zonebourse.com
2014-02-19 09:37:11,www.google.fr
2014-02-19 09:37:12,www.zonebourse.com
2014-02-19 09:37:13,s-static.ak.facebook.com
2014-02-19 09:37:13,b312.zonebourse.com
2014-02-19 09:37:13,www.zonebourse.com
2014-02-19 09:37:13,platform.linkedin.com
2014-02-19 09:37:13,www.facebook.com
2014-02-19 09:37:13,www.linkedin.com
2014-02-19 09:37:13,static.ak.facebook.com
2014-02-19 09:37:14,www.linkedin.com
2014-02-19 09:37:14,dc1w54.wysistat.com
2014-02-19 09:37:23,www.google.fr
2014-02-19 09:37:25,twitter.com
2014-02-19 09:37:26,www.longlife-magazine.ch
2014-02-19 09:37:27,www.google.fr
2014-02-19 09:37:27,1.gravatar.com
2014-02-19 09:37:27,platform.twitter.com
2014-02-19 09:37:27,www.longlife-magazine.ch
2014-02-19 09:37:27,clients1.google.fr
2014-02-19 09:37:28,www.facebook.com
2014-02-19 09:37:28,0.gravatar.com
2014-02-19 09:37:28,api.twitter.com
2014-02-19 09:37:28,www.longlife-magazine.ch
2014-02-19 09:37:29,www.google.fr
2014-02-19 09:37:30,apis.google.com
2014-02-19 09:37:30,twitter.com
2014-02-19 09:37:30,accounts.google.com
2014-02-19 09:37:30,www.longlife-magazine.ch
2014-02-19 09:37:31,www.longlife-magazine.ch
2014-02-19 09:37:31,platform.twitter.com
2014-02-19 09:37:31,www.facebook.com
2014-02-19 09:37:32,api.twitter.com
2014-02-19 09:37:34,www.longlife-magazine.ch
2014-02-19 09:38:02,twitter.com
2014-02-19 09:38:09,clients1.google.fr
2014-02-19 09:38:09,www.google.fr
2014-02-19 09:38:09,apis.google.com
2014-02-19 09:38:12,clients1.google.fr
2014-02-19 09:38:12,www.google.fr
2014-02-19 09:38:15,www.google.fr
2014-02-19 09:38:15,www.tv5.org
2014-02-19 09:38:16,www.tv5.org
2014-02-19 09:38:16,popinto.sensagent.com
2014-02-19 09:38:17,static.ak.facebook.com
2014-02-19 09:38:17,platform.twitter.com
2014-02-19 09:38:17,www.tv5.org
2014-02-19 09:38:17,apis.google.com
2014-02-19 09:38:17,s-static.ak.facebook.com
2014-02-19 09:38:17,accounts.google.com
2014-02-19 09:38:19,www.tv5.org
2014-02-19 09:38:20,www.tv5.org
2014-02-19 09:38:20,www.google.fr
2014-02-19 09:38:21,platform.twitter.com
2014-02-19 09:38:21,twitter.com
2014-02-19 09:38:21,www.tv5.org
2014-02-19 09:38:21,popinto.sensagent.com
2014-02-19 09:38:21,s-static.ak.facebook.com
2014-02-19 09:38:21,static.ak.facebook.com
2014-02-19 09:38:22,apis.google.com
2014-02-19 09:38:22,www.tv5.org
2014-02-19 09:38:23,www.facebook.com
2014-02-19 09:38:23,www.tv5.org
2014-02-19 09:38:24,twitter.com
2014-02-19 09:38:24,www.facebook.com
2014-02-19 09:38:24,ibeu2.mookie1.com
2014-02-19 09:38:24,www.tv5.org
2014-02-19 09:38:24,platform.twitter.com
2014-02-19 09:38:25,pbs.twimg.com
2014-02-19 09:38:27,ibeu2.mookie1.com
2014-02-19 09:38:28,www.tv5.org
2014-02-19 09:38:39,www.rtl.fr
2014-02-19 09:38:39,www.google.fr
2014-02-19 09:38:39,twitter.com
2014-02-19 09:38:39,media.rtl.fr
2014-02-19 09:38:39,ibeu2.mookie1.com
2014-02-19 09:38:39,pbs.twimg.com
2014-02-19 09:38:40,pixel.alephd.com
2014-02-19 09:38:41,www.google.fr
2014-02-19 09:38:41,adventori.com
2014-02-19 09:38:41,images.orangepublicite.fr
2014-02-19 09:38:41,pixel.alephd.com
2014-02-19 09:38:41,media.rtl.fr
2014-02-19 09:38:41,player.mediabong.com
2014-02-19 09:38:41,clients1.google.fr
2014-02-19 09:38:41,platform.twitter.com
2014-02-19 09:38:41,sports.rtl.fr
2014-02-19 09:38:42,sports.rtl.fr
2014-02-19 09:38:42,www.google.fr
2014-02-19 09:38:42,platform.twitter.com
2014-02-19 09:38:42,www.rtl.fr
2014-02-19 09:38:42,pixel.alephd.com
2014-02-19 09:38:42,static.rtl.fr
2014-02-19 09:38:43,www.google.fr
2014-02-19 09:38:43,static.ak.facebook.com
2014-02-19 09:38:43,www.google.com
2014-02-19 09:38:43,s-static.ak.facebook.com
2014-02-19 09:38:43,apis.google.com
2014-02-19 09:38:44,static.rtl.fr
2014-02-19 09:38:44,www.facebook.com
2014-02-19 09:38:44,ce.lijit.com
2014-02-19 09:38:45,www.rtl.fr
2014-02-19 09:38:45,www.google.fr
2014-02-19 09:38:46,www.rtl.fr
2014-02-19 09:38:46,www.google.fr
2014-02-19 09:38:47,twitter.com
2014-02-19 09:38:47,images.orangepublicite.fr
2014-02-19 09:38:47,sports.rtl.fr
2014-02-19 09:38:47,pixel.alephd.com
2014-02-19 09:38:47,player.mediabong.com
2014-02-19 09:38:51,clients1.google.fr
2014-02-19 09:38:51,www.google.fr
2014-02-19 09:38:54,www.google.fr
2014-02-19 09:39:00,www.google.fr
2014-02-19 09:39:09,www.google.fr
2014-02-19 09:39:10,www.usinenouvelle.com
2014-02-19 09:39:10,www.google.fr
2014-02-19 09:39:11,www.usinenouvelle.com
2014-02-19 09:39:11,platform.twitter.com
2014-02-19 09:39:11,www.facebook.com
2014-02-19 09:39:12,twitter.com
2014-02-19 09:39:12,publicite.gisi.fr
2014-02-19 09:39:12,s6.scribdassets.com
2014-02-19 09:39:12,www.scribd.com
2014-02-19 09:39:12,s7.scribdassets.com
2014-02-19 09:39:12,www.usinenouvelle.com
2014-02-19 09:39:12,s5.scribdassets.com
2014-02-19 09:39:13,accounts.google.com
2014-02-19 09:39:13,apis.google.com
2014-02-19 09:39:13,www.scribd.com
2014-02-19 09:39:13,imgv2-4.scribdassets.com
2014-02-19 09:39:13,s5.scribdassets.com
2014-02-19 09:39:13,static.ak.facebook.com
2014-02-19 09:39:13,s-static.ak.facebook.com
2014-02-19 09:39:13,s6.scribdassets.com
2014-02-19 09:39:13,tc.airfrance.com
2014-02-19 09:39:14,tc.airfrance.com
2014-02-19 09:39:14,www.usinenouvelle.com
2014-02-19 09:39:14,player.mediabong.com
2014-02-19 09:39:15,www.usinenouvelle.com
2014-02-19 09:39:15,html3.scribdassets.com
2014-02-19 09:39:15,twitter.com
2014-02-19 09:39:15,htmlimg2.scribdassets.com
2014-02-19 09:39:15,s5.scribdassets.com
2014-02-19 09:39:15,www.scribd.com
2014-02-19 09:39:15,www.facebook.com
2014-02-19 09:39:15,htmlimg1.scribdassets.com
2014-02-19 09:39:15,platform.twitter.com
2014-02-19 09:39:16,www.usinenouvelle.com
2014-02-19 09:40:07,www.google.fr
2014-02-19 09:40:08,www.usinenouvelle.com
2014-02-19 09:40:08,platform.twitter.com
2014-02-19 09:40:09,publicite.gisi.fr
2014-02-19 09:40:09,www.scribd.com
2014-02-19 09:40:09,www.facebook.com
2014-02-19 09:40:22,www.google.fr
2014-02-19 09:40:22,clients1.google.fr
2014-02-19 09:40:42,www.google.fr
2014-02-19 09:40:42,clients1.google.fr
2014-02-19 09:40:46,www.google.fr
2014-02-19 09:40:48,www.google.fr
2014-02-19 09:40:56,www.google.fr
2014-02-19 09:41:33,www.google.fr
2014-02-19 09:41:33,clients1.google.fr
2014-02-19 09:41:38,www.google.fr
2014-02-19 09:41:50,www.google.fr
2014-02-19 09:41:53,www.google.fr
2014-02-19 09:41:54,www.google.fr
2014-02-19 09:41:54,www.lesechos.fr
2014-02-19 09:41:55,bourse.lesechos.fr
2014-02-19 09:41:56,www.google.fr
2014-02-19 09:41:56,bourse.lesechos.fr
2014-02-19 09:41:56,www.lesechos.fr
2014-02-19 09:41:56,platform.linkedin.com
2014-02-19 09:41:57,static.ak.facebook.com
2014-02-19 09:41:57,platform.twitter.com
2014-02-19 09:41:57,pixel.alephd.com
2014-02-19 09:41:57,www.linkedin.com
2014-02-19 09:41:58,s-static.ak.facebook.com
2014-02-19 09:41:58,www.facebook.com
2014-02-19 09:41:58,www.lesechos.fr
2014-02-19 09:41:58,its.tradelab.fr
2014-02-19 09:42:00,apis.google.com
2014-02-19 09:42:00,www.lesechos.fr
2014-02-19 09:42:00,www.linkedin.com
2014-02-19 09:42:00,www.google.fr
2014-02-19 09:42:00,twitter.com
2014-02-19 09:42:02,its.tradelab.fr
2014-02-19 09:42:02,s-static.ak.facebook.com
2014-02-19 09:42:02,pixel.alephd.com
2014-02-19 09:42:02,www.linkedin.com
2014-02-19 09:42:02,platform.linkedin.com
2014-02-19 09:42:02,static.ak.facebook.com
2014-02-19 09:42:03,platform.twitter.com
2014-02-19 09:42:03,www.facebook.com
2014-02-19 09:42:03,www.lesechos.fr
2014-02-19 09:42:04,www.linkedin.com
2014-02-19 09:42:04,hal9000.redintelligence.net
2014-02-19 09:42:09,www.google.fr
2014-02-19 09:42:09,apis.google.com
2014-02-19 09:42:09,twitter.com
2014-02-19 09:42:09,clients1.google.fr
2014-02-19 09:42:11,businessclefs.wordpress.com
2014-02-19 09:42:11,1.gravatar.com
2014-02-19 09:42:11,0.gravatar.com
2014-02-19 09:42:12,lh6.ggpht.com
2014-02-19 09:42:12,www.google.fr
2014-02-19 09:42:13,0.gravatar.com
2014-02-19 09:42:13,public-api.wordpress.com
2014-02-19 09:42:13,api.facebook.com
2014-02-19 09:42:14,www.google.fr
2014-02-19 09:42:15,businessclefs.wordpress.com
2014-02-19 09:42:24,public-api.wordpress.com
2014-02-19 09:42:24,www.google.fr
2014-02-19 09:42:24,clients1.google.fr
2014-02-19 09:42:24,accounts.google.com
2014-02-19 09:42:46,www.google.fr
2014-02-19 09:42:46,sebsauvage.net
2014-02-19 09:42:47,www.data-publica.com
2014-02-19 09:42:47,www.google.fr
2014-02-19 09:42:47,sebsauvage.net
2014-02-19 09:42:47,owni.fr
2014-02-19 09:42:47,www.dailymotion.com
2014-02-19 09:42:47,w.soundcloud.com
2014-02-19 09:42:47,www.youtube-nocookie.com
2014-02-19 09:42:47,maps.google.com
2014-02-19 09:42:48,www.data-publica.com
2014-02-19 09:42:48,app.owni.fr
2014-02-19 09:42:48,admin.brightcove.com
2014-02-19 09:42:48,maps.google.com
2014-02-19 09:42:48,w.soundcloud.com
2014-02-19 09:42:48,www.facebook.com
2014-02-19 09:42:48,www.youtube-nocookie.com
2014-02-19 09:42:48,sebsauvage.net
2014-02-19 09:42:49,w.soundcloud.com
2014-02-19 09:42:49,www.youtube-nocookie.com
2014-02-19 09:42:49,www.data-publica.com
2014-02-19 09:42:49,s.ytimg.com
2014-02-19 09:42:49,admin.brightcove.com
2014-02-19 09:42:50,www.data-publica.com
2014-02-19 09:42:50,w.soundcloud.com
2014-02-19 09:42:50,s.ytimg.com
2014-02-19 09:42:51,a.tile.openstreetmap.org
2014-02-19 09:42:51,c.tile.openstreetmap.org
2014-02-19 09:42:51,api.soundcloud.com
2014-02-19 09:42:51,mt0.googleapis.com
2014-02-19 09:42:52,c.tile.openstreetmap.org
2014-02-19 09:42:52,b.tile.openstreetmap.org
2014-02-19 09:42:52,a.tile.openstreetmap.org
2014-02-19 09:42:52,mt1.googleapis.com
2014-02-19 09:42:52,s.ytimg.com
2014-02-19 09:42:52,w.soundcloud.com
2014-02-19 09:42:52,api.soundcloud.com
2014-02-19 09:42:53,admin.brightcove.com
2014-02-19 09:42:53,media.economist.com
2014-02-19 09:42:53,maps.googleapis.com
2014-02-19 09:42:53,c.tile.openstreetmap.org
2014-02-19 09:42:53,a.tile.openstreetmap.org
2014-02-19 09:42:53,b.tile.openstreetmap.org
2014-02-19 09:42:53,mt0.googleapis.com
2014-02-19 09:42:53,i1.ytimg.com
2014-02-19 09:42:53,w.soundcloud.com
2014-02-19 09:42:54,b.tile.openstreetmap.org
2014-02-19 09:42:54,media.economist.com
2014-02-19 09:42:54,admin.brightcove.com
2014-02-19 09:42:55,admin.brightcove.com
2014-02-19 09:42:56,i1.ytimg.com
2014-02-19 09:42:56,s.ytimg.com
2014-02-19 09:42:57,maps.googleapis.com
2014-02-19 09:42:59,www.youtube.com
2014-02-19 09:43:01,media.economist.com
2014-02-19 09:43:19,www.google.fr
2014-02-19 09:43:20,sebsauvage.net
2014-02-19 09:43:21,www.dailymotion.com
2014-02-19 09:43:21,sebsauvage.net
2014-02-19 09:43:21,maps.google.com
2014-02-19 09:43:21,w.soundcloud.com
2014-02-19 09:43:21,app.owni.fr
2014-02-19 09:43:21,www.youtube-nocookie.com
2014-02-19 09:43:21,www.facebook.com
2014-02-19 09:43:24,www.youtube-nocookie.com
2014-02-19 09:43:25,admin.brightcove.com
2014-02-19 09:43:25,maps.googleapis.com
2014-02-19 09:43:25,b.tile.openstreetmap.org
2014-02-19 09:43:25,a.tile.openstreetmap.org
2014-02-19 09:43:25,api.soundcloud.com
2014-02-19 09:43:25,c.tile.openstreetmap.org
2014-02-19 09:43:30,maps.googleapis.com
2014-02-19 09:43:31,www.youtube.com
2014-02-19 09:43:59,www.google.fr
2014-02-19 09:43:59,clients1.google.fr
2014-02-19 09:44:50,www.google.fr
2014-02-19 09:44:50,sebsauvage.net
2014-02-19 09:44:51,sebsauvage.net
2014-02-19 09:44:51,www.youtube-nocookie.com
2014-02-19 09:44:51,www.dailymotion.com
2014-02-19 09:44:51,maps.google.com
2014-02-19 09:44:51,www.facebook.com
2014-02-19 09:44:51,www.google.fr
2014-02-19 09:44:51,w.soundcloud.com
2014-02-19 09:44:53,maps.google.com
2014-02-19 09:44:56,api.soundcloud.com
2014-02-19 09:44:56,www.youtube-nocookie.com
2014-02-19 09:44:56,www.data-publica.com
2014-02-19 09:44:58,admin.brightcove.com
2014-02-19 09:45:02,api.soundcloud.com
2014-02-19 09:45:03,maps.googleapis.com
2014-02-19 09:45:05,www.youtube.com
2014-02-19 09:45:08,sebsauvage.net
2014-02-19 09:45:08,maps.googleapis.com
2014-02-19 09:45:10,sebsauvage.net
2014-02-19 09:45:39,admin.brightcove.com
2014-02-19 09:46:01,www.google.fr
2014-02-19 09:46:08,www.google.fr
2014-02-19 09:46:09,www.google.fr
2014-02-19 09:46:22,office14client.microsoft.com
2014-02-19 09:46:23,office.microsoft.com
2014-02-19 09:46:52,player.vimeo.com
2014-02-19 09:46:52,livepassdl.conviva.com
2014-02-19 09:46:53,livepassdl.conviva.com
2014-02-19 09:46:54,pings.conviva.com
2014-02-19 09:47:00,pings.conviva.com
2014-03-26 07:57:32,www.google.com
2014-03-26 07:57:36,www.google.fr
2014-03-26 07:57:51,www.google.fr
2014-03-26 07:57:53,www.google.com
2014-03-26 07:57:54,apis.google.com
2014-03-26 07:58:33,www.google.com
2014-03-26 07:58:33,www.google.fr
2014-03-26 07:58:33,apis.google.com
2014-03-26 07:59:27,go.microsoft.com
2014-03-26 07:59:27,ieonline.microsoft.com
2014-03-26 08:00:39,office14client.microsoft.com
2014-03-26 08:00:40,office.microsoft.com
2014-03-26 08:00:45,office.microsoft.com
2014-03-26 08:12:22,office14client.microsoft.com
2014-03-26 08:12:23,office.microsoft.com
2014-03-26 08:12:25,office.microsoft.com
2014-03-26 08:25:22,office.microsoft.com
2014-03-26 08:58:58,www.google.fr
2014-03-26 08:59:00,www.google.fr
2014-03-26 08:59:21,www.google.fr
2014-03-26 08:59:24,www.google.fr
2014-03-26 08:59:24,fr.wikipedia.org
2014-03-26 08:59:24,bits.wikimedia.org
2014-03-26 08:59:25,fr.wikipedia.org
2014-03-26 08:59:25,login.wikimedia.org
2014-03-26 08:59:25,meta.wikimedia.org
2014-03-26 08:59:25,bits.wikimedia.org
2014-03-26 08:59:26,bits.wikimedia.org
2014-03-26 09:00:31,www.google.fr
2014-03-26 09:02:48,www.google.fr
2014-03-26 09:08:25,www.google.fr
2014-03-26 09:08:26,www.google.fr
2014-03-26 09:08:26,bits.wikimedia.org
2014-03-26 09:08:26,fr.wikipedia.org
2014-03-26 09:08:27,bits.wikimedia.org
2014-03-26 09:08:28,meta.wikimedia.org
2014-03-26 09:08:29,meta.wikimedia.org
2014-03-26 09:08:29,fr.wikipedia.org
2014-03-26 09:09:18,www.google.fr
2014-03-26 09:09:27,www.ladocumentationfrancaise.fr
2014-03-26 09:09:27,www.google.fr
2014-03-26 09:09:28,www.ladocumentationfrancaise.fr
2014-03-26 09:09:28,business.pinterest.com
2014-03-26 09:09:29,www.ladocumentationfrancaise.fr
2014-03-26 09:09:30,www.ladocumentationfrancaise.fr
2014-03-26 09:11:13,www.google.fr
2014-03-26 09:11:13,assets5.lefigaro.fr
2014-03-26 09:11:13,www.lefigaro.fr
2014-03-26 09:11:14,plus.lefigaro.fr
2014-03-26 09:11:14,www.lefigaro.fr
2014-03-26 09:11:14,assets5.lefigaro.fr
2014-03-26 09:11:14,assets3.lefigaro.fr
2014-03-26 09:11:14,assets4.lefigaro.fr
2014-03-26 09:11:14,assets2.lefigaro.fr
2014-03-26 09:11:15,www.lefigaro.fr
2014-03-26 09:11:15,assets6.lefigaro.fr
2014-03-26 09:11:15,assets5.lefigaro.fr
2014-03-26 09:11:15,connect.facebook.net
2014-03-26 09:11:15,api.fidji.lefigaro.fr
2014-03-26 09:11:15,plus.lefigaro.fr
2014-03-26 09:11:15,ajax.googleapis.com
2014-03-26 09:11:16,plus.lefigaro.fr
2014-03-26 09:11:17,assets1.lefigaro.fr
2014-03-26 09:11:17,assets-data.lefigaro.fr
2014-03-26 09:11:17,ajax.googleapis.com
2014-03-26 09:11:17,assets4.lefigaro.fr
2014-03-26 09:11:18,assets5.lefigaro.fr
2014-03-26 09:11:18,assets4.lefigaro.fr
2014-03-26 09:11:18,assets-data.lefigaro.fr
2014-03-26 09:11:18,assets3.lefigaro.fr
2014-03-26 09:11:18,assets1.lefigaro.fr
2014-03-26 09:11:18,plus.lefigaro.fr
2014-03-26 09:11:19,www.lefigaro.fr
2014-03-26 09:11:19,assets4.lefigaro.fr
2014-03-26 09:11:21,s-static.ak.facebook.com
2014-03-26 09:11:21,www.facebook.com
2014-03-26 09:11:21,plus.lefigaro.fr
2014-03-26 09:11:21,static.ak.facebook.com
2014-03-26 09:11:22,plus.lefigaro.fr
2014-03-26 09:11:22,assets4.lefigaro.fr
2014-03-26 09:11:22,assets-pub.lefigaro.fr
2014-03-26 09:11:22,www.lefigaro.fr
2014-03-26 09:11:23,assets1.lefigaro.fr
2014-03-26 09:11:23,www.lefigaro.fr
2014-03-26 09:11:23,assets5.lefigaro.fr
2014-03-26 09:11:23,video.lefigaro.fr
2014-03-26 09:11:25,lefigaro.fr
2014-03-26 09:11:25,assets5.lefigaro.fr
2014-03-26 09:11:25,plus.lefigaro.fr
2014-03-26 09:11:25,www.lefigaro.fr
2014-03-26 09:11:25,foglio.basilic.io
2014-03-26 09:11:25,dnn506yrbagrg.cloudfront.net
2014-03-26 09:11:25,api.fidji.lefigaro.fr
2014-03-26 09:11:26,www.lefigaro.fr
2014-03-26 09:11:26,assets5.lefigaro.fr
2014-03-26 09:11:26,platform.linkedin.com
2014-03-26 09:11:26,fpdownload2.macromedia.com
2014-03-26 09:11:26,www.facebook.com
2014-03-26 09:11:27,www.linkedin.com
2014-03-26 09:11:27,apis.google.com
2014-03-26 09:11:27,tc.airfrance.com
2014-03-26 09:11:28,accounts.google.com
2014-03-26 09:11:28,platform.twitter.com
2014-03-26 09:11:28,apis.google.com
2014-03-26 09:11:29,tc.airfrance.com
2014-03-26 09:11:29,apis.google.com
2014-03-26 09:11:29,twitter.com
2014-03-26 09:11:30,perpetuo-onl.basilic.io
2014-03-26 09:11:30,www.lefigaro.fr
2014-03-26 09:11:30,apis.google.com
2014-03-26 09:11:30,twitter.com
2014-03-26 09:11:30,accounts.google.com
2014-03-26 09:11:32,i1-js-14-3-01-10036-202132715-i.init.cedexis-radar.net
2014-03-26 09:11:35,ec2-us-west-1a.cedexis.com
2014-03-26 09:11:35,www.lefigaro.fr
2014-03-26 09:11:36,www.lefigaro.fr
2014-03-26 09:12:00,twitter.com
2014-03-26 09:17:18,www.google.fr
2014-03-26 09:17:44,www.google.fr
2014-03-26 09:17:45,www.google.fr
2014-03-26 09:17:45,connect.facebook.net
2014-03-26 09:17:45,www.larousse.fr
2014-03-26 09:17:46,www.larousse.fr
2014-03-26 09:17:46,apis.google.com
2014-03-26 09:17:47,www.aldaniti.net
2014-03-26 09:17:47,static.ak.facebook.com
2014-03-26 09:17:47,s-static.ak.facebook.com
2014-03-26 09:17:47,www.facebook.com
2014-03-26 09:17:47,accounts.google.com
2014-03-26 09:17:48,x2.vindicosuite.com
2014-03-26 09:17:48,www.facebook.com
2014-03-26 09:17:48,apis.google.com
2014-03-26 09:17:48,platform.twitter.com
2014-03-26 09:17:49,apis.google.com
2014-03-26 09:17:50,accounts.google.com
2014-03-26 09:17:50,apis.google.com
2014-03-26 09:17:51,b12.myspace.com
2014-03-26 09:17:52,twitter.com
2014-03-26 09:17:53,ksvzyt5fp1.s.ad6media.fr
2014-03-26 09:17:53,platform.twitter.com
2014-03-26 09:17:54,platform.twitter.com
2014-03-26 09:17:54,twitter.com
2014-03-26 09:17:54,www.google.com
2014-03-26 09:17:55,pbs.twimg.com
2014-03-26 09:17:56,pbs.twimg.com
2014-03-26 09:17:57,ce.lijit.com
2014-03-26 09:17:57,apis.google.com
2014-03-26 09:17:57,b12.myspace.com
2014-03-26 09:17:57,twitter.com
2014-03-26 09:17:57,platform.twitter.com
2014-03-26 09:17:57,www.facebook.com
2014-03-26 09:17:58,y.one.impact-ad.jp
2014-03-26 09:17:58,cs.specificclick.net
2014-03-26 09:17:58,s.kau.li
2014-03-26 09:17:58,admaym.com
2014-03-26 09:18:17,www.facebook.com
2014-03-26 09:18:25,syndication.twitter.com
2014-03-26 09:18:51,www.aldaniti.net
2014-03-26 09:18:56,syndication.twitter.com
2014-03-26 09:20:25,syndication.twitter.com
2014-03-26 09:21:55,syndication.twitter.com
2014-03-26 09:23:25,syndication.twitter.com
2014-03-26 09:24:55,syndication.twitter.com
2014-03-26 09:26:25,syndication.twitter.com
2014-03-26 09:27:55,syndication.twitter.com
2014-03-26 09:29:25,syndication.twitter.com
2014-03-26 09:30:54,syndication.twitter.com
2014-03-26 09:32:24,syndication.twitter.com
2014-03-26 09:33:54,syndication.twitter.com
2014-03-26 09:35:25,syndication.twitter.com
2014-03-26 09:36:54,syndication.twitter.com
2014-03-26 09:38:24,syndication.twitter.com
2014-03-26 09:39:54,syndication.twitter.com
2014-03-26 09:41:24,syndication.twitter.com
2014-03-26 09:42:54,syndication.twitter.com
2014-03-26 09:44:24,syndication.twitter.com
2014-03-26 09:45:47,www.linkedin.com
2014-03-26 09:45:54,syndication.twitter.com
