timestamp,site
2014-02-19 09:27:48,www.google.com
2014-02-19 09:28:05,www.google.fr
2014-02-19 09:28:05,google.fr
2014-02-19 09:28:08,www.google.fr
2014-02-19 09:28:09,apis.google.com
2014-02-19 09:28:09,www.google.com
2014-02-19 09:28:30,www.pdb.org
2014-02-19 09:28:30,www.google.fr
2014-02-19 09:28:30,www.google.com
2014-02-19 09:28:30,apis.google.com
2014-02-19 09:28:31,www.pdb.org
2014-02-19 09:28:33,www.pdb.org
2014-02-19 09:28:34,www.pdb.org
2014-02-19 09:28:46,www.pdb.org
2014-02-19 09:28:47,www.pdb.org
2014-02-19 09:28:48,www.pdb.org
2014-02-19 09:28:49,www.pdb.org
2014-02-19 09:28:49,chart.apis.google.com
2014-02-19 09:28:50,www.wwpdb.org
2014-02-19 09:28:59,www.pdb.org
2014-02-19 09:29:00,www.pdb.org
2014-02-19 09:29:01,www.pdb.org
2014-02-19 09:29:02,www.pdb.org
2014-02-19 09:29:03,www.pdb.org
2014-02-19 09:29:04,www.pdb.org
2014-02-19 09:29:04,service.sbkb.org
2014-02-19 09:29:05,www.pdb.org
2014-02-19 09:29:27,www.pdb.org
2014-02-19 09:29:48,ieonline.microsoft.com
2014-02-19 09:29:48,go.microsoft.com
2014-02-26 08:07:02,www.google.com
2014-02-26 08:07:08,google.fr
2014-02-26 08:07:08,www.google.fr
2014-02-26 08:07:11,www.google.fr
2014-02-26 08:07:13,www.google.com
2014-02-26 08:07:13,apis.google.com
2014-02-26 08:07:17,www.google.fr
2014-02-26 08:07:22,www.google.com
2014-02-26 08:07:22,apis.google.com
2014-02-26 08:07:22,www.google.fr
2014-02-26 08:07:22,www.rcsb.org
2014-02-26 08:07:23,www.rcsb.org
2014-02-26 08:07:24,www.rcsb.org
2014-02-26 08:07:25,www.wwpdb.org
2014-02-26 08:07:25,chart.apis.google.com
2014-02-26 08:07:25,www.rcsb.org
2014-02-26 08:07:30,www.rcsb.org
2014-02-26 08:07:31,www.rcsb.org
2014-02-26 08:07:32,www.rcsb.org
2014-02-26 08:07:33,www.rcsb.org
2014-02-26 08:07:34,www.rcsb.org
2014-02-26 08:07:34,service.sbkb.org
2014-02-26 08:07:35,www.rcsb.org
2014-02-26 08:07:53,www.rcsb.org
2014-02-26 08:08:10,go.microsoft.com
2014-02-26 08:08:11,shell.windows.com
2014-02-26 08:08:12,shell.windows.com
2014-02-26 08:08:13,cx.msn.com
2014-02-26 08:08:13,shell.windows.com
2014-02-26 08:08:14,cx.msn.com
2014-02-26 08:08:14,c.msn.com
2014-02-26 08:08:14,cms.abmr.net
2014-02-26 08:08:15,login.live.com
2014-02-26 08:08:57,ieonline.microsoft.com
2014-02-26 08:08:57,go.microsoft.com
2014-02-26 08:40:30,www.google.fr
2014-02-26 08:40:30,google.fr
2014-02-26 08:40:33,www.google.fr
2014-02-26 08:40:36,www.google.com
2014-02-26 08:40:36,apis.google.com
2014-02-26 08:41:04,www.google.fr
2014-02-26 08:41:06,www.easl.ee
2014-02-26 08:41:06,www.google.com
2014-02-26 08:41:06,www.google.fr
2014-02-26 08:41:06,apis.google.com
2014-02-26 08:41:07,www.easl.ee
2014-02-26 08:41:08,www.easl.ee
2014-02-26 08:41:09,www.easl.ee
2014-02-26 09:02:41,google.fr
2014-02-26 09:02:42,www.google.fr
2014-02-26 09:02:45,www.google.fr
2014-02-26 09:02:47,apis.google.com
2014-02-26 09:02:48,www.google.com
2014-02-26 09:03:08,www.google.fr
2014-02-26 09:03:48,apis.google.com
2014-02-26 09:03:48,www.google.com
2014-02-26 09:03:48,www.google.fr
2014-02-26 09:26:07,google.fr
2014-02-26 09:26:07,www.google.fr
2014-02-26 09:26:09,www.google.fr
2014-02-26 09:26:10,apis.google.com
2014-02-26 09:26:11,www.google.com
2014-02-26 09:26:14,www.google.fr
2014-02-26 09:26:18,apis.google.com
2014-02-26 09:26:18,www.google.fr
2014-02-26 09:26:18,www.google.com
2014-02-26 09:26:19,login.wikimedia.org
2014-02-26 09:26:19,bits.wikimedia.org
2014-02-26 09:26:19,en.wikipedia.org
2014-02-26 09:26:19,www.google.fr
2014-02-26 09:26:20,meta.wikimedia.org
2014-02-26 09:26:20,en.wikipedia.org
2014-02-26 09:26:20,bits.wikimedia.org
2014-02-26 09:27:05,www.ebi.ac.uk
2014-02-26 09:27:06,www.ebi.ac.uk
2014-02-26 09:27:06,yui.yahooapis.com
2014-02-26 09:27:07,yui.yahooapis.com
2014-02-26 09:27:07,www.ebi.ac.uk
2014-02-26 09:27:07,wwwdev.ebi.ac.uk
2014-02-26 09:27:10,yui.yahooapis.com
2014-02-26 09:27:10,www.ebi.ac.uk
2014-02-26 09:27:11,www.ebi.ac.uk
2014-02-26 09:27:12,www.ebi.ac.uk
2014-02-26 09:27:32,www.google.fr
2014-02-26 09:27:34,www.google.fr
2014-02-26 09:27:35,www.ncbi.nlm.nih.gov
2014-02-26 09:27:35,static.pubmed.gov
2014-02-26 09:27:36,static.pubmed.gov
2014-02-26 09:27:36,www.ncbi.nlm.nih.gov
2014-02-26 09:27:37,www.ncbi.nlm.nih.gov
2014-02-26 09:27:37,static.pubmed.gov
2014-02-26 09:27:38,static.pubmed.gov
2014-02-26 09:27:39,www.ncbi.nlm.nih.gov
2014-02-26 09:27:40,static.pubmed.gov
2014-02-26 09:27:41,www.ncbi.nlm.nih.gov
2014-02-26 09:27:41,static.pubmed.gov
2014-02-26 09:27:42,www.ncbi.nlm.nih.gov
2014-02-26 09:27:43,www.ncbi.nlm.nih.gov
2014-02-26 09:27:44,www.ncbi.nlm.nih.gov
2014-02-26 09:27:45,www.ncbi.nlm.nih.gov
2014-02-26 09:27:53,www.ncbi.nlm.nih.gov
2014-02-26 09:27:58,www.ncbi.nlm.nih.gov
2014-02-26 09:27:59,www.ncbi.nlm.nih.gov
2014-02-26 09:28:00,www.ncbi.nlm.nih.gov
2014-02-26 09:28:03,www.ncbi.nlm.nih.gov
2014-02-26 09:29:20,www.google.fr
2014-02-26 09:29:57,www.google.fr
2014-02-26 09:30:00,www.chemspider.com
2014-02-26 09:30:02,www.rsc.org
2014-02-26 09:30:06,www.chemspider.com
2014-02-26 09:30:07,www.rsc.org
2014-02-26 09:30:07,www.google.fr
2014-02-26 09:30:07,www.google.com
2014-02-26 09:30:07,cf.kampyle.com
2014-02-26 09:30:07,www.chemspider.com
2014-02-26 09:30:08,www.chemspider.com
2014-02-26 09:30:08,cf.kampyle.com
2014-02-26 09:30:08,www.google.com
2014-02-26 09:30:09,www.chemspider.com
2014-02-26 09:30:10,oas.rsc.org
2014-02-26 09:30:10,apis.google.com
2014-02-26 09:30:11,clients1.google.com
2014-02-26 09:30:11,www.chemspider.com
2014-02-26 09:30:11,apis.google.com
2014-02-26 09:30:11,www.rsc.org
2014-02-26 09:30:11,www.google.com
2014-02-26 09:30:12,www.chemspider.com
2014-02-26 09:30:12,apis.google.com
2014-02-26 09:30:12,accounts.google.com
2014-02-26 09:30:13,accounts.google.com
2014-02-26 09:30:13,cf.kampyle.com
2014-02-26 09:30:13,www.chemspider.com
2014-02-26 09:30:14,www.chemspider.com
2014-02-26 09:30:26,www.chemspider.com
2014-02-26 09:30:35,www.chemspider.com
2014-02-26 09:30:37,www.chemspider.com
