timestamp,site
2014-01-02 10:29:52,ieonline.microsoft.com
2014-01-02 10:29:57,www.bing.com
2014-01-02 10:29:57,www.google.com
2014-01-02 10:31:52,go.microsoft.com
2014-01-02 10:31:52,ieonline.microsoft.com
2014-01-02 10:53:47,www.google.fr
2014-01-02 10:53:48,www.google.fr
2014-01-02 10:53:50,www.google.com
2014-01-02 10:53:50,apis.google.com
2014-01-02 10:55:34,ieonline.microsoft.com
2014-01-02 10:56:24,apis.google.com
2014-01-02 10:56:24,www.google.com
2014-01-02 10:56:24,www.google.fr
2014-01-02 11:01:39,www.google.fr
2014-01-02 11:01:50,www.google.fr
2014-01-02 11:01:59,www.google.fr
2014-01-03 10:10:07,www.google.com
2014-01-03 10:10:09,www.google.fr
2014-01-03 10:10:12,www.google.fr
2014-01-03 10:10:13,www.google.com
2014-01-03 10:10:14,apis.google.com
2014-01-03 10:10:59,apis.google.com
2014-01-03 10:10:59,www.google.com
2014-01-03 10:10:59,www.google.fr
2014-01-03 10:10:59,www.bfmtv.com
2014-01-03 10:11:00,player.mediabong.com
2014-01-03 10:11:00,admin.brightcove.com
2014-01-03 10:11:00,platform.twitter.com
2014-01-03 10:11:00,widgets.twimg.com
2014-01-03 10:11:00,www.bfmtv.com
2014-01-03 10:11:01,apis.google.com
2014-01-03 10:11:01,www.bfmtv.com
2014-01-03 10:11:01,www.facebook.com
2014-01-03 10:11:02,www.bfmtv.com
2014-01-03 10:11:02,connect.facebook.net
2014-01-03 10:11:03,apis.google.com
2014-01-03 10:11:03,www.bfmtv.com
2014-01-03 10:11:03,platform.twitter.com
2014-01-03 10:11:04,pbs.twimg.com
2014-01-03 10:11:05,twitter.com
2014-01-03 10:11:34,syndication.twitter.com
2014-01-03 10:11:36,twitter.com
2014-01-03 10:12:04,syndication.twitter.com
2014-01-03 10:12:07,go.microsoft.com
2014-01-03 10:12:07,ieonline.microsoft.com
2014-01-03 10:13:39,platform.twitter.com
2014-01-03 10:13:49,syndication.twitter.com
2014-01-03 10:15:34,syndication.twitter.com
2014-01-03 10:17:04,syndication.twitter.com
2014-01-03 10:18:34,syndication.twitter.com
2014-01-03 10:20:04,syndication.twitter.com
2014-01-03 10:21:34,syndication.twitter.com
2014-01-03 10:22:29,www.google.fr
2014-01-03 10:22:30,www.clicanoo.re
2014-01-03 10:22:31,www.clicanoo.re
2014-01-03 10:22:31,www.google.fr
2014-01-03 10:22:31,archives.clicanoo.re
2014-01-03 10:22:32,www.clicanoo.re
2014-01-03 10:22:32,regie.clicanoo.re
2014-01-03 10:22:32,www.facebook.com
2014-01-03 10:22:33,regie.clicanoo.re
2014-01-03 10:22:33,www.clicanoo.re
2014-01-03 10:22:33,connect.facebook.net
2014-01-03 10:22:34,www.clicanoo.re
2014-01-03 10:22:34,fpdownload2.macromedia.com
2014-01-03 10:22:34,static.ak.facebook.com
2014-01-03 10:22:34,www.facebook.com
2014-01-03 10:22:34,s-static.ak.facebook.com
2014-01-03 10:23:14,clients1.google.fr
2014-01-03 10:23:14,www.google.fr
2014-01-03 10:23:16,clients1.google.fr
2014-01-03 10:23:18,www.google.fr
2014-01-03 10:23:19,www.google.fr
2014-01-03 10:23:19,s3.e-monsite.com
2014-01-03 10:23:19,premieres1tpe.e-monsite.com
2014-01-03 10:23:19,static.e-monsite.com
2014-01-03 10:23:20,static.e-monsite.com
2014-01-03 10:23:20,shea.swelen.com
2014-01-03 10:24:16,premieres1tpe.e-monsite.com
2014-01-03 10:24:37,clients1.google.fr
2014-01-03 10:24:37,www.google.fr
2014-01-03 10:25:20,www.google.fr
2014-01-03 10:25:20,clients1.google.fr
2014-01-03 10:25:38,www.google.fr
2014-01-03 10:25:39,www.blogger.com
2014-01-03 10:25:39,www.google.fr
2014-01-03 10:25:39,mtbwal.blogspot.fr
2014-01-03 10:25:39,mtbwal.blogspot.com
2014-01-03 10:25:39,4.bp.blogspot.com
2014-01-03 10:28:27,www.google.fr
2014-01-03 10:28:27,clients1.google.fr
2014-01-03 10:29:34,www.google.fr
2014-01-03 10:29:39,www.lyc-mansart-st-cyr.ac-versailles.fr
2014-01-03 10:29:39,www.google.fr
2014-01-03 10:29:40,www.google.fr
2014-01-03 10:29:40,www.lyc-mansart-st-cyr.ac-versailles.fr
2014-01-03 10:29:41,www.lyc-mansart-st-cyr.ac-versailles.fr
2014-01-03 10:29:42,www.lyc-mansart-st-cyr.ac-versailles.fr
2014-01-03 10:30:17,www.google.fr
2014-01-03 10:30:17,clients1.google.fr
2014-01-03 10:30:54,www.google.fr
2014-01-03 10:30:55,www.senat.fr
2014-01-03 10:30:55,www.google.fr
2014-01-03 10:30:56,www.senat.fr
2014-01-03 10:31:35,clients1.google.fr
2014-01-03 10:31:35,www.google.fr
2014-01-03 10:31:44,www.google.fr
2014-01-03 10:31:45,www.squid-cache.org
2014-01-03 10:31:53,www.google.fr
2014-01-03 10:32:50,www.google.fr
2014-01-03 10:33:16,pierre.top.free.fr
2014-01-03 10:33:16,www.google.fr
2014-01-03 10:33:24,www.google.fr
2014-01-03 10:33:29,www.google.fr
2014-01-03 10:33:30,www.paypalobjects.com
2014-01-03 10:33:30,www.actiontox.com
2014-01-03 10:33:31,www.paypalobjects.com
2014-01-03 10:33:31,www.actiontox.com
2014-01-03 10:33:50,www.google.fr
2014-01-03 10:33:50,sortirdeladrogue.com
2014-01-03 10:33:57,clients1.google.fr
2014-01-03 10:33:57,www.google.fr
2014-01-03 10:34:34,www.google.fr
2014-01-03 10:34:34,meta.wikimedia.org
2014-01-03 10:34:34,login.wikimedia.org
2014-01-03 10:34:34,fr.wikipedia.org
2014-01-03 10:34:34,bits.wikimedia.org
2014-01-03 10:34:35,bits.wikimedia.org
2014-01-03 10:34:35,meta.wikimedia.org
2014-01-03 10:34:35,fr.wikipedia.org
2014-01-03 10:35:03,www.drogues.gouv.fr
2014-01-03 10:35:03,www.google.fr
2014-01-03 10:35:04,www.drogues.gouv.fr
2014-01-03 10:35:05,www.drogues.gouv.fr
2014-01-03 10:35:06,www.drogues.gouv.fr
2014-01-03 10:35:41,clients1.google.fr
2014-01-03 10:35:41,www.google.fr
2014-01-03 10:35:47,www.directmatin.fr
2014-01-03 10:35:47,www.google.fr
2014-01-03 10:35:47,clients1.google.fr
2014-01-03 10:35:50,www.directmatin.fr
2014-01-03 10:35:51,ajax.googleapis.com
2014-01-03 10:35:51,www.directmatin.fr
2014-01-03 10:35:52,hal9000.redintelligence.net
2014-01-03 10:35:52,www.directmatin.fr
2014-01-03 10:35:53,www.directmatin.fr
2014-01-03 10:35:53,hal9000.redintelligence.net
2014-01-03 10:35:53,n37.hal9000.redintelligence.net
2014-01-03 10:35:53,banniere.reussissonsensemble.fr
2014-01-03 10:35:54,www.directmatin.fr
2014-01-03 10:35:54,ad.publicidees.com
2014-01-03 10:35:54,hal9000.redintelligence.net
2014-01-03 10:35:54,banniere.reussissonsensemble.fr
2014-01-03 10:35:54,slot.directmatin.fr
2014-01-03 10:35:55,ad.publicidees.com
2014-01-03 10:35:55,banniere.reussissonsensemble.fr
2014-01-03 10:35:55,slot.directmatin.fr
2014-01-03 10:35:56,rbp.mxptint.net
2014-01-03 10:35:56,www.directmatin.fr
2014-01-03 10:35:56,banniere.reussissonsensemble.fr
2014-01-03 10:35:57,ad.publicidees.com
2014-01-03 10:35:57,loadr.exelator.com
2014-01-03 10:35:57,broadcast.piximedia.fr
2014-01-03 10:35:58,www.facebook.com
2014-01-03 10:35:58,www.directmatin.fr
2014-01-03 10:35:58,broadcast.piximedia.fr
2014-01-03 10:35:58,apis.google.com
2014-01-03 10:35:59,www.mediego.com
2014-01-03 10:35:59,ajax.googleapis.com
2014-01-03 10:35:59,www.directmatin.fr
2014-01-03 10:35:59,app.mediego.com
2014-01-03 10:36:00,www.facebook.com
2014-01-03 10:36:00,app.mediego.com
2014-01-03 10:36:40,www.google.fr
2014-01-03 11:08:16,www.google.fr
2014-01-03 11:08:20,www.directmatin.fr
2014-01-03 11:08:20,www.google.fr
2014-01-03 11:08:21,www.directmatin.fr
2014-01-03 11:08:21,platform.twitter.com
2014-01-03 11:08:21,apis.google.com
2014-01-03 11:08:22,www.directmatin.fr
2014-01-03 11:08:23,www.directmatin.fr
2014-01-03 11:08:23,um.simpli.fi
2014-01-03 11:08:23,c1.adform.net
2014-01-03 11:08:23,its.tradelab.fr
2014-01-03 11:08:24,match.rtbidder.net
2014-01-03 11:08:24,rubicon-match.dotomi.com
2014-01-03 11:08:24,images.orangepublicite.fr
2014-01-03 11:08:24,slot.directmatin.fr
2014-01-03 11:08:24,rp.gwallet.com
2014-01-03 11:08:24,dtm.weddingpaperdivas.com
2014-01-03 11:08:25,pixel2368.everesttech.net
2014-01-03 11:08:26,broadcast.piximedia.fr
2014-01-03 11:08:26,www.facebook.com
2014-01-03 11:08:26,pixel2368.everesttech.net
2014-01-03 11:08:27,pr.ybp.yahoo.com
2014-01-03 11:08:27,broadcast.piximedia.fr
2014-01-03 11:08:28,www.directmatin.fr
2014-01-03 11:08:28,app.mediego.com
2014-01-03 11:08:29,broadcast.piximedia.fr
2014-01-03 11:08:31,www.facebook.com
2014-01-03 11:08:32,ce.lijit.com
2014-01-03 11:08:33,cs.specificclick.net
2014-01-03 11:08:33,y.one.impact-ad.jp
2014-01-03 11:08:34,s.kau.li
2014-01-03 11:08:34,admaym.com
2014-01-03 11:08:38,ce.lijit.com
2014-01-03 11:08:38,rm.piximedia.fr
2014-01-03 11:08:39,its.tradelab.fr
2014-01-03 11:08:44,clients1.google.fr
2014-01-03 11:08:44,www.google.fr
2014-01-03 11:08:49,www.google.fr
2014-01-03 11:08:49,img.over-blog.com
2014-01-03 11:08:49,a402.idata.over-blog.com
2014-01-03 11:08:50,yui.yahooapis.com
2014-01-03 11:08:50,www.google.fr
2014-01-03 11:08:50,tpe-dopage-epo.over-blog.com
2014-01-03 11:08:50,fdata.over-blog.net
2014-01-03 11:08:51,fdata.over-blog.net
2014-01-03 11:08:51,www.audienceinsights.net
2014-01-03 11:08:51,www.anonymousdmp.com
2014-01-03 11:08:52,a402.idata.over-blog.com
2014-01-03 11:08:52,tpe-dopage-epo.over-blog.com
2014-01-03 11:08:52,fdata.over-blog.net
2014-01-03 11:08:52,www.eficiens-serving2.com
2014-01-03 11:08:52,www.audienceinsights.net
2014-01-03 11:08:53,www.audienceinsights.net
2014-01-03 11:08:53,tpe-dopage-epo.over-blog.com
2014-01-03 11:08:53,www.facebook.com
2014-01-03 11:08:53,fdata.over-blog.net
2014-01-03 11:08:54,www.audienceinsights.net
2014-01-03 11:08:55,fdata.over-blog.net
2014-01-03 11:08:55,a402.idata.over-blog.com
2014-01-03 11:08:55,www.audienceinsights.net
2014-01-03 11:08:56,www.google.com
2014-01-03 11:08:56,www.facebook.com
2014-01-03 11:08:57,tpe-dopage-epo.over-blog.com
2014-01-03 11:09:04,www.google.fr
2014-01-03 11:09:04,clients1.google.fr
2014-01-03 11:09:14,www.google.fr
2014-01-03 11:12:06,www.google.fr
2014-01-17 14:37:22,fpdownload2.macromedia.com
2014-01-17 14:37:26,go.microsoft.com
2014-01-17 14:37:27,ajax.microsoft.com
2014-01-17 14:37:27,res2.windows.microsoft.com
2014-01-17 14:37:27,js.microsoft.com
2014-01-17 14:37:27,res1.windows.microsoft.com
2014-01-17 14:37:27,windows.microsoft.com
2014-01-17 14:38:12,ieonline.microsoft.com
2014-03-22 10:44:13,www.google.com
2014-03-22 10:44:21,www.google.fr
2014-03-22 10:44:24,www.google.fr
2014-03-22 10:44:26,www.google.com
2014-03-22 10:44:26,apis.google.com
2014-03-22 10:44:43,apis.google.com
2014-03-22 10:44:43,www.google.com
2014-03-22 10:44:43,www.google.fr
2014-03-22 10:44:43,www.techno-science.net
2014-03-22 10:44:44,www.techno-science.net
2014-03-22 10:44:44,ecx.images-amazon.com
2014-03-22 10:44:44,platform.twitter.com
2014-03-22 10:44:44,www.facebook.com
2014-03-22 10:44:45,apis.google.com
2014-03-22 10:44:45,platform.twitter.com
2014-03-22 10:44:45,www.techno-science.net
2014-03-22 10:44:46,apis.google.com
2014-03-22 10:44:47,www.google.com
2014-03-22 10:44:47,fpdownload2.macromedia.com
2014-03-22 10:44:47,accounts.google.com
2014-03-22 10:44:47,apis.google.com
2014-03-22 10:44:47,twitter.com
2014-03-22 10:44:48,www.techno-science.net
2014-03-22 10:45:18,twitter.com
2014-03-22 10:45:21,www.google.com
2014-03-22 10:45:23,www.google.com
2014-03-22 10:45:24,www.google.com
2014-03-22 10:45:32,www.larousse.fr
2014-03-22 10:45:32,www.google.fr
2014-03-22 10:45:32,accounts.google.com
2014-03-22 10:45:33,www.larousse.fr
2014-03-22 10:45:34,apis.google.com
2014-03-22 10:45:34,www.larousse.fr
2014-03-22 10:45:34,connect.facebook.net
2014-03-22 10:45:35,static.ak.facebook.com
2014-03-22 10:45:35,www.facebook.com
2014-03-22 10:45:35,www.larousse.fr
2014-03-22 10:45:35,apis.google.com
2014-03-22 10:45:36,s-static.ak.facebook.com
2014-03-22 10:45:36,www.facebook.com
2014-03-22 10:45:37,www.aldaniti.net
2014-03-22 10:45:37,accounts.google.com
2014-03-22 10:45:37,www.facebook.com
2014-03-22 10:45:37,apis.google.com
2014-03-22 10:45:38,apis.google.com
2014-03-22 10:45:38,x2.vindicosuite.com
2014-03-22 10:45:40,twitter.com
2014-03-22 10:45:40,platform.twitter.com
2014-03-22 10:45:41,platform.twitter.com
2014-03-22 10:45:42,b12.myspace.com
2014-03-22 10:45:43,platform.twitter.com
2014-03-22 10:45:43,pbs.twimg.com
2014-03-22 10:45:43,apis.google.com
2014-03-22 10:45:44,pbs.twimg.com
2014-03-22 10:45:44,x2.vindicosuite.com
2014-03-22 10:45:45,b12.myspace.com
2014-03-22 10:45:47,twitter.com
2014-03-22 10:45:47,platform.twitter.com
2014-03-22 10:45:47,www.facebook.com
2014-03-22 10:45:48,admaym.com
2014-03-22 10:45:48,y.one.impact-ad.jp
2014-03-22 10:45:49,ce.lijit.com
2014-03-22 10:45:49,s.kau.li
2014-03-22 10:45:49,cs.specificclick.net
2014-03-22 10:46:08,ieonline.microsoft.com
2014-03-22 10:46:08,go.microsoft.com
2014-03-22 10:46:13,syndication.twitter.com
2014-03-22 10:46:41,www.larousse.fr
2014-03-22 10:46:41,www.aldaniti.net
2014-03-22 10:46:44,syndication.twitter.com
2014-03-22 10:48:13,syndication.twitter.com
2014-03-22 10:49:43,syndication.twitter.com
2014-03-22 10:51:13,syndication.twitter.com
2014-03-22 10:52:34,syndication.twitter.com
2014-03-22 10:52:34,www.google.fr
2014-03-22 10:52:35,www.google.fr
2014-03-22 10:52:36,clients1.google.fr
2014-03-22 10:52:37,clients1.google.fr
2014-03-22 10:52:50,www.google.fr
2014-03-22 10:52:51,www.google.fr
2014-03-22 10:52:53,platform.twitter.com
2014-03-22 10:52:53,www.facebook.com
2014-03-22 10:52:53,apis.google.com
2014-03-22 10:52:54,apis.google.com
2014-03-22 10:52:54,accounts.google.com
2014-03-22 10:53:03,twitter.com
2014-03-22 10:53:03,www.google.fr
2014-03-22 10:53:03,clients1.google.fr
2014-03-22 10:53:06,www.google.fr
2014-03-22 10:53:06,www.libertepolitique.com
2014-03-22 10:53:07,www.libertepolitique.com
2014-03-22 10:53:07,www.google.fr
2014-03-22 10:53:08,static.ak.facebook.com
2014-03-22 10:53:08,s-static.ak.facebook.com
2014-03-22 10:53:08,www.libertepolitique.com
2014-03-22 10:53:09,www.libertepolitique.com
2014-03-22 10:53:09,www.google.fr
2014-03-22 10:53:09,accounts.google.com
2014-03-22 10:53:09,apis.google.com
2014-03-22 10:53:09,www.facebook.com
2014-03-22 10:54:08,clients1.google.fr
2014-03-22 10:54:08,www.google.fr
2014-03-22 10:54:19,www.google.fr
2014-03-22 10:54:19,www.cnrs.fr
2014-03-22 10:54:19,dopage2013.e-monsite.com
2014-03-22 10:54:19,static.e-monsite.com
2014-03-22 10:54:20,static.e-monsite.com
2014-03-22 10:54:20,dopage2013.e-monsite.com
2014-03-22 10:54:20,shea.swelen.com
2014-03-22 10:54:21,www.volodalen.com
2014-03-22 10:55:23,dopage2013.e-monsite.com
2014-03-22 10:55:25,ajax.googleapis.com
2014-03-22 10:55:25,api.captchme.net
2014-03-22 10:55:25,dopage2013.e-monsite.com
2014-03-22 10:55:26,api.captchme.net
2014-03-22 10:55:26,dopage2013.e-monsite.com
2014-03-22 10:55:26,nb-commons.storage.googleapis.com
2014-03-22 10:55:27,track.tnm.de
2014-03-22 10:55:32,static.track.tnm.de
2014-03-22 10:56:28,www.google.fr
2014-03-22 10:56:28,clients1.google.fr
2014-03-22 10:56:31,www.google.fr
2014-03-22 10:56:41,www.google.fr
2014-03-22 10:56:42,www.bettingexpert.com
2014-03-22 10:56:43,www.bettingexpert.com
2014-03-22 10:56:44,www.bettingexpert.com
2014-03-22 10:56:44,ajax.googleapis.com
2014-03-22 10:56:44,use.typekit.net
2014-03-22 10:56:44,doug1izaerwt3.cloudfront.net
2014-03-22 10:56:44,www.google.fr
2014-03-22 10:56:45,ajax.googleapis.com
2014-03-22 10:56:45,use.typekit.net
2014-03-22 10:56:45,www.bettingexpert.com
2014-03-22 10:56:45,www.facebook.com
2014-03-22 10:56:45,platform.twitter.com
2014-03-22 10:56:46,apis.google.com
2014-03-22 10:56:46,www.bettingexpert.com
2014-03-22 10:56:46,p.typekit.net
2014-03-22 10:56:47,s3.amazonaws.com
2014-03-22 10:58:52,accounts.google.com
2014-03-22 11:04:58,www.google.fr
2014-03-22 11:05:18,www.google.fr
2014-03-22 11:05:20,clients1.google.fr
2014-03-22 11:05:21,clients1.google.fr
2014-03-22 11:05:22,www.google.fr
2014-03-22 11:05:33,www.google.fr
2014-03-22 11:05:35,www.google.fr
2014-03-22 11:05:37,www.google.fr
2014-03-22 11:05:45,www.google.fr
2014-03-22 11:05:46,images.sudouest.fr
2014-03-22 11:05:46,www.google.fr
2014-03-22 11:05:46,assets.sudouest.fr
2014-03-22 11:05:46,www.sudouest.fr
2014-03-22 11:05:47,assets.sudouest.fr
2014-03-22 11:05:47,images.sudouest.fr
2014-03-22 11:05:48,sudouest.purl.fr
2014-03-22 11:05:48,pr.ybp.yahoo.com
2014-03-22 11:05:48,adexpert.sudouest-publicite.com
2014-03-22 11:05:48,assets.sudouest.fr
2014-03-22 11:05:48,images.sudouest.fr
2014-03-22 11:05:48,profil.sudouest.fr
2014-03-22 11:05:49,adexpert.sudouest-publicite.com
2014-03-22 11:05:50,rubicon-match.dotomi.com
2014-03-22 11:05:51,dtm.footlocker.com
2014-03-22 11:05:57,http.tidaltv.com
2014-03-22 11:05:57,adexpert.sudouest-publicite.com
2014-03-22 11:05:58,c1.adform.net
2014-03-22 11:05:59,adexpert.sudouest-publicite.com
2014-03-22 11:06:00,assets.sudouest.fr
2014-03-22 11:06:00,platform.twitter.com
2014-03-22 11:06:00,adexpert.sudouest-publicite.com
2014-03-22 11:06:00,images.sudouest.fr
2014-03-22 11:06:00,www.sudouest.fr
2014-03-22 11:06:00,www.facebook.com
2014-03-22 11:06:00,apis.google.com
2014-03-22 11:06:01,accounts.google.com
2014-03-22 11:06:01,pixel2368.everesttech.net
2014-03-22 11:06:01,foglio.basilic.io
2014-03-22 11:06:01,connect.facebook.net
2014-03-22 11:06:01,static.sudouest-annonces.com
2014-03-22 11:06:01,www.sudouest.fr
2014-03-22 11:06:01,images.sudouest.fr
2014-03-22 11:06:02,pixel2368.everesttech.net
2014-03-22 11:06:02,s-static.ak.facebook.com
2014-03-22 11:06:02,static.ak.facebook.com
2014-03-22 11:06:04,www.facebook.com
2014-03-22 11:06:04,twitter.com
2014-03-22 11:06:04,apis.google.com
2014-03-22 11:06:04,accounts.google.com
2014-03-22 11:06:34,www.sudouest.fr
2014-03-22 11:06:34,www.google.fr
2014-03-22 11:06:34,sudouest.purl.fr
2014-03-22 11:06:35,adexpert.sudouest-publicite.com
2014-03-22 11:06:35,assets.sudouest.fr
2014-03-22 11:06:35,www.sudouest.fr
2014-03-22 11:06:35,twitter.com
2014-03-22 11:06:37,www.facebook.com
2014-03-22 11:06:37,match.rtbidder.net
2014-03-22 11:06:37,um.simpli.fi
2014-03-22 11:06:37,rp.gwallet.com
2014-03-22 11:06:37,rbp.mxptint.net
2014-03-22 11:06:37,http.tidaltv.com
2014-03-22 11:06:38,adexpert.sudouest-publicite.com
2014-03-22 11:06:39,www.facebook.com
2014-03-22 11:06:40,adexpert.sudouest-publicite.com
2014-03-22 11:06:40,www.facebook.com
2014-03-22 11:06:41,profil.sudouest.fr
2014-03-22 11:06:41,foglio.basilic.io
2014-03-22 11:06:41,s-static.ak.facebook.com
2014-03-22 11:06:41,www.facebook.com
2014-03-22 11:06:41,static.ak.facebook.com
2014-03-22 11:06:42,www.facebook.com
2014-03-22 11:06:42,assets.sudouest.fr
2014-03-22 11:06:42,apis.google.com
2014-03-22 11:06:43,apis.google.com
2014-03-22 11:06:44,twitter.com
2014-03-22 11:06:44,perpetuo-onl.basilic.io
2014-03-22 11:06:44,www.sudouest.fr
2014-03-22 11:36:58,ieonline.microsoft.com
2014-04-19 10:08:11,www.google.com
2014-04-19 10:08:35,go.microsoft.com
2014-04-19 10:08:35,ieonline.microsoft.com
2014-04-19 10:16:52,www.google.fr
2014-04-19 10:17:04,www.google.fr
2014-04-19 10:17:05,clients1.google.fr
2014-04-19 10:17:15,www.google.fr
2014-04-19 10:17:15,clients1.google.fr
2014-04-19 10:17:16,www.google.fr
2014-04-19 10:17:38,www.google.fr
