timestamp,site
2014-01-30 10:15:14,www.google.com
2014-01-30 10:15:14,www.bing.com
2014-01-30 10:15:35,www.google.fr
2014-01-30 10:15:36,www.google.fr
2014-01-30 10:15:37,www.google.com
2014-01-30 10:15:38,apis.google.com
2014-01-30 10:15:42,www.google.fr
2014-01-30 10:15:43,www.google.fr
2014-01-30 10:15:44,www.google.com
2014-01-30 10:15:44,apis.google.com
2014-01-30 10:15:44,www.google.fr
2014-01-30 10:17:09,ieonline.microsoft.com
2014-01-30 10:17:09,go.microsoft.com
2014-01-30 10:17:15,office14client.microsoft.com
2014-01-30 10:17:15,office.microsoft.com
2014-01-30 10:17:58,office.microsoft.com
2014-01-30 10:17:59,office.microsoft.com
2014-01-30 10:34:59,onlinestores.metaservices.microsoft.com
2014-01-30 10:35:00,go.microsoft.com
2014-01-30 10:36:54,www.google.fr
2014-01-30 10:37:46,i1.ytimg.com
2014-01-30 10:37:46,s.ytimg.com
2014-01-30 10:37:46,www.youtube.com
2014-01-30 10:37:46,www.google.fr
2014-01-30 10:37:47,s.ytimg.com
2014-01-30 10:37:48,s.ytimg.com
2014-01-30 10:37:48,r2---sn-gxo5uxg-jqbe.googlevideo.com
2014-01-30 10:37:49,s.ytimg.com
2014-01-30 10:37:50,apis.google.com
2014-01-30 10:37:50,s.ytimg.com
2014-01-30 10:37:50,i1.ytimg.com
2014-01-30 10:37:50,r2---sn-gxo5uxg-jqbe.googlevideo.com
2014-01-30 10:37:50,www.youtube.com
2014-01-30 10:37:50,s.youtube.com
2014-01-30 10:37:51,i1.ytimg.com
2014-01-30 10:37:51,r2---sn-gxo5uxg-jqbe.googlevideo.com
2014-01-30 10:37:51,s.youtube.com
2014-01-30 10:37:51,apis.google.com
2014-01-30 10:37:52,plus.googleapis.com
2014-01-30 10:37:53,i1.ytimg.com
2014-01-30 10:37:53,plus.googleapis.com
2014-01-30 10:37:53,www.youtube.com
2014-01-30 10:37:54,i1.ytimg.com
2014-01-30 10:37:54,yt3.ggpht.com
2014-01-30 10:37:54,yt4.ggpht.com
2014-01-30 10:37:55,i1.ytimg.com
2014-01-30 10:37:55,s.youtube.com
2014-01-30 10:37:55,yt4.ggpht.com
2014-01-30 10:37:55,www.youtube.com
2014-01-30 10:37:55,yt3.ggpht.com
2014-01-30 10:37:56,s.ytimg.com
2014-01-30 10:37:56,s.youtube.com
2014-01-30 10:37:58,s.youtube.com
2014-01-30 10:38:07,r2---sn-gxo5uxg-jqbe.googlevideo.com
2014-01-30 10:38:10,s.youtube.com
2014-01-30 10:38:12,s.youtube.com
2014-01-30 10:38:17,s.youtube.com
2014-01-30 10:38:29,s.youtube.com
2014-01-30 10:38:38,s.youtube.com
2014-01-30 10:38:45,clients1.google.com
2014-01-30 10:38:45,s.ytimg.com
2014-01-30 10:38:50,s.youtube.com
2014-01-30 10:38:57,yt3.ggpht.com
2014-01-30 10:38:57,s.youtube.com
2014-01-30 10:38:57,yt4.ggpht.com
2014-01-30 10:39:00,s.youtube.com
2014-01-30 10:39:05,www.youtube.com
2014-01-30 10:39:06,i1.ytimg.com
2014-01-30 10:39:06,r1---sn-gxo5uxg-jqbe.googlevideo.com
2014-01-30 10:39:07,lh6.ggpht.com
2014-01-30 10:39:07,www.google.com
2014-01-30 10:39:07,i1.ytimg.com
2014-01-30 10:39:08,www.youtube.com
2014-01-30 10:39:08,i1.ytimg.com
2014-01-30 10:39:08,s.ytimg.com
2014-01-30 10:39:08,s.youtube.com
2014-01-30 10:39:09,www.youtube.com
2014-01-30 10:39:09,plus.googleapis.com
2014-01-30 10:39:09,gdata.youtube.com
2014-01-30 10:39:09,lh6.ggpht.com
2014-01-30 10:39:10,gdata.youtube.com
2014-01-30 10:39:10,i1.ytimg.com
2014-01-30 10:39:11,gdata.youtube.com
2014-01-30 10:39:11,s.youtube.com
2014-01-30 10:39:11,www.youtube.com
2014-01-30 10:39:11,r4---sn-gxo5uxg-jqbe.googlevideo.com
2014-01-30 10:39:11,i1.ytimg.com
2014-01-30 10:39:12,r4---sn-gxo5uxg-jqbe.googlevideo.com
2014-01-30 10:39:12,s.youtube.com
2014-01-30 10:39:12,www.youtube.com
2014-01-30 10:39:16,s.youtube.com
2014-01-30 10:39:21,s.youtube.com
2014-01-30 10:39:26,s.youtube.com
2014-01-30 10:39:36,www.youtube.com
2014-01-30 10:39:37,s.youtube.com
2014-01-30 10:39:40,plus.googleapis.com
2014-01-30 10:39:41,plus.googleapis.com
2014-01-30 10:45:03,www.google.fr
2014-01-30 10:45:07,www.google.fr
2014-01-30 10:45:08,mw2.google.com
2014-01-30 10:45:09,www.google.fr
2014-01-30 10:45:10,mw2.google.com
2014-01-30 10:45:10,www.google.fr
2014-01-30 10:46:20,www.google.fr
2014-02-13 10:11:41,www.google.com
2014-02-13 10:11:58,www.google.fr
2014-02-13 10:12:01,www.google.fr
2014-02-13 10:12:02,www.google.com
2014-02-13 10:12:03,apis.google.com
2014-02-13 10:12:26,www.google.com
2014-02-13 10:12:26,www.google.fr
2014-02-13 10:12:27,apis.google.com
2014-02-13 10:12:27,www.google.fr
2014-02-13 10:12:27,s.ytimg.com
2014-02-13 10:12:27,i1.ytimg.com
2014-02-13 10:12:27,www.youtube.com
2014-02-13 10:12:28,i1.ytimg.com
2014-02-13 10:12:28,apis.google.com
2014-02-13 10:12:28,s.ytimg.com
2014-02-13 10:12:29,yt3.ggpht.com
2014-02-13 10:12:29,apis.google.com
2014-02-13 10:12:29,s.ytimg.com
2014-02-13 10:12:30,yt3.ggpht.com
2014-02-13 10:12:30,s.ytimg.com
2014-02-13 10:12:31,www.youtube.com
2014-02-13 10:12:31,s.ytimg.com
2014-02-13 10:12:31,fpdownload2.macromedia.com
2014-02-13 10:12:31,i2.ytimg.com
2014-02-13 10:12:32,clients1.google.com
2014-02-13 10:12:33,s.ytimg.com
2014-02-13 10:12:33,clients1.google.com
2014-02-13 10:12:36,www.google.com
2014-02-13 10:12:36,s.ytimg.com
2014-02-13 10:12:37,s.ytimg.com
2014-02-13 10:12:37,yt3.ggpht.com
2014-02-13 10:12:37,i1.ytimg.com
2014-02-13 10:12:37,www.youtube.com
2014-02-13 10:12:37,yt4.ggpht.com
2014-02-13 10:12:38,i1.ytimg.com
2014-02-13 10:12:38,s.ytimg.com
2014-02-13 10:12:40,www.google.com
2014-02-13 10:13:41,go.microsoft.com
2014-02-13 10:13:41,ieonline.microsoft.com
2014-02-13 10:14:26,yt3.ggpht.com
2014-02-13 10:14:26,clients1.google.com
2014-02-13 10:14:26,s.ytimg.com
2014-02-13 10:14:35,s.ytimg.com
2014-02-13 10:14:35,www.youtube-nocookie.com
2014-02-13 10:14:35,r4---sn-gxo5uxg-jqbe.googlevideo.com
2014-02-13 10:14:35,www.youtube.com
2014-02-13 10:14:36,yt3.ggpht.com
2014-02-13 10:14:36,s.ytimg.com
2014-02-13 10:14:36,www.google.com
2014-02-13 10:14:36,s.youtube.com
2014-02-13 10:14:36,i1.ytimg.com
2014-02-13 10:14:37,s.ytimg.com
2014-02-13 10:14:37,www.google.com
2014-02-13 10:14:37,www.youtube.com
2014-02-13 10:14:38,apis.google.com
2014-02-13 10:14:38,i1.ytimg.com
2014-02-13 10:14:38,www.youtube.com
2014-02-13 10:14:39,www.youtube.com
2014-02-13 10:14:39,gdata.youtube.com
2014-02-13 10:14:39,i1.ytimg.com
2014-02-13 10:14:39,apis.google.com
2014-02-13 10:14:40,r4---sn-gxo5uxg-jqbe.googlevideo.com
2014-02-13 10:14:40,s.youtube.com
2014-02-13 10:14:40,www.youtube.com
2014-02-13 10:14:40,gdata.youtube.com
2014-02-13 10:14:40,i1.ytimg.com
2014-02-13 10:14:40,apis.google.com
2014-02-13 10:14:41,gdata.youtube.com
2014-02-13 10:14:47,s.youtube.com
2014-02-13 10:14:50,s.youtube.com
2014-02-13 10:14:58,s.youtube.com
2014-02-13 10:15:02,www.youtube.com
2014-02-13 10:15:03,s.ytimg.com
2014-02-13 10:15:04,www.youtube.com
2014-02-13 10:15:08,s.youtube.com
2014-02-13 10:15:10,www.youtube.com
2014-02-13 10:15:10,s.ytimg.com
2014-02-13 10:15:10,s.youtube.com
2014-02-13 10:15:11,s.ytimg.com
2014-02-13 10:15:11,r4---sn-gxo5uxg-jqbe.googlevideo.com
2014-02-13 10:15:11,www.youtube.com
2014-02-13 10:15:11,s.youtube.com
2014-02-13 10:15:13,s.youtube.com
2014-02-13 10:15:16,r4---sn-gxo5uxg-jqbe.googlevideo.com
2014-02-13 10:15:20,s.youtube.com
2014-02-13 10:15:21,s.youtube.com
2014-02-13 10:15:23,s.youtube.com
2014-02-13 10:15:30,r4---sn-gxo5uxg-jqbe.googlevideo.com
2014-02-13 10:15:33,s.youtube.com
2014-02-13 10:15:33,r4---sn-gxo5uxg-jqbe.googlevideo.com
2014-02-13 10:15:44,s.youtube.com
2014-02-13 10:15:45,r4---sn-gxo5uxg-jqbe.googlevideo.com
2014-02-13 10:15:51,s.youtube.com
2014-02-13 10:15:56,s.youtube.com
2014-02-13 10:15:59,r4---sn-gxo5uxg-jqbe.googlevideo.com
2014-02-13 10:16:00,r4---sn-gxo5uxg-jqbe.googlevideo.com
2014-02-13 10:16:14,apis.google.com
2014-02-13 10:16:14,r4---sn-gxo5uxg-jqbe.googlevideo.com
2014-02-13 10:16:21,s.youtube.com
2014-02-13 10:16:29,r4---sn-gxo5uxg-jqbe.googlevideo.com
2014-02-13 10:16:33,i1.ytimg.com
2014-02-13 10:16:36,r4---sn-gxo5uxg-jqbe.googlevideo.com
2014-02-13 10:16:37,s.youtube.com
2014-02-13 10:16:41,s.youtube.com
2014-02-13 10:17:17,s.youtube.com
2014-02-13 10:18:56,apis.google.com
2014-02-13 10:28:11,s.youtube.com
2014-02-13 10:28:13,r4---sn-gxo5uxg-jqbe.googlevideo.com
2014-02-13 10:28:27,r4---sn-gxo5uxg-jqbe.googlevideo.com
2014-02-13 10:28:28,r4---sn-gxo5uxg-jqbe.googlevideo.com
2014-02-13 10:28:37,s.youtube.com
2014-02-13 10:28:41,s.youtube.com
2014-02-13 10:29:02,www.youtube.com
2014-02-13 10:29:07,s.ytimg.com
2014-02-13 10:29:08,i1.ytimg.com
2014-02-13 10:29:12,s.youtube.com
2014-02-13 10:29:17,s.youtube.com
2014-02-13 10:29:34,www.youtube.com
2014-02-13 10:29:36,www.youtube.com
2014-02-13 10:29:37,r1---sn-gxo5uxg-jqbe.googlevideo.com
2014-02-13 10:29:37,i1.ytimg.com
2014-02-13 10:29:37,s.youtube.com
2014-02-13 10:29:37,www.youtube.com
2014-02-13 10:29:37,gdata.youtube.com
2014-02-13 10:29:37,yt3.ggpht.com
2014-02-13 10:29:38,s.youtube.com
2014-02-13 10:29:38,i1.ytimg.com
2014-02-13 10:29:38,gdata.youtube.com
2014-02-13 10:29:38,www.youtube.com
2014-02-13 10:29:38,r3---sn-gxo5uxg-jqbe.googlevideo.com
2014-02-13 10:29:39,apis.google.com
2014-02-13 10:29:39,r3---sn-gxo5uxg-jqbe.googlevideo.com
2014-02-13 10:29:39,www.youtube.com
2014-02-13 10:29:39,s.youtube.com
2014-02-13 10:29:40,s.youtube.com
2014-02-13 10:29:48,s.youtube.com
2014-02-13 10:29:50,s.youtube.com
2014-02-13 10:29:55,www.youtube.com
2014-02-13 10:29:59,s.youtube.com
2014-02-13 10:29:59,www.youtube.com
2014-02-13 10:29:59,r1---sn-gxo5uxg-jqbe.googlevideo.com
2014-02-13 10:30:00,r1---sn-gxo5uxg-jqbe.googlevideo.com
2014-02-13 10:30:00,s.youtube.com
2014-02-13 10:30:03,r1---sn-gxo5uxg-jqbe.googlevideo.com
2014-02-13 10:30:04,r1---sn-gxo5uxg-jqbe.googlevideo.com
2014-02-13 10:30:06,s.youtube.com
2014-02-13 10:30:08,s.youtube.com
2014-02-13 10:30:09,r1---sn-gxo5uxg-jqbe.googlevideo.com
2014-02-13 10:30:09,s.youtube.com
2014-02-13 10:30:15,s.youtube.com
2014-02-13 10:30:16,s.youtube.com
2014-02-13 10:30:18,r1---sn-gxo5uxg-jqbe.googlevideo.com
2014-02-13 10:30:26,s.youtube.com
2014-02-13 10:30:30,r1---sn-gxo5uxg-jqbe.googlevideo.com
2014-02-13 10:30:33,r1---sn-gxo5uxg-jqbe.googlevideo.com
2014-02-13 10:30:39,s.youtube.com
2014-02-13 10:30:48,r1---sn-gxo5uxg-jqbe.googlevideo.com
2014-02-13 10:30:57,r1---sn-gxo5uxg-jqbe.googlevideo.com
2014-02-13 10:31:03,r1---sn-gxo5uxg-jqbe.googlevideo.com
2014-02-13 10:31:04,s.youtube.com
2014-02-13 10:31:09,s.youtube.com
2014-02-13 10:31:18,r1---sn-gxo5uxg-jqbe.googlevideo.com
2014-02-13 10:31:20,r1---sn-gxo5uxg-jqbe.googlevideo.com
2014-02-13 10:31:33,r1---sn-gxo5uxg-jqbe.googlevideo.com
2014-02-13 10:31:40,s.youtube.com
2014-02-13 10:31:41,r1---sn-gxo5uxg-jqbe.googlevideo.com
2014-02-13 10:31:44,s.youtube.com
2014-02-13 10:31:48,r1---sn-gxo5uxg-jqbe.googlevideo.com
2014-02-13 10:32:03,r1---sn-gxo5uxg-jqbe.googlevideo.com
2014-02-13 10:32:10,s.youtube.com
2014-02-13 10:32:24,s.youtube.com
2014-02-13 10:32:25,www.youtube.com
2014-02-13 10:32:40,s.youtube.com
2014-02-13 10:32:57,www.youtube.com
2014-02-13 10:33:01,s.youtube.com
2014-02-13 10:33:01,www.youtube.com
2014-02-13 10:33:01,s.ytimg.com
2014-02-13 10:33:04,s.youtube.com
2014-02-13 10:33:37,www.youtube.com
2014-02-13 10:33:38,r4---sn-gxo5uxg-jqbe.googlevideo.com
2014-02-13 10:33:38,yt3.ggpht.com
2014-02-13 10:33:38,i1.ytimg.com
2014-02-13 10:33:39,i1.ytimg.com
2014-02-13 10:33:39,www.youtube.com
2014-02-13 10:33:39,s.youtube.com
2014-02-13 10:33:40,r4---sn-gxo5uxg-jqbe.googlevideo.com
2014-02-13 10:33:40,i1.ytimg.com
2014-02-13 10:33:40,www.youtube.com
2014-02-13 10:33:41,s.youtube.com
2014-02-13 10:33:41,apis.google.com
2014-02-13 10:33:44,s.youtube.com
2014-02-13 10:33:45,r4---sn-gxo5uxg-jqbe.googlevideo.com
2014-02-13 10:33:46,r4---sn-gxo5uxg-jqbe.googlevideo.com
2014-02-13 10:33:47,r4---sn-gxo5uxg-jqbe.googlevideo.com
2014-02-13 10:33:50,s.youtube.com
2014-02-13 10:33:50,www.youtube.com
2014-02-13 10:33:51,i1.ytimg.com
2014-02-13 10:33:54,s.youtube.com
2014-02-13 10:34:00,s.youtube.com
2014-02-13 10:34:03,r4---sn-gxo5uxg-jqbe.googlevideo.com
2014-02-13 10:34:04,s.youtube.com
2014-02-13 10:34:10,s.youtube.com
2014-02-13 10:34:16,www.youtube.com
2014-02-13 10:34:20,s.youtube.com
2014-02-13 10:34:25,r4---sn-gxo5uxg-jqbe.googlevideo.com
2014-02-13 10:34:29,s.ytimg.com
2014-02-13 10:34:30,clients1.google.com
2014-02-13 10:34:30,r4---sn-gxo5uxg-jqbe.googlevideo.com
2014-02-13 10:34:30,s.youtube.com
2014-02-13 10:35:38,www.google.fr
2014-02-13 10:35:39,www.google.com
2014-02-13 10:35:39,apis.google.com
2014-02-13 10:35:54,www.google.fr
2014-02-13 10:35:55,apis.google.com
2014-02-13 10:35:55,www.google.com
2014-02-13 10:35:55,static.francetv.fr
2014-02-13 10:35:55,www.francetv.fr
2014-02-13 10:35:55,www.google.fr
2014-02-13 10:35:55,pgep.francetv.fr
2014-02-13 10:35:55,www.france2.fr
2014-02-13 10:35:55,d1447tq2m68ekg.cloudfront.net
2014-02-13 10:35:55,www.facebook.com
2014-02-13 10:35:56,apis.google.com
2014-02-13 10:35:56,s-static.ak.facebook.com
2014-02-13 10:35:56,connect.facebook.net
2014-02-13 10:35:56,webservices.francetelevisions.fr
2014-02-13 10:35:56,static.ak.facebook.com
2014-02-13 10:35:56,static.francetv.fr
2014-02-13 10:35:56,www.france2.fr
2014-02-13 10:35:56,platform.twitter.com
2014-02-13 10:35:57,accounts.google.com
2014-02-13 10:35:57,www.france2.fr
2014-02-13 10:35:57,twitter.com
2014-02-13 10:35:57,apis.google.com
2014-02-13 10:35:58,www.google.com
2014-02-13 10:35:58,www.google.fr
2014-02-13 10:35:58,accounts.google.com
2014-02-13 10:35:58,its.tradelab.fr
2014-02-13 10:35:58,www.facebook.com
2014-02-13 10:35:58,static.francetv.fr
2014-02-13 10:36:20,pgep.francetv.fr
2014-02-13 10:36:20,www.france3.fr
2014-02-13 10:36:20,d1447tq2m68ekg.cloudfront.net
2014-02-13 10:36:20,static.francetv.fr
2014-02-13 10:36:20,www.google.fr
2014-02-13 10:36:20,twitter.com
2014-02-13 10:36:20,www.facebook.com
2014-02-13 10:36:21,www.france3.fr
2014-02-13 10:36:22,pgep.francetv.fr
2014-02-13 10:36:22,apis.google.com
2014-02-13 10:36:22,webservices.francetelevisions.fr
2014-02-13 10:36:22,s-static.ak.facebook.com
2014-02-13 10:36:22,static.ak.facebook.com
2014-02-13 10:36:23,twitter.com
2014-02-13 10:36:23,accounts.google.com
2014-02-13 10:36:23,www.google.fr
2014-02-13 10:36:23,www.google.com
2014-02-13 10:36:23,its.tradelab.fr
2014-02-13 10:36:23,www.facebook.com
2014-02-13 10:36:23,www.france3.fr
2014-02-13 10:36:49,www.google.fr
2014-02-13 10:36:52,www.google.fr
2014-02-13 10:36:52,playtv.fr
2014-02-13 10:36:52,static.playtv.fr
2014-02-13 10:36:53,playtv.fr
2014-02-13 10:36:53,static.playtv.fr
2014-02-13 10:36:53,http.tidaltv.com
2014-02-13 10:36:53,static.ak.facebook.com
2014-02-13 10:36:53,s-static.ak.facebook.com
2014-02-13 10:36:55,playtv.fr
2014-02-13 10:36:57,www.facebook.com
2014-02-13 10:36:58,ce.lijit.com
2014-02-13 10:36:58,admaym.com
2014-02-13 10:36:58,cs.specificclick.net
2014-02-13 10:36:58,s.kau.li
2014-02-13 10:36:58,y.one.impact-ad.jp
2014-02-13 10:37:04,playtv.fr
2014-02-13 10:37:04,static.playtv.fr
2014-02-13 10:37:05,static.playtv.fr
2014-02-13 10:37:05,playtv.fr
2014-02-13 10:37:06,s-static.ak.facebook.com
2014-02-13 10:37:06,static.ak.facebook.com
2014-02-13 10:37:06,platform.twitter.com
2014-02-13 10:37:06,playtv.fr
2014-02-13 10:37:07,twitter.com
2014-02-13 10:37:07,pbs.twimg.com
2014-02-13 10:37:07,www.facebook.com
2014-02-13 10:37:07,playtv.fr
2014-02-13 10:37:08,pbs.twimg.com
2014-02-13 10:37:09,adventori.com
2014-02-13 10:37:09,pbs.twimg.com
2014-02-13 10:37:09,abs.twimg.com
2014-02-13 10:37:13,x2.vindicosuite.com
2014-02-13 10:37:13,ima3vpaid.appspot.com
2014-02-13 10:37:14,n.dyntrk.com
2014-02-13 10:37:14,ima3vpaid.appspot.com
2014-02-13 10:37:15,www.youtube.com
2014-02-13 10:37:15,s.ytimg.com
2014-02-13 10:37:16,n.dyntrk.com
2014-02-13 10:37:16,abs.twimg.com
2014-02-13 10:37:16,pbs.twimg.com
2014-02-13 10:37:21,n.dyntrk.com
2014-02-13 10:37:26,n.dyntrk.com
2014-02-13 10:37:31,n.dyntrk.com
2014-02-13 10:37:36,n.dyntrk.com
2014-02-13 10:37:36,tvplayer.playtv.fr
2014-02-13 10:37:37,tvplayer.playtv.fr
2014-02-13 10:37:37,playtv.fr
2014-02-13 10:38:07,playtv.fr
2014-02-13 10:38:37,tvplayer.playtv.fr
2014-02-13 10:39:10,www.google.fr
2014-02-13 10:39:17,www.eurosport.fr
2014-02-13 10:39:17,www.google.fr
2014-02-13 10:39:18,i.eurosport.com
2014-02-13 10:39:18,i.eurosport.fr
2014-02-13 10:39:18,layout.eurosport.fr
2014-02-13 10:39:18,layout.eurosport.com
2014-02-13 10:39:18,s.tf1.fr
2014-02-13 10:39:18,static1.webedia.fr
2014-02-13 10:39:19,layout.eurosport.com
2014-02-13 10:39:19,i.eurosport.fr
2014-02-13 10:39:19,platform.twitter.com
2014-02-13 10:39:19,apis.google.com
2014-02-13 10:39:20,www.google.fr
2014-02-13 10:39:20,s-static.ak.facebook.com
2014-02-13 10:39:20,accounts.google.com
2014-02-13 10:39:20,apis.google.com
2014-02-13 10:39:20,www.google.com
2014-02-13 10:39:20,go.disqus.com
2014-02-13 10:39:20,eurosport-fr.disqus.com
2014-02-13 10:39:20,layout.eurosport.fr
2014-02-13 10:39:20,layout.eurosport.com
2014-02-13 10:39:20,platform.twitter.com
2014-02-13 10:39:20,www.facebook.com
2014-02-13 10:39:20,static.ak.facebook.com
2014-02-13 10:39:21,apis.google.com
2014-02-13 10:39:21,twitter.com
2014-02-13 10:39:22,www.eficiens-serving2.com
2014-02-13 10:39:22,apis.google.com
2014-02-13 10:39:23,apis.google.com
2014-02-13 10:39:23,eurosportbet.loa24.com
2014-02-13 10:39:23,twitter.com
2014-02-13 10:39:23,accounts.google.com
2014-02-13 10:39:24,slpubmedias.tf1.fr
2014-02-13 10:39:24,rubicon-match.dotomi.com
2014-02-13 10:39:24,eurosportbet.loa24.com
2014-02-13 10:39:25,match.rtbidder.net
2014-02-13 10:39:25,www.facebook.com
2014-02-13 10:39:25,rbp.mxptint.net
2014-02-13 10:39:25,rp.gwallet.com
2014-02-13 10:39:25,eurosportbet.loa24.com
2014-02-13 10:39:25,c1.adform.net
2014-02-13 10:39:25,dtm.potterybarnkids.com
2014-02-13 10:39:25,um.simpli.fi
2014-02-13 10:39:25,pr.ybp.yahoo.com
2014-02-13 10:39:25,www.wat.tv
2014-02-13 10:39:26,layout.eurosport.com
2014-02-13 10:39:26,twitter.com
2014-02-13 10:39:26,www.wat.tv
2014-02-13 10:39:26,www.eurosport.fr
2014-02-13 10:39:26,pixel2368.everesttech.net
2014-02-13 10:39:27,s.wat.tv
2014-02-13 10:39:27,www.wat.tv
2014-02-13 10:39:28,www.wat.tv
2014-02-13 10:39:28,4med.wat.tv
2014-02-13 10:39:32,layout.eurosport.com
2014-02-13 10:39:39,i.eurosport.fr
2014-02-13 10:39:39,www.facebook.com
2014-02-13 10:39:49,www.eurosport.fr
2014-02-13 10:39:54,i.eurosport.fr
2014-02-13 10:39:56,i.eurosport.fr
2014-02-13 10:39:57,i.eurosport.fr
2014-02-13 10:39:58,i.eurosport.fr
2014-02-13 10:39:59,i.eurosport.fr
2014-02-13 10:40:07,i.eurosport.fr
2014-02-13 10:40:07,pbs.twimg.com
2014-02-13 10:40:09,i.eurosport.fr
2014-02-13 10:40:09,dnl.eurosport.com
2014-02-13 10:40:10,dnl.eurosport.com
2014-02-13 10:40:10,i.eurosport.fr
2014-02-13 10:40:14,dnl.eurosport.com
2014-02-13 10:40:16,dnl.eurosport.com
2014-02-13 10:40:16,i.eurosport.fr
2014-02-13 10:40:22,i.eurosport.fr
2014-02-13 10:40:22,www.eurosport.fr
2014-02-13 10:40:22,layout.eurosport.fr
2014-02-13 10:40:24,static.ak.facebook.com
2014-02-13 10:40:24,www.facebook.com
2014-02-13 10:40:24,go.disqus.com
2014-02-13 10:40:24,apis.google.com
2014-02-13 10:40:24,s-static.ak.facebook.com
2014-02-13 10:40:25,apis.google.com
2014-02-13 10:40:25,www.google.com
2014-02-13 10:40:25,www.google.fr
2014-02-13 10:40:25,eurosport-fr.disqus.com
2014-02-13 10:40:26,apis.google.com
2014-02-13 10:40:27,eurosportbet.loa24.com
2014-02-13 10:40:27,accounts.google.com
2014-02-13 10:40:27,x2.vindicosuite.com
2014-02-13 10:40:27,twitter.com
2014-02-13 10:40:28,b12.myspace.com
2014-02-13 10:40:28,www.facebook.com
2014-02-13 10:40:29,pmu.eficiens-serving.com
2014-02-13 10:40:29,b12.myspace.com
2014-02-13 10:40:29,twitter.com
2014-02-13 10:40:30,pmu.eficiens-serving.com
2014-02-13 10:40:31,www.facebook.com
2014-02-13 10:40:31,b12.myspace.com
2014-02-13 10:40:31,twitter.com
2014-02-13 10:40:35,i.eurosport.fr
2014-02-13 10:40:37,i.eurosport.fr
2014-02-13 10:40:59,layout.eurosport.com
2014-02-13 10:40:59,www.eurosport.fr
2014-02-13 10:41:00,layout.eurosport.fr
2014-02-13 10:41:01,s-static.ak.facebook.com
2014-02-13 10:41:01,www.facebook.com
2014-02-13 10:41:01,layout.eurosport.com
2014-02-13 10:41:01,static.ak.facebook.com
2014-02-13 10:41:01,go.disqus.com
2014-02-13 10:41:02,apis.google.com
2014-02-13 10:41:02,eurosport-fr.disqus.com
2014-02-13 10:41:02,www.google.com
2014-02-13 10:41:02,www.google.fr
2014-02-13 10:41:03,www.facebook.com
2014-02-13 10:41:03,apis.google.com
2014-02-13 10:41:03,twitter.com
2014-02-13 10:41:04,x2.vindicosuite.com
2014-02-13 10:41:04,www.facebook.com
2014-02-13 10:41:04,accounts.google.com
2014-02-13 10:41:05,syndication.twitter.com
2014-02-13 10:41:06,platform.twitter.com
2014-02-13 10:41:19,twitter.com
2014-02-13 10:41:19,i.eurosport.fr
2014-02-13 10:41:19,accounts.google.com
2014-02-13 10:41:22,i.eurosport.fr
2014-02-13 10:41:22,syndication.twitter.com
2014-02-13 10:41:31,www.eurosport.fr
2014-02-13 10:41:37,twitter.com
2014-02-13 10:41:39,i.eurosport.fr
2014-02-13 10:41:42,pbs.twimg.com
2014-02-13 10:41:42,layout.eurosport.fr
2014-02-13 10:41:42,www.eurosport.fr
2014-02-13 10:41:42,layout.eurosport.com
2014-02-13 10:41:42,platform.twitter.com
2014-02-13 10:41:44,www.facebook.com
2014-02-13 10:41:44,s-static.ak.facebook.com
2014-02-13 10:41:44,static.ak.facebook.com
2014-02-13 10:41:44,go.disqus.com
2014-02-13 10:41:45,apis.google.com
2014-02-13 10:41:45,www.google.com
2014-02-13 10:41:45,www.google.fr
2014-02-13 10:41:46,www.facebook.com
2014-02-13 10:41:46,apis.google.com
2014-02-13 10:41:46,twitter.com
2014-02-13 10:41:47,www.facebook.com
2014-02-13 10:41:48,www.facebook.com
2014-02-13 10:42:18,twitter.com
2014-02-13 10:42:53,accounts.google.com
2014-02-13 10:56:11,www.google.fr
2014-02-13 10:56:13,apis.google.com
2014-02-13 10:56:13,www.google.com
2014-02-13 10:57:29,www.google.fr
2014-02-13 10:57:29,apis.google.com
2014-02-13 10:57:29,www.google.com
2014-02-13 10:58:00,www.google.fr
2014-02-13 10:58:01,i1.ytimg.com
2014-02-13 10:58:01,www.youtube.com
2014-02-13 10:58:01,s.ytimg.com
2014-02-13 10:58:01,www.google.fr
2014-02-13 10:58:02,s.ytimg.com
2014-02-13 10:58:02,i1.ytimg.com
2014-02-13 10:58:02,apis.google.com
2014-02-13 10:58:03,s.ytimg.com
2014-02-13 10:58:03,apis.google.com
2014-02-13 10:58:03,yt3.ggpht.com
2014-02-13 10:58:03,i4.ytimg.com
2014-02-13 10:58:03,www.youtube.com
2014-02-13 10:58:04,s.ytimg.com
2014-02-13 10:58:04,clients1.google.com
2014-02-13 10:58:07,s.ytimg.com
2014-02-13 10:58:25,ieonline.microsoft.com
2014-02-13 10:58:26,clients1.google.com
2014-02-13 10:58:27,clients1.google.com
2014-02-13 10:58:28,clients1.google.com
2014-02-13 10:58:29,clients1.google.com
2014-02-13 10:58:30,www.youtube.com
2014-02-13 10:58:30,s.ytimg.com
2014-02-13 10:58:30,www.google.com
2014-02-13 10:58:31,yt4.ggpht.com
2014-02-13 10:58:31,s.ytimg.com
2014-02-13 10:58:31,i1.ytimg.com
2014-02-13 10:58:31,yt3.ggpht.com
2014-02-13 10:58:32,i1.ytimg.com
2014-02-13 10:58:32,s.ytimg.com
2014-02-13 10:58:34,yt3.ggpht.com
2014-02-13 10:58:35,i1.ytimg.com
2014-02-13 10:58:38,i1.ytimg.com
2014-02-13 10:58:43,i1.ytimg.com
2014-02-13 10:58:43,yt3.ggpht.com
2014-02-13 10:58:54,r2---sn-gxo5uxg-jqbe.googlevideo.com
2014-02-13 10:58:54,www.youtube.com
2014-02-13 10:58:54,s.ytimg.com
2014-02-13 10:58:55,i1.ytimg.com
2014-02-13 10:58:55,s.ytimg.com
2014-02-13 10:58:55,yt3.ggpht.com
2014-02-13 10:58:55,lh3.ggpht.com
2014-02-13 10:58:56,s.youtube.com
2014-02-13 10:58:56,www.google.com
2014-02-13 10:58:56,s.ytimg.com
2014-02-13 10:58:56,www.youtube.com
2014-02-13 10:58:57,apis.google.com
2014-02-13 10:58:57,plus.googleapis.com
2014-02-13 10:58:57,lh3.ggpht.com
2014-02-13 10:58:57,www.youtube.com
2014-02-13 10:58:57,i1.ytimg.com
2014-02-13 10:58:58,plus.googleapis.com
2014-02-13 10:58:59,www.youtube.com
2014-02-13 10:58:59,plus.googleapis.com
2014-02-13 10:59:29,r2---sn-gxo5uxg-jqbe.googlevideo.com
2014-02-13 10:59:29,www.youtube.com
2014-02-13 10:59:30,r2---sn-gxo5uxg-jqbe.googlevideo.com
2014-02-13 10:59:30,s.youtube.com
2014-02-13 10:59:35,s.youtube.com
2014-02-13 10:59:40,s.youtube.com
2014-02-13 10:59:45,s.youtube.com
2014-02-13 10:59:48,r2---sn-gxo5uxg-jqbe.googlevideo.com
2014-02-13 10:59:55,s.youtube.com
2014-02-13 10:59:57,r2---sn-gxo5uxg-jqbe.googlevideo.com
2014-02-13 10:59:58,r2---sn-gxo5uxg-jqbe.googlevideo.com
2014-02-13 10:59:59,r2---sn-gxo5uxg-jqbe.googlevideo.com
2014-02-13 11:00:03,r2---sn-gxo5uxg-jqbe.googlevideo.com
2014-02-13 11:00:08,s.youtube.com
2014-02-13 11:00:13,r2---sn-gxo5uxg-jqbe.googlevideo.com
2014-02-13 11:00:18,r2---sn-gxo5uxg-jqbe.googlevideo.com
2014-02-13 11:00:19,s.youtube.com
2014-02-13 11:00:33,r2---sn-gxo5uxg-jqbe.googlevideo.com
2014-02-13 11:00:38,r2---sn-gxo5uxg-jqbe.googlevideo.com
2014-02-13 11:00:38,s.youtube.com
2014-02-13 11:00:48,r2---sn-gxo5uxg-jqbe.googlevideo.com
2014-02-13 11:00:59,s.youtube.com
2014-02-13 11:00:59,r2---sn-gxo5uxg-jqbe.googlevideo.com
2014-02-13 11:01:03,r2---sn-gxo5uxg-jqbe.googlevideo.com
2014-02-13 11:01:08,s.youtube.com
2014-02-13 11:01:18,r2---sn-gxo5uxg-jqbe.googlevideo.com
2014-02-13 11:01:20,r2---sn-gxo5uxg-jqbe.googlevideo.com
2014-02-13 11:01:33,r2---sn-gxo5uxg-jqbe.googlevideo.com
2014-02-13 11:01:38,s.youtube.com
2014-02-13 11:01:39,s.youtube.com
2014-02-13 11:01:39,r2---sn-gxo5uxg-jqbe.googlevideo.com
2014-02-13 11:01:48,r2---sn-gxo5uxg-jqbe.googlevideo.com
2014-02-13 11:02:02,r2---sn-gxo5uxg-jqbe.googlevideo.com
2014-02-13 11:02:03,r2---sn-gxo5uxg-jqbe.googlevideo.com
2014-02-13 11:02:08,s.youtube.com
2014-02-13 11:02:18,r2---sn-gxo5uxg-jqbe.googlevideo.com
2014-02-13 11:02:19,s.youtube.com
2014-02-13 11:02:30,www.youtube.com
2014-02-13 11:02:32,r2---sn-gxo5uxg-jqbe.googlevideo.com
2014-02-13 11:02:38,s.youtube.com
2014-02-13 11:02:47,r2---sn-gxo5uxg-jqbe.googlevideo.com
2014-02-13 11:02:54,r2---sn-gxo5uxg-jqbe.googlevideo.com
2014-02-13 11:02:59,s.youtube.com
2014-02-13 11:03:02,r2---sn-gxo5uxg-jqbe.googlevideo.com
2014-02-13 11:03:08,s.youtube.com
2014-02-13 11:03:15,r2---sn-gxo5uxg-jqbe.googlevideo.com
2014-02-13 11:03:17,r2---sn-gxo5uxg-jqbe.googlevideo.com
2014-02-13 11:03:32,r2---sn-gxo5uxg-jqbe.googlevideo.com
2014-02-13 11:03:35,r2---sn-gxo5uxg-jqbe.googlevideo.com
2014-02-13 11:03:38,s.youtube.com
2014-02-13 11:03:39,s.youtube.com
2014-02-13 11:03:47,r2---sn-gxo5uxg-jqbe.googlevideo.com
2014-02-13 11:03:54,r2---sn-gxo5uxg-jqbe.googlevideo.com
2014-02-13 11:04:02,r2---sn-gxo5uxg-jqbe.googlevideo.com
2014-02-13 11:04:11,s.youtube.com
2014-02-13 11:04:17,r2---sn-gxo5uxg-jqbe.googlevideo.com
2014-02-13 11:04:20,r2---sn-gxo5uxg-jqbe.googlevideo.com
2014-02-13 11:04:23,s.youtube.com
2014-02-13 11:04:34,r2---sn-gxo5uxg-jqbe.googlevideo.com
2014-02-13 11:04:35,r2---sn-gxo5uxg-jqbe.googlevideo.com
2014-02-13 11:04:42,s.youtube.com
2014-02-13 11:04:49,r2---sn-gxo5uxg-jqbe.googlevideo.com
2014-02-13 11:04:50,r2---sn-gxo5uxg-jqbe.googlevideo.com
2014-02-13 11:05:03,s.youtube.com
2014-02-13 11:05:05,r2---sn-gxo5uxg-jqbe.googlevideo.com
2014-02-13 11:05:08,r2---sn-gxo5uxg-jqbe.googlevideo.com
2014-02-13 11:05:12,s.youtube.com
2014-02-13 11:05:20,r2---sn-gxo5uxg-jqbe.googlevideo.com
2014-02-13 11:05:27,r2---sn-gxo5uxg-jqbe.googlevideo.com
2014-02-13 11:05:35,r2---sn-gxo5uxg-jqbe.googlevideo.com
2014-02-13 11:05:42,s.youtube.com
2014-02-13 11:05:43,s.youtube.com
2014-02-13 11:05:45,r2---sn-gxo5uxg-jqbe.googlevideo.com
2014-02-13 11:05:50,r2---sn-gxo5uxg-jqbe.googlevideo.com
2014-02-13 11:06:02,r2---sn-gxo5uxg-jqbe.googlevideo.com
2014-02-13 11:06:06,r2---sn-gxo5uxg-jqbe.googlevideo.com
2014-02-13 11:06:12,s.youtube.com
2014-02-13 11:06:19,r2---sn-gxo5uxg-jqbe.googlevideo.com
2014-02-13 11:06:22,r2---sn-gxo5uxg-jqbe.googlevideo.com
2014-02-13 11:06:23,s.youtube.com
2014-02-13 11:06:34,r2---sn-gxo5uxg-jqbe.googlevideo.com
2014-02-13 11:06:42,s.youtube.com
2014-02-13 11:06:42,r2---sn-gxo5uxg-jqbe.googlevideo.com
2014-02-13 11:06:49,r2---sn-gxo5uxg-jqbe.googlevideo.com
2014-02-13 11:07:02,r2---sn-gxo5uxg-jqbe.googlevideo.com
2014-02-13 11:07:03,s.youtube.com
2014-02-13 11:07:04,r2---sn-gxo5uxg-jqbe.googlevideo.com
2014-02-13 11:07:12,s.youtube.com
2014-02-13 11:07:19,r2---sn-gxo5uxg-jqbe.googlevideo.com
2014-02-13 11:07:35,r2---sn-gxo5uxg-jqbe.googlevideo.com
2014-02-13 11:07:40,r2---sn-gxo5uxg-jqbe.googlevideo.com
2014-02-13 11:07:42,s.youtube.com
2014-02-13 11:07:43,s.youtube.com
2014-02-13 11:07:49,r2---sn-gxo5uxg-jqbe.googlevideo.com
2014-02-13 11:08:01,r2---sn-gxo5uxg-jqbe.googlevideo.com
2014-02-13 11:08:04,r2---sn-gxo5uxg-jqbe.googlevideo.com
2014-02-13 11:08:12,s.youtube.com
2014-02-13 11:08:19,r2---sn-gxo5uxg-jqbe.googlevideo.com
2014-02-13 11:08:22,r2---sn-gxo5uxg-jqbe.googlevideo.com
2014-02-13 11:08:23,s.youtube.com
2014-02-13 11:08:34,r2---sn-gxo5uxg-jqbe.googlevideo.com
2014-02-13 11:08:42,s.youtube.com
2014-02-13 11:09:03,s.youtube.com
2014-02-13 11:09:08,s.ytimg.com
2014-02-13 11:09:09,i1.ytimg.com
2014-02-13 11:09:12,s.youtube.com
2014-02-13 11:09:27,www.youtube.com
2014-02-13 11:09:36,r2---sn-gxo5uxg-jqbe.googlevideo.com
2014-02-13 11:09:37,i1.ytimg.com
2014-02-13 11:09:37,s.ytimg.com
2014-02-13 11:09:37,www.youtube.com
2014-02-13 11:09:37,s.youtube.com
2014-02-13 11:09:43,s.youtube.com
2014-02-13 11:09:45,www.youtube.com
2014-02-13 11:09:46,i1.ytimg.com
2014-02-13 11:09:46,www.youtube.com
2014-02-13 11:09:46,r4---sn-gxo5uxg-jqbe.googlevideo.com
2014-02-13 11:09:46,s.youtube.com
2014-02-13 11:09:46,yt3.ggpht.com
2014-02-13 11:09:46,s.ytimg.com
2014-02-13 11:09:48,plus.googleapis.com
2014-02-13 11:09:50,s.youtube.com
2014-02-13 11:09:52,r4---sn-gxo5uxg-jqbe.googlevideo.com
2014-02-13 11:09:56,s.youtube.com
2014-02-13 11:10:00,s.youtube.com
2014-02-13 11:10:01,s.youtube.com
2014-02-13 11:10:04,r4---sn-gxo5uxg-jqbe.googlevideo.com
2014-02-13 11:10:05,r4---sn-gxo5uxg-jqbe.googlevideo.com
2014-02-13 11:10:10,s.youtube.com
2014-02-13 11:10:20,r4---sn-gxo5uxg-jqbe.googlevideo.com
2014-02-13 11:10:25,s.youtube.com
2014-02-13 11:10:29,r4---sn-gxo5uxg-jqbe.googlevideo.com
2014-02-13 11:10:31,s.youtube.com
2014-02-13 11:10:35,r4---sn-gxo5uxg-jqbe.googlevideo.com
2014-02-13 11:10:49,r4---sn-gxo5uxg-jqbe.googlevideo.com
2014-02-13 11:10:59,r4---sn-gxo5uxg-jqbe.googlevideo.com
2014-02-13 11:11:01,s.youtube.com
2014-02-13 11:11:04,r4---sn-gxo5uxg-jqbe.googlevideo.com
2014-02-13 11:11:05,s.youtube.com
2014-02-13 11:11:19,r4---sn-gxo5uxg-jqbe.googlevideo.com
2014-02-13 11:11:23,r4---sn-gxo5uxg-jqbe.googlevideo.com
2014-02-13 11:11:31,s.youtube.com
2014-02-13 11:11:34,r4---sn-gxo5uxg-jqbe.googlevideo.com
2014-02-13 11:11:46,s.youtube.com
2014-02-13 11:11:47,r4---sn-gxo5uxg-jqbe.googlevideo.com
2014-02-13 11:11:50,r4---sn-gxo5uxg-jqbe.googlevideo.com
2014-02-13 11:12:01,s.youtube.com
2014-02-13 11:12:03,r4---sn-gxo5uxg-jqbe.googlevideo.com
2014-02-13 11:12:04,r4---sn-gxo5uxg-jqbe.googlevideo.com
2014-02-13 11:12:19,r4---sn-gxo5uxg-jqbe.googlevideo.com
2014-02-13 11:12:26,s.youtube.com
2014-02-13 11:12:31,s.youtube.com
2014-02-13 11:12:34,r4---sn-gxo5uxg-jqbe.googlevideo.com
2014-02-13 11:12:35,r4---sn-gxo5uxg-jqbe.googlevideo.com
2014-02-13 11:12:46,www.youtube.com
2014-02-13 11:12:49,r4---sn-gxo5uxg-jqbe.googlevideo.com
2014-02-13 11:13:02,s.youtube.com
2014-02-13 11:13:04,r4---sn-gxo5uxg-jqbe.googlevideo.com
2014-02-13 11:13:06,s.youtube.com
2014-02-13 11:13:08,r4---sn-gxo5uxg-jqbe.googlevideo.com
2014-02-13 11:13:19,r4---sn-gxo5uxg-jqbe.googlevideo.com
2014-02-13 11:13:28,r4---sn-gxo5uxg-jqbe.googlevideo.com
2014-02-13 11:13:32,s.youtube.com
2014-02-13 11:13:33,r4---sn-gxo5uxg-jqbe.googlevideo.com
2014-02-13 11:13:45,r4---sn-gxo5uxg-jqbe.googlevideo.com
2014-02-13 11:13:46,s.youtube.com
2014-02-13 11:13:48,r4---sn-gxo5uxg-jqbe.googlevideo.com
2014-02-13 11:14:02,s.youtube.com
2014-02-13 11:14:06,r4---sn-gxo5uxg-jqbe.googlevideo.com
2014-02-13 11:14:08,r4---sn-gxo5uxg-jqbe.googlevideo.com
2014-02-13 11:14:21,r4---sn-gxo5uxg-jqbe.googlevideo.com
2014-02-13 11:14:27,s.youtube.com
2014-02-13 11:14:27,r4---sn-gxo5uxg-jqbe.googlevideo.com
2014-02-13 11:14:33,s.youtube.com
2014-02-13 11:14:36,r4---sn-gxo5uxg-jqbe.googlevideo.com
2014-02-13 11:14:45,r4---sn-gxo5uxg-jqbe.googlevideo.com
2014-02-13 11:14:51,r4---sn-gxo5uxg-jqbe.googlevideo.com
2014-02-13 11:15:03,s.youtube.com
2014-02-13 11:15:04,r4---sn-gxo5uxg-jqbe.googlevideo.com
2014-02-13 11:15:06,r4---sn-gxo5uxg-jqbe.googlevideo.com
2014-02-13 11:15:07,s.youtube.com
2014-02-13 11:15:21,r4---sn-gxo5uxg-jqbe.googlevideo.com
2014-02-13 11:15:25,r4---sn-gxo5uxg-jqbe.googlevideo.com
2014-02-13 11:15:33,s.youtube.com
2014-02-13 11:15:36,r4---sn-gxo5uxg-jqbe.googlevideo.com
2014-02-13 11:15:47,s.youtube.com
2014-02-13 11:15:50,r4---sn-gxo5uxg-jqbe.googlevideo.com
2014-02-13 11:15:53,r4---sn-gxo5uxg-jqbe.googlevideo.com
2014-02-13 11:16:03,s.youtube.com
2014-02-13 11:16:05,r4---sn-gxo5uxg-jqbe.googlevideo.com
2014-02-13 11:16:20,r4---sn-gxo5uxg-jqbe.googlevideo.com
2014-02-13 11:16:21,r4---sn-gxo5uxg-jqbe.googlevideo.com
2014-02-13 11:16:27,s.youtube.com
2014-02-13 11:16:33,s.youtube.com
2014-02-13 11:16:35,r4---sn-gxo5uxg-jqbe.googlevideo.com
2014-02-13 11:16:50,r4---sn-gxo5uxg-jqbe.googlevideo.com
2014-02-13 11:16:53,r4---sn-gxo5uxg-jqbe.googlevideo.com
2014-02-13 11:17:03,s.youtube.com
2014-02-13 11:17:05,r4---sn-gxo5uxg-jqbe.googlevideo.com
2014-02-13 11:17:07,s.youtube.com
2014-02-13 11:17:20,r4---sn-gxo5uxg-jqbe.googlevideo.com
2014-02-13 11:17:25,r4---sn-gxo5uxg-jqbe.googlevideo.com
2014-02-13 11:17:33,s.youtube.com
2014-02-13 11:17:35,r4---sn-gxo5uxg-jqbe.googlevideo.com
2014-02-13 11:17:47,s.youtube.com
2014-02-13 11:17:50,r4---sn-gxo5uxg-jqbe.googlevideo.com
2014-02-13 11:18:03,s.youtube.com
2014-02-13 11:18:05,r4---sn-gxo5uxg-jqbe.googlevideo.com
2014-02-13 11:18:18,r4---sn-gxo5uxg-jqbe.googlevideo.com
2014-02-13 11:18:19,r4---sn-gxo5uxg-jqbe.googlevideo.com
2014-02-13 11:18:20,r4---sn-gxo5uxg-jqbe.googlevideo.com
2014-02-13 11:18:20,i1.ytimg.com
2014-02-13 11:18:21,s.ytimg.com
2014-02-13 11:18:21,clients1.google.com
2014-02-13 11:18:27,s.youtube.com
2014-02-13 11:18:33,s.youtube.com
2014-02-13 11:18:35,r4---sn-gxo5uxg-jqbe.googlevideo.com
2014-02-13 11:18:46,r4---sn-gxo5uxg-jqbe.googlevideo.com
2014-02-13 11:18:49,r4---sn-gxo5uxg-jqbe.googlevideo.com
2014-02-13 11:19:03,s.youtube.com
2014-02-13 11:19:04,r4---sn-gxo5uxg-jqbe.googlevideo.com
2014-02-13 11:19:07,s.youtube.com
2014-02-13 11:19:08,s.youtube.com
2014-02-13 11:19:19,r4---sn-gxo5uxg-jqbe.googlevideo.com
2014-02-13 11:19:20,r4---sn-gxo5uxg-jqbe.googlevideo.com
2014-02-13 11:19:34,r4---sn-gxo5uxg-jqbe.googlevideo.com
2014-02-13 11:19:38,s.youtube.com
2014-02-13 11:19:47,s.youtube.com
2014-02-13 11:19:49,r4---sn-gxo5uxg-jqbe.googlevideo.com
2014-02-13 11:20:04,r4---sn-gxo5uxg-jqbe.googlevideo.com
2014-02-13 11:20:08,s.youtube.com
2014-02-13 11:20:14,r4---sn-gxo5uxg-jqbe.googlevideo.com
2014-02-13 11:20:19,r4---sn-gxo5uxg-jqbe.googlevideo.com
2014-02-13 11:20:27,s.youtube.com
2014-02-13 11:20:34,r4---sn-gxo5uxg-jqbe.googlevideo.com
2014-02-13 11:20:38,s.youtube.com
2014-02-13 11:20:45,r4---sn-gxo5uxg-jqbe.googlevideo.com
2014-02-13 11:20:49,r4---sn-gxo5uxg-jqbe.googlevideo.com
2014-02-13 11:21:04,r4---sn-gxo5uxg-jqbe.googlevideo.com
2014-02-13 11:21:07,s.youtube.com
2014-02-13 11:21:08,s.youtube.com
2014-02-13 11:21:15,r4---sn-gxo5uxg-jqbe.googlevideo.com
2014-02-13 11:21:20,s.youtube.com
2014-02-13 11:21:47,s.youtube.com
2014-02-13 11:22:27,s.youtube.com
2014-02-13 11:24:19,plus.googleapis.com
2014-02-13 11:24:21,plus.googleapis.com
2014-02-27 10:22:56,www.google.com
2014-02-27 10:23:00,www.google.fr
2014-02-27 10:23:02,www.google.com
2014-02-27 10:23:03,apis.google.com
2014-02-27 10:23:16,www.google.fr
2014-02-27 10:23:16,www.google.com
2014-02-27 10:23:17,www.google.fr
2014-02-27 10:23:17,apis.google.com
2014-02-27 10:24:52,ieonline.microsoft.com
2014-02-27 10:24:52,go.microsoft.com
2014-02-27 10:26:08,www.google.fr
2014-02-27 10:26:14,www.google.fr
2014-02-27 10:26:14,www.hotmail.fr
2014-02-27 10:26:15,login.live.com
2014-02-27 10:26:16,login.live.com
2014-02-27 10:26:17,www.google.fr
2014-02-27 10:26:18,www.google.fr
2014-02-27 10:26:19,windowslive.tt.omtrdc.net
2014-02-27 10:26:30,login.live.com
2014-02-27 10:26:31,login.live.com
2014-02-27 10:26:32,windowslive.tt.omtrdc.net
2014-02-27 10:26:35,mail.live.com
2014-02-27 10:26:35,people.directory.live.com
2014-02-27 10:26:39,dub113.mail.live.com
2014-02-27 10:26:39,h2.msn.com
2014-02-27 10:26:40,dub113.mail.live.com
2014-02-27 10:26:40,windowslive.tt.omtrdc.net
2014-02-27 10:26:41,h2.msn.com
2014-02-27 10:26:41,cid-328ca9434e4aedad.users.storage.live.com
2014-02-27 10:26:42,g.msn.com
2014-02-27 10:26:42,h.live.com
2014-02-27 10:26:43,h.live.com
2014-02-27 10:26:43,js.live.net
2014-02-27 10:26:43,people.directory.live.com
2014-02-27 10:26:44,secure.shared.live.com
2014-02-27 10:26:45,h.live.com
2014-02-27 10:26:45,secure.shared.live.com
2014-02-27 10:26:46,go.trouter.io
2014-02-27 10:26:46,h.live.com
2014-02-27 10:26:46,p.sfx.ms
2014-02-27 10:26:46,dub113.mail.live.com
2014-02-27 10:26:47,h.live.com
2014-02-27 10:26:48,h.live.com
2014-02-27 10:26:48,dub113.mail.live.com
2014-02-27 10:26:49,storage.live.com
2014-02-27 10:26:49,dub113.mail.live.com
2014-02-27 10:26:51,h.live.com
2014-02-27 10:27:13,p.sfx.ms
2014-02-27 10:27:16,p.sfx.ms
2014-02-27 10:27:16,go.trouter.io
2014-02-27 10:27:17,dub113.mail.live.com
2014-02-27 10:27:17,dub113.afx.ms
2014-02-27 10:27:17,cid-328ca9434e4aedad.users.storage.live.com
2014-02-27 10:27:17,secure.shared.live.com
2014-02-27 10:27:17,g.msn.com
2014-02-27 10:35:33,www.google.fr
2014-02-27 10:35:35,www.google.com
2014-02-27 10:35:36,apis.google.com
2014-02-27 10:35:38,www.google.fr
2014-02-27 10:35:45,apis.google.com
2014-02-27 10:35:45,www.google.com
2014-02-27 10:35:45,www.google.fr
2014-02-27 11:21:00,www.google.fr
2014-02-27 11:21:03,www.google.com
2014-02-27 11:21:03,apis.google.com
2014-02-27 11:21:15,www.google.fr
2014-02-27 11:21:15,www.google.com
2014-02-27 11:21:15,apis.google.com
2014-02-27 11:21:15,clients1.google.fr
2014-02-27 11:21:18,clients1.google.fr
2014-02-27 11:21:22,www.google.fr
2014-02-27 11:21:27,www.google.fr
2014-02-27 11:21:27,static.freepik.com
2014-02-27 11:21:27,fr.freepik.com
2014-02-27 11:21:28,cdn1.freepik.com
2014-02-27 11:21:28,cdn3.freepik.com
2014-02-27 11:21:28,www.google.fr
2014-02-27 11:21:28,cdn2.freepik.com
2014-02-27 11:21:28,cdnss.freepik.com
2014-02-27 11:21:28,cdn4.freepik.com
2014-02-27 11:21:29,www.freepik.com
2014-02-27 11:21:29,204.10.32.68
2014-02-27 11:21:29,cdnss.freepik.com
2014-02-27 11:21:30,cdnss.freepik.com
2014-02-27 11:21:30,ajax.googleapis.com
2014-02-27 11:21:30,connect.facebook.net
2014-02-27 11:21:30,cdn3.freepik.com
2014-02-27 11:21:30,cdn2.freepik.com
2014-02-27 11:21:30,cdn4.freepik.com
2014-02-27 11:21:30,cdn1.freepik.com
2014-02-27 11:21:31,www.google.fr
2014-02-27 11:21:31,cdn4.freepik.com
2014-02-27 11:21:31,cdn2.freepik.com
2014-02-27 11:21:32,204.10.32.68
2014-02-27 11:21:32,www.freepik.com
2014-02-27 11:21:34,cdnss.freepik.com
2014-02-27 11:21:34,fr.freepik.com
2014-02-27 11:21:34,apis.google.com
2014-02-27 11:21:34,graph.facebook.com
2014-02-27 11:21:35,s-static.ak.facebook.com
2014-02-27 11:21:35,static.ak.facebook.com
2014-02-27 11:21:35,um.simpli.fi
2014-02-27 11:21:35,api.pinterest.com
2014-02-27 11:21:35,fr.freepik.com
2014-02-27 11:21:53,clients1.google.fr
2014-02-27 11:21:53,www.google.fr
2014-02-27 11:22:00,www.google.fr
2014-02-27 11:22:09,www.google.fr
2014-02-27 11:22:09,www.freepik.com
2014-02-27 11:22:10,204.10.32.68
2014-02-27 11:22:10,connect.facebook.net
2014-02-27 11:22:12,s-static.ak.facebook.com
2014-02-27 11:22:12,graph.facebook.com
2014-02-27 11:22:12,static.ak.facebook.com
2014-02-27 11:22:12,fr.freepik.com
2014-02-27 11:22:12,um.simpli.fi
2014-02-27 11:22:12,api.pinterest.com
2014-02-27 11:22:12,static.freepik.com
2014-02-27 11:22:12,cdnss.freepik.com
2014-02-27 11:22:13,www.google.com
2014-02-27 11:22:13,match.rtbidder.net
2014-02-27 11:22:20,www.google.fr
2014-02-27 11:22:21,fpdownload2.macromedia.com
2014-02-27 11:28:45,connect.facebook.net
2014-02-27 11:28:45,www.freepik.com
2014-02-27 11:28:45,www.google.fr
2014-02-27 11:28:46,www.freepik.com
2014-02-27 11:28:46,204.10.32.68
2014-02-27 11:29:02,clients1.google.fr
2014-02-27 11:29:02,www.google.fr
2014-02-27 11:29:03,www.google.fr
2014-02-27 11:29:12,www.google.fr
2014-02-27 11:29:13,i00.i.aliimg.com
2014-02-27 11:29:13,www.google.fr
2014-02-27 11:29:13,i01.i.aliimg.com
2014-02-27 11:29:13,fr.aliexpress.com
2014-02-27 11:29:19,clients1.google.fr
2014-02-27 11:29:19,www.google.fr
2014-02-27 11:29:20,www.google.fr
2014-02-27 11:29:22,www.google.fr
2014-02-27 11:29:26,connect.ekomi.de
2014-02-27 11:29:26,www.google.com
2014-02-27 11:29:27,www.google.com
2014-02-27 11:29:27,www.google.fr
2014-02-27 11:29:27,www.facebook.com
2014-02-27 11:29:28,www.google.fr
2014-02-27 11:29:28,www.facebook.com
2014-02-27 11:31:58,www.google.fr
2014-02-27 11:32:01,www.google.fr
2014-02-27 11:32:06,www.google.fr
2014-03-04 10:16:12,www.google.com
2014-03-04 10:16:32,www.google.fr
2014-03-04 10:16:34,www.google.com
2014-03-04 10:16:35,apis.google.com
2014-03-04 10:17:26,www.google.com
2014-03-04 10:17:26,www.google.fr
2014-03-04 10:17:27,www.google.fr
2014-03-04 10:17:27,apis.google.com
2014-03-04 10:17:27,fr.wikipedia.org
2014-03-04 10:17:27,bits.wikimedia.org
2014-03-04 10:17:28,bits.wikimedia.org
2014-03-04 10:17:28,login.wikimedia.org
2014-03-04 10:17:29,meta.wikimedia.org
2014-03-04 10:17:29,bits.wikimedia.org
2014-03-04 10:17:30,fr.wikipedia.org
2014-03-04 10:17:30,meta.wikimedia.org
2014-03-04 10:17:30,bits.wikimedia.org
2014-03-04 10:18:02,ieonline.microsoft.com
2014-03-04 10:18:02,go.microsoft.com
2014-03-04 10:18:56,www.google.fr
2014-03-04 10:22:33,fr.wikipedia.org
2014-03-04 10:22:33,www.google.fr
2014-03-04 10:22:34,bits.wikimedia.org
2014-03-04 10:22:35,meta.wikimedia.org
2014-03-04 10:22:36,fr.wikipedia.org
2014-03-04 10:31:13,www.google.fr
2014-03-04 10:45:18,www.icloud.com
2014-03-04 10:45:27,www.google.fr
2014-03-04 10:45:28,icloud.com
2014-03-04 10:45:28,www.google.fr
2014-03-04 10:45:38,www.google.fr
2014-03-04 10:45:48,www.icloud.com
2014-03-04 10:45:48,icloud.com
2014-03-04 10:46:36,www.icloud.com
2014-03-04 10:47:06,www.icloud.com
2014-03-04 11:00:38,www.google.fr
2014-03-04 11:00:39,www.google.com
2014-03-04 11:00:39,apis.google.com
2014-03-04 11:00:45,mail.google.com
2014-03-04 11:00:45,accounts.google.com
2014-03-04 11:00:46,apis.google.com
2014-03-04 11:00:46,www.google.fr
2014-03-04 11:00:46,accounts.youtube.com
2014-03-04 11:01:09,www.google.com
2014-03-04 11:01:09,accounts.google.fr
2014-03-04 11:01:13,accounts.google.com
2014-03-04 11:01:13,accounts.youtube.com
2014-03-04 11:01:13,accounts.google.fr
2014-03-04 11:01:14,clients2.google.com
2014-03-04 11:01:14,www.google.com
2014-03-04 11:01:14,mail.google.com
2014-03-04 11:01:15,plus.google.com
2014-03-04 11:01:16,plus.google.com
2014-03-04 11:01:17,clients2.google.com
2014-03-04 11:01:21,accounts.google.com
2014-03-04 11:01:22,plus.google.com
2014-03-04 11:01:22,chatenabled.mail.google.com
2014-03-04 11:01:23,mail.google.com
2014-03-04 11:01:30,apis.google.com
2014-03-04 11:01:30,plus.google.com
2014-03-04 11:01:30,chatenabled.mail.google.com
2014-03-04 11:01:32,drive.google.com
2014-03-04 11:01:32,mail.google.com
2014-03-04 11:01:33,clients6.google.com
2014-03-04 11:01:33,mail.google.com
2014-03-04 11:01:33,plus.google.com
2014-03-04 11:01:34,drive.google.com
2014-03-04 11:01:35,drive.google.com
2014-03-04 11:05:35,apis.google.com
2014-03-04 11:05:35,clients6.google.com
2014-03-04 11:05:37,drive.google.com
2014-03-04 11:06:19,plus.google.com
2014-03-04 11:06:38,www.google.fr
2014-03-04 11:06:39,www.google.com
2014-03-04 11:06:39,plus.google.com
2014-03-04 11:06:44,plus.google.com
2014-03-04 11:06:44,drive.google.com
2014-03-04 11:07:02,clients6.google.com
2014-03-04 11:08:26,www.google.fr
2014-03-04 11:08:26,plus.google.com
2014-03-04 11:08:26,www.google.com
2014-03-04 11:15:23,plus.google.com
2014-03-04 11:15:34,plus.google.com
2014-03-04 11:25:34,plus.google.com
2014-03-04 11:32:33,drive.google.com
2014-03-04 11:32:37,drive.google.com
2014-03-04 11:33:02,clients6.google.com
2014-03-04 11:35:34,plus.google.com
2014-03-04 11:45:34,plus.google.com
2014-03-04 11:47:09,mail.google.com
2014-03-04 11:47:09,clients6.google.com
