timestamp,site
2014-02-26 08:01:47,www.google.fr
2014-02-26 08:02:12,www.google.fr
2014-02-26 08:02:17,www.google.com
2014-02-26 08:02:30,apis.google.com
2014-02-26 08:02:37,apis.google.com
2014-02-26 08:02:37,www.google.com
2014-02-26 08:02:37,www.google.fr
2014-02-26 08:02:40,clients1.google.fr
2014-02-26 08:02:42,clients1.google.fr
2014-02-26 08:03:16,www.google.fr
2014-02-26 08:03:17,www.autosphere.ca
2014-02-26 08:03:19,www.google.fr
2014-02-26 08:03:19,www.autosphere.ca
2014-02-26 08:03:19,ajax.googleapis.com
2014-02-26 08:03:20,www.autosphere.ca
2014-02-26 08:03:21,www.autosphere.ca
2014-02-26 08:03:22,www.autosphere.ca
2014-02-26 08:03:23,www.autosphere.ca
2014-02-26 08:03:23,www.google.fr
2014-02-26 08:04:38,www.google.fr
2014-02-26 08:04:41,www.autosphere.ca
2014-02-26 08:04:42,www.autosphere.ca
2014-02-26 08:04:52,www.google.fr
2014-02-26 08:04:52,clients1.google.fr
2014-02-26 08:05:13,blog.avatacar.com
2014-02-26 08:05:13,www.google.fr
2014-02-26 08:05:13,blog.massapneus.com
2014-02-26 08:05:13,w.sharethis.com
2014-02-26 08:05:13,clients1.google.fr
2014-02-26 08:05:14,www.google.com
2014-02-26 08:05:14,www.youtube.com
2014-02-26 08:05:14,s.ytimg.com
2014-02-26 08:05:14,0.gravatar.com
2014-02-26 08:05:14,blog.massapneus.com
2014-02-26 08:05:15,s.ytimg.com
2014-02-26 08:05:16,i1.ytimg.com
2014-02-26 08:05:16,www.youtube.com
2014-02-26 08:05:16,fpdownload2.macromedia.com
2014-02-26 08:05:16,s.ytimg.com
2014-02-26 08:05:19,connect.facebook.net
2014-02-26 08:05:19,blog.massapneus.com
2014-02-26 08:05:19,0.gravatar.com
2014-02-26 08:05:19,1.gravatar.com
2014-02-26 08:05:20,blog.massapneus.com
2014-02-26 08:05:24,s-static.ak.facebook.com
2014-02-26 08:05:24,www.facebook.com
2014-02-26 08:05:24,static.ak.facebook.com
2014-02-26 08:05:25,wd.sharethis.com
2014-02-26 08:05:25,w.sharethis.com
2014-02-26 08:05:25,edge.sharethis.com
2014-02-26 08:05:43,www.google.fr
2014-02-26 08:05:43,www.nafeusemagazine.com
2014-02-26 08:05:43,clients1.google.fr
2014-02-26 08:05:44,platform.twitter.com
2014-02-26 08:05:44,apis.google.com
2014-02-26 08:05:44,www.nafeusemagazine.com
2014-02-26 08:05:44,assets.pinterest.com
2014-02-26 08:05:44,www.facebook.com
2014-02-26 08:05:45,assets.pinterest.com
2014-02-26 08:05:45,apis.google.com
2014-02-26 08:05:45,www.nafeusemagazine.com
2014-02-26 08:05:45,www.facebook.com
2014-02-26 08:05:46,www.nafeusemagazine.com
2014-02-26 08:05:46,passets.pinterest.com
2014-02-26 08:05:46,widgets.pinterest.com
2014-02-26 08:05:46,apis.google.com
2014-02-26 08:05:47,www.google.com
2014-02-26 08:05:50,www.google.fr
2014-02-26 08:05:50,www.facebook.com
2014-02-26 08:05:50,www.nafeusemagazine.com
2014-02-26 08:05:51,www.facebook.com
2014-02-26 08:05:51,widgets.pinterest.com
2014-02-26 08:05:51,apis.google.com
2014-02-26 08:05:52,www.nafeusemagazine.com
2014-02-26 08:05:52,www.google.com
2014-02-26 08:05:56,accounts.google.com
2014-02-26 08:05:56,twitter.com
2014-02-26 08:05:58,twitter.com
2014-02-26 08:06:29,twitter.com
2014-02-26 08:08:24,www.google.fr
2014-02-26 08:08:25,id.google.fr
2014-02-26 08:08:25,www.google.fr
2014-02-26 08:08:26,id.google.fr
2014-02-26 08:08:26,clients1.google.fr
2014-02-26 08:08:27,clients1.google.fr
2014-02-26 08:08:28,www.google.com
2014-02-26 08:08:43,apis.google.com
2014-02-26 08:08:45,www.google.com
2014-02-26 08:08:45,www.google.fr
2014-02-26 08:08:45,clients1.google.fr
2014-02-26 08:08:45,apis.google.com
2014-02-26 08:08:49,www.google.fr
2014-02-26 08:09:12,player.vimeo.com
2014-02-26 08:17:16,player.vimeo.com
2014-02-26 08:18:04,player.vimeo.com
2014-02-26 08:21:04,player.vimeo.com
2014-02-26 08:31:18,www.google.com
2014-02-26 08:31:47,clients1.google.fr
2014-02-26 08:31:47,www.google.fr
2014-02-26 08:31:58,office.microsoft.com
2014-02-26 08:31:58,www.google.fr
2014-02-26 08:31:59,office.microsoft.com
2014-02-26 08:32:00,c.msn.com
2014-02-26 08:32:00,office.microsoft.com
2014-02-26 08:32:00,cs.microsoft.com
2014-02-26 08:32:00,js.microsoft.com
2014-02-26 08:32:00,c1.microsoft.com
2014-02-26 08:32:01,office.microsoft.com
2014-02-26 08:32:01,c.msn.com
2014-02-26 08:32:01,c1.microsoft.com
2014-02-26 08:32:14,office.microsoft.com
2014-02-26 08:32:15,js.microsoft.com
2014-02-26 08:32:15,c.msn.com
2014-02-26 08:32:20,office.microsoft.com
2014-02-26 08:32:21,office.microsoft.com
2014-02-26 08:32:21,js.microsoft.com
2014-02-26 08:32:21,c.msn.com
2014-02-26 09:43:26,google.fr
2014-02-26 09:43:26,www.google.fr
2014-02-26 09:43:54,www.google.fr
2014-02-26 09:43:54,r.ccmbg.com
2014-02-26 09:43:54,static.ccmbg.com
2014-02-26 09:43:54,www.linternaute.com
2014-02-26 09:43:55,bbf.linternaute.com
2014-02-26 09:43:55,static.ccmbg.com
2014-02-26 09:43:55,www.linternaute.com
2014-02-26 09:43:55,pixel.alephd.com
2014-02-26 09:43:55,ajax.googleapis.com
2014-02-26 09:43:55,r.ccmbg.com
2014-02-26 09:43:56,pixel.alephd.com
2014-02-26 09:43:56,p.ccmbg.com
2014-02-26 09:43:56,loadr.exelator.com
2014-02-26 09:43:56,bbf.linternaute.com
2014-02-26 09:43:56,player.ooyala.com
2014-02-26 09:43:57,www.linternaute.com
2014-02-26 09:43:57,www.francetvinfo.fr
2014-02-26 09:43:57,www.facebook.com
2014-02-26 09:43:57,ak.c.ooyala.com
2014-02-26 09:43:57,player.ooyala.com
2014-02-26 09:43:57,cdn-api.ooyala.com
2014-02-26 09:43:57,pixel.alephd.com
2014-02-26 09:43:57,opf.ooyala.com
2014-02-26 09:43:57,video.journaldesfemmes.com
2014-02-26 09:43:57,r.ccmbg.com
2014-02-26 09:43:58,www.linternaute.com
2014-02-26 09:43:58,ak.c.ooyala.com
2014-02-26 09:43:58,static.ccmbg.com
2014-02-26 09:43:58,player.ooyala.com
2014-02-26 09:43:58,r.ccmbg.com
2014-02-26 09:43:58,opf.ooyala.com
2014-02-26 09:43:59,apis.google.com
2014-02-26 09:43:59,connect.facebook.net
2014-02-26 09:43:59,ak.c.ooyala.com
2014-02-26 09:43:59,r.ccmbg.com
2014-02-26 09:43:59,l.ooyala.com
2014-02-26 09:43:59,ec.c.ooyala.com
2014-02-26 09:43:59,platform.twitter.com
2014-02-26 09:44:00,l.ooyala.com
2014-02-26 09:44:00,static.ak.facebook.com
2014-02-26 09:44:00,s-static.ak.facebook.com
2014-02-26 09:44:00,www.facebook.com
2014-02-26 09:44:00,platform.twitter.com
2014-02-26 09:44:01,www.facebook.com
2014-02-26 09:44:01,widgets.pinterest.com
2014-02-26 09:44:01,www.linkedin.com
2014-02-26 09:44:01,apis.google.com
2014-02-26 09:44:02,platform.twitter.com
2014-02-26 09:44:13,www.google.fr
2014-02-26 09:44:14,www.larousse.fr
2014-02-26 09:44:14,apis.google.com
2014-02-26 09:44:15,s-static.ak.facebook.com
2014-02-26 09:44:15,www.facebook.com
2014-02-26 09:44:15,apis.google.com
2014-02-26 09:44:15,www.larousse.fr
2014-02-26 09:44:15,static.ak.facebook.com
2014-02-26 09:44:16,apis.google.com
2014-02-26 09:44:16,www.aldaniti.net
2014-02-26 09:44:16,www.facebook.com
2014-02-26 09:44:17,platform.twitter.com
2014-02-26 09:44:17,apis.google.com
2014-02-26 09:44:17,x2.vindicosuite.com
2014-02-26 09:44:17,choices.truste.com
2014-02-26 09:44:17,view.truste.com
2014-02-26 09:44:18,choices.truste.com
2014-02-26 09:44:19,twitter.com
2014-02-26 09:44:21,accounts.google.com
2014-02-26 09:44:23,pings.conviva.com
2014-02-26 09:44:23,accounts.google.com
2014-02-26 09:44:30,accounts.google.com
2014-02-26 09:44:31,www.larousse.fr
2014-02-26 09:44:32,apis.google.com
2014-02-26 09:44:32,static.ak.facebook.com
2014-02-26 09:44:32,www.aldaniti.net
2014-02-26 09:44:32,www.facebook.com
2014-02-26 09:44:32,s-static.ak.facebook.com
2014-02-26 09:44:33,ksvzyt5fp1.s.ad6media.fr
2014-02-26 09:44:37,www.google.fr
2014-02-26 09:44:38,dictionnaire.reverso.net
2014-02-26 09:44:38,www.google.fr
2014-02-26 09:44:38,cdn2.reverso.net
2014-02-26 09:44:38,ajax.googleapis.com
2014-02-26 09:44:39,ajax.googleapis.com
2014-02-26 09:44:39,cdn2.reverso.net
2014-02-26 09:44:39,api.conduit.com
2014-02-26 09:44:39,dictionnaire.reverso.net
2014-02-26 09:44:40,cdn2.reverso.net
2014-02-26 09:44:42,dictionnaire.reverso.net
2014-02-26 09:44:42,c1.adform.net
2014-02-26 09:45:19,www.aldaniti.net
2014-02-26 09:45:36,www.aldaniti.net
2014-03-19 08:18:40,go.microsoft.com
2014-03-19 08:18:40,ieonline.microsoft.com
2014-03-19 08:18:41,js.microsoft.com
2014-03-19 08:18:41,res2.windows.microsoft.com
2014-03-19 08:18:41,ajax.microsoft.com
2014-03-19 08:18:41,windows.microsoft.com
2014-03-19 08:18:41,res1.windows.microsoft.com
2014-03-19 08:18:45,www.bing.com
2014-03-19 08:18:46,api.bing.com
2014-03-19 08:18:48,api.bing.com
2014-03-19 08:18:49,api.bing.com
2014-03-19 08:18:52,api.bing.com
2014-03-19 08:18:54,www.bing.com
2014-03-19 08:18:56,www.bing.com
2014-03-19 08:18:56,cms.abmr.net
2014-03-19 08:19:12,ajax.microsoft.com
2014-03-19 08:19:12,go.microsoft.com
2014-03-19 08:19:12,windows.microsoft.com
2014-03-19 08:19:12,res2.windows.microsoft.com
2014-03-19 08:19:12,js.microsoft.com
2014-03-19 08:19:12,res1.windows.microsoft.com
2014-03-19 08:19:13,windows.microsoft.com
2014-03-19 08:19:13,res1.windows.microsoft.com
2014-03-19 08:19:13,res2.windows.microsoft.com
2014-03-19 08:19:13,js.microsoft.com
2014-03-19 08:19:17,www.bing.com
2014-03-19 08:19:23,api.bing.com
2014-03-19 08:19:24,api.bing.com
2014-03-19 08:19:28,www.bing.com
2014-03-19 08:19:29,www.bing.com
2014-03-19 08:19:30,cms.abmr.net
2014-03-19 08:19:30,www.bing.com
2014-03-19 08:19:31,www.google.fr
2014-03-19 08:19:31,www.bing.com
2014-03-19 08:19:35,www.bing.com
2014-03-19 08:19:35,www.google.fr
2014-03-19 08:19:36,www.google.com
2014-03-19 08:19:36,apis.google.com
2014-03-19 08:19:42,apis.google.com
2014-03-19 08:19:43,www.google.com
2014-03-19 08:19:43,www.google.fr
2014-03-19 08:20:06,ieonline.microsoft.com
2014-03-19 08:20:06,go.microsoft.com
2014-03-19 08:20:15,api.bing.com
2014-03-19 08:20:16,api.bing.com
2014-03-19 08:20:17,www.bing.com
2014-03-19 08:20:17,api.bing.com
2014-03-19 08:20:18,www.bing.com
2014-03-19 08:20:42,www.hotcoursesabroad.com
2014-03-19 08:20:44,platform.twitter.com
2014-03-19 08:20:44,www.hotcoursesabroad.com
2014-03-19 08:20:44,apis.google.com
2014-03-19 08:20:44,connect.facebook.net
2014-03-19 08:20:45,static.ak.facebook.com
2014-03-19 08:20:45,s-static.ak.facebook.com
2014-03-19 08:20:45,apis.google.com
2014-03-19 08:20:46,platform.twitter.com
2014-03-19 08:20:55,www.google.fr
2014-03-19 08:20:55,www.google.com
2014-03-19 08:21:01,api.bing.com
2014-03-19 08:21:12,go.microsoft.com
2014-03-19 08:21:12,ieonline.microsoft.com
2014-03-19 08:21:28,www.google.fr
2014-03-19 08:21:47,platform.twitter.com
2014-03-19 08:31:55,api.bing.com
2014-03-19 08:31:55,google.fr
2014-03-19 08:31:55,www.google.fr
2014-03-19 08:31:56,www.google.fr
2014-03-19 08:31:57,www.google.com
2014-03-19 08:31:57,apis.google.com
2014-03-19 08:32:07,www.google.fr
2014-03-19 08:32:07,apis.google.com
2014-03-19 08:32:08,www.google.fr
2014-03-19 08:32:08,www.google.com
2014-03-19 08:32:08,amgar.blog.processalimentaire.com
2014-03-19 08:32:08,ddata.over-blog.com
2014-03-19 08:32:09,amgar.blog.processalimentaire.com
2014-03-19 08:32:10,amgar.blog.processalimentaire.com
2014-03-19 08:32:10,opxoedb.edb35.net
2014-03-19 08:32:10,ddata.over-blog.com
2014-03-19 08:32:11,opxoedb.edb35.net
2014-03-19 08:32:11,amgar.blog.processalimentaire.com
2014-03-19 08:32:33,www.google.fr
2014-03-19 08:32:34,stats5.kryter.com
2014-03-19 08:32:34,code.jquery.com
2014-03-19 08:32:34,codeorigin.jquery.com
2014-03-19 08:32:34,legacy.futura-sciences.com
2014-03-19 08:32:34,www.google.fr
2014-03-19 08:32:34,e-sante.futura-sciences.com
2014-03-19 08:32:34,www.futura-sciences.com
2014-03-19 08:32:35,e-sante.futura-sciences.com
2014-03-19 08:32:35,stats1.kryter.com
2014-03-19 08:32:35,www.google.com
2014-03-19 08:32:53,api.bing.com
2014-03-19 08:32:54,www.google.fr
2014-03-19 08:33:16,www.google.fr
2014-03-19 08:33:16,svtlagny.free.fr
2014-03-19 08:33:18,svtlagny.free.fr
2014-03-19 08:33:19,svtlagny.free.fr
2014-03-19 08:34:33,www.google.fr
2014-03-19 08:35:02,www.google.fr
2014-03-19 08:36:25,api.bing.com
2014-03-19 08:36:26,api.bing.com
2014-03-19 08:36:27,google.fr
2014-03-19 08:36:27,www.google.fr
2014-03-19 08:36:28,www.google.fr
2014-03-19 08:36:28,www.google.com
2014-03-19 08:36:29,apis.google.com
2014-03-19 08:36:57,sites.google.com
2014-03-19 08:36:58,www.google.com
2014-03-19 08:36:58,apis.google.com
2014-03-19 08:36:58,www.google.fr
2014-03-19 08:36:58,docs.google.com
2014-03-19 08:36:59,www.google.fr
2014-03-19 08:37:00,15.docs.google.com
2014-03-19 08:37:00,gg.google.com
2014-03-19 08:37:00,sites.google.com
2014-03-19 08:37:00,www.google.fr
2014-03-19 08:37:01,15.docs.google.com
2014-03-19 08:37:41,api.bing.com
2014-03-19 08:37:41,www.google.com
2014-03-19 08:37:41,docs.google.com
2014-03-19 08:37:41,apis.google.com
2014-03-19 08:37:41,sites.google.com
2014-03-19 08:37:42,www.google.fr
2014-03-19 08:37:42,api.bing.com
2014-03-19 08:37:49,clients1.google.fr
2014-03-19 08:37:49,www.google.fr
2014-03-19 08:38:09,www.google.fr
2014-03-19 08:39:07,www.google.fr
2014-03-19 08:39:34,www.google.fr
2014-03-19 08:39:37,www.google.fr
2014-03-19 08:39:53,clients1.google.fr
2014-03-19 08:39:53,www.google.fr
2014-03-19 08:40:03,www.google.fr
2014-03-19 08:40:03,clients1.google.fr
2014-03-19 08:40:05,www.google.fr
2014-03-19 08:40:16,clients1.google.fr
2014-03-19 08:40:16,www.google.fr
2014-03-19 08:40:23,www.google.fr
2014-03-19 08:40:23,www.priceminister.com
2014-03-19 08:40:24,f995d2.r.axf8.net
2014-03-19 08:40:25,apis.google.com
2014-03-19 08:40:25,s-static.ak.facebook.com
2014-03-19 08:40:25,www.facebook.com
2014-03-19 08:40:25,static.ak.facebook.com
2014-03-19 08:40:25,connect.facebook.net
2014-03-19 08:40:26,www.priceminister.com
2014-03-19 08:40:26,r.kelkoo.com
2014-03-19 08:40:26,accounts.google.com
2014-03-19 08:40:26,www.facebook.com
2014-03-19 08:40:26,apis.google.com
2014-03-19 08:40:27,priceminister.ezakus.net
2014-03-19 08:40:27,connect.facebook.net
2014-03-19 08:40:27,priceminister.pfxlive.com
2014-03-19 08:40:27,www.facebook.com
2014-03-19 08:40:27,www.rtmlb.com
2014-03-19 08:40:27,www.google.com
2014-03-19 08:40:28,www.google.fr
2014-03-19 08:40:28,www.google.com
2014-03-19 08:40:28,p.ivimedia.net
2014-03-19 08:40:28,www.facebook.com
2014-03-19 08:40:28,sync.uuidcshmg.com
2014-03-19 08:40:28,calotag.com
2014-03-19 08:40:30,calotag.com
2014-03-19 08:40:42,ajax.googleapis.com
2014-03-19 08:40:42,clients1.google.fr
2014-03-19 08:40:42,www.google.fr
2014-03-19 08:40:42,p9.storage.canalblog.com
2014-03-19 08:40:42,tpebiomimetisme.canalblog.com
2014-03-19 08:40:43,s-static.ak.facebook.com
2014-03-19 08:40:43,www.contes-de-web.fr
2014-03-19 08:40:43,p9.storage.canalblog.com
2014-03-19 08:40:43,static.ak.facebook.com
2014-03-19 08:40:43,www.canalblog.com
2014-03-19 08:40:43,p6.storage.canalblog.com
2014-03-19 08:40:43,p4.storage.canalblog.com
2014-03-19 08:40:43,static.canalblog.com
2014-03-19 08:40:43,js.contes-de-web.fr
2014-03-19 08:40:43,storage.canalblog.com
2014-03-19 08:40:44,ww92.js.contes-de-web.fr
2014-03-19 08:41:00,gg.google.com
2014-03-19 08:41:32,clients1.google.fr
2014-03-19 08:41:32,www.google.fr
2014-03-19 08:41:36,www.google.fr
2014-03-19 08:41:38,hollyelix.blogspace.fr
2014-03-19 08:41:38,www.google.fr
2014-03-19 08:41:39,replay.programme-tv.com
2014-03-19 08:41:39,www.facebook.com
2014-03-19 08:41:39,static.bloguser.hi-pi.com
2014-03-19 08:41:39,www.google.fr
2014-03-19 08:41:39,hollyelix.blogspace.fr
2014-03-19 08:41:39,tracking.hi-pi.com
2014-03-19 08:41:39,platform.twitter.com
2014-03-19 08:41:39,img167.imageshack.us
2014-03-19 08:41:39,perlbal.hi-pi.com
2014-03-19 08:41:39,www.blogspace.fr
2014-03-19 08:41:39,staticblogv2.hi-pi.com
2014-03-19 08:41:40,staticblogv2.hi-pi.com
2014-03-19 08:41:40,hollyelix.blogspace.fr
2014-03-19 08:41:40,perlbal.hi-pi.com
2014-03-19 08:41:40,static.bloguser.hi-pi.com
2014-03-19 08:41:40,stat.blogorama.fr
2014-03-19 08:41:40,img264.imageshack.us
2014-03-19 08:41:40,img182.imageshack.us
2014-03-19 08:41:40,hal9000.redintelligence.net
2014-03-19 08:41:40,twitter.com
2014-03-19 08:41:40,static.bloguser-local.hi-pi.com
2014-03-19 08:41:41,img70.imageshack.us
2014-03-19 08:41:41,n31.hal9000.redintelligence.net
2014-03-19 08:41:41,hal9000.redintelligence.net
2014-03-19 08:41:42,twitter.com
2014-03-19 08:41:42,data.atlasformen.fr
2014-03-19 08:41:42,static.bloguser.hi-pi.com
2014-03-19 08:41:42,static.bloguser-local.hi-pi.com
2014-03-19 08:41:43,market.priceminister.com
2014-03-19 08:41:43,premium.hi-mediaserver.com
2014-03-19 08:41:45,hollyelix.blogspace.fr
2014-03-19 08:41:45,www.google.fr
2014-03-19 08:41:46,hollyelix.blogspace.fr
2014-03-19 08:41:46,www.google.fr
2014-03-19 08:41:46,195.158.240.48
2014-03-19 08:41:46,tracking.hi-pi.com
2014-03-19 08:41:46,www.blogspace.fr
2014-03-19 08:41:47,img167.imageshack.us
2014-03-19 08:41:47,tracking.actustar.com
2014-03-19 08:41:47,stat.blogorama.fr
2014-03-19 08:41:47,hollyelix.blogspace.fr
2014-03-19 08:41:47,www.facebook.com
2014-03-19 08:41:48,its.tradelab.fr
2014-03-19 08:41:48,static.bloguser-local.hi-pi.com
2014-03-19 08:41:49,premium.hi-mediaserver.com
2014-03-19 08:41:49,perlbal.hi-pi.com
2014-03-19 08:41:49,twitter.com
2014-03-19 08:41:49,market.priceminister.com
2014-03-19 08:41:49,static.bloguser-local.hi-pi.com
2014-03-19 08:41:50,pixel2368.everesttech.net
2014-03-19 08:41:50,um.simpli.fi
2014-03-19 08:41:50,adventori.com
2014-03-19 08:41:50,i1-js-14-3-01-11094-622554769-i.init.cedexis-radar.net
2014-03-19 08:41:51,pixel2368.everesttech.net
2014-03-19 08:41:51,sites.google.com
2014-03-19 08:41:51,apnx-match.dotomi.com
2014-03-19 08:41:51,cm.adgrx.com
2014-03-19 08:41:51,c1.adform.net
2014-03-19 08:41:53,static.bloguser.hi-pi.com
2014-03-19 08:41:54,static.bloguser.hi-pi.com
2014-03-19 08:41:54,level3.cedexis.com
2014-03-19 08:41:55,level3.cedexis.com
2014-03-19 08:41:55,static.bloguserpanther.hi-pi.com
2014-03-19 08:41:56,static.bloguserpanther.hi-pi.com
2014-03-19 08:42:20,www.futura-sciences.com
2014-03-19 08:42:21,www.futura-sciences.com
2014-03-19 08:42:22,www.actustar.com
2014-03-19 08:42:23,s-static.ak.facebook.com
2014-03-19 08:42:23,static.actustar.com
2014-03-19 08:42:23,sync.uuidcshmg.com
2014-03-19 08:42:23,static.ak.facebook.com
2014-03-19 08:42:23,www.actustar.com
2014-03-19 08:42:23,i3.ytimg.com
2014-03-19 08:42:23,premium.hi-mediaserver.com
2014-03-19 08:42:24,static.actustar.com
2014-03-19 08:42:24,www.futura-sciences.com
2014-03-19 08:42:24,www.facebook.com
2014-03-19 08:42:25,www.futura-sciences.com
2014-03-19 08:42:25,apis.google.com
2014-03-19 08:42:25,www.facebook.com
2014-03-19 08:42:26,www.futura-sciences.com
2014-03-19 08:42:26,accounts.google.com
2014-03-19 08:42:26,apis.google.com
2014-03-19 08:42:27,apis.google.com
2014-03-19 08:42:28,www.facebook.com
2014-03-19 08:42:28,static.ak.facebook.com
2014-03-19 08:42:28,s-static.ak.facebook.com
2014-03-19 08:42:29,twitter.com
2014-03-19 08:42:29,apis.google.com
2014-03-19 08:42:31,platform.twitter.com
2014-03-19 08:42:36,api.bing.com
2014-03-19 08:42:37,www.google.fr
2014-03-19 08:42:47,apis.google.com
2014-03-19 08:42:47,twitter.com
2014-03-19 08:42:47,www.google.fr
2014-03-19 08:42:50,platform.twitter.com
2014-03-19 08:42:50,www.marketing-chine.com
2014-03-19 08:42:51,external.wikio.fr
2014-03-19 08:42:51,1.gravatar.com
2014-03-19 08:42:51,platform.linkedin.com
2014-03-19 08:42:51,html5shiv.googlecode.com
2014-03-19 08:42:51,0.gravatar.com
2014-03-19 08:42:51,external.labs.ebuzzing.fr
2014-03-19 08:42:51,www.google.fr
2014-03-19 08:42:51,www.marketing-chine.com
2014-03-19 08:42:52,www.facebook.com
2014-03-19 08:42:52,www.linkedin.com
2014-03-19 08:42:52,static.ak.facebook.com
2014-03-19 08:42:52,s-static.ak.facebook.com
2014-03-19 08:42:52,twitter.com
2014-03-19 08:42:52,www.marketing-chine.com
2014-03-19 08:43:00,www.google.fr
2014-03-19 08:43:00,www.linkedin.com
2014-03-19 08:43:01,twitter.com
2014-03-19 08:43:01,www.marketing-chine.com
2014-03-19 08:43:01,platform.linkedin.com
2014-03-19 08:43:02,www.marketing-chine.com
2014-03-19 08:43:02,static.ak.facebook.com
2014-03-19 08:43:02,www.facebook.com
2014-03-19 08:43:02,www.linkedin.com
2014-03-19 08:43:02,s-static.ak.facebook.com
2014-03-19 08:43:03,marketingtochina.com
2014-03-19 08:43:25,static.nrelate.com
2014-03-19 08:43:26,www.linkedin.com
2014-03-19 08:43:33,twitter.com
2014-03-19 08:44:33,www.google.fr
2014-03-19 08:44:33,fr.wikipedia.org
2014-03-19 08:44:33,bits.wikimedia.org
2014-03-19 08:44:34,bits.wikimedia.org
2014-03-19 08:44:34,login.wikimedia.org
2014-03-19 08:44:34,fr.wikipedia.org
2014-03-19 08:44:34,meta.wikimedia.org
2014-03-19 08:44:37,fr.wikipedia.org
2014-03-19 08:44:37,bits.wikimedia.org
2014-03-19 08:44:37,meta.wikimedia.org
2014-03-19 08:44:56,fr.wikipedia.org
2014-03-19 08:44:57,meta.wikimedia.org
2014-03-19 08:45:37,books.google.fr
2014-03-19 08:45:37,www.google.com
2014-03-19 08:45:37,www.google.fr
2014-03-19 08:45:38,chart.googleapis.com
2014-03-19 08:45:38,bks1.books.google.fr
2014-03-19 08:45:38,bks6.books.google.fr
2014-03-19 08:45:38,bks9.books.google.fr
2014-03-19 08:45:38,bks3.books.google.fr
2014-03-19 08:45:38,bks5.books.google.fr
2014-03-19 08:45:38,books.google.fr
2014-03-19 08:45:38,bks7.books.google.fr
2014-03-19 08:45:38,bks0.books.google.fr
2014-03-19 08:45:38,bks4.books.google.fr
2014-03-19 08:45:38,bks8.books.google.fr
2014-03-19 08:45:58,www.google.fr
2014-03-19 08:45:59,apis.google.com
2014-03-19 08:45:59,www.futura-sciences.com
2014-03-19 08:45:59,www.facebook.com
2014-03-19 08:46:00,www.futura-sciences.com
2014-03-19 08:46:01,static.ak.facebook.com
2014-03-19 08:46:01,s-static.ak.facebook.com
2014-03-19 08:46:02,apis.google.com
2014-03-19 08:46:02,twitter.com
2014-03-19 08:46:03,www.facebook.com
2014-03-19 08:46:03,www.futura-sciences.com
2014-03-19 08:46:03,twitter.com
2014-03-19 08:46:12,www.futura-sciences.com
2014-03-19 08:46:12,ecx.images-amazon.com
2014-03-19 08:46:13,www.futura-sciences.com
2014-03-19 08:47:02,www.google.fr
2014-03-19 08:48:22,api.bing.com
2014-03-19 08:48:23,api.bing.com
2014-03-19 08:48:24,www.bing.com
2014-03-19 08:48:26,www.bing.com
2014-03-19 08:48:27,fr.youtube.com
2014-03-19 08:48:27,www.bing.com
2014-03-19 08:48:27,s.ytimg.com
2014-03-19 08:48:27,www.youtube.com
2014-03-19 08:48:27,i1.ytimg.com
2014-03-19 08:48:28,i1.ytimg.com
2014-03-19 08:48:28,s.ytimg.com
2014-03-19 08:48:28,s.youtube.com
2014-03-19 08:48:29,clients1.google.com
2014-03-19 08:48:29,apis.google.com
2014-03-19 08:48:29,yt3.ggpht.com
2014-03-19 08:48:29,accounts.google.com
2014-03-19 08:48:32,apis.google.com
2014-03-19 08:48:32,clients1.google.com
2014-03-19 08:48:32,yt3.ggpht.com
2014-03-19 08:48:33,s.ytimg.com
2014-03-19 08:48:34,clients1.google.com
2014-03-19 08:48:35,clients1.google.com
2014-03-19 08:48:36,yt3.ggpht.com
2014-03-19 08:48:36,apis.google.com
2014-03-19 08:48:36,accounts.google.com
2014-03-19 08:48:36,i1.ytimg.com
2014-03-19 08:48:36,s.ytimg.com
2014-03-19 08:48:36,www.youtube.com
2014-03-19 08:48:36,www.google.com
2014-03-19 08:48:37,i1.ytimg.com
2014-03-19 08:48:37,s.ytimg.com
2014-03-19 08:48:45,r2---sn-gxo5uxg-jqbe.googlevideo.com
2014-03-19 08:48:45,i1.ytimg.com
2014-03-19 08:48:45,apis.google.com
2014-03-19 08:48:45,yt3.ggpht.com
2014-03-19 08:48:45,www.youtube.com
2014-03-19 08:48:45,s.youtube.com
2014-03-19 08:48:45,s.ytimg.com
2014-03-19 08:48:46,s.ytimg.com
2014-03-19 08:48:46,i1.ytimg.com
2014-03-19 08:48:47,apis.google.com
2014-03-19 08:48:47,plus.googleapis.com
2014-03-19 08:48:48,i1.ytimg.com
2014-03-19 08:48:48,plus.googleapis.com
2014-03-19 08:48:52,www.google.fr
2014-03-19 08:49:00,s.youtube.com
2014-03-19 08:49:05,s.youtube.com
2014-03-19 08:49:25,i1.ytimg.com
2014-03-19 08:49:31,api.bing.com
2014-03-19 08:49:32,www.google.fr
2014-03-19 08:49:51,15.docs.google.com
2014-03-19 08:49:51,www.google.fr
2014-03-19 08:49:52,bits.wikimedia.org
2014-03-19 08:49:52,fr.wikipedia.org
2014-03-19 08:49:52,meta.wikimedia.org
2014-03-19 08:49:52,www.google.fr
2014-03-19 08:50:02,plus.googleapis.com
2014-03-19 08:50:41,api.bing.com
2014-03-19 08:50:42,api.bing.com
2014-03-19 08:50:46,www.bing.com
2014-03-19 08:50:47,www.bing.com
2014-03-19 08:50:53,www.bing.com
2014-03-19 08:50:53,www.live.com
2014-03-19 08:50:54,www.bing.com
2014-03-19 08:50:54,login.live.com
2014-03-19 08:50:55,login.live.com
2014-03-19 08:50:56,windowslive.tt.omtrdc.net
2014-03-19 08:51:07,windowslive.tt.omtrdc.net
2014-03-19 08:51:09,login.live.com
2014-03-19 08:51:14,login.live.com
2014-03-19 08:51:15,login.live.com
2014-03-19 08:51:15,windowslive.tt.omtrdc.net
2014-03-19 08:51:16,mail.live.com
2014-03-19 08:51:17,h.live.com
2014-03-19 08:51:17,dub130.mail.live.com
2014-03-19 08:51:18,dub130.mail.live.com
2014-03-19 08:51:18,people.directory.live.com
2014-03-19 08:51:18,h.live.com
2014-03-19 08:51:19,h.live.com
2014-03-19 08:51:21,h.live.com
2014-03-19 08:51:21,cid-c6bb3dde279131e4.users.storage.live.com
2014-03-19 08:51:21,h2.msn.com
2014-03-19 08:51:22,h2.msn.com
2014-03-19 08:51:22,h.live.com
2014-03-19 08:51:23,g.msn.com
2014-03-19 08:51:23,secure.shared.live.com
2014-03-19 08:51:23,h.live.com
2014-03-19 08:51:23,dub130.mail.live.com
2014-03-19 08:51:23,h2.msn.com
2014-03-19 08:51:23,js.live.net
2014-03-19 08:51:24,blufiles.storage.msn.com
2014-03-19 08:51:26,dub130.mail.live.com
2014-03-19 08:51:26,go.trouter.io
2014-03-19 08:51:26,bn1files.storage.live.com
2014-03-19 08:51:26,secure.shared.live.com
2014-03-19 08:51:26,storage.live.com
2014-03-19 08:51:27,dub130.mail.live.com
2014-03-19 08:51:42,dub130.mail.live.com
2014-03-19 08:51:42,h2.msn.com
2014-03-19 08:52:11,g.msn.com
2014-03-19 08:52:23,p.sfx.ms
2014-03-19 08:52:25,p.sfx.ms
2014-03-19 08:52:25,dub130.mail.live.com
2014-03-19 08:52:25,login.live.com
2014-03-19 08:52:26,go.trouter.io
2014-03-19 08:52:27,h2.msn.com
2014-03-19 08:52:27,g.live.com
2014-03-19 08:52:27,dub130.mail.live.com
2014-03-19 08:52:27,g.msn.com
2014-03-19 08:52:27,h.live.com
2014-03-19 08:52:27,cid-c6bb3dde279131e4.users.storage.live.com
2014-03-19 08:52:33,api.bing.com
2014-03-19 08:52:35,www.bing.com
2014-03-19 08:52:35,api.bing.com
2014-03-19 08:52:35,15.docs.google.com
2014-03-19 08:52:36,www.bing.com
2014-03-19 08:52:37,www.bing.com
2014-03-19 08:52:40,windowslive.tt.omtrdc.net
2014-03-19 09:13:43,api.bing.com
2014-03-19 09:13:44,www.google.fr
2014-03-19 09:13:44,api.bing.com
2014-03-19 09:13:51,www.google.fr
2014-03-19 09:13:51,clients1.google.fr
2014-03-19 09:13:52,clients1.google.fr
2014-03-19 09:13:52,www.google.fr
2014-03-19 09:14:03,www.google.fr
2014-03-19 09:14:04,www.google.fr
2014-03-19 09:14:22,www.google.fr
2014-03-19 09:14:22,www.uke.de
2014-03-19 09:14:23,www.uke.de
2014-03-19 09:15:06,api.bing.com
2014-03-19 09:15:07,www.bing.com
2014-03-19 09:15:09,ts3.mm.bing.net
2014-03-19 09:15:09,ts2.mm.bing.net
2014-03-19 09:15:09,ts1.mm.bing.net
2014-03-19 09:15:09,ts4.mm.bing.net
2014-03-19 09:15:09,www.bing.com
2014-03-19 09:15:10,ts3.mm.bing.net
2014-03-19 09:15:10,ts1.mm.bing.net
2014-03-19 09:15:10,ts4.mm.bing.net
2014-03-19 09:15:10,ts2.mm.bing.net
2014-03-19 09:15:10,www.bing.com
2014-03-19 09:15:11,api.bing.com
2014-03-19 09:15:11,ts1.mm.bing.net
2014-03-19 09:15:11,www.bing.com
2014-03-19 09:15:11,ts3.mm.bing.net
2014-03-19 09:15:11,ts2.mm.bing.net
2014-03-19 09:15:11,ts4.mm.bing.net
2014-03-19 09:15:12,www.bing.com
2014-03-19 09:15:12,ts1.mm.bing.net
2014-03-19 09:15:12,ts2.mm.bing.net
2014-03-19 09:15:12,ts3.mm.bing.net
2014-03-19 09:15:12,ts4.mm.bing.net
2014-03-19 09:15:13,ts2.mm.bing.net
2014-03-19 09:15:13,ts1.mm.bing.net
2014-03-19 09:15:13,ts3.mm.bing.net
2014-03-19 09:15:13,www.bing.com
2014-03-19 09:15:13,ts4.mm.bing.net
2014-03-19 09:15:16,login.live.com
2014-03-19 09:15:16,www.bing.com
2014-03-19 09:15:45,www.bing.com
2014-03-19 09:15:47,ts1.mm.bing.net
2014-03-19 09:15:48,www.bing.com
2014-03-19 09:15:48,ts1.mm.bing.net
2014-03-19 09:15:50,www.bing.com
2014-03-19 09:15:53,www.bing.com
2014-03-19 09:15:55,www.bing.com
2014-03-19 09:15:55,ts1.mm.bing.net
2014-03-19 09:15:57,www.bing.com
2014-03-19 09:16:00,www.bing.com
2014-03-19 09:16:01,www.bing.com
2014-03-19 09:16:01,ts1.mm.bing.net
2014-03-19 09:16:02,ssl.bing.com
2014-03-19 09:16:02,ts1.mm.bing.net
2014-03-19 09:16:02,www.bing.com
2014-03-19 09:16:02,ts2.mm.bing.net
2014-03-19 09:16:02,ts4.mm.bing.net
2014-03-19 09:16:02,ts3.mm.bing.net
2014-03-19 09:16:03,ts4.mm.bing.net
2014-03-19 09:16:03,ts1.mm.bing.net
2014-03-19 09:16:03,ts2.mm.bing.net
2014-03-19 09:16:03,www.bing.com
2014-03-19 09:16:03,ts3.mm.bing.net
2014-03-19 09:16:04,ts1.mm.bing.net
2014-03-19 09:16:04,www.bing.com
2014-03-19 09:16:05,www.bing.com
2014-03-19 09:16:05,ts1.mm.bing.net
2014-03-19 09:16:06,ts1.mm.bing.net
2014-03-19 09:16:07,www.bing.com
2014-03-19 09:16:08,www.bing.com
2014-03-19 09:16:08,ts1.mm.bing.net
2014-03-19 09:16:08,ts2.mm.bing.net
2014-03-19 09:16:09,ts1.mm.bing.net
2014-03-19 09:16:09,videoludomarketing.typepad.fr
2014-03-19 09:16:09,digitaldeconstruction.com
2014-03-19 09:16:09,www.wallsave.com
2014-03-19 09:16:09,1.bp.blogspot.com
2014-03-19 09:16:09,4.bp.blogspot.com
2014-03-19 09:16:10,www.bing.com
2014-03-19 09:16:10,georgespigot.files.wordpress.com
2014-03-19 09:16:10,blenderartists.org
2014-03-19 09:16:10,www.artpoker.net
2014-03-19 09:16:10,ts3.mm.bing.net
2014-03-19 09:16:10,ts4.mm.bing.net
2014-03-19 09:16:10,ts2.mm.bing.net
2014-03-19 09:16:10,ts1.mm.bing.net
2014-03-19 09:16:11,www.scenicreflections.com
2014-03-19 09:16:11,www.bing.com
2014-03-19 09:16:11,ts3.mm.bing.net
2014-03-19 09:16:11,ts2.mm.bing.net
2014-03-19 09:16:11,ts4.mm.bing.net
2014-03-19 09:16:11,ts1.mm.bing.net
2014-03-19 09:16:12,www.bing.com
2014-03-19 09:16:12,ts1.mm.bing.net
2014-03-19 09:16:12,www.planettoys.pl
2014-03-19 09:16:13,www.thocp.net
2014-03-19 09:16:14,1.bp.blogspot.com
2014-03-19 09:16:14,filetrip.net
2014-03-19 09:16:14,ts1.mm.bing.net
2014-03-19 09:16:14,3.bp.blogspot.com
2014-03-19 09:16:14,www.hanfjournal.de
2014-03-19 09:16:17,images2.fanpop.com
2014-03-19 09:16:23,www.bing.com
2014-03-19 09:16:25,ts1.mm.bing.net
2014-03-19 09:16:25,www.bing.com
2014-03-19 09:16:26,i559.photobucket.com
2014-03-19 09:16:27,www.bing.com
2014-03-19 09:16:27,www.wallsave.com
2014-03-19 09:16:28,ts1.mm.bing.net
2014-03-19 09:16:28,2.bp.blogspot.com
2014-03-19 09:16:28,www.bing.com
2014-03-19 09:16:29,www.bing.com
2014-03-19 09:16:29,stateoftheartblog.files.wordpress.com
2014-03-19 09:16:30,www.bing.com
2014-03-19 09:16:32,static.crazyws.fr
2014-03-19 09:16:32,www.bing.com
2014-03-19 09:16:32,ts1.mm.bing.net
2014-03-19 09:16:33,game-one.ucoz.ru
2014-03-19 09:16:33,ts1.mm.bing.net
2014-03-19 09:16:36,www.bing.com
2014-03-19 09:16:38,www.bing.com
2014-03-19 09:16:39,ts1.mm.bing.net
2014-03-19 09:16:39,2.bp.blogspot.com
2014-03-19 09:16:40,fotos.imagenesdeposito.com
2014-03-19 09:16:41,www.bing.com
2014-03-19 09:16:42,www.bing.com
2014-03-19 09:16:42,ts1.mm.bing.net
2014-03-19 09:16:43,www.bing.com
2014-03-19 09:16:44,ts1.mm.bing.net
2014-03-19 09:16:44,i559.photobucket.com
2014-03-19 09:16:44,www.bing.com
2014-03-19 09:16:45,www.bing.com
2014-03-19 09:16:47,www.bing.com
2014-03-19 09:16:48,ts1.mm.bing.net
2014-03-19 09:16:48,www.bing.com
2014-03-19 09:16:49,www.bing.com
2014-03-19 09:16:50,1.bp.blogspot.com
2014-03-19 09:16:50,art.ngfiles.com
2014-03-19 09:16:50,www.bing.com
2014-03-19 09:16:50,ts1.mm.bing.net
2014-03-19 09:16:50,2.bp.blogspot.com
2014-03-19 09:16:51,www.clker.com
2014-03-19 09:16:51,www.pacman.com
2014-03-19 09:16:51,www.bing.com
2014-03-19 09:16:52,www.bing.com
2014-03-19 09:16:53,ts1.mm.bing.net
2014-03-19 09:16:54,ts1.mm.bing.net
2014-03-19 09:16:55,www.bing.com
2014-03-19 09:16:57,www.bing.com
2014-03-19 09:16:58,www.bing.com
2014-03-19 09:16:58,ts1.mm.bing.net
2014-03-19 09:16:59,www.bing.com
2014-03-19 09:16:59,ts1.mm.bing.net
2014-03-19 09:17:00,www.bing.com
2014-03-19 09:17:00,ts1.mm.bing.net
2014-03-19 09:17:01,www.bing.com
2014-03-19 09:17:01,ts1.mm.bing.net
2014-03-19 09:17:02,ts1.mm.bing.net
2014-03-19 09:17:02,www.bing.com
2014-03-19 09:17:03,www.bing.com
2014-03-19 09:17:03,ts1.mm.bing.net
2014-03-19 09:17:04,www.bing.com
2014-03-19 09:17:04,ts1.mm.bing.net
2014-03-19 09:17:06,www.bing.com
2014-03-19 09:17:07,ts1.mm.bing.net
2014-03-19 09:17:07,www.bing.com
2014-03-19 09:17:07,3.bp.blogspot.com
2014-03-19 09:17:08,art.ngfiles.com
2014-03-19 09:17:08,gamecult.umwblogs.org
2014-03-19 09:17:09,4.bp.blogspot.com
2014-03-19 09:17:09,www.wallpaperlounge.eu
2014-03-19 09:17:09,www.julienmousqueton.fr
2014-03-19 09:17:09,gusandcodotnet.files.wordpress.com
2014-03-19 09:17:09,www.theblackpeppercorn.com
2014-03-19 09:17:10,images2.fanpop.com
2014-03-19 09:17:10,ts1.mm.bing.net
2014-03-19 09:17:12,www.bing.com
2014-03-19 09:17:34,office14client.microsoft.com
2014-03-19 09:17:35,office.microsoft.com
2014-03-19 09:20:03,ts1.mm.bing.net
2014-03-19 09:20:03,www.bing.com
2014-03-19 09:20:04,www.bing.com
2014-03-19 09:20:09,www.bing.com
2014-03-19 09:22:14,www.google.fr
2014-03-19 09:22:14,clients1.google.fr
2014-03-19 09:27:39,www.google.fr
2014-03-19 09:43:31,www.google.fr
2014-03-19 09:44:06,www.google.fr
2014-03-19 09:44:07,www2.ademe.fr
2014-03-19 09:45:31,www.google.fr
2014-03-19 09:46:25,clients1.google.fr
2014-03-19 09:46:25,www.google.fr
2014-03-19 09:46:33,www.google.fr
2014-03-19 09:46:34,www.google.fr
2014-03-19 09:46:34,www.chups.jussieu.fr
2014-03-19 09:46:35,www.chups.jussieu.fr
2014-03-19 09:46:39,www.chups.jussieu.fr
2014-03-19 09:47:23,api.bing.com
2014-03-19 09:47:24,www.google.fr
2014-03-19 09:47:28,bits.wikimedia.org
2014-03-19 09:47:28,meta.wikimedia.org
2014-03-19 09:47:28,www.google.fr
2014-03-19 09:47:28,fr.wikipedia.org
2014-03-19 09:47:29,meta.wikimedia.org
2014-03-19 09:47:54,bits.wikimedia.org
2014-03-19 09:47:55,fr.wikipedia.org
2014-03-19 09:47:56,bits.wikimedia.org
2014-03-19 09:47:56,fr.wikipedia.org
2014-03-19 09:47:56,meta.wikimedia.org
2014-03-19 09:47:58,fr.wikipedia.org
2014-03-19 09:47:58,bits.wikimedia.org
2014-03-19 09:47:59,fr.wikipedia.org
2014-03-19 09:47:59,meta.wikimedia.org
2014-03-19 09:49:25,bits.wikimedia.org
2014-03-19 09:49:26,bits.wikimedia.org
2014-03-19 09:49:32,fr.wikipedia.org
2014-03-19 09:49:34,fr.wikipedia.org
2014-03-19 09:50:33,fr.wikipedia.org
2014-03-19 09:50:34,fr.wikipedia.org
2014-03-19 09:50:34,bits.wikimedia.org
2014-03-19 09:50:34,meta.wikimedia.org
2014-03-19 09:51:03,fr.wikipedia.org
2014-03-19 09:51:04,fr.wikipedia.org
2014-03-19 09:51:04,bits.wikimedia.org
2014-03-19 09:51:04,meta.wikimedia.org
2014-03-19 09:51:17,fr.wikipedia.org
2014-03-19 09:51:18,meta.wikimedia.org
2014-03-19 09:51:18,fr.wikipedia.org
2014-03-19 09:51:18,bits.wikimedia.org
2014-03-19 09:51:27,api.bing.com
2014-03-19 09:51:28,www.bing.com
2014-03-19 09:51:32,www.bing.com
2014-03-19 09:51:33,www.bing.com
2014-03-19 09:51:33,bits.wikimedia.org
2014-03-19 09:51:33,fr.wikipedia.org
2014-03-19 09:51:34,meta.wikimedia.org
2014-03-19 09:51:34,fr.wikipedia.org
2014-03-19 09:53:33,fr.wikipedia.org
2014-03-19 09:53:33,bits.wikimedia.org
2014-03-19 09:53:34,meta.wikimedia.org
2014-03-19 09:53:34,fr.wikipedia.org
2014-03-19 09:54:25,fr.wikipedia.org
2014-03-19 09:54:26,fr.wikipedia.org
2014-03-19 09:54:26,bits.wikimedia.org
2014-03-19 09:54:26,meta.wikimedia.org
2014-03-19 09:54:28,meta.wikimedia.org
2014-03-19 09:54:28,fr.wikipedia.org
2014-03-19 09:55:41,api.bing.com
2014-03-19 09:55:42,api.bing.com
2014-03-19 09:55:43,api.bing.com
2014-03-19 09:55:44,api.bing.com
2014-03-19 09:55:45,api.bing.com
2014-03-19 09:55:46,api.bing.com
2014-03-19 09:55:47,api.bing.com
2014-03-19 09:55:48,api.bing.com
2014-03-19 09:55:48,www.bing.com
2014-03-19 09:56:49,api.bing.com
2014-03-19 09:56:50,api.bing.com
2014-03-19 09:56:51,www.bing.com
2014-03-19 09:56:52,www.bing.com
2014-04-16 08:12:55,api.bing.com
2014-04-16 08:12:56,api.bing.com
2014-04-16 08:12:58,google.fr
2014-04-16 08:12:58,www.google.fr
2014-04-16 08:13:00,www.google.fr
2014-04-16 08:13:00,www.google.com
2014-04-16 08:13:01,apis.google.com
2014-04-16 08:14:49,www.google.fr
2014-04-16 08:14:49,www.google.com
2014-04-16 08:14:49,apis.google.com
2014-04-16 08:15:49,ieonline.microsoft.com
2014-04-16 08:16:00,www.google.fr
2014-04-16 08:19:27,www.google.fr
2014-04-16 08:19:29,www.google.fr
2014-04-16 08:19:38,www.google.fr
2014-04-16 08:19:39,apis.google.com
2014-04-16 08:19:39,s-static.ak.facebook.com
2014-04-16 08:19:39,www.facebook.com
2014-04-16 08:19:39,static.ak.facebook.com
2014-04-16 08:19:39,connect.facebook.net
2014-04-16 08:19:39,s3-eu-west-1.amazonaws.com
2014-04-16 08:19:39,www.covoiturage.fr
2014-04-16 08:19:39,www.google.fr
2014-04-16 08:19:39,bbcphotos.s3.amazonaws.com
2014-04-16 08:19:40,www.google.fr
2014-04-16 08:19:40,www.google.com
2014-04-16 08:19:41,www.covoiturage.fr
2014-04-16 08:19:41,www.facebook.com
2014-04-16 08:19:49,maps.googleapis.com
2014-04-16 08:19:50,maps.googleapis.com
2014-04-16 08:19:51,maps.googleapis.com
2014-04-16 08:19:55,maps.googleapis.com
2014-04-16 08:19:59,maps.googleapis.com
2014-04-16 08:20:00,maps.googleapis.com
2014-04-16 08:20:05,www.covoiturage.fr
2014-04-16 08:20:06,bbcphotos.s3.amazonaws.com
2014-04-16 08:20:06,www.covoiturage.fr
2014-04-16 08:20:06,maps.googleapis.com
2014-04-16 08:20:07,s-static.ak.facebook.com
2014-04-16 08:20:07,www.facebook.com
2014-04-16 08:20:15,bbcphotos.s3.amazonaws.com
2014-04-16 08:20:15,www.covoiturage.fr
2014-04-16 08:20:16,www.facebook.com
2014-04-16 08:20:16,s-static.ak.facebook.com
2014-04-16 08:20:43,www.covoiturage.fr
2014-04-16 08:20:43,bbcphotos.s3.amazonaws.com
2014-04-16 08:20:44,www.facebook.com
2014-04-16 08:20:44,s-static.ak.facebook.com
2014-04-16 08:20:52,s-static.ak.facebook.com
2014-04-16 08:20:52,www.facebook.com
2014-04-16 08:21:16,api.bing.com
2014-04-16 08:21:19,www.bing.com
2014-04-16 08:21:20,www.bing.com
2014-04-16 08:21:21,cms.abmr.net
2014-04-16 08:21:21,www.google.fr
2014-04-16 08:21:21,www.bing.com
2014-04-16 08:21:32,www.google.fr
2014-04-16 08:21:33,www.google.fr
2014-04-16 08:21:33,s-static.ak.facebook.com
2014-04-16 08:21:33,www.facebook.com
2014-04-16 08:21:33,www.covoiturage.fr
2014-04-16 08:21:48,www.covoiturage.fr
2014-04-16 08:21:49,www.google.fr
2014-04-16 08:21:49,www.facebook.com
2014-04-16 08:21:49,s-static.ak.facebook.com
2014-04-16 08:21:49,bbcphotos.s3.amazonaws.com
2014-04-16 08:21:49,www.covoiturage.fr
2014-04-16 08:21:54,www.covoiturage.fr
2014-04-16 08:21:55,s-static.ak.facebook.com
2014-04-16 08:21:55,www.facebook.com
2014-04-16 08:21:58,www.covoiturage.fr
2014-04-16 08:21:59,www.facebook.com
2014-04-16 08:21:59,s-static.ak.facebook.com
2014-04-16 08:30:59,www.claroline.net
2014-04-16 08:31:00,www.claroline.net
2014-04-16 08:31:06,api.bing.com
2014-04-16 08:31:07,api.bing.com
2014-04-16 08:31:08,www.google.fr
2014-04-16 08:31:12,www.google.fr
2014-04-16 08:31:14,www.google.fr
2014-04-16 08:31:24,www.google.fr
2014-04-16 10:18:50,api.bing.com
2014-04-16 10:56:36,s.tf1.fr
2014-04-16 10:56:36,s.wat.tv
2014-04-16 10:56:36,www.tf1.fr
2014-04-16 10:56:36,videos.tf1.fr
2014-04-16 10:56:37,sa.tf1.fr
2014-04-16 10:56:37,slpubmedias.tf1.fr
2014-04-16 10:56:37,s.tf1.fr
2014-04-16 10:56:37,api.tf1.fr
2014-04-16 10:56:37,connect.facebook.net
2014-04-16 10:56:37,www.wat.tv
2014-04-16 10:56:37,www.tf1.fr
2014-04-16 10:56:38,apis.google.com
2014-04-16 10:56:38,slpubmedias.tf1.fr
2014-04-16 10:56:38,www.wat.tv
2014-04-16 10:56:38,s.tf1.fr
2014-04-16 10:56:38,platform.twitter.com
2014-04-16 10:56:38,s-static.ak.facebook.com
2014-04-16 10:56:38,static.ak.facebook.com
2014-04-16 10:56:38,www.beead.fr
2014-04-16 10:56:38,www.facebook.com
2014-04-16 10:56:39,s.tf1.fr
2014-04-16 10:56:39,videos.tf1.fr
2014-04-16 10:56:39,platform.twitter.com
2014-04-16 10:56:39,twitter.com
2014-04-16 10:56:39,apis.google.com
2014-04-16 10:56:39,accounts.google.com
2014-04-16 10:56:40,videos.tf1.fr
2014-04-16 10:56:40,twitter.com
2014-04-16 10:56:40,accounts.google.com
2014-04-16 10:56:40,s.tf1.fr
2014-04-16 10:56:41,twitter.com
2014-04-16 10:56:53,sites.google.com
2014-04-16 10:56:54,docs.google.com
2014-04-16 10:56:54,sites.google.com
2014-04-16 10:56:54,techno-science.net
2014-04-16 10:56:55,www.google.com
2014-04-16 10:56:55,8.docs.google.com
2014-04-16 10:56:55,apis.google.com
2014-04-16 10:56:56,8.docs.google.com
2014-04-16 10:56:56,gg.google.com
2014-04-16 10:56:56,sites.google.com
2014-04-16 10:56:58,8.docs.google.com
2014-04-16 10:57:04,s.tf1.fr
2014-04-16 10:57:04,8.docs.google.com
2014-04-16 10:57:04,gg.google.com
2014-04-16 10:57:04,www.google.com
2014-04-16 10:57:04,apis.google.com
2014-04-16 10:57:04,docs.google.com
2014-04-16 10:57:04,sites.google.com
2014-04-16 10:57:04,sa.tf1.fr
2014-04-16 10:57:04,platform.twitter.com
2014-04-16 10:57:04,www.wat.tv
2014-04-16 10:57:05,s-static.ak.facebook.com
2014-04-16 10:57:05,apis.google.com
2014-04-16 10:57:05,s.tf1.fr
2014-04-16 10:57:05,twitter.com
2014-04-16 10:57:05,videos.tf1.fr
2014-04-16 10:57:05,www.facebook.com
2014-04-16 10:57:06,videos.tf1.fr
2014-04-16 10:57:06,twitter.com
2014-04-16 10:57:07,static.ebz.io
2014-04-16 11:02:23,api.bing.com
2014-04-16 11:02:26,sa.tf1.fr
2014-04-16 11:02:26,platform.twitter.com
2014-04-16 11:02:26,videos.tf1.fr
2014-04-16 11:02:26,s.tf1.fr
2014-04-16 11:02:27,s.tf1.fr
2014-04-16 11:02:27,platform.twitter.com
2014-04-16 11:02:27,www.wat.tv
2014-04-16 11:02:27,videos.tf1.fr
2014-04-16 11:02:27,s-static.ak.facebook.com
2014-04-16 11:02:27,apis.google.com
2014-04-16 11:02:27,www.facebook.com
2014-04-16 11:02:28,videos.tf1.fr
2014-04-16 11:02:28,twitter.com
2014-04-16 11:02:58,twitter.com
2014-04-16 11:04:09,sa.tf1.fr
2014-04-16 11:04:09,platform.twitter.com
2014-04-16 11:04:09,s-static.ak.facebook.com
2014-04-16 11:04:09,www.wat.tv
2014-04-16 11:04:09,s.tf1.fr
2014-04-16 11:04:09,videos.tf1.fr
2014-04-16 11:04:09,www.facebook.com
2014-04-16 11:04:09,apis.google.com
2014-04-16 11:04:10,twitter.com
2014-04-16 11:04:10,videos.tf1.fr
2014-04-16 11:04:25,apis.google.com
2014-04-16 11:04:41,twitter.com
2014-04-16 11:06:08,apis.google.com
2014-04-16 11:06:31,videos.tf1.fr
2014-04-16 11:06:34,platform.twitter.com
2014-04-16 11:06:34,videos.tf1.fr
2014-04-16 11:06:34,sa.tf1.fr
2014-04-16 11:06:34,s.tf1.fr
2014-04-16 11:06:35,videos.tf1.fr
2014-04-16 11:06:35,platform.twitter.com
2014-04-16 11:06:35,www.wat.tv
2014-04-16 11:06:35,www.facebook.com
2014-04-16 11:06:35,s-static.ak.facebook.com
2014-04-16 11:06:35,apis.google.com
2014-04-16 11:06:35,s.tf1.fr
2014-04-16 11:06:36,s.tf1.fr
2014-04-16 11:06:47,videos.tf1.fr
2014-04-16 11:06:48,s-static.ak.facebook.com
2014-04-16 11:06:48,apis.google.com
2014-04-16 11:06:48,platform.twitter.com
2014-04-16 11:06:48,www.facebook.com
2014-04-16 11:06:48,videos.tf1.fr
2014-04-16 11:06:48,www.wat.tv
2014-04-16 11:06:48,sa.tf1.fr
2014-04-16 11:06:48,s.tf1.fr
2014-04-16 11:06:49,videos.tf1.fr
2014-04-16 11:07:05,twitter.com
2014-04-16 11:07:19,twitter.com
2014-04-16 11:42:31,api.bing.com
2014-04-16 11:42:32,api.bing.com
2014-04-16 11:42:33,api.bing.com
2014-04-16 11:42:34,www.bing.com
2014-04-16 11:42:35,www.bing.com
2014-04-16 11:42:36,ts2.mm.bing.net
2014-04-16 11:42:36,ts4.mm.bing.net
2014-04-16 11:42:45,www.bing.com
2014-04-16 11:42:48,ts2.mm.bing.net
2014-04-23 09:13:48,sci.sciences.univ-bpclermont.fr
2014-04-23 09:13:50,sci.sciences.univ-bpclermont.fr
2014-04-23 09:13:51,sci.sciences.univ-bpclermont.fr
2014-04-23 09:14:24,c2i.univ-bpclermont.fr
2014-04-23 09:14:24,o2i.univ-bpclermont.fr
2014-04-23 09:14:38,o2i.univ-bpclermont.fr
2014-04-23 09:15:37,o2i.univ-bpclermont.fr
2014-04-23 09:16:08,o2i.univ-bpclermont.fr
2014-04-23 09:16:49,ieonline.microsoft.com
