timestamp,site
2014-01-16 08:28:31,go.microsoft.com
2014-01-16 08:28:31,windows.microsoft.com
2014-01-16 08:28:31,res2.windows.microsoft.com
2014-01-16 08:28:32,res1.windows.microsoft.com
2014-01-16 08:28:32,res2.windows.microsoft.com
2014-01-16 08:28:32,ajax.microsoft.com
2014-01-16 08:28:32,windows.microsoft.com
2014-01-16 08:28:32,js.microsoft.com
2014-01-16 08:28:33,res1.windows.microsoft.com
2014-01-16 08:28:33,js.microsoft.com
2014-01-16 08:28:36,www.bing.com
2014-01-16 08:28:52,www.google.fr
2014-01-16 08:29:06,www.google.fr
2014-01-16 08:29:07,apis.google.com
2014-01-16 08:29:10,www.google.com
2014-01-16 08:29:24,www.google.com
2014-01-16 08:29:24,apis.google.com
2014-01-16 08:29:24,www.google.fr
2014-01-16 08:29:25,code.jquery.com
2014-01-16 08:29:25,entauvergne.fr
2014-01-16 08:29:26,entauvergne.fr
2014-01-16 08:29:30,entauvergne.fr
2014-01-16 08:29:47,ieonline.microsoft.com
2014-01-16 08:29:51,www.google.fr
2014-01-16 08:29:51,statics.itslearning.com
2014-01-22 08:09:53,armmf.adobe.com
2014-01-22 08:09:55,armmf.adobe.com
2014-01-22 08:09:57,armmf.adobe.com
2014-01-22 08:09:59,armmf.adobe.com
2014-01-22 08:10:10,armdl.adobe.com
2014-01-22 08:16:09,go.microsoft.com
2014-01-22 08:16:10,www.iegallery.com
2014-01-22 08:16:11,www.iegallery.com
2014-01-22 08:16:12,www.iegallery.com
2014-01-22 08:16:28,www.google.fr
2014-01-22 08:16:29,www.google.fr
2014-01-22 08:16:30,www.google.fr
2014-01-22 08:16:30,www.google.com
2014-01-22 08:16:39,www.google.com
2014-01-22 08:16:42,www.google.fr
2014-01-22 08:16:43,entauvergne.fr
2014-01-22 08:16:43,code.jquery.com
2014-01-22 08:16:48,entauvergne.fr
2014-01-22 08:17:20,statics.itslearning.com
2014-01-22 08:17:20,cas.scolastance.com
2014-01-22 08:17:20,entauvergne.fr
2014-01-22 08:17:21,cas.scolastance.com
2014-01-22 08:17:24,entauvergne.fr
2014-01-22 08:17:25,cas.scolastance.com
2014-01-22 08:17:34,www.google.fr
2014-01-22 08:17:37,cas.scolastance.com
2014-01-22 08:17:39,www.google.fr
2014-01-22 08:18:22,cas.scolastance.com
2014-01-22 08:18:48,www.bing.com
2014-01-22 08:18:48,logc258.at.pagesjaunes.fr
2014-01-22 08:18:48,ecn.api.tiles.virtualearth.net
2014-01-22 08:18:48,www.pagesjaunes.fr
2014-01-22 08:18:50,www.bing.com
2014-01-22 08:18:51,www.lajeanne-champa.com
2014-01-22 08:18:51,www.bing.com
2014-01-22 08:18:52,www.lajeanne-champa.com
2014-01-22 08:18:54,www.lajeanne-champa.com
2014-01-22 08:19:04,www.lajeanne-champa.com
2014-01-22 08:19:09,www.lajeanne-champa.com
2014-01-22 08:19:21,www.lajeanne-champa.com
2014-01-22 08:19:37,www.lajeanne-champa.com
2014-01-22 08:20:28,www.lajeanne-champa.com
2014-01-22 08:20:37,www.lajeanne-champa.com
2014-01-22 08:21:16,www.lajeanne-champa.com
2014-01-22 08:21:17,www.lajeanne-champa.com
2014-01-22 08:21:18,www.lajeanne-champa.com
2014-01-22 08:21:19,www.lajeanne-champa.com
2014-01-22 08:21:21,www.lajeanne-champa.com
2014-01-22 08:21:32,www.lajeanne-champa.com
2014-01-22 08:21:41,www.lajeanne-champa.com
2014-01-22 08:21:44,www.lajeanne-champa.com
2014-01-22 08:21:45,www.lajeanne-champa.com
2014-01-22 08:21:47,www.lajeanne-champa.com
2014-01-22 08:21:49,www.lajeanne-champa.com
2014-01-22 08:21:50,www.lajeanne-champa.com
2014-01-22 08:21:51,www.lajeanne-champa.com
2014-01-22 08:21:55,www.lajeanne-champa.com
2014-01-22 08:21:59,www.lajeanne-champa.com
2014-01-22 08:22:07,www.lajeanne-champa.com
2014-01-22 08:22:08,www.lajeanne-champa.com
2014-01-22 08:22:09,www.lajeanne-champa.com
2014-01-22 08:22:10,www.lajeanne-champa.com
2014-01-22 08:22:12,www.lajeanne-champa.com
2014-01-22 08:22:16,www.lajeanne-champa.com
2014-01-22 08:22:18,www.lajeanne-champa.com
2014-01-22 08:22:21,www.lajeanne-champa.com
2014-01-22 08:22:22,www.lajeanne-champa.com
2014-01-22 08:22:24,www.lajeanne-champa.com
2014-01-22 08:22:25,www.lajeanne-champa.com
2014-01-22 08:22:28,www.lajeanne-champa.com
2014-01-22 08:22:32,www.lajeanne-champa.com
2014-01-22 08:22:33,www.lajeanne-champa.com
2014-01-22 08:22:35,www.lajeanne-champa.com
2014-01-22 08:22:37,www.lajeanne-champa.com
2014-01-22 08:22:39,www.lajeanne-champa.com
2014-01-22 08:22:41,www.lajeanne-champa.com
2014-01-22 08:22:43,www.lajeanne-champa.com
2014-01-22 08:23:09,www.lajeanne-champa.com
2014-01-22 08:25:31,u.jimdo.com
2014-01-22 08:25:41,www.lajeanne-champa.com
2014-01-22 08:25:52,www.lajeanne-champa.com
2014-01-22 08:25:53,www.lajeanne-champa.com
2014-01-22 08:26:00,www.lajeanne-champa.com
2014-01-22 08:26:41,api.bing.com
2014-01-22 08:26:42,api.bing.com
2014-01-22 08:26:43,api.bing.com
2014-01-22 08:26:44,www.bing.com
2014-01-22 08:26:46,login.live.com
2014-01-22 08:26:46,www.bing.com
2014-01-22 08:26:46,cms.abmr.net
2014-01-22 08:26:46,www.google.fr
2014-01-22 08:26:47,www.google.com
2014-01-22 08:27:30,www.google.fr
2014-01-22 08:27:30,fcchampagnole.footeo.com
2014-01-22 08:27:30,www.google.com
2014-01-22 08:27:31,s3.static-footeo.com
2014-01-22 08:27:31,s1.static-footeo.com
2014-01-22 08:27:31,s2.static-footeo.com
2014-01-22 08:27:31,fcchampagnole.footeo.com
2014-01-22 08:27:33,s1.static-footeo.com
2014-01-22 08:27:34,static.ak.facebook.com
2014-01-22 08:27:34,s2.static-footeo.com
2014-01-22 08:27:34,s3.static-footeo.com
2014-01-22 08:27:34,fr-fr.facebook.com
2014-01-22 08:27:34,s-static.ak.facebook.com
2014-01-22 08:27:34,apis.google.com
2014-01-22 08:27:34,connect.facebook.net
2014-01-22 08:27:34,s1.static-footeo.com
2014-01-22 08:27:35,accounts.google.com
2014-01-22 08:27:35,www.google.fr
2014-01-22 08:27:35,www.google.com
2014-01-22 08:27:35,apis.google.com
2014-01-22 08:27:36,accounts.google.com
2014-01-22 08:27:36,s2.static-footeo.com
2014-01-22 08:27:36,www.facebook.com
2014-01-22 08:27:36,s3.static-footeo.com
2014-01-22 08:27:37,www.google.com
2014-01-22 08:27:37,fcchampagnole.footeo.com
2014-01-22 08:27:37,s2.static-footeo.com
2014-01-22 08:27:37,s1.static-footeo.com
2014-01-22 08:27:37,s3.static-footeo.com
2014-01-22 08:27:39,s1.static-footeo.com
2014-01-22 08:27:39,s3.static-footeo.com
2014-01-22 08:27:40,s3.static-footeo.com
2014-01-22 08:27:41,meteodirect.meteoconsult.fr
2014-01-22 08:27:41,www.lachainemeteo.com
2014-01-22 08:27:41,image.lachainemeteo.com
2014-01-22 08:27:42,apr.lijit.com
2014-01-22 08:27:42,vap2iad3.lijit.com
2014-01-22 08:27:43,ce.lijit.com
2014-01-22 08:27:43,vap2iad3.lijit.com
2014-01-22 08:27:43,um.simpli.fi
2014-01-22 08:27:44,js.socialike-me.com
2014-01-22 08:27:44,match.rtbidder.net
2014-01-22 08:27:44,www.facebook.com
2014-01-22 08:27:44,code.jquery.com
2014-01-22 08:27:45,retargeting.veoxa.com
2014-01-22 08:27:45,www.miniinthebox.com
2014-01-22 08:27:45,minijscss.rightinthebox.com
2014-01-22 08:27:45,miniimg3.rightinthebox.com
2014-01-22 08:27:45,aksb-a.akamaihd.net
2014-01-22 08:27:46,ce.lijit.com
2014-01-22 08:27:46,match.rtbidder.net
2014-01-22 08:27:46,s2.static-footeo.com
2014-01-22 08:27:46,litbimg.rightinthebox.com
2014-01-22 08:27:47,miniimg3.rightinthebox.com
2014-01-22 08:27:47,miniimg7.rightinthebox.com
2014-01-22 08:27:47,miniimg2.rightinthebox.com
2014-01-22 08:27:47,miniimg5.rightinthebox.com
2014-01-22 08:27:47,minijscss.rightinthebox.com
2014-01-22 08:27:47,miniimg.rightinthebox.com
2014-01-22 08:27:47,litbimg.rightinthebox.com
2014-01-22 08:27:47,miniimg6.rightinthebox.com
2014-01-22 08:27:47,miniimg8.rightinthebox.com
2014-01-22 08:27:47,boutique-online.orange.fr
2014-01-22 08:27:47,www.audienceinsights.net
2014-01-22 08:27:47,ce.lijit.com
2014-01-22 08:27:47,miniimg4.rightinthebox.com
2014-01-22 08:27:48,miniimg7.rightinthebox.com
2014-01-22 08:27:48,miniimg3.rightinthebox.com
2014-01-22 08:27:48,miniimg1.rightinthebox.com
2014-01-22 08:27:48,miniimg2.rightinthebox.com
2014-01-22 08:27:48,miniimg.rightinthebox.com
2014-01-22 08:27:48,www.facebook.com
2014-01-22 08:27:48,www.miniinthebox.com
2014-01-22 08:27:48,miniimg6.rightinthebox.com
2014-01-22 08:27:48,miniimg5.rightinthebox.com
2014-01-22 08:27:48,platform.twitter.com
2014-01-22 08:27:48,fcchampagnole.footeo.com
2014-01-22 08:27:48,minijscss.rightinthebox.com
2014-01-22 08:27:48,s3.static-footeo.com
2014-01-22 08:27:48,miniimg4.rightinthebox.com
2014-01-22 08:27:48,s1.static-footeo.com
2014-01-22 08:27:48,litbimg.rightinthebox.com
2014-01-22 08:27:49,platform.twitter.com
2014-01-22 08:27:49,fr-fr.facebook.com
2014-01-22 08:27:49,s2.static-footeo.com
2014-01-22 08:27:50,apis.google.com
2014-01-22 08:27:50,twitter.com
2014-01-22 08:27:50,www.facebook.com
2014-01-22 08:27:50,www.google.fr
2014-01-22 08:27:50,s3.static-footeo.com
2014-01-22 08:27:50,s2.static-footeo.com
2014-01-22 08:27:50,miniimg5.rightinthebox.com
2014-01-22 08:27:50,www.google.com
2014-01-22 08:27:50,d3cxv97fi8q177.cloudfront.net
2014-01-22 08:27:50,s1.static-footeo.com
2014-01-22 08:27:51,www.google.com
2014-01-22 08:27:51,calotag.com
2014-01-22 08:27:51,twitter.com
2014-01-22 08:27:51,www.google.fr
2014-01-22 08:27:52,www.miniinthebox.com
2014-01-22 08:27:55,www.facebook.com
2014-01-22 08:27:55,static.ak.facebook.com
2014-01-22 08:27:55,s-static.ak.facebook.com
2014-01-22 08:27:55,aksb-a.akamaihd.net
2014-01-22 08:27:56,apis.google.com
2014-01-22 08:27:56,serv3.vizury.com
2014-01-22 08:27:56,retargeting.veoxa.com
2014-01-22 08:27:56,www.facebook.com
2014-01-22 08:27:56,mfr.meteofrance.com
2014-01-22 08:27:57,apis.google.com
2014-01-22 08:27:57,www.google.com
2014-01-22 08:27:57,www.google.fr
2014-01-22 08:27:59,adventori.com
2014-01-22 08:27:59,meteodirect.meteoconsult.fr
2014-01-22 08:27:59,www.lachainemeteo.com
2014-01-22 08:28:00,www.lachainemeteo.com
2014-01-22 08:28:00,mm.eulerian.net
2014-01-22 08:28:00,its.tradelab.fr
2014-01-22 08:28:01,i1-js-14-3-01-10077-6472782-i.init.cedexis-radar.net
2014-01-22 08:28:03,bitgravity.cedexis.com
2014-01-22 08:28:04,bitgravity.cedexis.com
2014-01-22 08:28:04,cloudfront.cedexis.com
2014-01-22 08:28:05,cloudfront.cedexis.com
2014-01-22 08:28:07,s3.static-footeo.com
2014-01-22 08:28:08,s2.static-footeo.com
2014-01-22 08:28:11,s1.static-footeo.com
2014-01-22 08:28:12,s2.static-footeo.com
2014-01-22 08:28:14,s1.static-footeo.com
2014-01-22 08:28:18,s2.static-footeo.com
2014-01-22 08:28:18,s1.static-footeo.com
2014-01-22 08:28:19,its.tradelab.fr
2014-01-22 08:28:20,s2.static-footeo.com
2014-01-22 08:28:20,fcchampagnole.footeo.com
2014-01-22 08:28:20,s1.static-footeo.com
2014-01-22 08:28:21,apis.google.com
2014-01-22 08:28:21,fr-fr.facebook.com
2014-01-22 08:28:21,s3.static-footeo.com
2014-01-22 08:28:21,s2.static-footeo.com
2014-01-22 08:28:21,s1.static-footeo.com
2014-01-22 08:28:22,www.google.fr
2014-01-22 08:28:22,www.facebook.com
2014-01-22 08:28:22,www.google.com
2014-01-22 08:28:22,s-static.ak.facebook.com
2014-01-22 08:28:22,s1.static-footeo.com
2014-01-22 08:28:22,static.ak.facebook.com
2014-01-22 08:28:25,meteodirect.meteoconsult.fr
2014-01-22 08:28:25,www.lachainemeteo.com
2014-01-22 08:28:25,its.tradelab.fr
2014-01-22 08:28:26,mm.eulerian.net
2014-01-22 08:28:27,its.tradelab.fr
2014-01-22 08:28:28,s1.static-footeo.com
2014-01-22 08:28:28,fcchampagnole.footeo.com
2014-01-22 08:28:29,s3.static-footeo.com
2014-01-22 08:28:29,fr-fr.facebook.com
2014-01-22 08:28:29,s1.static-footeo.com
2014-01-22 08:28:31,static.ak.facebook.com
2014-01-22 08:28:31,www.google.com
2014-01-22 08:28:31,www.google.fr
2014-01-22 08:28:31,apis.google.com
2014-01-22 08:28:31,s-static.ak.facebook.com
2014-01-22 08:28:32,www.facebook.com
2014-01-22 08:28:33,meteodirect.meteoconsult.fr
2014-01-22 08:28:33,www.lachainemeteo.com
2014-01-22 08:28:37,fcchampagnole.footeo.com
2014-01-22 08:28:39,fr-fr.facebook.com
2014-01-22 08:28:39,s2.static-footeo.com
2014-01-22 08:28:39,s3.static-footeo.com
2014-01-22 08:28:39,apis.google.com
2014-01-22 08:28:39,s1.static-footeo.com
2014-01-22 08:28:40,s-static.ak.facebook.com
2014-01-22 08:28:40,s2.static-footeo.com
2014-01-22 08:28:40,static.ak.facebook.com
2014-01-22 08:28:40,www.google.com
2014-01-22 08:28:40,www.google.fr
2014-01-22 08:28:40,platform.twitter.com
2014-01-22 08:28:41,platform.twitter.com
2014-01-22 08:28:41,apis.google.com
2014-01-22 08:28:43,twitter.com
2014-01-22 08:28:43,www.facebook.com
2014-01-22 08:28:43,platform.twitter.com
2014-01-22 08:28:44,clic.reussissonsensemble.fr
2014-01-22 08:28:44,match.rtbidder.net
2014-01-22 08:28:44,meteodirect.meteoconsult.fr
2014-01-22 08:28:44,www.lachainemeteo.com
2014-01-22 08:28:44,eulerian.grosbill.com
2014-01-22 08:28:44,twitter.com
2014-01-22 08:28:49,eulerian.grosbill.com
2014-01-22 08:28:52,eulerian.grosbill.com
2014-01-22 08:28:53,cookieb.mythings.com
2014-01-22 08:28:53,retargeting.veoxa.com
2014-01-22 08:28:53,mfr.meteofrance.com
2014-01-22 08:28:54,www.facebook.com
2014-01-22 08:28:55,fcchampagnole.footeo.com
2014-01-22 08:28:56,apis.google.com
2014-01-22 08:28:56,fr-fr.facebook.com
2014-01-22 08:28:57,www.facebook.com
2014-01-22 08:28:57,www.google.com
2014-01-22 08:28:57,static.ak.facebook.com
2014-01-22 08:28:57,www.google.fr
2014-01-22 08:28:57,s-static.ak.facebook.com
2014-01-22 08:28:58,meteodirect.meteoconsult.fr
2014-01-22 08:28:58,www.lachainemeteo.com
2014-01-22 08:28:59,op.trpxl.com
2014-01-22 08:28:59,its.tradelab.fr
2014-01-22 08:28:59,traffjam.s3-website-eu-west-1.amazonaws.com
2014-01-22 08:29:01,op.trpxl.com
2014-01-22 08:29:01,fcchampagnole.footeo.com
2014-01-22 08:29:02,fr-fr.facebook.com
2014-01-22 08:29:03,apis.google.com
2014-01-22 08:29:04,www.google.fr
2014-01-22 08:29:04,www.google.com
2014-01-22 08:29:04,static.ak.facebook.com
2014-01-22 08:29:04,s-static.ak.facebook.com
2014-01-22 08:29:05,www.facebook.com
2014-01-22 08:29:05,meteodirect.meteoconsult.fr
2014-01-22 08:29:06,www.lachainemeteo.com
2014-01-22 08:29:06,its.tradelab.fr
2014-01-22 08:29:06,eulerian.netbooster.com
2014-01-22 08:29:07,media-cpm.s3-website-us-east-1.amazonaws.com
2014-01-22 08:29:09,www.facebook.com
2014-01-22 08:29:10,adventori.com
2014-01-22 08:29:11,apnx-match.dotomi.com
2014-01-22 08:29:11,dtm.potterybarn.com
2014-01-22 08:29:34,s3.static-footeo.com
2014-01-22 08:29:38,s3.static-footeo.com
2014-01-22 08:29:40,s2.static-footeo.com
2014-01-22 08:29:42,s1.static-footeo.com
2014-01-22 08:29:44,s1.static-footeo.com
2014-01-22 08:29:45,s3.static-footeo.com
2014-01-22 08:29:49,s1.static-footeo.com
2014-01-22 08:29:49,s3.static-footeo.com
2014-01-22 08:29:52,s2.static-footeo.com
2014-01-22 08:29:54,s3.static-footeo.com
2014-01-22 08:29:56,s2.static-footeo.com
2014-01-22 08:29:59,s1.static-footeo.com
2014-01-22 08:29:59,s2.static-footeo.com
2014-01-22 08:30:02,s2.static-footeo.com
2014-01-22 08:30:05,s3.static-footeo.com
2014-01-22 08:30:06,s1.static-footeo.com
2014-01-22 08:30:09,s1.static-footeo.com
2014-01-22 08:30:09,s3.static-footeo.com
2014-01-22 08:30:13,s1.static-footeo.com
2014-01-22 08:30:16,its.tradelab.fr
2014-01-22 08:30:24,www.bing.com
2014-01-22 08:30:26,login.live.com
2014-01-22 08:30:26,www.bing.com
2014-01-22 08:30:26,www.google.fr
2014-01-22 08:30:27,www.google.com
2014-01-22 08:30:39,www.google.fr
2014-01-22 08:30:40,www.google.fr
2014-01-22 08:30:40,www.google.com
2014-01-22 08:30:40,www.dailymotion.com
2014-01-22 08:30:43,ajax.googleapis.com
2014-01-22 08:30:43,www.dailymotion.com
2014-01-22 08:31:49,www.dailymotion.com
2014-01-22 08:31:50,www.dailymotion.com
2014-01-22 08:31:51,www.dailymotion.com
2014-01-22 08:31:52,www.dailymotion.com
2014-01-22 08:31:53,www.dailymotion.com
2014-01-22 08:31:54,www.dailymotion.com
2014-01-22 08:31:55,www.dailymotion.com
2014-01-22 08:31:56,www.dailymotion.com
2014-01-22 08:31:57,www.dailymotion.com
2014-01-22 08:31:58,www.dailymotion.com
2014-01-22 08:32:00,www.dailymotion.com
2014-01-22 08:32:01,www.dailymotion.com
2014-01-22 08:32:05,www.dailymotion.com
2014-01-22 08:32:06,logger-02.vty.dailymotion.com
2014-01-22 08:32:07,www.dailymotion.com
2014-01-22 08:32:16,www.dailymotion.com
2014-01-22 08:37:50,www.bing.com
2014-01-22 08:37:52,www.bing.com
2014-01-22 08:37:52,www.google.fr
2014-01-22 08:37:52,login.live.com
2014-01-22 08:37:53,www.google.com
2014-01-22 08:38:53,www.google.fr
2014-01-22 08:38:53,www.google.com
2014-01-22 08:39:44,www.google.fr
2014-01-22 08:39:44,s.ytimg.com
2014-01-22 08:39:44,www.youtube.com
2014-01-22 08:39:45,yt4.ggpht.com
2014-01-22 08:39:45,yt3.ggpht.com
2014-01-22 08:39:45,www.youtube.com
2014-01-22 08:39:45,s.ytimg.com
2014-01-22 08:39:45,i1.ytimg.com
2014-01-22 08:39:46,apis.google.com
2014-01-22 08:39:46,yt4.ggpht.com
2014-01-22 08:39:46,i1.ytimg.com
2014-01-22 08:39:46,s.ytimg.com
2014-01-22 08:39:47,i1.ytimg.com
2014-01-22 08:39:47,s.ytimg.com
2014-01-22 08:39:47,www.youtube.com
2014-01-22 08:39:49,s.ytimg.com
2014-01-22 08:39:50,clients1.google.com
2014-01-22 08:39:54,clients1.google.com
2014-01-22 08:39:55,clients1.google.com
2014-01-22 08:39:57,i1.ytimg.com
2014-01-22 08:39:57,www.youtube.com
2014-01-22 08:39:57,s.ytimg.com
2014-01-22 08:39:57,www.google.com
2014-01-22 08:39:57,apis.google.com
2014-01-22 08:39:58,i4.ytimg.com
2014-01-22 08:39:58,i1.ytimg.com
2014-01-22 08:39:58,i2.ytimg.com
2014-01-22 08:39:59,www.groupon.fr
2014-01-22 08:39:59,s.ytimg.com
2014-01-22 08:40:01,i1.ytimg.com
2014-01-22 08:40:03,www.youtube-nocookie.com
2014-01-22 08:40:03,www.youtube.com
2014-01-22 08:40:03,s.ytimg.com
2014-01-22 08:40:03,r4---sn-gxo5uxg-jqbe.googlevideo.com
2014-01-22 08:40:04,www.google.com
2014-01-22 08:40:04,i1.ytimg.com
2014-01-22 08:40:04,s.youtube.com
2014-01-22 08:40:04,s.ytimg.com
2014-01-22 08:40:04,www.youtube.com
2014-01-22 08:40:04,yt4.ggpht.com
2014-01-22 08:40:06,s.ytimg.com
2014-01-22 08:40:06,i1.ytimg.com
2014-01-22 08:40:06,www.google.com
2014-01-22 08:40:06,www.youtube.com
2014-01-22 08:40:07,gdata.youtube.com
2014-01-22 08:40:07,www.youtube.com
2014-01-22 08:40:07,r1---sn-gxo5uxg-jqbe.googlevideo.com
2014-01-22 08:40:07,s.youtube.com
2014-01-22 08:40:07,plus.googleapis.com
2014-01-22 08:40:07,apis.google.com
2014-01-22 08:40:07,i1.ytimg.com
2014-01-22 08:40:08,yt4.ggpht.com
2014-01-22 08:40:08,r1---sn-gxo5uxg-jqbe.googlevideo.com
2014-01-22 08:40:08,www.youtube.com
2014-01-22 08:40:08,s.youtube.com
2014-01-22 08:40:08,plus.googleapis.com
2014-01-22 08:40:09,plus.googleapis.com
2014-01-22 08:40:09,r1---sn-gxo5uxg-jqbe.googlevideo.com
2014-01-22 08:40:10,i1.ytimg.com
2014-01-22 08:40:16,r4---sn-gxo5uxg-jqbe.googlevideo.com
2014-01-22 08:40:16,www.youtube.com
2014-01-22 08:40:17,s.youtube.com
2014-01-22 08:40:17,r4---sn-gxo5uxg-jqbe.googlevideo.com
2014-01-22 08:40:18,r4---sn-gxo5uxg-jqbe.googlevideo.com
2014-01-22 08:40:18,s.youtube.com
2014-01-22 08:40:19,r4---sn-gxo5uxg-jqbe.googlevideo.com
2014-01-22 08:40:23,r4---sn-gxo5uxg-jqbe.googlevideo.com
2014-01-22 08:40:23,s.youtube.com
2014-01-22 08:40:24,r4---sn-gxo5uxg-jqbe.googlevideo.com
2014-01-22 08:40:25,r4---sn-gxo5uxg-jqbe.googlevideo.com
2014-01-22 08:40:26,s.youtube.com
2014-01-22 08:40:28,s.youtube.com
2014-01-22 08:40:32,r4---sn-gxo5uxg-jqbe.googlevideo.com
2014-01-22 08:40:33,s.youtube.com
2014-01-22 08:40:34,s.youtube.com
2014-01-22 08:40:36,r4---sn-gxo5uxg-jqbe.googlevideo.com
2014-01-22 08:40:39,r4---sn-gxo5uxg-jqbe.googlevideo.com
2014-01-22 08:40:43,s.youtube.com
2014-01-22 08:40:44,r4---sn-gxo5uxg-jqbe.googlevideo.com
2014-01-22 08:40:46,s.youtube.com
2014-01-22 08:41:04,r4---sn-gxo5uxg-jqbe.googlevideo.com
2014-01-22 08:41:08,r4---sn-gxo5uxg-jqbe.googlevideo.com
2014-01-22 08:41:16,s.youtube.com
2014-01-22 08:41:18,s.youtube.com
2014-01-22 08:41:20,r4---sn-gxo5uxg-jqbe.googlevideo.com
2014-01-22 08:41:23,r4---sn-gxo5uxg-jqbe.googlevideo.com
2014-01-22 08:41:37,r4---sn-gxo5uxg-jqbe.googlevideo.com
2014-01-22 08:41:38,r4---sn-gxo5uxg-jqbe.googlevideo.com
2014-01-22 08:41:46,s.youtube.com
2014-01-22 08:41:53,r4---sn-gxo5uxg-jqbe.googlevideo.com
2014-01-22 08:41:54,r4---sn-gxo5uxg-jqbe.googlevideo.com
2014-01-22 08:41:58,s.youtube.com
2014-01-22 08:42:08,r4---sn-gxo5uxg-jqbe.googlevideo.com
2014-01-22 08:42:12,r4---sn-gxo5uxg-jqbe.googlevideo.com
2014-01-22 08:42:17,s.youtube.com
2014-01-22 08:42:23,r4---sn-gxo5uxg-jqbe.googlevideo.com
2014-01-22 08:42:28,r4---sn-gxo5uxg-jqbe.googlevideo.com
2014-01-22 08:42:38,r4---sn-gxo5uxg-jqbe.googlevideo.com
2014-01-22 08:42:38,s.youtube.com
2014-01-22 08:42:45,r4---sn-gxo5uxg-jqbe.googlevideo.com
2014-01-22 08:42:47,s.youtube.com
2014-01-22 08:42:53,r4---sn-gxo5uxg-jqbe.googlevideo.com
2014-01-22 08:42:59,r4---sn-gxo5uxg-jqbe.googlevideo.com
2014-01-22 08:43:08,r4---sn-gxo5uxg-jqbe.googlevideo.com
2014-01-22 08:43:10,www.youtube.com
2014-01-22 08:43:17,s.youtube.com
2014-01-22 08:43:18,s.youtube.com
2014-01-22 08:43:25,www.youtube.com
2014-01-22 08:43:38,i1.ytimg.com
2014-01-22 08:43:38,s.ytimg.com
2014-01-22 08:43:47,s.youtube.com
2014-01-22 08:43:48,www.youtube.com
2014-01-22 08:43:53,www.youtube.com
2014-01-22 08:43:58,s.youtube.com
2014-01-22 08:43:59,i1.ytimg.com
2014-01-22 08:43:59,apis.google.com
2014-01-22 08:44:00,www.youtube.com
2014-01-22 08:44:00,i1.ytimg.com
2014-01-22 08:44:00,yt4.ggpht.com
2014-01-22 08:44:00,s.ytimg.com
2014-01-22 08:44:01,i1.ytimg.com
2014-01-22 08:44:08,s.youtube.com
2014-01-22 08:44:08,www.youtube.com
2014-01-22 08:44:08,s.ytimg.com
2014-01-22 08:44:09,s.ytimg.com
2014-01-22 08:44:14,clients1.google.com
2014-01-22 08:45:04,apis.google.com
2014-02-19 08:17:46,api.bing.com
2014-02-19 08:17:47,api.bing.com
2014-02-19 08:17:48,www.bing.com
2014-02-19 08:17:49,www.bing.com
2014-02-19 08:17:50,www.bing.com
2014-02-19 08:17:50,cms.abmr.net
2014-02-19 08:17:50,login.live.com
2014-02-19 08:17:51,www.bing.com
2014-02-19 08:17:51,ssl.bing.com
2014-02-19 08:17:52,ssl.bing.com
2014-02-19 08:17:52,www.google.fr
2014-02-19 08:17:52,www.bing.com
2014-02-19 08:17:52,www.google.com
2014-02-19 08:17:54,www.google.fr
2014-02-19 08:17:54,www.google.com
2014-02-19 08:18:12,www.google.fr
2014-02-19 08:18:13,www.google.com
2014-02-19 08:18:13,www.youtube.com
2014-02-19 08:18:13,www.google.fr
2014-02-19 08:18:13,s.ytimg.com
2014-02-19 08:18:13,i1.ytimg.com
2014-02-19 08:18:14,yt3.ggpht.com
2014-02-19 08:18:14,gg.google.com
2014-02-19 08:18:14,s.ytimg.com
2014-02-19 08:18:14,i1.ytimg.com
2014-02-19 08:18:14,www.youtube.com
2014-02-19 08:18:15,yt3.ggpht.com
2014-02-19 08:18:15,i1.ytimg.com
2014-02-19 08:18:15,s.ytimg.com
2014-02-19 08:18:15,apis.google.com
2014-02-19 08:18:16,apis.google.com
2014-02-19 08:18:16,i2.ytimg.com
2014-02-19 08:18:16,yt3.ggpht.com
2014-02-19 08:18:22,i2.ytimg.com
2014-02-19 08:18:22,www.youtube.com
2014-02-19 08:18:22,s.ytimg.com
2014-02-19 08:18:30,www.youtube-nocookie.com
2014-02-19 08:18:30,r2---sn-gxo5uxg-jqbe.googlevideo.com
2014-02-19 08:18:30,www.youtube.com
2014-02-19 08:18:30,i1.ytimg.com
2014-02-19 08:18:31,r2---sn-gxo5uxg-jqbe.googlevideo.com
2014-02-19 08:18:31,yt3.ggpht.com
2014-02-19 08:18:31,s.ytimg.com
2014-02-19 08:18:31,s.youtube.com
2014-02-19 08:18:31,www.youtube-nocookie.com
2014-02-19 08:18:31,i1.ytimg.com
2014-02-19 08:18:31,www.youtube.com
2014-02-19 08:18:32,gdata.youtube.com
2014-02-19 08:18:32,www.google.com
2014-02-19 08:18:32,s.youtube.com
2014-02-19 08:18:32,www.youtube.com
2014-02-19 08:18:33,apis.google.com
2014-02-19 08:18:33,s.ytimg.com
2014-02-19 08:18:33,www.youtube.com
2014-02-19 08:18:33,r4---sn-gxo5uxg-jqbe.googlevideo.com
2014-02-19 08:18:33,i1.ytimg.com
2014-02-19 08:18:33,gdata.youtube.com
2014-02-19 08:18:33,plus.googleapis.com
2014-02-19 08:18:33,s.youtube.com
2014-02-19 08:18:33,gg.google.com
2014-02-19 08:18:34,plus.googleapis.com
2014-02-19 08:18:35,www.youtube.com
2014-02-19 08:18:59,www.google.fr
2014-02-19 08:19:05,s.youtube.com
2014-02-19 08:19:06,www.youtube.com
2014-02-19 08:19:19,s.ytimg.com
2014-02-19 08:20:20,i1.ytimg.com
2014-02-19 08:20:20,gg.google.com
2014-02-19 08:20:54,r2---sn-gxo5uxg-jqbe.googlevideo.com
2014-02-19 08:21:09,r2---sn-gxo5uxg-jqbe.googlevideo.com
2014-02-19 08:21:12,r2---sn-gxo5uxg-jqbe.googlevideo.com
2014-02-19 08:21:19,www.youtube.com
2014-02-19 08:21:19,s.youtube.com
2014-02-19 08:21:19,s.ytimg.com
2014-02-19 08:21:44,i1.ytimg.com
2014-02-19 08:21:47,i1.ytimg.com
2014-02-19 08:21:48,i1.ytimg.com
2014-02-19 08:21:49,i1.ytimg.com
2014-02-19 08:21:50,i1.ytimg.com
2014-02-19 08:21:50,r1---sn-gxo5uxg-jqbe.googlevideo.com
2014-02-19 08:21:50,s.ytimg.com
2014-02-19 08:21:50,www.youtube-nocookie.com
2014-02-19 08:21:50,www.youtube.com
2014-02-19 08:21:50,s.youtube.com
2014-02-19 08:21:51,i1.ytimg.com
2014-02-19 08:21:51,r1---sn-gxo5uxg-jqbe.googlevideo.com
2014-02-19 08:21:51,gg.google.com
2014-02-19 08:21:52,r1---sn-gxo5uxg-jqbe.googlevideo.com
2014-02-19 08:21:52,s.youtube.com
2014-02-19 08:21:52,plus.googleapis.com
2014-02-19 08:21:52,www.youtube.com
2014-02-19 08:22:03,s.youtube.com
2014-02-19 08:22:10,www.youtube.com
2014-02-19 08:24:25,r1---sn-gxo5uxg-jqbe.googlevideo.com
2014-02-19 08:24:25,s.youtube.com
2014-02-19 08:24:26,r1---sn-gxo5uxg-jqbe.googlevideo.com
2014-02-19 08:24:26,i1.ytimg.com
2014-02-19 08:24:30,apis.google.com
2014-02-19 08:24:30,yt3.ggpht.com
2014-02-19 08:24:31,yt3.ggpht.com
2014-02-19 08:24:31,apis.google.com
2014-02-19 08:24:31,i1.ytimg.com
2014-02-19 08:24:52,s.youtube.com
2014-02-19 08:24:52,apis.google.com
2014-02-19 08:24:52,clients1.google.com
2014-02-19 08:24:52,s.ytimg.com
2014-02-19 08:25:01,www.youtube.com
2014-02-19 08:25:14,api.bing.com
2014-02-19 08:25:15,api.bing.com
2014-02-19 08:25:16,www.bing.com
2014-02-19 08:25:16,api.bing.com
2014-02-19 08:25:19,ssl.bing.com
2014-02-19 08:25:19,login.live.com
2014-02-19 08:25:19,www.bing.com
2014-02-19 08:25:22,www.bing.com
2014-02-19 08:25:25,www.bing.com
2014-02-19 08:25:27,login.live.com
2014-02-19 08:25:27,www.bing.com
2014-02-19 08:25:30,www.bing.com
2014-02-19 08:25:31,ajax.googleapis.com
2014-02-19 08:25:31,ssl.bing.com
2014-02-19 08:25:56,s.ytimg.com
2014-02-19 08:25:56,clients1.google.com
2014-02-19 08:26:01,player.vimeo.com
2014-02-19 08:26:01,s.youtube.com
2014-02-19 08:26:02,fpdownload2.macromedia.com
2014-02-19 08:28:25,s.ytimg.com
2014-02-19 08:28:25,r1---sn-gxo5uxg-jqbe.googlevideo.com
2014-02-19 08:28:25,www.youtube.com
2014-02-19 08:28:26,s.ytimg.com
2014-02-19 08:28:26,www.youtube-nocookie.com
2014-02-19 08:28:26,yt3.ggpht.com
2014-02-19 08:28:26,r1---sn-gxo5uxg-jqbe.googlevideo.com
2014-02-19 08:28:26,s.youtube.com
2014-02-19 08:28:26,i1.ytimg.com
2014-02-19 08:28:27,i1.ytimg.com
2014-02-19 08:28:27,apis.google.com
2014-02-19 08:28:27,www.youtube.com
2014-02-19 08:28:27,www.google.com
2014-02-19 08:28:27,gdata.youtube.com
2014-02-19 08:28:28,i1.ytimg.com
2014-02-19 08:28:28,gg.google.com
2014-02-19 08:28:28,gdata.youtube.com
2014-02-19 08:28:28,s.youtube.com
2014-02-19 08:28:28,www.youtube.com
2014-02-19 08:28:28,r3---sn-gxo5uxg-jqbe.googlevideo.com
2014-02-19 08:28:28,plus.googleapis.com
2014-02-19 08:28:29,r3---sn-gxo5uxg-jqbe.googlevideo.com
2014-02-19 08:28:29,plus.googleapis.com
2014-02-19 08:28:29,gg.google.com
2014-02-19 08:28:29,apis.google.com
2014-02-19 08:28:29,s.youtube.com
2014-02-19 08:28:30,www.youtube.com
2014-02-19 08:28:46,r3---sn-gxo5uxg-jqbe.googlevideo.com
2014-02-19 08:28:46,s.youtube.com
2014-02-19 08:28:46,www.youtube.com
2014-02-19 08:28:47,i1.ytimg.com
2014-02-19 08:28:48,r3---sn-gxo5uxg-jqbe.googlevideo.com
2014-02-19 08:28:48,i1.ytimg.com
2014-02-19 08:28:49,www.youtube.com
2014-02-19 08:28:49,r1---sn-gxo5uxg-jqbe.googlevideo.com
2014-02-19 08:28:49,www.youtube-nocookie.com
2014-02-19 08:28:49,s.youtube.com
2014-02-19 08:28:49,i1.ytimg.com
2014-02-19 08:28:49,gg.google.com
2014-02-19 08:28:50,www.youtube.com
2014-02-19 08:28:50,s.youtube.com
2014-02-19 08:28:50,r1---sn-gxo5uxg-jqbe.googlevideo.com
2014-02-19 08:28:51,plus.googleapis.com
2014-02-19 08:28:52,www.youtube.com
2014-02-19 08:30:04,www.youtube.com
2014-02-19 08:30:41,s.youtube.com
2014-02-19 08:30:44,r1---sn-gxo5uxg-jqbe.googlevideo.com
2014-02-19 08:30:53,i1.ytimg.com
2014-02-19 08:31:11,i1.ytimg.com
2014-02-19 08:31:13,apis.google.com
2014-02-19 08:31:13,r1---sn-gxo5uxg-jqbe.googlevideo.com
2014-02-19 08:31:13,s.youtube.com
2014-02-19 08:31:13,r4---sn-gxo5uxg-jqbe.googlevideo.com
2014-02-19 08:31:14,www.youtube.com
2014-02-19 08:31:14,www.youtube-nocookie.com
2014-02-19 08:31:14,r4---sn-gxo5uxg-jqbe.googlevideo.com
2014-02-19 08:31:14,s.youtube.com
2014-02-19 08:31:14,i1.ytimg.com
2014-02-19 08:31:14,gg.google.com
2014-02-19 08:31:15,r4---sn-gxo5uxg-jqbe.googlevideo.com
2014-02-19 08:31:15,www.youtube.com
2014-02-19 08:31:15,s.youtube.com
2014-02-19 08:31:16,plus.googleapis.com
2014-02-19 08:31:25,r4---sn-gxo5uxg-jqbe.googlevideo.com
2014-02-19 08:32:29,www.youtube.com
2014-02-19 08:33:33,r4---sn-gxo5uxg-jqbe.googlevideo.com
2014-02-19 08:33:42,s.youtube.com
2014-02-19 08:33:43,www.youtube.com
2014-02-19 08:33:43,s.ytimg.com
2014-02-19 08:33:43,i1.ytimg.com
2014-02-19 08:33:54,i1.ytimg.com
2014-02-19 08:34:09,i1.ytimg.com
2014-02-19 08:34:11,s.youtube.com
2014-02-19 08:34:11,apis.google.com
2014-02-19 08:34:11,i1.ytimg.com
2014-02-19 08:34:12,www.youtube-nocookie.com
2014-02-19 08:34:12,www.youtube.com
2014-02-19 08:34:12,r1---sn-gxo5uxg-jqbe.googlevideo.com
2014-02-19 08:34:12,s.youtube.com
2014-02-19 08:34:12,i1.ytimg.com
2014-02-19 08:34:12,gg.google.com
2014-02-19 08:34:13,s.youtube.com
2014-02-19 08:34:13,r1---sn-gxo5uxg-jqbe.googlevideo.com
2014-02-19 08:34:13,www.youtube.com
2014-02-19 08:34:14,plus.googleapis.com
2014-02-19 08:35:27,www.youtube.com
2014-02-19 08:36:46,r1---sn-gxo5uxg-jqbe.googlevideo.com
2014-02-19 08:36:48,www.youtube.com
2014-02-19 08:36:48,s.youtube.com
2014-02-19 08:36:52,i1.ytimg.com
2014-02-19 08:37:17,i1.ytimg.com
2014-02-19 08:37:17,s.youtube.com
2014-02-19 08:37:18,www.youtube.com
2014-02-19 08:37:18,www.youtube-nocookie.com
2014-02-19 08:37:18,r1---sn-gxo5uxg-jqbe.googlevideo.com
2014-02-19 08:37:18,i1.ytimg.com
2014-02-19 08:37:18,s.youtube.com
2014-02-19 08:37:19,s.youtube.com
2014-02-19 08:37:19,r1---sn-gxo5uxg-jqbe.googlevideo.com
2014-02-19 08:37:19,www.youtube.com
2014-02-19 08:37:19,apis.google.com
2014-02-19 08:37:20,apis.google.com
2014-02-19 08:37:20,www.youtube.com
2014-02-19 08:37:20,r1---sn-gxo5uxg-jqbe.googlevideo.com
2014-02-19 08:37:21,gg.google.com
2014-02-19 08:37:21,apis.google.com
2014-02-19 08:37:26,www.youtube.com
2014-02-19 08:37:26,r1---sn-gxo5uxg-jqbe.googlevideo.com
2014-02-19 08:37:27,s.youtube.com
2014-02-19 08:37:27,i1.ytimg.com
2014-02-19 08:37:28,www.youtube.com
2014-02-19 08:37:28,r1---sn-gxo5uxg-jqbe.googlevideo.com
2014-02-19 08:37:28,www.youtube-nocookie.com
2014-02-19 08:37:28,yt3.ggpht.com
2014-02-19 08:37:28,s.youtube.com
2014-02-19 08:37:28,i1.ytimg.com
2014-02-19 08:37:29,r1---sn-gxo5uxg-jqbe.googlevideo.com
2014-02-19 08:37:29,s.youtube.com
2014-02-19 08:37:29,www.youtube.com
2014-02-19 08:37:29,i1.ytimg.com
2014-02-19 08:37:29,gg.google.com
2014-02-19 08:37:30,www.youtube.com
2014-02-19 08:37:30,plus.googleapis.com
2014-02-19 08:37:32,s.youtube.com
2014-02-19 08:37:33,www.youtube.com
2014-02-19 08:37:38,r1---sn-gxo5uxg-jqbe.googlevideo.com
2014-02-19 08:37:40,s.youtube.com
2014-02-19 08:38:08,www.youtube.com
2014-02-19 08:40:13,www.youtube.com
2014-02-19 08:41:37,www.youtube.com
2014-02-19 08:45:01,r1---sn-gxo5uxg-jqbe.googlevideo.com
2014-02-19 08:45:02,s.youtube.com
2014-02-19 08:45:09,i1.ytimg.com
2014-02-19 08:45:32,s.ytimg.com
2014-02-19 08:45:32,www.youtube.com
2014-02-19 08:45:32,s.youtube.com
2014-02-19 08:45:32,i1.ytimg.com
2014-02-19 08:45:45,i1.ytimg.com
2014-02-19 08:45:46,clients1.google.com
2014-02-19 08:45:56,i1.ytimg.com
2014-02-19 08:45:56,s.ytimg.com
2014-02-19 08:45:56,clients1.google.com
2014-02-19 08:45:56,www.google.com
2014-02-19 08:45:56,www.youtube.com
2014-02-19 08:45:57,i4.ytimg.com
2014-02-19 08:45:57,i1.ytimg.com
2014-02-19 08:45:57,s.ytimg.com
2014-02-19 08:45:57,www.youtube.com
2014-02-19 08:46:59,gg.google.com
2014-02-19 08:46:59,s.ytimg.com
2014-02-19 08:46:59,yt3.ggpht.com
2014-02-19 08:47:04,clients1.google.com
2014-02-19 08:47:19,armmf.adobe.com
2014-02-19 08:47:21,armmf.adobe.com
2014-02-19 08:47:23,armmf.adobe.com
2014-02-19 08:50:19,api.bing.com
2014-02-19 08:50:20,api.bing.com
2014-02-19 08:50:21,api.bing.com
2014-02-19 08:50:22,api.bing.com
2014-02-19 08:50:23,www.bing.com
2014-02-19 08:50:24,www.bing.com
2014-02-19 08:50:25,www.bing.com
2014-02-19 08:50:26,ssl.bing.com
2014-02-19 08:50:26,login.live.com
2014-02-19 08:50:26,www.bing.com
2014-02-19 08:50:27,s3.static-footeo.com
2014-02-19 08:50:27,fcchampagnole.footeo.com
2014-02-19 08:50:27,ssl.bing.com
2014-02-19 08:50:27,s1.static-footeo.com
2014-02-19 08:50:28,fcchampagnole.footeo.com
2014-02-19 08:50:28,s3.static-footeo.com
2014-02-19 08:50:28,s2.static-footeo.com
2014-02-19 08:50:28,connect.facebook.net
2014-02-19 08:50:28,fr-fr.facebook.com
2014-02-19 08:50:28,s1.static-footeo.com
2014-02-19 08:50:29,s3.static-footeo.com
2014-02-19 08:50:29,static.ak.facebook.com
2014-02-19 08:50:29,s1.static-footeo.com
2014-02-19 08:50:29,s2.static-footeo.com
2014-02-19 08:50:29,s-static.ak.facebook.com
2014-02-19 08:50:30,apis.google.com
2014-02-19 08:50:30,ce.lijit.com
2014-02-19 08:50:30,s3.static-footeo.com
2014-02-19 08:50:30,s1.static-footeo.com
2014-02-19 08:50:30,fcchampagnole.footeo.com
2014-02-19 08:50:31,s1.static-footeo.com
2014-02-19 08:50:31,s3.static-footeo.com
2014-02-19 08:50:31,www.facebook.com
2014-02-19 08:50:31,y.one.impact-ad.jp
2014-02-19 08:50:31,apis.google.com
2014-02-19 08:50:32,www.facebook.com
2014-02-19 08:50:32,platform.twitter.com
2014-02-19 08:50:32,accounts.google.com
2014-02-19 08:50:32,apis.google.com
2014-02-19 08:50:33,accounts.google.com
2014-02-19 08:50:33,apis.google.com
2014-02-19 08:50:33,twitter.com
2014-02-19 08:50:33,fcchampagnole.footeo.com
2014-02-19 08:50:33,s3.static-footeo.com
2014-02-19 08:50:33,s1.static-footeo.com
2014-02-19 08:50:33,s2.static-footeo.com
2014-02-19 08:50:34,twitter.com
2014-02-19 08:50:34,s2.static-footeo.com
2014-02-19 08:50:35,platform.twitter.com
2014-02-19 08:50:36,s3.static-footeo.com
2014-02-19 08:50:40,s2.static-footeo.com
2014-02-19 08:50:43,s3.static-footeo.com
2014-02-19 08:50:44,s2.static-footeo.com
2014-02-19 08:51:39,platform.twitter.com
2014-02-19 08:53:28,www.bing.com
2014-02-19 08:53:31,www.bing.com
2014-02-19 08:53:31,login.live.com
2014-02-19 08:53:32,ssl.bing.com
2014-02-19 08:53:32,www.bing.com
2014-02-19 08:53:33,www.bing.com
2014-02-19 08:53:34,www.fff.fr
2014-02-19 08:53:34,www.bing.com
2014-02-19 08:53:36,www.fff.fr
2014-02-19 08:53:36,widget.cloud.opta.net
2014-02-19 08:53:36,platform.twitter.com
2014-02-19 08:53:37,www.fff.fr
2014-02-19 08:53:37,www.youtube.com
2014-02-19 08:53:37,s.ytimg.com
2014-02-19 08:53:37,maps.google.com
2014-02-19 08:53:37,www.google.com
2014-02-19 08:53:37,assets-pub.lefigaro.fr
2014-02-19 08:53:38,s.ytimg.com
2014-02-19 08:53:38,www.fff.fr
2014-02-19 08:53:38,w.sharethis.com
2014-02-19 08:53:38,www.youtube.com
2014-02-19 08:53:39,connect.facebook.net
2014-02-19 08:53:39,widget.cloud.opta.net
2014-02-19 08:53:39,www.fff.fr
2014-02-19 08:53:39,i1.ytimg.com
2014-02-19 08:53:39,s.ytimg.com
2014-02-19 08:53:39,www.youtube.com
2014-02-19 08:53:40,s.ytimg.com
2014-02-19 08:53:40,www.fff.fr
2014-02-19 08:53:40,widget.cloud.opta.net
2014-02-19 08:53:41,s-static.ak.facebook.com
2014-02-19 08:53:41,static.ak.facebook.com
2014-02-19 08:53:41,www.fff.fr
2014-02-19 08:53:41,s.ytimg.com
2014-02-19 08:53:41,widget.cloud.opta.net
2014-02-19 08:53:41,i1.ytimg.com
2014-02-19 08:53:41,platform.twitter.com
2014-02-19 08:53:41,www.facebook.com
2014-02-19 08:53:42,i1.ytimg.com
2014-02-19 08:53:42,w.sharethis.com
2014-02-19 08:53:42,edge.sharethis.com
2014-02-19 08:53:44,maps.googleapis.com
2014-02-19 08:53:52,www.youtube.com
2014-02-19 08:53:52,s.youtube.com
2014-02-19 08:53:52,r2---sn-gxo5uxg-jqbe.googlevideo.com
2014-02-19 08:53:52,s.ytimg.com
2014-02-19 08:53:53,r2---sn-gxo5uxg-jqbe.googlevideo.com
2014-02-19 08:53:53,www.youtube.com
2014-02-19 08:53:53,yt3.ggpht.com
2014-02-19 08:53:53,s.youtube.com
2014-02-19 08:53:55,s.youtube.com
2014-02-19 08:53:57,s.youtube.com
2014-02-19 08:54:00,i1.ytimg.com
2014-02-19 08:54:02,s.youtube.com
2014-02-19 08:54:05,s.youtube.com
2014-02-19 08:54:11,r2---sn-gxo5uxg-jqbe.googlevideo.com
2014-02-19 08:54:13,r2---sn-gxo5uxg-jqbe.googlevideo.com
2014-02-19 08:54:15,s.youtube.com
2014-02-19 08:54:26,r2---sn-gxo5uxg-jqbe.googlevideo.com
2014-02-19 08:54:30,r2---sn-gxo5uxg-jqbe.googlevideo.com
2014-02-19 08:54:32,s.youtube.com
2014-02-19 08:54:38,s.youtube.com
2014-02-19 08:54:41,r2---sn-gxo5uxg-jqbe.googlevideo.com
2014-02-19 08:54:47,r2---sn-gxo5uxg-jqbe.googlevideo.com
2014-02-19 08:54:56,r2---sn-gxo5uxg-jqbe.googlevideo.com
2014-02-19 08:55:02,s.youtube.com
2014-02-19 08:55:05,r2---sn-gxo5uxg-jqbe.googlevideo.com
2014-02-19 08:55:11,www.youtube.com
2014-02-19 08:55:11,r2---sn-gxo5uxg-jqbe.googlevideo.com
2014-02-19 08:55:18,s.youtube.com
2014-02-19 08:55:20,api.bing.com
2014-02-19 08:55:21,api.bing.com
2014-02-19 08:55:22,www.bing.com
2014-02-19 08:55:22,r2---sn-gxo5uxg-jqbe.googlevideo.com
2014-02-19 08:55:24,login.live.com
2014-02-19 08:55:25,www.facebook.com
2014-02-19 08:55:25,www.imc.fr
2014-02-19 08:55:25,ssl.bing.com
2014-02-19 08:55:25,www.bing.com
2014-02-19 08:55:26,www.google.com
2014-02-19 08:55:26,r2---sn-gxo5uxg-jqbe.googlevideo.com
2014-02-19 08:55:26,www.imc.fr
2014-02-19 08:55:32,s.youtube.com
2014-02-19 08:55:37,r2---sn-gxo5uxg-jqbe.googlevideo.com
2014-02-19 08:55:39,www.imc.fr
2014-02-19 08:55:40,www.facebook.com
2014-02-19 08:55:40,www.imc.fr
2014-02-19 08:55:41,r2---sn-gxo5uxg-jqbe.googlevideo.com
2014-02-19 08:55:54,www.imc.fr
2014-02-19 08:55:54,www.facebook.com
2014-02-19 08:55:55,r2---sn-gxo5uxg-jqbe.googlevideo.com
2014-02-19 08:55:56,r2---sn-gxo5uxg-jqbe.googlevideo.com
2014-02-19 08:55:58,s.youtube.com
2014-02-19 08:56:02,www.imc.fr
2014-02-19 08:56:02,s.youtube.com
2014-02-19 08:56:03,www.facebook.com
2014-02-19 08:56:03,www.imc.fr
2014-02-19 08:56:07,www.imc.fr
2014-02-19 08:56:08,www.facebook.com
2014-02-19 08:56:11,r2---sn-gxo5uxg-jqbe.googlevideo.com
2014-02-19 08:56:12,www.facebook.com
2014-02-19 08:56:12,r2---sn-gxo5uxg-jqbe.googlevideo.com
2014-02-19 08:56:12,www.imc.fr
2014-02-19 08:56:22,www.imc.fr
2014-02-19 08:56:23,www.facebook.com
2014-02-19 08:56:26,r2---sn-gxo5uxg-jqbe.googlevideo.com
2014-02-19 08:56:27,www.imc.fr
2014-02-19 08:56:27,www.facebook.com
2014-02-19 08:56:31,www.imc.fr
2014-02-19 08:56:32,www.facebook.com
2014-02-19 08:56:32,s.youtube.com
2014-02-19 08:56:33,r2---sn-gxo5uxg-jqbe.googlevideo.com
2014-02-19 08:56:36,www.imc.fr
2014-02-19 08:56:37,www.facebook.com
2014-02-19 08:56:38,s.youtube.com
2014-02-19 08:56:40,www.imc.fr
2014-02-19 08:56:41,www.facebook.com
2014-02-19 08:56:41,r2---sn-gxo5uxg-jqbe.googlevideo.com
2014-02-19 08:56:46,www.imc.fr
2014-02-19 08:56:46,www.facebook.com
2014-02-19 08:56:50,www.imc.fr
2014-02-19 08:56:50,www.facebook.com
2014-02-19 08:56:53,www.youtube.com
2014-02-19 08:56:54,r2---sn-gxo5uxg-jqbe.googlevideo.com
2014-02-19 08:56:56,www.imc.fr
2014-02-19 08:56:56,r2---sn-gxo5uxg-jqbe.googlevideo.com
2014-02-19 08:56:57,www.facebook.com
2014-02-19 08:57:00,www.imc.fr
2014-02-19 08:57:01,www.facebook.com
2014-02-19 08:57:01,www.imc.fr
2014-02-19 08:57:02,adventori.com
2014-02-19 08:57:02,s.youtube.com
2014-02-19 08:57:09,www.imc.fr
2014-02-19 08:57:10,www.facebook.com
2014-02-19 08:57:11,r2---sn-gxo5uxg-jqbe.googlevideo.com
2014-02-19 08:57:14,r2---sn-gxo5uxg-jqbe.googlevideo.com
2014-02-19 08:57:15,www.imc.fr
2014-02-19 08:57:15,www.facebook.com
2014-02-19 08:57:18,s.youtube.com
2014-02-19 08:57:20,www.imc.fr
2014-02-19 08:57:21,www.facebook.com
2014-02-19 08:57:24,www.imc.fr
2014-02-19 08:57:24,www.facebook.com
2014-02-19 08:57:26,r2---sn-gxo5uxg-jqbe.googlevideo.com
2014-02-19 08:57:28,www.facebook.com
2014-02-19 08:57:28,www.imc.fr
2014-02-19 08:57:29,www.imc.fr
2014-02-19 08:57:29,www.facebook.com
2014-02-19 08:57:29,r2---sn-gxo5uxg-jqbe.googlevideo.com
2014-02-19 08:57:32,s.youtube.com
2014-02-19 08:57:33,www.imc.fr
2014-02-19 08:57:34,www.imc.fr
2014-02-19 08:57:34,www.facebook.com
2014-02-19 08:57:41,r2---sn-gxo5uxg-jqbe.googlevideo.com
2014-02-19 08:57:46,r2---sn-gxo5uxg-jqbe.googlevideo.com
2014-02-19 08:57:56,r2---sn-gxo5uxg-jqbe.googlevideo.com
2014-02-19 08:57:58,s.youtube.com
2014-02-19 08:58:02,s.youtube.com
2014-02-19 08:58:04,r2---sn-gxo5uxg-jqbe.googlevideo.com
2014-02-19 08:58:11,r2---sn-gxo5uxg-jqbe.googlevideo.com
2014-02-19 08:58:13,www.facebook.com
2014-02-19 08:58:15,www.facebook.com
2014-02-19 08:58:15,adventori.com
2014-02-19 08:58:24,s.youtube.com
2014-02-19 08:58:34,s.youtube.com
2014-02-19 08:58:38,s.youtube.com
2014-02-19 08:58:48,www.facebook.com
2014-02-19 08:58:52,www.bing.com
2014-02-19 08:58:54,www.bing.com
2014-02-19 08:58:54,www.calculersonimc.fr
2014-02-19 08:58:54,platform.twitter.com
2014-02-19 08:58:54,apis.google.com
2014-02-19 08:58:54,login.live.com
2014-02-19 08:58:55,s-static.ak.facebook.com
2014-02-19 08:58:55,apis.google.com
2014-02-19 08:58:55,accounts.google.com
2014-02-19 08:58:55,twitter.com
2014-02-19 08:58:55,www.facebook.com
2014-02-19 08:58:55,static.ak.facebook.com
2014-02-19 08:58:56,www.calculersonimc.fr
2014-02-19 08:59:04,s.youtube.com
2014-02-19 08:59:19,s.youtube.com
2014-02-19 08:59:26,twitter.com
2014-02-19 08:59:34,s.youtube.com
2014-02-19 08:59:59,s.youtube.com
2014-02-19 09:00:04,s.youtube.com
2014-02-19 09:00:34,s.youtube.com
2014-02-19 09:00:39,s.youtube.com
2014-02-19 09:00:55,s.youtube.com
2014-02-19 09:01:01,apis.google.com
2014-02-19 09:01:19,s.youtube.com
2014-02-19 09:01:25,s.youtube.com
2014-02-19 09:01:44,i1.ytimg.com
2014-02-19 09:01:45,s.youtube.com
2014-02-19 09:01:47,r2---sn-gxo5uxg-jqbe.googlevideo.com
2014-02-19 09:01:48,r2---sn-gxo5uxg-jqbe.googlevideo.com
2014-02-19 09:01:55,r2---sn-gxo5uxg-jqbe.googlevideo.com
2014-02-19 09:01:56,s.youtube.com
2014-02-19 09:01:59,s.youtube.com
2014-02-19 09:02:11,r2---sn-gxo5uxg-jqbe.googlevideo.com
2014-02-19 09:02:26,s.youtube.com
2014-02-19 09:02:27,r2---sn-gxo5uxg-jqbe.googlevideo.com
2014-02-19 09:02:39,s.youtube.com
2014-02-19 09:02:43,r2---sn-gxo5uxg-jqbe.googlevideo.com
2014-02-19 09:02:56,s.youtube.com
2014-02-19 09:02:58,r2---sn-gxo5uxg-jqbe.googlevideo.com
2014-02-19 09:03:19,s.youtube.com
2014-02-19 09:03:20,r2---sn-gxo5uxg-jqbe.googlevideo.com
2014-02-19 09:03:26,s.youtube.com
2014-02-19 09:03:40,r2---sn-gxo5uxg-jqbe.googlevideo.com
2014-02-19 09:03:56,s.youtube.com
2014-02-19 09:03:58,r2---sn-gxo5uxg-jqbe.googlevideo.com
2014-02-19 09:03:59,s.youtube.com
2014-02-19 09:04:12,r2---sn-gxo5uxg-jqbe.googlevideo.com
2014-02-19 09:04:26,s.youtube.com
2014-02-19 09:04:29,r2---sn-gxo5uxg-jqbe.googlevideo.com
2014-02-19 09:04:39,s.youtube.com
2014-02-19 09:04:45,r2---sn-gxo5uxg-jqbe.googlevideo.com
2014-02-19 09:04:56,s.youtube.com
2014-02-19 09:05:19,s.youtube.com
2014-02-19 09:05:21,s.ytimg.com
2014-02-19 09:05:26,s.youtube.com
2014-02-19 09:05:42,www.youtube.com
2014-02-19 09:05:46,s.youtube.com
2014-03-26 08:28:00,armmf.adobe.com
2014-03-26 08:28:02,armmf.adobe.com
2014-03-26 08:29:39,registration2.services.openoffice.org
2014-03-26 08:29:50,registration2.services.openoffice.org
2014-03-26 08:57:21,api.bing.com
2014-03-26 08:57:22,api.bing.com
2014-03-26 08:57:24,www.bing.com
2014-03-26 08:57:25,www.bing.com
2014-03-26 08:57:26,clients1.google.fr
2014-03-26 08:57:26,www.google.fr
2014-03-26 08:57:29,clients1.google.fr
2014-03-26 08:57:30,clients1.google.fr
2014-03-26 08:57:31,clients1.google.fr
2014-03-26 08:57:33,www.google.fr
2014-03-26 08:57:34,clients1.google.fr
2014-03-26 08:57:36,www.google.com
2014-03-26 08:57:36,www.google.fr
2014-03-26 08:57:36,clients1.google.fr
2014-03-26 08:57:44,clients1.google.fr
2014-03-26 08:57:45,clients1.google.fr
2014-03-26 08:57:50,clients1.google.fr
2014-03-26 08:57:50,www.google.fr
2014-03-26 08:58:02,www.google.fr
2014-03-26 08:58:03,justtherightbyte.com
2014-03-26 08:58:04,www.gravatar.com
2014-03-26 08:58:04,justtherightbyte.com
2014-03-26 08:58:04,platform.twitter.com
2014-03-26 08:58:05,justtherightbyte.com
2014-03-26 08:58:05,www.gravatar.com
2014-03-26 08:58:06,www.gravatar.com
2014-03-26 08:58:06,justtherightbyte.com
2014-03-26 08:58:06,s.gravatar.com
2014-03-26 08:58:06,twitter.com
2014-03-26 08:58:07,twitter.com
2014-03-26 08:58:08,justtherightbyte.com
2014-03-26 08:58:09,justtherightbyte.com
2014-03-26 08:58:09,platform.twitter.com
2014-03-26 08:58:09,66.147.244.57
2014-03-26 08:58:11,s.gravatar.com
2014-03-26 08:58:11,platform.twitter.com
2014-03-26 08:58:11,justtherightbyte.com
2014-03-26 08:58:12,platform.twitter.com
2014-03-26 08:58:24,platform.twitter.com
2014-03-26 08:58:25,pbs.twimg.com
2014-03-26 08:58:26,pbs.twimg.com
2014-03-26 08:58:54,pbs.twimg.com
2014-03-26 08:58:55,syndication.twitter.com
2014-03-26 08:58:55,pbs.twimg.com
2014-03-26 08:58:56,pbs.twimg.com
2014-03-26 08:58:56,twitter.com
2014-03-26 08:59:25,syndication.twitter.com
2014-03-26 08:59:30,platform.twitter.com
2014-03-26 09:00:28,clients1.google.fr
2014-03-26 09:00:35,www.google.fr
2014-03-26 09:00:37,ajax.googleapis.com
2014-03-26 09:00:37,syndication.twitter.com
2014-03-26 09:00:37,kindercarepediatrics.ca
2014-03-26 09:00:38,www.facebook.com
2014-03-26 09:00:38,ajax.googleapis.com
2014-03-26 09:00:38,kindercarepediatrics.ca
2014-03-26 09:00:39,platform.twitter.com
2014-03-26 09:00:39,kindercarepediatrics.ca
2014-03-26 09:00:40,apis.google.com
2014-03-26 09:00:40,s.gravatar.com
2014-03-26 09:00:40,kindercarepediatrics.ca
2014-03-26 09:00:40,s0.wp.com
2014-03-26 09:00:40,platform.linkedin.com
2014-03-26 09:00:40,twitter.com
2014-03-26 09:00:41,accounts.google.com
2014-03-26 09:00:41,s.gravatar.com
2014-03-26 09:00:41,www.linkedin.com
2014-03-26 09:00:41,kindercarepediatrics.ca
2014-03-26 09:00:41,apis.google.com
2014-03-26 09:00:42,kindercarepediatrics.ca
2014-03-26 09:00:42,pbs.twimg.com
2014-03-26 09:00:52,pbs.twimg.com
2014-03-26 09:00:52,clients1.google.fr
2014-03-26 09:00:52,www.linkedin.com
2014-03-26 09:00:56,www.google.fr
2014-03-26 09:00:57,platform.twitter.com
2014-03-26 09:00:57,twitter.com
2014-03-26 09:00:57,pbs.twimg.com
2014-03-26 09:00:57,www.shutterstock.com
2014-03-26 09:00:58,image.shutterstock.com
2014-03-26 09:00:58,thumb1.shutterstock.com
2014-03-26 09:00:58,d3cxv97fi8q177.cloudfront.net
2014-03-26 09:00:58,www.google.fr
2014-03-26 09:00:58,www.google.com
2014-03-26 09:00:58,thumb9.shutterstock.com
2014-03-26 09:00:58,www.shutterstock.com
2014-03-26 09:00:58,thumb7.shutterstock.com
2014-03-26 09:00:58,lilb2.shutterstock.com
2014-03-26 09:06:57,office14client.microsoft.com
2014-03-26 09:06:58,rr.office.microsoft.com
2014-03-26 09:06:58,api.bing.com
2014-03-26 09:06:59,integrate.factiva.com
2014-03-26 09:06:59,services.highbeam.com
2014-03-26 09:06:59,www.microsofttranslator.com
2014-03-26 09:06:59,www.worldlingo.com
2014-03-26 09:12:18,clients1.google.fr
2014-03-26 09:12:24,clients1.google.fr
2014-03-26 09:12:25,clients1.google.fr
2014-03-26 09:12:26,clients1.google.fr
2014-03-26 09:12:27,clients1.google.fr
2014-03-26 09:12:29,www.google.fr
2014-03-26 09:12:29,clients1.google.fr
2014-03-26 09:12:36,clients1.google.fr
2014-03-26 09:12:38,clients1.google.fr
2014-03-26 09:12:38,www.google.fr
2014-03-26 09:12:41,www.google.fr
2014-03-26 09:12:41,www.ac-nancy-metz.fr
2014-03-26 09:14:17,clients1.google.fr
2014-03-26 09:14:24,www.google.fr
2014-03-26 09:14:24,www.musculaction.com
2014-03-26 09:14:25,data0.eklablog.com
2014-03-26 09:14:25,www.musculaction.com
2014-03-26 09:14:35,clients1.google.fr
2014-03-26 09:27:18,clients1.google.fr
2014-03-26 09:27:24,clients1.google.fr
2014-03-26 09:27:24,www.google.fr
2014-03-26 09:27:31,www.google.fr
2014-03-26 09:27:31,www.mag-nutrition.com
2014-03-26 09:27:32,www.mag-nutrition.com
2014-03-26 09:27:32,www.google.com
2014-03-26 09:27:40,www.mag-nutrition.com
2014-03-26 09:27:49,www.mag-nutrition.com
2014-03-26 09:27:53,www.mag-nutrition.com
2014-03-26 09:33:43,clients1.google.fr
2014-03-26 09:33:51,clients1.google.fr
2014-03-26 09:33:52,clients1.google.fr
2014-03-26 09:33:53,clients1.google.fr
2014-03-26 09:34:02,clients1.google.fr
2014-03-26 09:34:06,www.google.fr
2014-03-26 09:34:06,clients1.google.fr
2014-03-26 09:34:09,www.google.fr
2014-03-26 09:34:22,clients1.google.fr
2014-03-26 09:34:26,static.canalblog.com
2014-03-26 09:34:26,ajax.googleapis.com
2014-03-26 09:34:26,passiiondeliice.canalblog.com
2014-03-26 09:34:26,www.google.fr
2014-03-26 09:34:27,apis.google.com
2014-03-26 09:34:27,passiiondeliice.canalblog.com
2014-03-26 09:34:27,p2.storage.canalblog.com
2014-03-26 09:34:27,connect.facebook.net
2014-03-26 09:34:27,www.canalblog.com
2014-03-26 09:34:27,www.facebook.com
2014-03-26 09:34:27,static.canalblog.com
2014-03-26 09:34:27,p8.storage.canalblog.com
2014-03-26 09:34:27,platform.twitter.com
2014-03-26 09:34:27,assets.pinterest.com
2014-03-26 09:34:28,accounts.google.com
2014-03-26 09:34:28,www.facebook.com
2014-03-26 09:34:28,s-static.ak.facebook.com
2014-03-26 09:34:28,static.canalblog.com
2014-03-26 09:34:28,platform.twitter.com
2014-03-26 09:34:28,storage.canalblog.com
2014-03-26 09:34:28,static.ak.facebook.com
2014-03-26 09:34:28,iqmhcs0lb2.s.ad6media.fr
2014-03-26 09:34:28,apis.google.com
2014-03-26 09:34:28,d1xnn692s7u6t6.cloudfront.net
2014-03-26 09:34:29,www.facebook.com
2014-03-26 09:34:29,www.beead.fr
2014-03-26 09:34:29,assets.pinterest.com
2014-03-26 09:34:29,www.ebz.io
2014-03-26 09:34:29,twitter.com
2014-03-26 09:34:29,www.amazon.com
2014-03-26 09:34:30,passets.pinterest.com
2014-03-26 09:34:30,www.amazon.com
2014-03-26 09:34:30,twitter.com
2014-03-26 09:34:30,widgets.pinterest.com
2014-03-26 09:34:31,images-na.ssl-images-amazon.com
2014-03-26 09:34:31,clients1.google.fr
2014-03-26 09:34:31,fls-na.amazon.com
2014-03-26 09:34:38,fls-na.amazon.com
2014-03-26 09:34:38,clients1.google.fr
2014-03-26 09:34:38,www.google.fr
2014-03-26 09:34:38,www.amazon.com
2014-03-26 09:34:39,www.google.fr
2014-03-26 09:34:39,clients1.google.fr
2014-03-26 09:34:47,www.google.fr
2014-03-26 09:34:50,www.hando.org
2014-03-26 09:34:51,www.hando.org
2014-03-26 09:34:52,www.hando.org
2014-03-26 09:34:53,www.hando.org
2014-03-26 09:34:59,clients1.google.fr
2014-03-26 09:35:02,clients1.google.fr
2014-03-26 09:35:03,clients1.google.fr
2014-03-26 09:35:04,clients1.google.fr
2014-03-26 09:35:05,clients1.google.fr
2014-03-26 09:35:06,www.google.fr
2014-03-26 09:35:06,clients1.google.fr
2014-03-26 09:35:08,platform.twitter.com
2014-03-26 09:35:08,html5shim.googlecode.com
2014-03-26 09:35:08,apis.google.com
2014-03-26 09:35:08,lifeandstyle.fr
2014-03-26 09:35:08,www.google.fr
2014-03-26 09:35:08,connect.facebook.net
2014-03-26 09:35:09,www.facebook.com
2014-03-26 09:35:09,1.gravatar.com
2014-03-26 09:35:09,lifeandstyle.fr
2014-03-26 09:35:10,platform.linkedin.com
2014-03-26 09:35:10,lifeandstyle.fr
2014-03-26 09:35:10,platform.twitter.com
2014-03-26 09:35:10,0.gravatar.com
2014-03-26 09:35:10,connect.facebook.net
2014-03-26 09:35:10,assets.pinterest.com
2014-03-26 09:35:10,1.gravatar.com
2014-03-26 09:35:10,apis.google.com
2014-03-26 09:35:11,lifeandstyle.fr
2014-03-26 09:35:11,www.facebook.com
2014-03-26 09:35:11,s-static.ak.facebook.com
2014-03-26 09:35:11,platform.linkedin.com
2014-03-26 09:35:11,static.ak.facebook.com
2014-03-26 09:35:11,accounts.google.com
2014-03-26 09:35:11,apis.google.com
2014-03-26 09:35:14,platform.twitter.com
2014-03-26 09:35:14,widgets.pinterest.com
2014-03-26 09:35:15,widgets.pinterest.com
2014-03-26 09:35:15,passets.pinterest.com
2014-03-26 09:35:15,www.facebook.com
2014-03-26 09:35:45,twitter.com
2014-03-26 10:00:16,www.bing.com
2014-03-26 10:00:16,www.linkedin.com
2014-03-26 10:00:17,www.bing.com
2014-03-26 10:00:18,cms.abmr.net
2014-03-26 10:00:18,www.bing.com
2014-03-26 10:00:19,www.bing.com
2014-03-26 10:00:19,login.live.com
2014-03-26 10:10:02,api.bing.com
2014-03-26 10:10:10,api.bing.com
2014-03-26 10:10:12,api.bing.com
2014-03-26 10:10:14,api.bing.com
2014-03-26 10:21:08,api.bing.com
2014-03-26 10:21:09,api.bing.com
2014-03-26 10:21:14,api.bing.com
2014-03-26 10:21:16,api.bing.com
2014-03-26 10:21:18,api.bing.com
2014-03-26 10:21:19,api.bing.com
2014-03-26 10:21:20,www.bing.com
2014-03-26 10:21:22,login.live.com
2014-03-26 10:21:22,www.bing.com
2014-03-26 10:21:24,www.bing.com
2014-03-26 10:21:26,www.bing.com
2014-03-26 10:21:26,ssl.bing.com
2014-03-26 10:21:27,www.bing.com
2014-03-26 10:21:29,www.bing.com
2014-03-26 10:21:30,www.bing.com
2014-03-26 10:21:31,www.bing.com
2014-03-26 10:21:31,login.live.com
2014-03-26 10:21:32,ts2.mm.bing.net
2014-03-26 10:21:32,ts1.mm.bing.net
2014-03-26 10:21:32,ts4.mm.bing.net
2014-03-26 10:21:32,www.bing.com
2014-03-26 10:21:32,ts3.mm.bing.net
2014-03-26 10:21:33,ts2.mm.bing.net
2014-03-26 10:21:33,ts3.mm.bing.net
2014-03-26 10:21:33,www.bing.com
2014-03-26 10:21:33,ts4.mm.bing.net
2014-03-26 10:21:33,ts1.mm.bing.net
2014-03-26 10:21:34,ts3.mm.bing.net
2014-03-26 10:21:34,ts1.mm.bing.net
2014-03-26 10:21:34,ts4.mm.bing.net
2014-03-26 10:21:34,www.bing.com
2014-03-26 10:21:34,ts2.mm.bing.net
2014-03-26 10:21:34,api.bing.com
2014-03-26 10:21:35,login.live.com
2014-03-26 10:21:35,www.bing.com
2014-03-26 10:21:36,www.bing.com
2014-03-26 10:21:37,www.bing.com
2014-03-26 10:21:37,ts4.mm.bing.net
2014-03-26 10:21:37,ts1.mm.bing.net
2014-03-26 10:21:37,ts3.mm.bing.net
2014-03-26 10:21:37,ssl.bing.com
2014-03-26 10:21:37,ts2.mm.bing.net
2014-03-26 10:21:38,ts1.mm.bing.net
2014-03-26 10:21:38,ts2.mm.bing.net
2014-03-26 10:21:38,ts3.mm.bing.net
2014-03-26 10:21:38,www.bing.com
2014-03-26 10:21:38,ts4.mm.bing.net
2014-03-26 10:21:43,ts4.mm.bing.net
2014-03-26 10:21:43,ts1.mm.bing.net
2014-03-26 10:21:43,ts3.mm.bing.net
2014-03-26 10:21:43,www.bing.com
2014-03-26 10:21:43,ts2.mm.bing.net
2014-03-26 10:21:44,ts2.mm.bing.net
2014-03-26 10:21:44,www.bing.com
2014-03-26 10:21:44,ts4.mm.bing.net
2014-03-26 10:21:44,ts3.mm.bing.net
2014-03-26 10:21:44,ts1.mm.bing.net
2014-03-26 10:21:45,ts2.mm.bing.net
2014-03-26 10:21:45,www.bing.com
2014-03-26 10:21:45,ts1.mm.bing.net
2014-03-26 10:21:45,ts4.mm.bing.net
2014-03-26 10:21:45,ts3.mm.bing.net
2014-03-26 10:21:46,www.bing.com
2014-03-26 10:21:46,ts4.mm.bing.net
2014-03-26 10:21:46,ssl.bing.com
2014-03-26 10:21:46,ts1.mm.bing.net
2014-03-26 10:21:46,ts3.mm.bing.net
2014-03-26 10:21:46,login.live.com
2014-03-26 10:21:46,ts2.mm.bing.net
2014-03-26 10:21:47,ts1.mm.bing.net
2014-03-26 10:21:47,ts4.mm.bing.net
2014-03-26 10:21:47,ts3.mm.bing.net
2014-03-26 10:21:47,api.bing.com
2014-03-26 10:21:47,www.bing.com
2014-03-26 10:21:47,ts2.mm.bing.net
2014-03-26 10:21:48,ts1.mm.bing.net
2014-03-26 10:21:48,ts2.mm.bing.net
2014-03-26 10:21:48,www.bing.com
2014-03-26 10:21:48,ts4.mm.bing.net
2014-03-26 10:21:48,ts3.mm.bing.net
2014-03-26 10:21:49,www.bing.com
2014-03-26 10:21:50,www.bing.com
2014-03-26 10:21:51,ts1.mm.bing.net
2014-03-26 10:21:51,www.bing.com
2014-03-26 10:21:53,www.bing.com
2014-03-26 10:21:54,ts1.mm.bing.net
2014-03-26 10:21:54,ts2.mm.bing.net
2014-03-26 10:21:54,ts4.mm.bing.net
2014-03-26 10:21:54,ts3.mm.bing.net
2014-03-26 10:21:54,www.bing.com
2014-03-26 10:21:55,ts3.mm.bing.net
2014-03-26 10:21:55,ts4.mm.bing.net
2014-03-26 10:21:55,ts1.mm.bing.net
2014-03-26 10:21:55,ts2.mm.bing.net
2014-03-26 10:21:55,www.bing.com
2014-03-26 10:21:56,ts1.mm.bing.net
2014-03-26 10:21:56,www.bing.com
2014-03-26 10:21:58,ts1.mm.bing.net
2014-03-26 10:21:59,www.bing.com
2014-03-26 10:21:59,ts1.mm.bing.net
2014-03-26 10:21:59,ts2.mm.bing.net
2014-03-26 10:21:59,ts4.mm.bing.net
2014-03-26 10:21:59,ts3.mm.bing.net
2014-03-26 10:22:00,ts2.mm.bing.net
2014-03-26 10:22:00,ts4.mm.bing.net
2014-03-26 10:22:00,ts3.mm.bing.net
2014-03-26 10:22:00,ts1.mm.bing.net
2014-03-26 10:22:00,www.bing.com
2014-03-26 10:22:06,ts2.mm.bing.net
2014-03-26 10:22:11,ts4.mm.bing.net
2014-03-26 10:22:11,ts1.mm.bing.net
2014-03-26 10:22:11,www.bing.com
2014-03-26 10:22:11,ts2.mm.bing.net
2014-03-26 10:22:11,ts3.mm.bing.net
2014-03-26 10:22:12,www.bing.com
2014-03-26 10:22:12,ts1.mm.bing.net
2014-03-26 10:22:12,ts4.mm.bing.net
2014-03-26 10:22:12,ts3.mm.bing.net
2014-03-26 10:22:12,ts2.mm.bing.net
2014-03-26 10:22:13,www.bing.com
2014-03-26 10:22:16,www.bing.com
2014-03-26 10:24:02,ts1.mm.bing.net
2014-03-26 10:24:03,ts1.mm.bing.net
2014-03-26 10:24:03,www.bing.com
2014-03-26 10:24:04,ts4.mm.bing.net
2014-03-26 10:24:04,ts2.mm.bing.net
2014-03-26 10:24:04,www.bing.com
2014-03-26 10:24:04,ts3.mm.bing.net
2014-03-26 10:24:04,ts1.mm.bing.net
2014-03-26 10:24:05,ts3.mm.bing.net
2014-03-26 10:24:05,ts4.mm.bing.net
2014-03-26 10:24:05,ts1.mm.bing.net
2014-03-26 10:24:05,www.bing.com
2014-03-26 10:24:05,ts2.mm.bing.net
2014-03-26 10:24:06,www.bing.com
2014-03-26 10:24:06,ts1.mm.bing.net
2014-03-26 10:24:06,ts2.mm.bing.net
2014-03-26 10:24:06,ts3.mm.bing.net
2014-03-26 10:24:07,ts4.mm.bing.net
2014-03-26 10:24:07,ts2.mm.bing.net
2014-03-26 10:24:07,ts3.mm.bing.net
2014-03-26 10:24:07,ts1.mm.bing.net
2014-03-26 10:24:07,www.bing.com
2014-03-26 10:24:08,ts1.mm.bing.net
2014-03-26 10:24:08,ts3.mm.bing.net
2014-03-26 10:24:09,ts1.mm.bing.net
2014-03-26 10:24:10,www.bing.com
2014-03-26 10:24:12,www.bing.com
2014-03-26 10:24:15,www.bing.com
2014-03-26 10:24:16,www.bing.com
2014-03-26 10:24:16,ts1.mm.bing.net
2014-03-26 10:24:17,www.bing.com
2014-03-26 10:24:18,api.bing.com
2014-03-26 10:24:20,api.bing.com
2014-03-26 10:24:21,api.bing.com
2014-03-26 10:24:23,api.bing.com
2014-03-26 10:24:24,api.bing.com
2014-03-26 10:24:25,ts2.mm.bing.net
2014-03-26 10:24:25,ts3.mm.bing.net
2014-03-26 10:24:25,ts4.mm.bing.net
2014-03-26 10:24:25,ts1.mm.bing.net
2014-03-26 10:24:25,www.bing.com
2014-03-26 10:24:26,api.bing.com
2014-03-26 10:24:26,ts1.mm.bing.net
2014-03-26 10:24:26,ts4.mm.bing.net
2014-03-26 10:24:26,ts3.mm.bing.net
2014-03-26 10:24:26,ts2.mm.bing.net
2014-03-26 10:24:26,www.bing.com
2014-03-26 10:24:27,www.bing.com
2014-03-26 10:24:27,ts2.mm.bing.net
2014-03-26 10:24:27,ts1.mm.bing.net
2014-03-26 10:24:27,ts4.mm.bing.net
2014-03-26 10:24:27,ts3.mm.bing.net
2014-03-26 10:24:28,www.bing.com
2014-03-26 10:24:28,ts1.mm.bing.net
2014-03-26 10:24:28,ts2.mm.bing.net
2014-03-26 10:24:28,ts3.mm.bing.net
2014-03-26 10:24:29,login.live.com
2014-03-26 10:24:29,ts1.mm.bing.net
2014-03-26 10:24:29,www.bing.com
2014-03-26 10:24:31,www.bing.com
2014-03-26 10:24:32,www.bing.com
2014-03-26 10:24:32,ts1.mm.bing.net
2014-03-26 10:24:34,ts1.mm.bing.net
2014-03-26 10:24:34,www.bing.com
2014-03-26 10:24:36,www.bing.com
2014-03-26 10:24:39,www.bing.com
2014-03-26 10:25:06,www.bing.com
2014-03-26 10:25:06,ts1.mm.bing.net
2014-03-26 10:25:07,www.bing.com
2014-03-26 10:25:07,ts1.mm.bing.net
2014-03-26 10:25:08,www.bing.com
2014-03-26 10:25:09,www.bing.com
2014-03-26 10:25:09,ts1.mm.bing.net
2014-03-26 10:25:10,www.bing.com
2014-03-26 10:25:11,www.bing.com
2014-03-26 10:25:12,www.bing.com
2014-03-26 10:25:13,www.bing.com
2014-03-26 10:25:13,ts1.mm.bing.net
2014-03-26 10:25:15,ts1.mm.bing.net
2014-03-26 10:25:15,www.bing.com
2014-03-26 10:25:16,ts1.mm.bing.net
2014-03-26 10:25:16,www.bing.com
2014-03-26 10:25:17,ts1.mm.bing.net
2014-03-26 10:25:19,www.bing.com
2014-03-26 10:25:20,api.bing.com
2014-03-26 10:25:21,api.bing.com
2014-03-26 10:25:22,api.bing.com
2014-03-26 10:25:22,www.bing.com
2014-03-26 10:25:22,ts1.mm.bing.net
2014-03-26 10:25:22,ts4.mm.bing.net
2014-03-26 10:25:22,ssl.bing.com
2014-03-26 10:25:22,ts2.mm.bing.net
2014-03-26 10:25:22,ts3.mm.bing.net
2014-03-26 10:25:23,ts1.mm.bing.net
2014-03-26 10:25:23,www.bing.com
2014-03-26 10:25:23,ts4.mm.bing.net
2014-03-26 10:25:23,ts2.mm.bing.net
2014-03-26 10:25:23,ts3.mm.bing.net
2014-03-26 10:25:24,ts1.mm.bing.net
2014-03-26 10:25:24,ts2.mm.bing.net
2014-03-26 10:25:24,www.bing.com
2014-03-26 10:25:24,ts3.mm.bing.net
2014-03-26 10:25:24,ts4.mm.bing.net
2014-03-26 10:25:26,ts1.mm.bing.net
2014-03-26 10:25:26,ts4.mm.bing.net
2014-03-26 10:25:26,ts3.mm.bing.net
2014-03-26 10:25:26,ts2.mm.bing.net
2014-03-26 10:25:27,ts3.mm.bing.net
2014-03-26 10:25:27,ts2.mm.bing.net
2014-03-26 10:25:27,login.live.com
2014-03-26 10:25:27,www.bing.com
2014-03-26 10:25:27,api.bing.com
2014-03-26 10:25:27,ts1.mm.bing.net
2014-03-26 10:25:27,ts4.mm.bing.net
2014-03-26 10:25:28,www.bing.com
2014-03-26 10:25:28,ts1.mm.bing.net
2014-03-26 10:25:30,www.bing.com
2014-03-26 10:25:30,ts1.mm.bing.net
2014-03-26 10:25:30,ssl.bing.com
2014-03-26 10:25:31,www.bing.com
2014-03-26 10:25:31,ts1.mm.bing.net
2014-03-26 10:25:32,ts1.mm.bing.net
2014-03-26 10:25:32,www.bing.com
2014-03-26 10:25:34,www.bing.com
2014-03-26 10:25:34,ts1.mm.bing.net
2014-03-26 10:25:36,www.bing.com
2014-03-26 10:25:38,ts1.mm.bing.net
2014-03-26 10:25:38,www.bing.com
2014-03-26 10:26:55,api.bing.com
2014-03-26 10:26:56,api.bing.com
2014-03-26 10:26:57,api.bing.com
2014-03-26 10:26:59,api.bing.com
2014-03-26 10:27:02,api.bing.com
2014-03-26 10:27:03,api.bing.com
2014-03-26 10:27:04,api.bing.com
2014-03-26 10:27:05,api.bing.com
2014-03-26 10:27:05,www.bing.com
2014-03-26 10:27:06,ts2.mm.bing.net
2014-03-26 10:27:06,www.bing.com
2014-03-26 10:27:06,ts3.mm.bing.net
2014-03-26 10:27:06,ts4.mm.bing.net
2014-03-26 10:27:07,ts1.mm.bing.net
2014-03-26 10:27:07,ts4.mm.bing.net
2014-03-26 10:27:07,ts3.mm.bing.net
2014-03-26 10:27:07,ts2.mm.bing.net
2014-03-26 10:27:07,www.bing.com
2014-03-26 10:27:08,ts3.mm.bing.net
2014-03-26 10:27:08,www.bing.com
2014-03-26 10:27:08,ts2.mm.bing.net
2014-03-26 10:27:08,ts1.mm.bing.net
2014-03-26 10:27:08,ts4.mm.bing.net
2014-03-26 10:27:09,ts1.mm.bing.net
2014-03-26 10:27:09,ts4.mm.bing.net
2014-03-26 10:27:09,ts3.mm.bing.net
2014-03-26 10:27:09,ts2.mm.bing.net
2014-03-26 10:27:10,ssl.bing.com
2014-03-26 10:27:10,www.bing.com
2014-03-26 10:27:10,login.live.com
2014-03-26 10:27:10,ts4.mm.bing.net
2014-03-26 10:27:10,ts1.mm.bing.net
2014-03-26 10:27:10,ts3.mm.bing.net
2014-03-26 10:27:10,ts2.mm.bing.net
2014-03-26 10:27:11,www.bing.com
2014-03-26 10:27:11,ts1.mm.bing.net
2014-03-26 10:27:11,api.bing.com
2014-03-26 10:27:11,ts4.mm.bing.net
2014-03-26 10:27:11,ts3.mm.bing.net
2014-03-26 10:27:11,ts2.mm.bing.net
2014-03-26 10:27:12,www.bing.com
2014-03-26 10:27:29,www.bing.com
2014-03-26 10:27:30,www.bing.com
2014-03-26 10:27:30,ts1.mm.bing.net
2014-03-26 10:27:59,ts1.mm.bing.net
2014-03-26 10:28:00,www.bing.com
2014-03-26 10:28:00,ts1.mm.bing.net
2014-03-26 10:28:02,www.bing.com
2014-03-26 10:28:03,ts1.mm.bing.net
2014-03-26 10:28:03,www.bing.com
2014-03-26 10:28:04,www.bing.com
2014-03-26 10:28:05,www.bing.com
2014-03-26 10:28:05,ts1.mm.bing.net
2014-03-26 10:28:09,ts1.mm.bing.net
2014-03-26 10:28:10,www.bing.com
2014-03-26 10:28:10,ts1.mm.bing.net
2014-03-26 10:28:11,ts1.mm.bing.net
2014-03-26 10:28:11,www.bing.com
2014-03-26 10:28:12,ts1.mm.bing.net
2014-03-26 10:28:12,www.bing.com
2014-03-26 10:28:13,www.bing.com
2014-03-26 10:28:14,www.bing.com
2014-03-26 10:28:14,ts1.mm.bing.net
2014-03-26 10:28:15,ts2.mm.bing.net
2014-03-26 10:28:15,ts4.mm.bing.net
2014-03-26 10:28:15,ts3.mm.bing.net
2014-03-26 10:28:15,ts1.mm.bing.net
2014-03-26 10:28:15,www.bing.com
2014-03-26 10:28:16,www.bing.com
2014-03-26 10:28:16,ts4.mm.bing.net
2014-03-26 10:28:16,ts3.mm.bing.net
2014-03-26 10:28:16,ts2.mm.bing.net
2014-03-26 10:28:16,ts1.mm.bing.net
2014-03-26 10:28:17,ts2.mm.bing.net
2014-03-26 10:28:17,ts1.mm.bing.net
2014-03-26 10:28:17,www.bing.com
2014-03-26 10:28:18,www.bing.com
2014-03-26 10:28:19,www.bing.com
2014-03-26 10:28:19,ts1.mm.bing.net
2014-03-26 10:28:24,www.bing.com
2014-03-26 10:28:25,www.bing.com
2014-03-26 10:28:25,ts1.mm.bing.net
2014-03-26 10:28:27,www.bing.com
2014-03-26 10:28:29,www.bing.com
2014-03-26 10:28:54,www.bing.com
2014-03-26 10:28:56,www.bing.com
2014-03-26 10:28:57,ts1.mm.bing.net
2014-03-26 10:28:57,www.bing.com
2014-03-26 10:28:59,www.bing.com
2014-03-26 10:29:01,www.bing.com
2014-03-26 10:29:03,www.bing.com
2014-03-26 10:29:06,www.bing.com
2014-03-26 10:29:11,ts1.mm.bing.net
2014-03-26 10:29:12,www.bing.com
2014-03-26 10:29:14,www.bing.com
2014-03-26 10:29:15,www.bing.com
2014-03-26 10:29:18,www.bing.com
2014-03-26 10:29:19,www.bing.com
2014-03-26 10:29:21,www.bing.com
2014-03-26 10:29:24,www.bing.com
2014-03-26 10:29:41,www.bing.com
2014-03-26 10:29:43,www.bing.com
2014-03-26 10:29:46,www.bing.com
2014-03-26 10:29:47,ts1.mm.bing.net
2014-03-26 10:29:47,www.bing.com
2014-03-26 10:29:56,ts1.mm.bing.net
2014-03-26 10:29:56,www.bing.com
2014-03-26 10:29:57,www.bing.com
2014-03-26 10:29:58,www.bing.com
2014-03-26 10:30:00,www.bing.com
2014-03-26 10:30:02,www.bing.com
2014-03-26 10:30:03,www.bing.com
2014-03-26 10:30:04,ts1.mm.bing.net
2014-03-26 10:30:04,www.bing.com
2014-03-26 10:30:06,www.bing.com
2014-03-26 10:30:07,www.bing.com
2014-03-26 10:30:09,www.bing.com
2014-03-26 10:30:09,ts1.mm.bing.net
2014-03-26 10:30:10,www.bing.com
2014-03-26 10:30:18,www.bing.com
2014-03-26 10:30:18,ts1.mm.bing.net
2014-03-26 10:30:19,ts1.mm.bing.net
2014-03-26 10:30:19,www.bing.com
2014-03-26 10:30:30,ts1.mm.bing.net
2014-03-26 10:30:37,www.bing.com
2014-03-26 10:30:51,www.bing.com
2014-03-26 10:30:52,www.bing.com
2014-03-26 10:30:52,media.meltyxtrem.fr
2014-03-26 10:30:52,ts4.mm.bing.net
2014-03-26 10:30:52,ssheltonimages.com
2014-03-26 10:30:54,www.adventurerocket.com
2014-03-26 10:30:58,ts1.mm.bing.net
2014-03-26 10:30:59,media.meltyxtrem.fr
2014-03-26 10:30:59,www.bing.com
2014-03-26 10:30:59,ts3.mm.bing.net
2014-03-26 10:30:59,ssheltonimages.com
2014-03-26 10:30:59,indianprairiecommunity.org
2014-03-26 10:30:59,3.bp.blogspot.com
2014-03-26 10:31:00,millionstarhotel.com
2014-03-26 10:31:00,www.thecouchsessions.com
2014-03-26 10:31:00,abstractcube.files.wordpress.com
2014-03-26 10:31:00,ts1.mm.bing.net
2014-03-26 10:31:01,ts1.mm.bing.net
2014-03-26 10:31:01,www.bing.com
2014-03-26 10:31:05,ts1.mm.bing.net
2014-03-26 10:32:11,www.bing.com
2014-03-26 10:32:12,api.bing.com
2014-03-26 10:32:14,www.bing.com
2014-03-26 10:32:15,www.bing.com
2014-03-26 10:32:16,www.bing.com
2014-03-26 10:32:19,www.bing.com
2014-03-26 10:32:20,www.bing.com
2014-03-26 10:32:22,www.bing.com
2014-03-26 10:32:23,www.bing.com
2014-03-26 10:32:24,www.bing.com
2014-03-26 10:32:25,www.bing.com
2014-03-26 10:32:25,ts1.mm.bing.net
2014-03-26 10:32:26,ts1.mm.bing.net
2014-03-26 10:32:26,www.bing.com
2014-03-26 10:32:26,ts2.mm.bing.net
2014-03-26 10:32:26,ts3.mm.bing.net
2014-03-26 10:32:26,ts4.mm.bing.net
2014-03-26 10:32:27,ts2.mm.bing.net
2014-03-26 10:32:27,ts4.mm.bing.net
2014-03-26 10:32:27,ts3.mm.bing.net
2014-03-26 10:32:27,ts1.mm.bing.net
2014-03-26 10:32:27,www.bing.com
2014-03-26 10:32:28,ts1.mm.bing.net
2014-03-26 10:32:28,www.bing.com
2014-03-26 10:32:30,www.bing.com
2014-03-26 10:32:30,ts1.mm.bing.net
2014-03-26 10:32:31,www.bing.com
2014-03-26 10:32:31,ts3.mm.bing.net
2014-03-26 10:32:31,ts4.mm.bing.net
2014-03-26 10:32:31,ts1.mm.bing.net
2014-03-26 10:32:31,ts2.mm.bing.net
2014-03-26 10:32:32,www.bing.com
2014-03-26 10:32:32,ts2.mm.bing.net
2014-03-26 10:32:32,ts1.mm.bing.net
2014-03-26 10:32:32,ts4.mm.bing.net
2014-03-26 10:32:32,ts3.mm.bing.net
2014-03-26 10:32:33,ts3.mm.bing.net
2014-03-26 10:32:34,ts1.mm.bing.net
2014-03-26 10:32:34,www.bing.com
2014-03-26 10:32:35,www.bing.com
2014-03-26 10:32:35,ts1.mm.bing.net
2014-03-26 10:32:36,www.bing.com
2014-03-26 10:32:36,ts1.mm.bing.net
2014-03-26 10:32:37,ts1.mm.bing.net
2014-03-26 10:32:39,api.bing.com
2014-03-26 10:32:40,ts1.mm.bing.net
2014-03-26 10:32:40,ts4.mm.bing.net
2014-03-26 10:32:40,www.bing.com
2014-03-26 10:32:40,api.bing.com
2014-03-26 10:32:41,ts3.mm.bing.net
2014-03-26 10:32:41,ts2.mm.bing.net
2014-03-26 10:32:41,ts1.mm.bing.net
2014-03-26 10:32:41,www.bing.com
2014-03-26 10:32:41,ts4.mm.bing.net
2014-03-26 10:32:42,ts2.mm.bing.net
2014-03-26 10:32:42,ts4.mm.bing.net
2014-03-26 10:32:42,ts3.mm.bing.net
2014-03-26 10:32:42,www.bing.com
2014-03-26 10:32:42,ts1.mm.bing.net
2014-03-26 10:32:43,ts3.mm.bing.net
2014-03-26 10:32:43,ts2.mm.bing.net
2014-03-26 10:32:43,ts4.mm.bing.net
2014-03-26 10:32:43,ts1.mm.bing.net
2014-03-26 10:32:44,login.live.com
2014-03-26 10:32:44,ts2.mm.bing.net
2014-03-26 10:32:44,ts1.mm.bing.net
2014-03-26 10:32:44,ts4.mm.bing.net
2014-03-26 10:32:44,www.bing.com
2014-03-26 10:32:44,ts3.mm.bing.net
2014-03-26 10:32:44,api.bing.com
2014-03-26 10:32:45,www.bing.com
2014-03-26 10:32:45,ts1.mm.bing.net
2014-03-26 10:32:47,www.bing.com
2014-03-26 10:32:47,ts1.mm.bing.net
2014-03-26 10:32:48,www.bing.com
2014-03-26 10:32:49,ts1.mm.bing.net
2014-03-26 10:32:49,www.bing.com
2014-03-26 10:32:50,ssl.bing.com
2014-03-26 10:32:50,www.bing.com
2014-03-26 10:32:50,ts1.mm.bing.net
2014-03-26 10:32:50,ts2.mm.bing.net
2014-03-26 10:32:51,ts1.mm.bing.net
2014-03-26 10:32:51,ts3.mm.bing.net
2014-03-26 10:32:51,ts4.mm.bing.net
2014-03-26 10:32:51,ts2.mm.bing.net
2014-03-26 10:32:51,www.bing.com
2014-03-26 10:32:52,ts2.mm.bing.net
2014-03-26 10:32:52,ts3.mm.bing.net
2014-03-26 10:32:52,ts1.mm.bing.net
2014-03-26 10:32:52,www.bing.com
2014-03-26 10:32:53,ts1.mm.bing.net
2014-03-26 10:32:53,www.bing.com
2014-03-26 10:32:54,www.bing.com
2014-03-26 10:32:54,ts1.mm.bing.net
2014-03-26 10:32:56,www.bing.com
2014-03-26 10:32:57,www.bing.com
2014-03-26 10:32:57,ts1.mm.bing.net
2014-03-26 10:32:59,www.bing.com
2014-03-26 10:32:59,ts1.mm.bing.net
2014-03-26 10:33:00,ts1.mm.bing.net
2014-03-26 10:33:00,www.bing.com
2014-03-26 10:33:01,www.bing.com
2014-03-26 10:33:02,ts3.mm.bing.net
2014-03-26 10:33:02,ts2.mm.bing.net
2014-03-26 10:33:02,ts4.mm.bing.net
2014-03-26 10:33:02,ts1.mm.bing.net
2014-03-26 10:33:03,ts3.mm.bing.net
2014-03-26 10:33:03,ts1.mm.bing.net
2014-03-26 10:33:03,ts2.mm.bing.net
2014-03-26 10:33:03,www.bing.com
2014-03-26 10:33:04,ts1.mm.bing.net
2014-03-26 10:33:04,www.bing.com
2014-03-26 10:33:06,www.bing.com
2014-03-26 10:33:09,www.bing.com
2014-03-26 10:33:13,ts1.mm.bing.net
2014-03-26 10:33:14,www.bing.com
2014-03-26 10:33:15,ts1.mm.bing.net
2014-03-26 10:33:21,ts1.mm.bing.net
2014-03-26 10:33:22,www.bing.com
2014-03-26 10:33:22,ts1.mm.bing.net
2014-03-26 10:33:28,www.bing.com
2014-03-26 10:33:29,www.bing.com
2014-03-26 10:33:29,ts1.mm.bing.net
2014-03-26 10:34:04,www.bing.com
2014-03-26 10:34:05,ts1.mm.bing.net
2014-03-26 10:34:06,ts1.mm.bing.net
2014-03-26 10:34:07,api.bing.com
2014-03-26 10:34:08,api.bing.com
2014-03-26 10:34:09,api.bing.com
2014-03-26 10:34:10,api.bing.com
2014-03-26 10:34:20,api.bing.com
2014-03-26 10:34:21,api.bing.com
2014-03-26 10:34:22,api.bing.com
2014-03-26 10:34:23,api.bing.com
2014-03-26 10:34:24,api.bing.com
2014-03-26 10:34:25,api.bing.com
2014-03-26 10:34:25,www.bing.com
2014-03-26 10:34:25,ts4.mm.bing.net
2014-03-26 10:34:25,ts3.mm.bing.net
2014-03-26 10:34:25,ts2.mm.bing.net
2014-03-26 10:34:26,ts3.mm.bing.net
2014-03-26 10:34:26,ts1.mm.bing.net
2014-03-26 10:34:26,www.bing.com
2014-03-26 10:34:26,ts2.mm.bing.net
2014-03-26 10:34:26,ts4.mm.bing.net
2014-03-26 10:34:27,api.bing.com
2014-03-26 10:34:27,ts2.mm.bing.net
2014-03-26 10:34:27,ts3.mm.bing.net
2014-03-26 10:34:27,ts1.mm.bing.net
2014-03-26 10:34:27,www.bing.com
2014-03-26 10:34:27,ts4.mm.bing.net
2014-03-26 10:34:28,ts2.mm.bing.net
2014-03-26 10:34:28,ts3.mm.bing.net
2014-03-26 10:34:28,www.bing.com
2014-03-26 10:34:28,ts4.mm.bing.net
2014-03-26 10:34:28,ts1.mm.bing.net
2014-03-26 10:34:29,ts1.mm.bing.net
2014-03-26 10:34:29,ts4.mm.bing.net
2014-03-26 10:34:29,ts2.mm.bing.net
2014-03-26 10:34:29,ts3.mm.bing.net
2014-03-26 10:34:29,www.bing.com
2014-03-26 10:34:29,api.bing.com
2014-03-26 10:34:30,ts2.mm.bing.net
2014-03-26 10:34:30,ts1.mm.bing.net
2014-03-26 10:34:30,ts4.mm.bing.net
2014-03-26 10:34:30,ts3.mm.bing.net
2014-03-26 10:34:31,ts4.mm.bing.net
2014-03-26 10:34:31,login.live.com
2014-03-26 10:34:31,ts1.mm.bing.net
2014-03-26 10:34:31,ts2.mm.bing.net
2014-03-26 10:34:31,www.bing.com
2014-03-26 10:34:32,www.bing.com
2014-03-26 10:34:35,www.bing.com
2014-03-26 10:34:35,ts1.mm.bing.net
2014-03-26 10:34:35,ssl.bing.com
2014-03-26 10:34:36,ts1.mm.bing.net
2014-03-26 10:34:36,www.bing.com
2014-03-26 10:35:00,ts1.mm.bing.net
2014-03-26 10:35:01,www.bing.com
2014-03-26 10:35:02,www.bing.com
2014-03-26 10:35:02,ts1.mm.bing.net
2014-03-26 10:35:03,www.bing.com
2014-03-26 10:35:18,ts1.mm.bing.net
2014-03-26 10:39:08,www.bing.com
2014-03-26 10:39:08,ts1.mm.bing.net
2014-03-26 10:39:09,ts1.mm.bing.net
2014-03-26 10:39:09,www.bing.com
2014-03-26 10:39:10,api.bing.com
2014-03-26 10:39:12,api.bing.com
2014-03-26 10:39:13,api.bing.com
2014-03-26 10:39:14,api.bing.com
2014-03-26 10:39:15,api.bing.com
2014-03-26 10:39:15,www.bing.com
2014-03-26 10:39:16,api.bing.com
2014-03-26 10:39:17,api.bing.com
2014-03-26 10:39:18,api.bing.com
2014-03-26 10:39:19,api.bing.com
2014-03-26 10:39:19,www.bing.com
2014-03-26 10:39:20,ts4.mm.bing.net
2014-03-26 10:39:20,www.bing.com
2014-03-26 10:39:20,ts1.mm.bing.net
2014-03-26 10:39:20,ts2.mm.bing.net
2014-03-26 10:39:20,ts3.mm.bing.net
2014-03-26 10:39:20,api.bing.com
2014-03-26 10:39:21,ts1.mm.bing.net
2014-03-26 10:39:21,ts2.mm.bing.net
2014-03-26 10:39:21,www.bing.com
2014-03-26 10:39:21,ts4.mm.bing.net
2014-03-26 10:39:22,ts4.mm.bing.net
2014-03-26 10:39:22,ts2.mm.bing.net
2014-03-26 10:39:22,ts1.mm.bing.net
2014-03-26 10:39:22,www.bing.com
2014-03-26 10:39:22,ts3.mm.bing.net
2014-03-26 10:39:23,www.bing.com
2014-03-26 10:39:23,login.live.com
2014-03-26 10:39:25,ts1.mm.bing.net
2014-03-26 10:39:26,ts1.mm.bing.net
2014-03-26 10:39:32,www.bing.com
2014-03-26 10:40:07,www.bing.com
2014-03-26 10:40:07,ts3.mm.bing.net
2014-03-26 10:40:09,www.bing.com
2014-03-26 10:40:27,ssl.bing.com
2014-03-26 10:40:42,www.bing.com
2014-03-26 10:40:43,www.bing.com
2014-03-26 10:40:44,www.bing.com
2014-03-26 10:40:45,www.bing.com
2014-03-26 10:40:48,www.bing.com
2014-03-26 10:40:54,www.bing.com
2014-03-26 10:40:55,www.bing.com
2014-03-26 10:40:57,www.bing.com
2014-03-26 10:49:53,www.bing.com
2014-03-26 10:49:53,ts2.mm.bing.net
2014-03-26 10:49:53,ts4.mm.bing.net
2014-03-26 10:49:53,ts3.mm.bing.net
2014-03-26 10:49:53,ts1.mm.bing.net
2014-03-26 10:49:55,ts1.mm.bing.net
2014-03-26 10:49:55,www.bing.com
2014-03-26 10:49:55,ts4.mm.bing.net
2014-03-26 10:49:55,ts2.mm.bing.net
2014-03-26 10:49:56,www.bing.com
2014-03-26 10:49:56,ts3.mm.bing.net
2014-03-26 10:49:56,ts2.mm.bing.net
2014-03-26 10:49:56,ts4.mm.bing.net
2014-03-26 10:49:56,ts1.mm.bing.net
2014-03-26 10:50:33,ts1.mm.bing.net
2014-03-26 10:50:34,ts1.mm.bing.net
2014-03-26 10:50:34,www.bing.com
2014-03-26 10:50:35,www.bing.com
2014-03-26 10:50:35,ts1.mm.bing.net
2014-03-26 10:50:36,www.bing.com
2014-03-26 10:50:36,ts1.mm.bing.net
2014-03-26 10:50:37,indianprairiecommunity.org
2014-03-26 10:50:37,ts4.mm.bing.net
2014-03-26 10:50:37,www.bing.com
2014-03-26 10:50:37,bloggeritis.com
2014-03-26 10:50:38,ssheltonimages.com
2014-03-26 10:50:39,www.adventurerocket.com
2014-03-26 10:50:39,ts1.mm.bing.net
2014-03-26 10:50:40,www.worldfortravel.com
2014-03-26 10:50:40,www.bing.com
2014-03-26 10:50:40,www.adventurerocket.com
2014-03-26 10:50:40,ts4.mm.bing.net
2014-03-26 10:50:40,ts2.mm.bing.net
2014-03-26 10:50:40,indianprairiecommunity.org
2014-03-26 10:50:41,media.meltyxtrem.fr
2014-03-26 10:50:41,ts1.mm.bing.net
2014-03-26 10:50:41,www.theholidaystravel.com
2014-03-26 10:50:41,www.bing.com
2014-03-26 10:50:41,www.adventurerocket.com
2014-03-26 10:50:44,media.meltyxtrem.fr
2014-03-26 10:50:44,www.bing.com
2014-03-26 10:50:45,www.bing.com
2014-03-26 10:50:45,ts1.mm.bing.net
2014-03-26 10:50:46,zipbox.com.br
2014-03-26 10:50:46,www.adventurerocket.com
2014-03-26 10:50:46,ts1.mm.bing.net
2014-03-26 10:50:46,media.meltyxtrem.fr
2014-03-26 10:50:47,www.adventurerocket.com
2014-03-26 10:50:47,www.bing.com
2014-03-26 10:50:49,www.bing.com
2014-03-26 10:50:50,ts1.mm.bing.net
2014-03-26 10:50:50,i1.ytimg.com
2014-03-26 10:50:50,www.bing.com
2014-03-26 10:50:51,ts1.mm.bing.net
2014-03-26 10:50:51,www.adventurerocket.com
2014-03-26 10:50:51,s.mcstatic.com
2014-03-26 10:50:52,ts1.mm.bing.net
2014-03-26 10:50:52,www.bing.com
2014-03-26 10:50:53,www.ekstremalne.pl
2014-03-26 10:50:53,www.bing.com
2014-03-26 10:50:56,s.wat.tv
2014-03-26 10:50:56,wordlesstech.com
2014-03-26 10:50:57,www.adventurerocket.com
2014-03-26 10:50:57,ssheltonimages.com
2014-03-26 10:50:57,media.meltyxtrem.fr
2014-03-26 10:50:57,ts1.mm.bing.net
2014-03-26 10:50:57,api.ning.com
2014-03-26 10:50:57,www.bing.com
2014-03-26 10:50:57,ts4.mm.bing.net
2014-03-26 10:50:59,www.bing.com
2014-03-26 10:51:00,www.bing.com
2014-03-26 10:51:00,ts1.mm.bing.net
2014-03-26 10:51:02,www.bing.com
2014-03-26 10:51:02,ts1.mm.bing.net
2014-03-26 10:51:04,www.bing.com
2014-03-26 10:51:05,www.bing.com
2014-03-26 11:23:37,www.bing.com
2014-03-26 11:23:39,fr.youtube.com
2014-03-26 11:23:39,www.bing.com
2014-03-26 11:23:39,s.ytimg.com
2014-03-26 11:23:39,login.live.com
2014-03-26 11:23:40,i1.ytimg.com
2014-03-26 11:23:40,www.youtube.com
2014-03-26 11:23:40,s.ytimg.com
2014-03-26 11:23:41,yt3.ggpht.com
2014-03-26 11:23:41,i1.ytimg.com
2014-03-26 11:23:41,s.ytimg.com
2014-03-26 11:23:42,s.ytimg.com
2014-03-26 11:23:42,i1.ytimg.com
2014-03-26 11:23:42,yt3.ggpht.com
2014-03-26 11:23:42,apis.google.com
2014-03-26 11:23:43,www.youtube.com
2014-03-26 11:23:43,s.ytimg.com
2014-03-26 11:23:43,apis.google.com
2014-03-26 11:23:43,accounts.google.com
2014-03-26 11:23:44,fpdownload2.macromedia.com
2014-03-26 11:23:44,i4.ytimg.com
2014-03-26 11:23:44,accounts.google.com
2014-03-26 11:23:44,yt3.ggpht.com
2014-03-26 11:23:44,apis.google.com
2014-03-26 11:23:45,clients1.google.com
2014-03-26 11:23:46,clients1.google.com
2014-03-26 11:23:47,clients1.google.com
2014-03-26 11:23:48,clients1.google.com
2014-03-26 11:23:49,clients1.google.com
2014-03-26 11:23:50,clients1.google.com
2014-03-26 11:23:51,clients1.google.com
2014-03-26 11:23:52,s.ytimg.com
2014-03-26 11:23:52,www.google.com
2014-03-26 11:23:53,www.youtube.com
2014-03-26 11:23:53,i1.ytimg.com
2014-03-26 11:23:53,s.ytimg.com
2014-03-26 11:23:53,apis.google.com
2014-03-26 11:23:55,i1.ytimg.com
2014-03-26 11:23:55,www.groupon.fr
2014-03-26 11:23:55,yt3.ggpht.com
2014-03-26 11:23:56,s.ytimg.com
2014-03-26 11:24:04,s.ytimg.com
2014-03-26 11:24:04,www.youtube.com
2014-03-26 11:24:04,www.youtube-nocookie.com
2014-03-26 11:24:04,yt3.ggpht.com
2014-03-26 11:24:05,i1.ytimg.com
2014-03-26 11:24:05,s.ytimg.com
2014-03-26 11:24:05,s.youtube.com
2014-03-26 11:24:05,www.google.com
2014-03-26 11:24:05,apis.google.com
2014-03-26 11:24:06,www.youtube.com
2014-03-26 11:24:06,plus.googleapis.com
2014-03-26 11:24:07,apis.google.com
2014-03-26 11:24:07,plus.googleapis.com
2014-03-26 11:24:07,i1.ytimg.com
2014-03-26 11:24:07,www.youtube.com
2014-03-26 11:24:08,i1.ytimg.com
2014-03-26 11:24:08,www.youtube.com
2014-03-26 11:24:12,i1.ytimg.com
2014-03-26 11:24:13,yt3.ggpht.com
2014-03-26 11:24:17,plus.googleapis.com
2014-03-26 11:24:26,plus.googleapis.com
2014-03-26 11:24:27,www.youtube.com
2014-03-26 11:24:28,s.youtube.com
2014-03-26 11:24:28,www.google.com
2014-03-26 11:24:28,www.youtube.com
2014-03-26 11:24:32,s.youtube.com
2014-03-26 11:24:36,s.youtube.com
2014-03-26 11:24:37,s.youtube.com
2014-03-26 11:24:46,s.youtube.com
2014-03-26 11:24:56,s.youtube.com
2014-03-26 11:25:02,s.youtube.com
2014-03-26 11:25:07,s.youtube.com
2014-03-26 11:25:30,i1.ytimg.com
2014-03-26 11:25:31,i1.ytimg.com
2014-03-26 11:25:37,s.youtube.com
2014-03-26 11:25:42,s.youtube.com
2014-03-26 11:25:43,plus.googleapis.com
2014-03-26 11:25:43,i1.ytimg.com
2014-03-26 11:25:43,s.ytimg.com
2014-03-26 11:25:52,www.youtube.com
2014-03-26 11:26:02,i1.ytimg.com
2014-03-26 11:26:04,i1.ytimg.com
2014-03-26 11:26:08,s.youtube.com
2014-03-26 11:26:22,s.youtube.com
2014-03-26 11:26:37,s.youtube.com
2014-03-26 11:27:02,s.youtube.com
2014-03-26 11:27:07,s.youtube.com
2014-03-26 11:27:37,s.youtube.com
2014-03-26 11:27:42,s.ytimg.com
2014-03-26 11:27:42,s.youtube.com
2014-03-26 11:27:42,www.youtube.com
