timestamp,site
2014-02-04 08:11:11,gtglobal-ocsp.geotrust.com
2014-02-04 08:11:11,clients1.google.com
2014-02-04 08:11:11,www.google.com
2014-02-04 08:11:15,clients1.google.com
2014-02-04 08:11:19,www.google.fr
2014-02-04 08:11:20,www.google.fr
2014-02-04 08:11:25,annotathon.org
2014-02-04 08:11:26,annotathon.org
2014-02-04 08:11:44,annotathon.org
2014-02-04 08:11:59,annotathon.org
2014-02-04 08:12:02,annotathon.org
2014-02-04 08:12:02,gtssl-ocsp.geotrust.com
2014-02-04 08:12:03,annotathon.org
2014-02-04 08:12:05,annotathon.org
2014-02-04 08:12:20,annotathon.univ-mrs.fr
2014-02-04 08:12:20,annotathon.org
2014-02-04 08:12:22,annotathon.org
2014-02-04 08:12:24,safebrowsing.clients.google.com
2014-02-04 08:12:24,safebrowsing-cache.google.com
2014-02-04 08:12:52,annotathon.org
2014-02-04 08:13:22,annotathon.org
2014-02-04 08:13:52,annotathon.org
2014-02-04 08:14:11,www.google.com
2014-02-04 08:14:12,www.google.fr
2014-02-04 08:14:12,apis.google.com
2014-02-04 08:14:22,annotathon.org
2014-02-04 08:14:52,annotathon.org
2014-02-04 08:15:19,sb-ssl.google.com
2014-02-04 08:15:22,annotathon.org
2014-02-04 08:15:52,annotathon.org
2014-02-04 08:16:04,www.google.fr
2014-02-04 08:16:04,www.ncbi.nlm.nih.gov
2014-02-04 08:16:05,blast.ncbi.nlm.nih.gov
2014-02-04 08:16:05,www.ncbi.nlm.nih.gov
2014-02-04 08:16:15,blast.ncbi.nlm.nih.gov
2014-02-04 08:16:16,blast.ncbi.nlm.nih.gov
2014-02-04 08:16:16,www.ncbi.nlm.nih.gov
2014-02-04 08:16:17,blast.ncbi.nlm.nih.gov
2014-02-04 08:16:22,annotathon.org
2014-02-04 08:16:52,ocsp.thawte.com
2014-02-04 08:16:52,annotathon.org
2014-02-04 08:17:05,blast.ncbi.nlm.nih.gov
2014-02-04 08:17:11,blast.ncbi.nlm.nih.gov
2014-02-04 08:17:13,blast.ncbi.nlm.nih.gov
2014-02-04 08:17:15,www.ncbi.nlm.nih.gov
2014-02-04 08:17:16,blast.ncbi.nlm.nih.gov
2014-02-04 08:17:18,blast.ncbi.nlm.nih.gov
2014-02-04 08:17:18,www.ncbi.nlm.nih.gov
2014-02-04 08:17:21,www.ncbi.nlm.nih.gov
2014-02-04 08:17:22,annotathon.org
2014-02-04 08:17:22,blast.ncbi.nlm.nih.gov
2014-02-04 08:17:23,www.ncbi.nlm.nih.gov
2014-02-04 08:17:24,blast.ncbi.nlm.nih.gov
2014-02-04 08:17:27,www.ncbi.nlm.nih.gov
2014-02-04 08:17:28,www.ncbi.nlm.nih.gov
2014-02-04 08:17:28,blast.ncbi.nlm.nih.gov
2014-02-04 08:17:29,blast.ncbi.nlm.nih.gov
2014-02-04 08:17:30,www.ncbi.nlm.nih.gov
2014-02-04 08:17:33,blast.ncbi.nlm.nih.gov
2014-02-04 08:17:34,blast.ncbi.nlm.nih.gov
2014-02-04 08:17:47,blast.ncbi.nlm.nih.gov
2014-02-04 08:17:52,annotathon.org
2014-02-04 08:17:56,blast.ncbi.nlm.nih.gov
2014-02-04 08:17:58,blast.ncbi.nlm.nih.gov
2014-02-04 08:17:59,blast.ncbi.nlm.nih.gov
2014-02-04 08:18:00,blast.ncbi.nlm.nih.gov
2014-02-04 08:18:00,www.ncbi.nlm.nih.gov
2014-02-04 08:18:01,blast.ncbi.nlm.nih.gov
2014-02-04 08:18:22,annotathon.org
2014-02-04 08:18:51,www.google.com
2014-02-04 08:18:52,ocsp.verisign.com
2014-02-04 08:18:52,annotathon.org
2014-02-04 08:18:52,www.google.fr
2014-02-04 08:19:22,annotathon.org
2014-02-04 08:19:52,annotathon.org
2014-02-04 08:20:22,annotathon.org
2014-02-04 08:20:52,ocsp.digicert.com
2014-02-04 08:20:52,annotathon.org
2014-02-04 08:21:22,annotathon.org
2014-02-04 08:21:52,annotathon.org
2014-02-04 08:22:22,annotathon.org
2014-02-04 08:22:42,blast.ncbi.nlm.nih.gov
2014-02-04 08:22:44,static.pubmed.gov
2014-02-04 08:22:44,www.ncbi.nlm.nih.gov
2014-02-04 08:22:45,www.ncbi.nlm.nih.gov
2014-02-04 08:22:45,static.pubmed.gov
2014-02-04 08:22:46,www.ncbi.nlm.nih.gov
2014-02-04 08:22:46,static.pubmed.gov
2014-02-04 08:22:47,www.ncbi.nlm.nih.gov
2014-02-04 08:22:47,static.pubmed.gov
2014-02-04 08:22:52,annotathon.org
2014-02-04 08:23:22,annotathon.org
2014-02-04 08:23:35,en.wikipedia.org
2014-02-04 08:23:35,bits.wikimedia.org
2014-02-04 08:23:35,www.ncbi.nlm.nih.gov
2014-02-04 08:23:35,login.wikimedia.org
2014-02-04 08:23:36,meta.wikimedia.org
2014-02-04 08:23:36,bits.wikimedia.org
2014-02-04 08:23:52,annotathon.org
2014-02-04 08:24:03,blast.ncbi.nlm.nih.gov
2014-02-04 08:24:05,www.ncbi.nlm.nih.gov
2014-02-04 08:24:06,www.ncbi.nlm.nih.gov
2014-02-04 08:24:07,www.ncbi.nlm.nih.gov
2014-02-04 08:24:22,annotathon.org
2014-02-04 08:24:25,www.ncbi.nlm.nih.gov
2014-02-04 08:24:26,blast.ncbi.nlm.nih.gov
2014-02-04 08:24:27,blast.ncbi.nlm.nih.gov
2014-02-04 08:24:35,blast.ncbi.nlm.nih.gov
2014-02-04 08:24:52,annotathon.org
2014-02-04 08:25:10,blast.ncbi.nlm.nih.gov
2014-02-04 08:25:13,blast.ncbi.nlm.nih.gov
2014-02-04 08:25:22,annotathon.org
2014-02-04 08:25:23,annotathon.org
2014-02-04 08:25:24,annotathon.org
2014-02-04 08:31:56,gtglobal-ocsp.geotrust.com
2014-02-04 08:31:56,clients1.google.com
2014-02-04 08:32:00,clients1.google.com
2014-02-04 08:32:02,www.google.fr
2014-02-04 08:32:08,annotathon.org
2014-02-04 08:32:37,annotathon.org
2014-02-04 08:32:43,annotathon.org
2014-02-04 08:32:45,annotathon.org
2014-02-04 08:32:46,annotathon.org
2014-02-04 08:32:47,annotathon.org
2014-02-04 08:32:49,annotathon.org
2014-02-04 08:32:49,annotathon.univ-mrs.fr
2014-02-04 08:32:50,gtssl-ocsp.geotrust.com
2014-02-04 08:33:19,annotathon.org
2014-02-04 08:33:49,annotathon.org
2014-02-04 08:34:08,safebrowsing.clients.google.com
2014-02-04 08:34:08,safebrowsing-cache.google.com
2014-02-04 08:34:20,annotathon.org
2014-02-04 08:34:50,annotathon.org
2014-02-04 08:34:56,www.google.com
2014-02-04 08:34:57,apis.google.com
2014-02-04 08:34:57,www.google.fr
2014-02-04 08:35:21,annotathon.org
2014-02-04 08:35:30,www.google.com
2014-02-04 08:35:34,www.ncbi.nlm.nih.gov
2014-02-04 08:35:34,www.google.fr
2014-02-04 08:35:35,blast.ncbi.nlm.nih.gov
2014-02-04 08:35:35,www.ncbi.nlm.nih.gov
2014-02-04 08:35:36,blast.ncbi.nlm.nih.gov
2014-02-04 08:35:37,blast.ncbi.nlm.nih.gov
2014-02-04 08:35:40,blast.ncbi.nlm.nih.gov
2014-02-04 08:35:40,www.ncbi.nlm.nih.gov
2014-02-04 08:35:41,blast.ncbi.nlm.nih.gov
2014-02-04 08:35:41,www.ncbi.nlm.nih.gov
2014-02-04 08:35:42,blast.ncbi.nlm.nih.gov
2014-02-04 08:35:42,www.ncbi.nlm.nih.gov
2014-02-04 08:35:49,annotathon.org
2014-02-04 08:36:19,annotathon.org
2014-02-04 08:36:29,blast.ncbi.nlm.nih.gov
2014-02-04 08:36:31,blast.ncbi.nlm.nih.gov
2014-02-04 08:36:37,blast.ncbi.nlm.nih.gov
2014-02-04 08:36:39,blast.ncbi.nlm.nih.gov
2014-02-04 08:36:39,www.ncbi.nlm.nih.gov
2014-02-04 08:36:40,blast.ncbi.nlm.nih.gov
2014-02-04 08:36:41,www.ncbi.nlm.nih.gov
2014-02-04 08:36:42,blast.ncbi.nlm.nih.gov
2014-02-04 08:36:43,blast.ncbi.nlm.nih.gov
2014-02-04 08:36:49,annotathon.org
2014-02-04 08:37:03,sb-ssl.google.com
2014-02-04 08:37:19,annotathon.org
2014-02-04 08:37:47,ocsp.thawte.com
2014-02-04 08:37:49,annotathon.org
2014-02-04 08:38:19,annotathon.org
2014-02-04 08:38:25,www.google.com
2014-02-04 08:38:28,www.google.fr
2014-02-04 08:38:49,annotathon.org
2014-02-04 08:38:53,blast.ncbi.nlm.nih.gov
2014-02-04 08:38:54,blast.ncbi.nlm.nih.gov
2014-02-04 08:38:55,blast.ncbi.nlm.nih.gov
2014-02-04 08:39:00,blast.ncbi.nlm.nih.gov
2014-02-04 08:39:15,blast.ncbi.nlm.nih.gov
2014-02-04 08:39:16,www.ncbi.nlm.nih.gov
2014-02-04 08:39:16,static.pubmed.gov
2014-02-04 08:39:17,www.ncbi.nlm.nih.gov
2014-02-04 08:39:19,static.pubmed.gov
2014-02-04 08:39:20,static.pubmed.gov
2014-02-04 08:39:20,www.ncbi.nlm.nih.gov
2014-02-04 08:39:20,annotathon.org
2014-02-04 08:39:29,www.uniprot.org
2014-02-04 08:39:29,www.ncbi.nlm.nih.gov
2014-02-04 08:39:30,www.uniprot.org
2014-02-04 08:39:31,www.uniprot.org
2014-02-04 08:39:34,www.uniprot.org
2014-02-04 08:39:35,www.uniprot.org
2014-02-04 08:39:36,www.uniprot.org
2014-02-04 08:39:37,www.uniprot.org
2014-02-04 08:39:46,ocsp.verisign.com
2014-02-04 08:39:51,annotathon.org
2014-02-04 08:40:01,www.ncbi.nlm.nih.gov
2014-02-04 08:40:20,annotathon.org
2014-02-04 08:40:32,www.ncbi.nlm.nih.gov
2014-02-04 08:40:35,www.ncbi.nlm.nih.gov
2014-02-04 08:40:40,www.ncbi.nlm.nih.gov
2014-02-04 08:40:50,annotathon.org
2014-02-04 08:40:51,www.ncbi.nlm.nih.gov
2014-02-04 08:40:52,blast.ncbi.nlm.nih.gov
2014-02-04 08:41:00,blast.ncbi.nlm.nih.gov
2014-02-04 08:41:00,eutils.ncbi.nlm.nih.gov
2014-02-04 08:41:20,annotathon.org
2014-02-04 08:41:47,ocsp.digicert.com
2014-02-04 08:41:50,annotathon.org
2014-02-04 08:42:20,annotathon.org
2014-02-04 08:42:22,blast.ncbi.nlm.nih.gov
2014-02-04 08:42:23,www.ncbi.nlm.nih.gov
2014-02-04 08:42:24,www.ncbi.nlm.nih.gov
2014-02-04 08:42:50,annotathon.org
2014-02-04 08:43:06,www.google.com
2014-02-04 08:43:20,annotathon.org
2014-02-04 08:43:34,blast.ncbi.nlm.nih.gov
2014-02-04 08:43:36,blast.ncbi.nlm.nih.gov
2014-02-04 08:43:37,blast.ncbi.nlm.nih.gov
2014-02-04 08:43:39,blast.ncbi.nlm.nih.gov
2014-02-04 08:43:41,blast.ncbi.nlm.nih.gov
2014-02-04 08:43:50,annotathon.org
2014-02-04 08:44:05,blast.ncbi.nlm.nih.gov
2014-02-04 08:44:06,blast.ncbi.nlm.nih.gov
2014-02-04 08:44:07,blast.ncbi.nlm.nih.gov
2014-02-04 08:44:10,blast.ncbi.nlm.nih.gov
2014-02-04 08:44:11,blast.ncbi.nlm.nih.gov
2014-02-04 08:44:12,blast.ncbi.nlm.nih.gov
2014-02-04 08:44:17,blast.ncbi.nlm.nih.gov
2014-02-04 08:44:20,annotathon.org
2014-02-04 08:44:50,annotathon.org
2014-02-04 08:45:20,annotathon.org
2014-02-04 08:45:50,annotathon.org
2014-02-04 08:46:09,www.google.com
2014-02-04 08:46:10,www.google.fr
2014-02-04 08:46:20,annotathon.org
2014-02-04 08:46:50,annotathon.org
2014-02-04 08:47:20,annotathon.org
2014-02-04 08:47:50,annotathon.org
2014-02-04 08:48:20,annotathon.org
2014-02-04 08:48:50,annotathon.org
2014-02-04 08:49:04,www.adobe.com
2014-02-04 08:49:04,www.macromedia.com
2014-02-04 08:49:20,annotathon.org
2014-02-04 08:49:50,annotathon.org
2014-02-04 08:50:20,annotathon.org
2014-02-04 08:50:50,annotathon.org
2014-02-04 08:51:20,annotathon.org
2014-02-04 08:51:50,annotathon.org
2014-02-04 08:51:55,www.ncbi.nlm.nih.gov
2014-02-04 08:52:02,blast.ncbi.nlm.nih.gov
2014-02-04 08:52:18,blast.ncbi.nlm.nih.gov
2014-02-04 08:52:19,blast.ncbi.nlm.nih.gov
2014-02-04 08:52:20,annotathon.org
2014-02-04 08:52:20,blast.ncbi.nlm.nih.gov
2014-02-04 08:52:22,www.ncbi.nlm.nih.gov
2014-02-04 08:52:23,blast.ncbi.nlm.nih.gov
2014-02-04 08:52:25,www.ncbi.nlm.nih.gov
2014-02-04 08:52:26,blast.ncbi.nlm.nih.gov
2014-02-04 08:52:28,www.ncbi.nlm.nih.gov
2014-02-04 08:52:29,blast.ncbi.nlm.nih.gov
2014-02-04 08:52:31,www.ncbi.nlm.nih.gov
2014-02-04 08:52:31,blast.ncbi.nlm.nih.gov
2014-02-04 08:52:33,www.ncbi.nlm.nih.gov
2014-02-04 08:52:39,blast.ncbi.nlm.nih.gov
2014-02-04 08:52:40,blast.ncbi.nlm.nih.gov
2014-02-04 08:52:41,blast.ncbi.nlm.nih.gov
2014-02-04 08:52:41,www.ncbi.nlm.nih.gov
2014-02-04 08:52:42,blast.ncbi.nlm.nih.gov
2014-02-04 08:52:44,blast.ncbi.nlm.nih.gov
2014-02-04 08:52:50,annotathon.org
2014-02-04 08:53:20,annotathon.org
2014-02-04 08:53:29,blast.ncbi.nlm.nih.gov
2014-02-04 08:53:50,annotathon.org
2014-02-04 08:54:20,annotathon.org
2014-02-04 08:54:50,annotathon.org
2014-02-04 08:55:02,blast.ncbi.nlm.nih.gov
2014-02-04 08:55:20,annotathon.org
2014-02-04 08:55:50,annotathon.org
2014-02-04 08:56:09,blast.ncbi.nlm.nih.gov
2014-02-04 08:56:20,annotathon.org
2014-02-04 08:56:27,annotathon.org
2014-02-04 08:56:57,annotathon.org
2014-02-04 08:57:27,annotathon.org
2014-02-04 08:57:57,annotathon.org
2014-02-04 08:58:27,annotathon.org
2014-02-04 08:58:57,annotathon.org
2014-02-04 08:59:27,annotathon.org
2014-02-04 08:59:57,annotathon.org
2014-02-04 09:00:23,annotathon.org
2014-02-04 09:00:53,annotathon.org
2014-02-04 09:01:23,annotathon.org
2014-02-04 09:01:53,annotathon.org
2014-02-04 09:02:23,annotathon.org
2014-02-04 09:02:33,safebrowsing.clients.google.com
2014-02-04 09:02:33,safebrowsing-cache.google.com
2014-02-04 09:02:34,safebrowsing-cache.google.com
2014-02-04 09:02:53,annotathon.org
2014-02-04 09:03:23,annotathon.org
2014-02-04 09:03:53,annotathon.org
2014-02-04 09:04:23,annotathon.org
2014-02-04 09:04:53,annotathon.org
2014-02-04 09:05:23,annotathon.org
2014-02-04 09:05:53,annotathon.org
2014-02-04 09:06:23,annotathon.org
2014-02-04 09:06:53,annotathon.org
2014-02-04 09:07:23,annotathon.org
2014-02-04 09:07:53,annotathon.org
2014-02-04 09:08:24,annotathon.org
2014-02-04 09:08:53,annotathon.org
2014-02-04 09:09:23,annotathon.org
2014-02-04 09:09:53,annotathon.org
2014-02-04 09:10:23,annotathon.org
2014-02-04 09:10:53,annotathon.org
2014-02-04 09:11:23,annotathon.org
2014-02-04 09:11:53,annotathon.org
2014-02-04 09:12:23,annotathon.org
2014-02-04 09:12:53,annotathon.org
2014-02-04 09:13:09,annotathon.org
2014-02-04 09:13:10,annotathon.org
2014-02-04 09:13:24,blast.ncbi.nlm.nih.gov
2014-02-04 09:13:26,www.ncbi.nlm.nih.gov
2014-02-04 09:13:26,static.pubmed.gov
2014-02-04 09:13:27,www.ncbi.nlm.nih.gov
2014-02-04 09:13:40,annotathon.org
2014-02-04 09:13:49,www.ncbi.nlm.nih.gov
2014-02-04 09:13:50,www.ncbi.nlm.nih.gov
2014-02-04 09:13:51,www.ncbi.nlm.nih.gov
2014-02-04 09:14:10,annotathon.org
2014-02-04 09:14:33,www.ncbi.nlm.nih.gov
2014-02-04 09:14:40,annotathon.org
2014-02-04 09:15:10,annotathon.org
2014-02-04 09:15:29,annotathon.org
2014-02-04 09:15:59,annotathon.org
2014-02-04 09:16:03,blast.ncbi.nlm.nih.gov
2014-02-04 09:16:05,www.ncbi.nlm.nih.gov
2014-02-04 09:16:05,static.pubmed.gov
2014-02-04 09:16:06,www.ncbi.nlm.nih.gov
2014-02-04 09:16:20,www.ncbi.nlm.nih.gov
2014-02-04 09:16:22,www.ncbi.nlm.nih.gov
2014-02-04 09:16:29,annotathon.org
2014-02-04 09:16:59,annotathon.org
2014-02-04 09:17:29,annotathon.org
2014-02-04 09:17:59,annotathon.org
2014-02-04 09:18:29,annotathon.org
2014-02-04 09:18:53,annotathon.org
2014-02-04 09:18:54,annotathon.org
2014-02-04 09:18:54,annotathon.univ-mrs.fr
2014-02-04 09:18:59,annotathon.org
2014-02-04 09:19:29,annotathon.org
2014-02-04 09:19:59,annotathon.org
2014-02-04 09:20:29,annotathon.org
2014-02-04 09:20:59,annotathon.org
2014-02-04 09:21:29,annotathon.org
2014-02-04 09:21:55,annotathon.org
2014-02-04 09:21:56,annotathon.org
2014-02-04 09:22:18,blast.ncbi.nlm.nih.gov
2014-02-04 09:22:19,blast.ncbi.nlm.nih.gov
2014-02-04 09:22:26,annotathon.org
2014-02-04 09:22:49,blast.ncbi.nlm.nih.gov
2014-02-04 09:22:56,annotathon.org
2014-02-04 09:23:26,annotathon.org
2014-02-04 09:23:56,annotathon.org
2014-02-04 09:24:26,annotathon.org
2014-02-04 09:24:37,blast.ncbi.nlm.nih.gov
2014-02-04 09:24:38,blast.ncbi.nlm.nih.gov
2014-02-04 09:24:56,annotathon.org
2014-02-04 09:25:08,blast.ncbi.nlm.nih.gov
2014-02-04 09:25:23,blast.ncbi.nlm.nih.gov
2014-02-04 09:25:24,blast.ncbi.nlm.nih.gov
2014-02-04 09:25:25,blast.ncbi.nlm.nih.gov
2014-02-04 09:25:26,annotathon.org
2014-02-04 09:25:30,blast.ncbi.nlm.nih.gov
2014-02-04 09:25:30,www.ncbi.nlm.nih.gov
2014-02-04 09:25:31,www.ncbi.nlm.nih.gov
2014-02-04 09:25:31,blast.ncbi.nlm.nih.gov
2014-02-04 09:25:32,blast.ncbi.nlm.nih.gov
2014-02-04 09:25:33,blast.ncbi.nlm.nih.gov
2014-02-04 09:25:33,www.ncbi.nlm.nih.gov
2014-02-04 09:25:34,blast.ncbi.nlm.nih.gov
2014-02-04 09:25:56,annotathon.org
2014-02-04 09:26:00,www.ncbi.nlm.nih.gov
2014-02-04 09:26:00,blast.ncbi.nlm.nih.gov
2014-02-04 09:26:01,blast.ncbi.nlm.nih.gov
2014-02-04 09:26:26,annotathon.org
2014-02-04 09:26:29,blast.ncbi.nlm.nih.gov
2014-02-04 09:26:46,blast.ncbi.nlm.nih.gov
2014-02-04 09:26:48,blast.ncbi.nlm.nih.gov
2014-02-04 09:26:50,www.ncbi.nlm.nih.gov
2014-02-04 09:26:50,blast.ncbi.nlm.nih.gov
2014-02-04 09:26:53,www.ncbi.nlm.nih.gov
2014-02-04 09:26:53,blast.ncbi.nlm.nih.gov
2014-02-04 09:26:55,www.ncbi.nlm.nih.gov
2014-02-04 09:26:56,annotathon.org
2014-02-04 09:26:56,blast.ncbi.nlm.nih.gov
2014-02-04 09:26:58,www.ncbi.nlm.nih.gov
2014-02-04 09:26:58,blast.ncbi.nlm.nih.gov
2014-02-04 09:27:00,www.ncbi.nlm.nih.gov
2014-02-04 09:27:01,blast.ncbi.nlm.nih.gov
2014-02-04 09:27:03,www.ncbi.nlm.nih.gov
2014-02-04 09:27:04,blast.ncbi.nlm.nih.gov
2014-02-04 09:27:06,www.ncbi.nlm.nih.gov
2014-02-04 09:27:08,blast.ncbi.nlm.nih.gov
2014-02-04 09:27:11,www.ncbi.nlm.nih.gov
2014-02-04 09:27:16,blast.ncbi.nlm.nih.gov
2014-02-04 09:27:17,blast.ncbi.nlm.nih.gov
2014-02-04 09:27:18,www.ncbi.nlm.nih.gov
2014-02-04 09:27:20,blast.ncbi.nlm.nih.gov
2014-02-04 09:27:26,annotathon.org
2014-02-04 09:27:26,blast.ncbi.nlm.nih.gov
2014-02-04 09:27:27,blast.ncbi.nlm.nih.gov
2014-02-04 09:27:56,annotathon.org
2014-02-04 09:27:57,blast.ncbi.nlm.nih.gov
2014-02-04 09:28:14,blast.ncbi.nlm.nih.gov
2014-02-04 09:28:16,blast.ncbi.nlm.nih.gov
2014-02-04 09:28:17,www.ncbi.nlm.nih.gov
2014-02-04 09:28:18,blast.ncbi.nlm.nih.gov
2014-02-04 09:28:20,www.ncbi.nlm.nih.gov
2014-02-04 09:28:21,blast.ncbi.nlm.nih.gov
2014-02-04 09:28:22,www.ncbi.nlm.nih.gov
2014-02-04 09:28:24,blast.ncbi.nlm.nih.gov
2014-02-04 09:28:26,annotathon.org
2014-02-04 09:28:26,www.ncbi.nlm.nih.gov
2014-02-04 09:28:26,blast.ncbi.nlm.nih.gov
2014-02-04 09:28:27,www.ncbi.nlm.nih.gov
2014-02-04 09:28:29,blast.ncbi.nlm.nih.gov
2014-02-04 09:28:30,www.ncbi.nlm.nih.gov
2014-02-04 09:28:32,blast.ncbi.nlm.nih.gov
2014-02-04 09:28:33,www.ncbi.nlm.nih.gov
2014-02-04 09:28:34,blast.ncbi.nlm.nih.gov
2014-02-04 09:28:35,www.ncbi.nlm.nih.gov
2014-02-04 09:28:35,blast.ncbi.nlm.nih.gov
2014-02-04 09:28:36,blast.ncbi.nlm.nih.gov
2014-02-04 09:28:38,blast.ncbi.nlm.nih.gov
2014-02-04 09:28:39,blast.ncbi.nlm.nih.gov
2014-02-04 09:28:41,blast.ncbi.nlm.nih.gov
2014-02-04 09:28:56,annotathon.org
2014-02-04 09:29:10,blast.ncbi.nlm.nih.gov
2014-02-04 09:29:16,blast.ncbi.nlm.nih.gov
2014-02-04 09:29:16,www.ncbi.nlm.nih.gov
2014-02-04 09:29:17,www.ncbi.nlm.nih.gov
2014-02-04 09:29:17,blast.ncbi.nlm.nih.gov
2014-02-04 09:29:26,annotathon.org
2014-02-04 09:29:45,blast.ncbi.nlm.nih.gov
2014-02-04 09:29:50,blast.ncbi.nlm.nih.gov
2014-02-04 09:29:56,annotathon.org
2014-02-04 09:29:58,blast.ncbi.nlm.nih.gov
2014-02-04 09:30:00,blast.ncbi.nlm.nih.gov
2014-02-04 09:30:02,www.ncbi.nlm.nih.gov
2014-02-04 09:30:03,blast.ncbi.nlm.nih.gov
2014-02-04 09:30:04,www.ncbi.nlm.nih.gov
2014-02-04 09:30:05,blast.ncbi.nlm.nih.gov
2014-02-04 09:30:07,www.ncbi.nlm.nih.gov
2014-02-04 09:30:08,blast.ncbi.nlm.nih.gov
2014-02-04 09:30:09,www.ncbi.nlm.nih.gov
2014-02-04 09:30:10,blast.ncbi.nlm.nih.gov
2014-02-04 09:30:12,www.ncbi.nlm.nih.gov
2014-02-04 09:30:19,blast.ncbi.nlm.nih.gov
2014-02-04 09:30:20,www.ncbi.nlm.nih.gov
2014-02-04 09:30:22,blast.ncbi.nlm.nih.gov
2014-02-04 09:30:24,blast.ncbi.nlm.nih.gov
2014-02-04 09:30:26,annotathon.org
2014-02-04 09:30:54,blast.ncbi.nlm.nih.gov
2014-02-04 09:30:56,annotathon.org
2014-02-04 09:30:59,www.ncbi.nlm.nih.gov
2014-02-04 09:30:59,blast.ncbi.nlm.nih.gov
2014-02-04 09:31:00,www.ncbi.nlm.nih.gov
2014-02-04 09:31:00,blast.ncbi.nlm.nih.gov
2014-02-04 09:31:17,blast.ncbi.nlm.nih.gov
2014-02-04 09:31:26,annotathon.org
2014-02-04 09:31:37,blast.ncbi.nlm.nih.gov
2014-02-04 09:31:38,blast.ncbi.nlm.nih.gov
2014-02-04 09:31:40,www.ncbi.nlm.nih.gov
2014-02-04 09:31:41,blast.ncbi.nlm.nih.gov
2014-02-04 09:31:42,www.ncbi.nlm.nih.gov
2014-02-04 09:31:43,blast.ncbi.nlm.nih.gov
2014-02-04 09:31:45,www.ncbi.nlm.nih.gov
2014-02-04 09:31:46,blast.ncbi.nlm.nih.gov
2014-02-04 09:31:47,www.ncbi.nlm.nih.gov
2014-02-04 09:31:49,blast.ncbi.nlm.nih.gov
2014-02-04 09:31:50,www.ncbi.nlm.nih.gov
2014-02-04 09:31:56,annotathon.org
2014-02-04 09:31:57,blast.ncbi.nlm.nih.gov
2014-02-04 09:31:58,www.ncbi.nlm.nih.gov
2014-02-04 09:32:04,blast.ncbi.nlm.nih.gov
2014-02-04 09:32:06,blast.ncbi.nlm.nih.gov
2014-02-04 09:32:09,blast.ncbi.nlm.nih.gov
2014-02-04 09:32:26,annotathon.org
2014-02-04 09:32:33,blast.ncbi.nlm.nih.gov
2014-02-04 09:32:40,www.ncbi.nlm.nih.gov
2014-02-04 09:32:40,blast.ncbi.nlm.nih.gov
2014-02-04 09:32:41,www.ncbi.nlm.nih.gov
2014-02-04 09:32:41,blast.ncbi.nlm.nih.gov
2014-02-04 09:32:42,blast.ncbi.nlm.nih.gov
2014-02-04 09:32:43,blast.ncbi.nlm.nih.gov
2014-02-04 09:32:48,blast.ncbi.nlm.nih.gov
2014-02-04 09:32:50,blast.ncbi.nlm.nih.gov
2014-02-04 09:32:56,annotathon.org
2014-02-04 09:33:26,annotathon.org
2014-02-04 09:33:29,safebrowsing-cache.google.com
2014-02-04 09:33:29,safebrowsing.clients.google.com
2014-02-04 09:33:56,annotathon.org
2014-02-04 09:34:26,annotathon.org
2014-02-04 09:34:56,annotathon.org
2014-02-04 09:34:59,blast.ncbi.nlm.nih.gov
2014-02-04 09:35:06,blast.ncbi.nlm.nih.gov
2014-02-04 09:35:08,blast.ncbi.nlm.nih.gov
2014-02-04 09:35:09,www.ncbi.nlm.nih.gov
2014-02-04 09:35:10,blast.ncbi.nlm.nih.gov
2014-02-04 09:35:12,www.ncbi.nlm.nih.gov
2014-02-04 09:35:13,blast.ncbi.nlm.nih.gov
2014-02-04 09:35:14,www.ncbi.nlm.nih.gov
2014-02-04 09:35:15,blast.ncbi.nlm.nih.gov
2014-02-04 09:35:17,www.ncbi.nlm.nih.gov
2014-02-04 09:35:18,blast.ncbi.nlm.nih.gov
2014-02-04 09:35:19,www.ncbi.nlm.nih.gov
2014-02-04 09:35:26,annotathon.org
2014-02-04 09:35:26,blast.ncbi.nlm.nih.gov
2014-02-04 09:35:27,www.ncbi.nlm.nih.gov
2014-02-04 09:35:27,blast.ncbi.nlm.nih.gov
2014-02-04 09:35:31,blast.ncbi.nlm.nih.gov
2014-02-04 09:35:32,blast.ncbi.nlm.nih.gov
2014-02-04 09:35:33,blast.ncbi.nlm.nih.gov
2014-02-04 09:35:56,annotathon.org
2014-02-04 09:36:02,blast.ncbi.nlm.nih.gov
2014-02-04 09:36:08,www.ncbi.nlm.nih.gov
2014-02-04 09:36:08,blast.ncbi.nlm.nih.gov
2014-02-04 09:36:09,blast.ncbi.nlm.nih.gov
2014-02-04 09:36:26,annotathon.org
2014-02-04 09:36:37,blast.ncbi.nlm.nih.gov
2014-02-04 09:36:42,www.ncbi.nlm.nih.gov
2014-02-04 09:36:42,blast.ncbi.nlm.nih.gov
2014-02-04 09:36:43,www.ncbi.nlm.nih.gov
2014-02-04 09:36:43,blast.ncbi.nlm.nih.gov
2014-02-04 09:36:44,blast.ncbi.nlm.nih.gov
2014-02-04 09:36:52,blast.ncbi.nlm.nih.gov
2014-02-04 09:36:57,annotathon.org
2014-02-04 09:37:09,blast.ncbi.nlm.nih.gov
2014-02-04 09:37:23,blast.ncbi.nlm.nih.gov
2014-02-04 09:37:26,annotathon.org
2014-02-04 09:37:29,blast.ncbi.nlm.nih.gov
2014-02-04 09:37:30,blast.ncbi.nlm.nih.gov
2014-02-04 09:37:33,blast.ncbi.nlm.nih.gov
2014-02-04 09:37:33,www.ncbi.nlm.nih.gov
2014-02-04 09:37:35,www.ncbi.nlm.nih.gov
2014-02-04 09:37:36,blast.ncbi.nlm.nih.gov
2014-02-04 09:37:37,www.ncbi.nlm.nih.gov
2014-02-04 09:37:39,blast.ncbi.nlm.nih.gov
2014-02-04 09:37:41,blast.ncbi.nlm.nih.gov
2014-02-04 09:37:41,www.ncbi.nlm.nih.gov
2014-02-04 09:37:43,www.ncbi.nlm.nih.gov
2014-02-04 09:37:44,blast.ncbi.nlm.nih.gov
2014-02-04 09:37:46,blast.ncbi.nlm.nih.gov
2014-02-04 09:37:46,www.ncbi.nlm.nih.gov
2014-02-04 09:37:48,blast.ncbi.nlm.nih.gov
2014-02-04 09:37:49,www.ncbi.nlm.nih.gov
2014-02-04 09:37:50,blast.ncbi.nlm.nih.gov
2014-02-04 09:37:52,www.ncbi.nlm.nih.gov
2014-02-04 09:37:52,blast.ncbi.nlm.nih.gov
2014-02-04 09:37:53,blast.ncbi.nlm.nih.gov
2014-02-04 09:37:56,www.ncbi.nlm.nih.gov
2014-02-04 09:37:56,annotathon.org
2014-02-04 09:37:56,blast.ncbi.nlm.nih.gov
2014-02-04 09:37:58,blast.ncbi.nlm.nih.gov
2014-02-04 09:38:00,www.ncbi.nlm.nih.gov
2014-02-04 09:38:00,blast.ncbi.nlm.nih.gov
2014-02-04 09:38:02,blast.ncbi.nlm.nih.gov
2014-02-04 09:38:04,blast.ncbi.nlm.nih.gov
2014-02-04 09:38:05,blast.ncbi.nlm.nih.gov
2014-02-04 09:38:26,annotathon.org
2014-02-04 09:38:32,blast.ncbi.nlm.nih.gov
2014-02-04 09:38:43,www.ncbi.nlm.nih.gov
2014-02-04 09:38:43,blast.ncbi.nlm.nih.gov
2014-02-04 09:38:44,www.ncbi.nlm.nih.gov
2014-02-04 09:38:44,blast.ncbi.nlm.nih.gov
2014-02-04 09:38:56,annotathon.org
2014-02-04 09:39:13,blast.ncbi.nlm.nih.gov
2014-02-04 09:39:16,www.ncbi.nlm.nih.gov
2014-02-04 09:39:16,blast.ncbi.nlm.nih.gov
2014-02-04 09:39:17,www.ncbi.nlm.nih.gov
2014-02-04 09:39:17,blast.ncbi.nlm.nih.gov
2014-02-04 09:39:26,annotathon.org
2014-02-04 09:39:46,blast.ncbi.nlm.nih.gov
2014-02-04 09:39:51,www.ncbi.nlm.nih.gov
2014-02-04 09:39:51,blast.ncbi.nlm.nih.gov
2014-02-04 09:39:52,blast.ncbi.nlm.nih.gov
2014-02-04 09:39:56,annotathon.org
2014-02-04 09:40:20,blast.ncbi.nlm.nih.gov
2014-02-04 09:40:26,annotathon.org
2014-02-04 09:40:30,blast.ncbi.nlm.nih.gov
2014-02-04 09:40:30,www.ncbi.nlm.nih.gov
2014-02-04 09:40:31,blast.ncbi.nlm.nih.gov
2014-02-04 09:40:31,www.ncbi.nlm.nih.gov
2014-02-04 09:40:57,annotathon.org
2014-02-04 09:41:00,blast.ncbi.nlm.nih.gov
2014-02-04 09:41:08,www.ncbi.nlm.nih.gov
2014-02-04 09:41:08,blast.ncbi.nlm.nih.gov
2014-02-04 09:41:09,blast.ncbi.nlm.nih.gov
2014-02-04 09:41:09,www.ncbi.nlm.nih.gov
2014-02-04 09:41:26,annotathon.org
2014-02-04 09:41:34,clients1.google.com
2014-02-04 09:41:34,gtglobal-ocsp.geotrust.com
2014-02-04 09:41:37,blast.ncbi.nlm.nih.gov
2014-02-04 09:41:37,www.ncbi.nlm.nih.gov
2014-02-04 09:41:37,www.google.fr
2014-02-04 09:41:38,blast.ncbi.nlm.nih.gov
2014-02-04 09:41:50,blast.ncbi.nlm.nih.gov
2014-02-04 09:41:51,blast.ncbi.nlm.nih.gov
2014-02-04 09:41:52,blast.ncbi.nlm.nih.gov
2014-02-04 09:41:56,annotathon.org
2014-02-04 09:42:06,blast.ncbi.nlm.nih.gov
2014-02-04 09:42:08,blast.ncbi.nlm.nih.gov
2014-02-04 09:42:10,www.ncbi.nlm.nih.gov
2014-02-04 09:42:11,blast.ncbi.nlm.nih.gov
2014-02-04 09:42:13,www.ncbi.nlm.nih.gov
2014-02-04 09:42:14,blast.ncbi.nlm.nih.gov
2014-02-04 09:42:15,www.ncbi.nlm.nih.gov
2014-02-04 09:42:16,blast.ncbi.nlm.nih.gov
2014-02-04 09:42:17,www.ncbi.nlm.nih.gov
2014-02-04 09:42:19,blast.ncbi.nlm.nih.gov
2014-02-04 09:42:20,www.ncbi.nlm.nih.gov
2014-02-04 09:42:22,blast.ncbi.nlm.nih.gov
2014-02-04 09:42:23,blast.ncbi.nlm.nih.gov
2014-02-04 09:42:24,www.ncbi.nlm.nih.gov
2014-02-04 09:42:26,blast.ncbi.nlm.nih.gov
2014-02-04 09:42:26,annotathon.org
2014-02-04 09:42:28,blast.ncbi.nlm.nih.gov
2014-02-04 09:42:29,blast.ncbi.nlm.nih.gov
2014-02-04 09:42:34,www.ncbi.nlm.nih.gov
2014-02-04 09:42:34,blast.ncbi.nlm.nih.gov
2014-02-04 09:42:35,blast.ncbi.nlm.nih.gov
2014-02-04 09:42:35,www.ncbi.nlm.nih.gov
2014-02-04 09:42:38,blast.ncbi.nlm.nih.gov
2014-02-04 09:42:38,www.ncbi.nlm.nih.gov
2014-02-04 09:42:42,blast.ncbi.nlm.nih.gov
2014-02-04 09:42:42,www.ncbi.nlm.nih.gov
2014-02-04 09:42:43,blast.ncbi.nlm.nih.gov
2014-02-04 09:42:43,www.ncbi.nlm.nih.gov
2014-02-04 09:42:44,blast.ncbi.nlm.nih.gov
2014-02-04 09:42:48,blast.ncbi.nlm.nih.gov
2014-02-04 09:42:48,www.ncbi.nlm.nih.gov
2014-02-04 09:42:49,blast.ncbi.nlm.nih.gov
2014-02-04 09:42:49,www.ncbi.nlm.nih.gov
2014-02-04 09:42:50,blast.ncbi.nlm.nih.gov
2014-02-04 09:42:53,blast.ncbi.nlm.nih.gov
2014-02-04 09:42:53,www.ncbi.nlm.nih.gov
2014-02-04 09:42:54,blast.ncbi.nlm.nih.gov
2014-02-04 09:42:54,www.ncbi.nlm.nih.gov
2014-02-04 09:42:55,blast.ncbi.nlm.nih.gov
2014-02-04 09:42:56,annotathon.org
2014-02-04 09:42:59,www.ncbi.nlm.nih.gov
2014-02-04 09:42:59,blast.ncbi.nlm.nih.gov
2014-02-04 09:43:00,blast.ncbi.nlm.nih.gov
2014-02-04 09:43:04,www.ncbi.nlm.nih.gov
2014-02-04 09:43:04,blast.ncbi.nlm.nih.gov
2014-02-04 09:43:05,www.ncbi.nlm.nih.gov
2014-02-04 09:43:05,blast.ncbi.nlm.nih.gov
2014-02-04 09:43:06,blast.ncbi.nlm.nih.gov
2014-02-04 09:43:08,www.ncbi.nlm.nih.gov
2014-02-04 09:43:08,blast.ncbi.nlm.nih.gov
2014-02-04 09:43:09,www.ncbi.nlm.nih.gov
2014-02-04 09:43:09,blast.ncbi.nlm.nih.gov
2014-02-04 09:43:26,annotathon.org
2014-02-04 09:43:38,blast.ncbi.nlm.nih.gov
2014-02-04 09:43:47,blast.ncbi.nlm.nih.gov
2014-02-04 09:43:47,www.ncbi.nlm.nih.gov
2014-02-04 09:43:48,blast.ncbi.nlm.nih.gov
2014-02-04 09:43:48,www.ncbi.nlm.nih.gov
2014-02-04 09:43:54,blast.ncbi.nlm.nih.gov
2014-02-04 09:43:56,blast.ncbi.nlm.nih.gov
2014-02-04 09:43:56,www.ncbi.nlm.nih.gov
2014-02-04 09:43:56,annotathon.org
2014-02-04 09:43:58,www.ncbi.nlm.nih.gov
2014-02-04 09:44:13,blast.ncbi.nlm.nih.gov
2014-02-04 09:44:14,blast.ncbi.nlm.nih.gov
2014-02-04 09:44:27,annotathon.org
2014-02-04 09:44:29,blast.ncbi.nlm.nih.gov
2014-02-04 09:44:30,www.google.com
2014-02-04 09:44:31,blast.ncbi.nlm.nih.gov
2014-02-04 09:44:31,www.ncbi.nlm.nih.gov
2014-02-04 09:44:32,www.ncbi.nlm.nih.gov
2014-02-04 09:44:32,www.google.fr
2014-02-04 09:44:33,static.pubmed.gov
2014-02-04 09:44:33,www.ncbi.nlm.nih.gov
2014-02-04 09:44:34,www.ncbi.nlm.nih.gov
2014-02-04 09:44:34,static.pubmed.gov
2014-02-04 09:44:35,www.ncbi.nlm.nih.gov
2014-02-04 09:44:37,www.ncbi.nlm.nih.gov
2014-02-04 09:44:37,static.pubmed.gov
2014-02-04 09:44:57,annotathon.org
2014-02-04 09:45:04,blast.ncbi.nlm.nih.gov
2014-02-04 09:45:06,blast.ncbi.nlm.nih.gov
2014-02-04 09:45:27,annotathon.org
2014-02-04 09:45:34,blast.ncbi.nlm.nih.gov
2014-02-04 09:45:53,blast.ncbi.nlm.nih.gov
2014-02-04 09:45:57,blast.ncbi.nlm.nih.gov
2014-02-04 09:45:57,annotathon.org
2014-02-04 09:45:59,blast.ncbi.nlm.nih.gov
2014-02-04 09:46:01,blast.ncbi.nlm.nih.gov
2014-02-04 09:46:01,www.ncbi.nlm.nih.gov
2014-02-04 09:46:03,www.ncbi.nlm.nih.gov
2014-02-04 09:46:04,blast.ncbi.nlm.nih.gov
2014-02-04 09:46:06,www.ncbi.nlm.nih.gov
2014-02-04 09:46:06,blast.ncbi.nlm.nih.gov
2014-02-04 09:46:09,www.ncbi.nlm.nih.gov
2014-02-04 09:46:09,blast.ncbi.nlm.nih.gov
2014-02-04 09:46:12,www.ncbi.nlm.nih.gov
2014-02-04 09:46:12,blast.ncbi.nlm.nih.gov
2014-02-04 09:46:14,www.ncbi.nlm.nih.gov
2014-02-04 09:46:15,blast.ncbi.nlm.nih.gov
2014-02-04 09:46:17,www.ncbi.nlm.nih.gov
2014-02-04 09:46:17,blast.ncbi.nlm.nih.gov
2014-02-04 09:46:18,blast.ncbi.nlm.nih.gov
2014-02-04 09:46:19,www.ncbi.nlm.nih.gov
2014-02-04 09:46:20,blast.ncbi.nlm.nih.gov
2014-02-04 09:46:21,blast.ncbi.nlm.nih.gov
2014-02-04 09:46:22,blast.ncbi.nlm.nih.gov
2014-02-04 09:46:27,annotathon.org
2014-02-04 09:46:37,blast.ncbi.nlm.nih.gov
2014-02-04 09:46:38,blast.ncbi.nlm.nih.gov
2014-02-04 09:46:40,blast.ncbi.nlm.nih.gov
2014-02-04 09:46:48,blast.ncbi.nlm.nih.gov
2014-02-04 09:46:50,blast.ncbi.nlm.nih.gov
2014-02-04 09:46:52,blast.ncbi.nlm.nih.gov
2014-02-04 09:46:52,www.ncbi.nlm.nih.gov
2014-02-04 09:46:53,blast.ncbi.nlm.nih.gov
2014-02-04 09:46:56,blast.ncbi.nlm.nih.gov
2014-02-04 09:46:57,annotathon.org
2014-02-04 09:46:59,blast.ncbi.nlm.nih.gov
2014-02-04 09:47:00,www.ncbi.nlm.nih.gov
2014-02-04 09:47:01,blast.ncbi.nlm.nih.gov
2014-02-04 09:47:02,www.ncbi.nlm.nih.gov
2014-02-04 09:47:02,blast.ncbi.nlm.nih.gov
2014-02-04 09:47:03,blast.ncbi.nlm.nih.gov
2014-02-04 09:47:03,www.ncbi.nlm.nih.gov
2014-02-04 09:47:04,blast.ncbi.nlm.nih.gov
2014-02-04 09:47:04,www.ncbi.nlm.nih.gov
2014-02-04 09:47:06,www.ncbi.nlm.nih.gov
2014-02-04 09:47:07,blast.ncbi.nlm.nih.gov
2014-02-04 09:47:09,www.ncbi.nlm.nih.gov
2014-02-04 09:47:09,blast.ncbi.nlm.nih.gov
2014-02-04 09:47:12,blast.ncbi.nlm.nih.gov
2014-02-04 09:47:14,www.ncbi.nlm.nih.gov
2014-02-04 09:47:19,blast.ncbi.nlm.nih.gov
2014-02-04 09:47:20,blast.ncbi.nlm.nih.gov
2014-02-04 09:47:21,www.ncbi.nlm.nih.gov
2014-02-04 09:47:22,blast.ncbi.nlm.nih.gov
2014-02-04 09:47:23,blast.ncbi.nlm.nih.gov
2014-02-04 09:47:27,annotathon.org
2014-02-04 09:47:53,blast.ncbi.nlm.nih.gov
2014-02-04 09:47:57,annotathon.org
2014-02-04 09:48:27,annotathon.org
2014-02-04 09:48:57,annotathon.org
2014-02-04 09:49:12,blast.ncbi.nlm.nih.gov
2014-02-04 09:49:13,blast.ncbi.nlm.nih.gov
2014-02-04 09:49:14,blast.ncbi.nlm.nih.gov
2014-02-04 09:49:14,www.ncbi.nlm.nih.gov
2014-02-04 09:49:15,blast.ncbi.nlm.nih.gov
2014-02-04 09:49:15,www.ncbi.nlm.nih.gov
2014-02-04 09:49:27,annotathon.org
2014-02-04 09:49:44,blast.ncbi.nlm.nih.gov
2014-02-04 09:49:48,blast.ncbi.nlm.nih.gov
2014-02-04 09:49:51,blast.ncbi.nlm.nih.gov
2014-02-04 09:49:56,blast.ncbi.nlm.nih.gov
2014-02-04 09:49:57,annotathon.org
2014-02-04 09:49:58,blast.ncbi.nlm.nih.gov
2014-02-04 09:50:05,blast.ncbi.nlm.nih.gov
2014-02-04 09:50:16,blast.ncbi.nlm.nih.gov
2014-02-04 09:50:27,annotathon.org
2014-02-04 09:50:57,annotathon.org
2014-02-04 09:51:27,annotathon.org
2014-02-04 09:51:57,annotathon.org
2014-02-04 09:52:07,annotathon.org
2014-02-04 09:52:08,annotathon.org
2014-02-04 09:52:38,annotathon.org
2014-02-04 09:53:08,annotathon.org
2014-02-04 09:53:24,annotathon.org
2014-02-04 09:53:54,annotathon.org
2014-02-04 09:54:24,annotathon.org
2014-02-04 09:54:54,annotathon.org
2014-02-04 09:55:24,annotathon.org
2014-02-04 09:55:43,annotathon.org
2014-02-04 09:56:13,annotathon.org
2014-02-04 09:56:43,annotathon.org
2014-02-04 09:57:13,annotathon.org
2014-02-04 09:57:43,annotathon.org
2014-02-04 09:58:03,annotathon.org
2014-02-04 09:58:33,annotathon.org
2014-02-04 09:59:03,annotathon.org
2014-02-04 09:59:33,annotathon.org
2014-02-04 09:59:42,annotathon.org
2014-02-17 15:37:07,www.google.fr
2014-02-17 15:37:25,www.google.fr
2014-02-17 15:37:26,www.google.fr
2014-02-17 15:37:47,www.google.com
2014-02-17 15:37:56,www.google.com
2014-02-17 15:37:57,id.google.fr
2014-02-17 15:37:58,www.google.fr
2014-02-17 15:37:59,www.google.fr
2014-02-17 15:37:59,id.google.fr
2014-02-17 15:41:27,www.google.fr
2014-02-17 15:42:33,www.google.fr
2014-02-17 15:51:15,www.ncbi.nlm.nih.gov
2014-02-17 15:51:15,www.google.fr
2014-02-17 15:51:16,blast.ncbi.nlm.nih.gov
2014-02-17 15:51:16,www.ncbi.nlm.nih.gov
2014-02-17 15:51:16,www.google.fr
2014-02-17 15:51:17,blast.ncbi.nlm.nih.gov
2014-02-17 15:51:42,blast.ncbi.nlm.nih.gov
2014-02-17 15:51:45,www.ncbi.nlm.nih.gov
2014-02-17 15:51:45,blast.ncbi.nlm.nih.gov
2014-02-17 15:51:46,www.google.fr
2014-02-17 15:51:46,blast.ncbi.nlm.nih.gov
2014-02-17 15:52:46,www.google.fr
2014-02-17 15:53:01,blast.ncbi.nlm.nih.gov
2014-02-17 15:53:01,www.ncbi.nlm.nih.gov
2014-02-17 15:53:02,blast.ncbi.nlm.nih.gov
2014-02-17 15:53:02,www.ncbi.nlm.nih.gov
2014-02-17 15:53:04,www.ncbi.nlm.nih.gov
2014-02-17 15:53:04,blast.ncbi.nlm.nih.gov
2014-02-17 15:53:05,blast.ncbi.nlm.nih.gov
2014-02-17 15:54:00,blast.ncbi.nlm.nih.gov
2014-02-17 15:54:29,blast.ncbi.nlm.nih.gov
2014-02-17 15:55:03,blast.ncbi.nlm.nih.gov
2014-02-17 15:55:07,blast.ncbi.nlm.nih.gov
2014-02-17 15:55:10,blast.ncbi.nlm.nih.gov
2014-02-17 15:55:12,blast.ncbi.nlm.nih.gov
2014-02-17 15:55:14,www.ncbi.nlm.nih.gov
2014-02-17 15:55:15,blast.ncbi.nlm.nih.gov
2014-02-17 15:55:18,blast.ncbi.nlm.nih.gov
2014-02-17 15:55:20,blast.ncbi.nlm.nih.gov
2014-02-17 15:55:23,www.ncbi.nlm.nih.gov
2014-02-17 15:55:24,blast.ncbi.nlm.nih.gov
2014-02-17 15:55:25,blast.ncbi.nlm.nih.gov
2014-02-17 15:55:26,blast.ncbi.nlm.nih.gov
2014-02-17 15:55:31,blast.ncbi.nlm.nih.gov
2014-02-17 15:55:33,blast.ncbi.nlm.nih.gov
2014-02-17 15:55:36,blast.ncbi.nlm.nih.gov
2014-02-17 15:55:58,blast.ncbi.nlm.nih.gov
2014-02-17 15:55:59,blast.ncbi.nlm.nih.gov
2014-02-17 15:56:00,blast.ncbi.nlm.nih.gov
2014-02-17 15:58:09,blast.ncbi.nlm.nih.gov
2014-02-17 15:58:10,blast.ncbi.nlm.nih.gov
2014-02-17 15:58:16,blast.ncbi.nlm.nih.gov
2014-02-17 15:58:19,blast.ncbi.nlm.nih.gov
2014-02-17 15:58:22,blast.ncbi.nlm.nih.gov
2014-02-17 15:58:27,blast.ncbi.nlm.nih.gov
2014-02-17 15:58:29,blast.ncbi.nlm.nih.gov
2014-02-17 15:58:31,blast.ncbi.nlm.nih.gov
2014-02-17 15:58:34,blast.ncbi.nlm.nih.gov
2014-02-17 15:58:37,blast.ncbi.nlm.nih.gov
2014-02-17 15:58:54,blast.ncbi.nlm.nih.gov
2014-02-17 15:58:55,blast.ncbi.nlm.nih.gov
2014-02-17 15:58:56,blast.ncbi.nlm.nih.gov
2014-02-17 15:59:02,blast.ncbi.nlm.nih.gov
2014-02-17 15:59:03,blast.ncbi.nlm.nih.gov
2014-02-17 15:59:07,blast.ncbi.nlm.nih.gov
2014-02-17 16:00:28,blast.ncbi.nlm.nih.gov
2014-02-17 16:00:29,blast.ncbi.nlm.nih.gov
2014-02-17 16:00:30,blast.ncbi.nlm.nih.gov
2014-02-17 16:00:31,blast.ncbi.nlm.nih.gov
2014-02-17 16:00:33,blast.ncbi.nlm.nih.gov
2014-02-17 16:03:36,blast.ncbi.nlm.nih.gov
2014-02-17 16:04:39,blast.ncbi.nlm.nih.gov
2014-02-17 16:06:42,blast.ncbi.nlm.nih.gov
2014-02-17 16:06:43,blast.ncbi.nlm.nih.gov
2014-02-17 16:06:44,blast.ncbi.nlm.nih.gov
2014-02-17 16:06:45,blast.ncbi.nlm.nih.gov
2014-02-17 16:06:46,www.ncbi.nlm.nih.gov
2014-02-17 16:06:47,blast.ncbi.nlm.nih.gov
2014-02-17 16:06:48,blast.ncbi.nlm.nih.gov
2014-02-17 16:06:49,blast.ncbi.nlm.nih.gov
2014-02-17 16:06:50,www.ncbi.nlm.nih.gov
2014-02-17 16:06:51,blast.ncbi.nlm.nih.gov
2014-02-17 16:06:52,blast.ncbi.nlm.nih.gov
2014-02-17 16:11:51,blast.ncbi.nlm.nih.gov
2014-02-17 16:31:14,blast.ncbi.nlm.nih.gov
2014-02-17 16:31:18,static.pubmed.gov
2014-02-17 16:31:18,www.ncbi.nlm.nih.gov
2014-02-17 16:31:19,static.pubmed.gov
2014-02-17 16:31:19,www.ncbi.nlm.nih.gov
2014-02-17 16:31:20,static.pubmed.gov
2014-02-17 16:31:21,www.ncbi.nlm.nih.gov
2014-02-17 16:31:22,static.pubmed.gov
2014-02-17 16:31:29,www.ncbi.nlm.nih.gov
2014-02-17 16:31:31,blast.ncbi.nlm.nih.gov
2014-02-17 16:31:34,static.pubmed.gov
2014-02-17 16:31:34,www.ncbi.nlm.nih.gov
2014-02-17 16:31:35,www.ncbi.nlm.nih.gov
2014-02-17 16:31:35,static.pubmed.gov
2014-02-17 16:31:37,www.ncbi.nlm.nih.gov
2014-02-17 16:34:01,www.ncbi.nlm.nih.gov
2014-02-17 16:34:10,blast.ncbi.nlm.nih.gov
2014-02-17 16:34:12,blast.ncbi.nlm.nih.gov
2014-02-17 16:34:14,blast.ncbi.nlm.nih.gov
2014-02-17 16:34:15,blast.ncbi.nlm.nih.gov
2014-02-17 16:40:19,blast.ncbi.nlm.nih.gov
2014-02-17 16:40:22,blast.ncbi.nlm.nih.gov
2014-02-17 16:40:26,www.ncbi.nlm.nih.gov
2014-02-17 16:40:27,www.ncbi.nlm.nih.gov
2014-02-17 16:40:29,www.ncbi.nlm.nih.gov
2014-02-17 16:41:00,www.ncbi.nlm.nih.gov
2014-02-17 16:41:01,www.ncbi.nlm.nih.gov
2014-02-17 16:41:09,www.ncbi.nlm.nih.gov
2014-02-17 16:41:10,www.ncbi.nlm.nih.gov
2014-02-17 16:41:22,www.ncbi.nlm.nih.gov
2014-02-17 16:41:36,blast.ncbi.nlm.nih.gov
2014-02-17 16:41:58,blast.ncbi.nlm.nih.gov
2014-02-17 16:42:01,blast.ncbi.nlm.nih.gov
2014-02-17 16:42:07,blast.ncbi.nlm.nih.gov
2014-02-17 16:42:09,blast.ncbi.nlm.nih.gov
2014-02-17 16:42:11,blast.ncbi.nlm.nih.gov
2014-02-17 16:42:11,www.ncbi.nlm.nih.gov
2014-02-17 16:42:13,www.ncbi.nlm.nih.gov
2014-02-17 16:42:14,blast.ncbi.nlm.nih.gov
2014-02-17 16:42:16,www.ncbi.nlm.nih.gov
2014-02-17 16:42:17,blast.ncbi.nlm.nih.gov
2014-02-17 16:42:19,blast.ncbi.nlm.nih.gov
2014-02-17 16:42:19,www.ncbi.nlm.nih.gov
2014-02-17 16:42:21,www.ncbi.nlm.nih.gov
2014-02-17 16:42:22,blast.ncbi.nlm.nih.gov
2014-02-17 16:42:24,blast.ncbi.nlm.nih.gov
2014-02-17 16:42:24,www.ncbi.nlm.nih.gov
2014-02-17 16:42:27,www.ncbi.nlm.nih.gov
2014-02-17 16:42:29,blast.ncbi.nlm.nih.gov
2014-02-17 16:42:36,blast.ncbi.nlm.nih.gov
2014-02-17 16:42:37,blast.ncbi.nlm.nih.gov
2014-02-17 16:42:38,blast.ncbi.nlm.nih.gov
2014-02-17 16:42:40,blast.ncbi.nlm.nih.gov
2014-02-17 16:43:19,blast.ncbi.nlm.nih.gov
2014-02-17 16:46:51,blast.ncbi.nlm.nih.gov
2014-02-17 16:46:55,blast.ncbi.nlm.nih.gov
2014-02-17 16:46:59,static.pubmed.gov
2014-02-17 16:46:59,www.ncbi.nlm.nih.gov
2014-02-17 16:47:00,www.ncbi.nlm.nih.gov
2014-02-17 16:47:01,www.ncbi.nlm.nih.gov
2014-02-17 16:50:51,blast.ncbi.nlm.nih.gov
2014-02-17 16:50:57,blast.ncbi.nlm.nih.gov
2014-02-17 16:50:59,blast.ncbi.nlm.nih.gov
2014-02-17 16:51:00,blast.ncbi.nlm.nih.gov
2014-02-17 16:52:25,blast.ncbi.nlm.nih.gov
2014-02-17 16:54:15,www.ncbi.nlm.nih.gov
2014-02-17 16:54:16,www.ncbi.nlm.nih.gov
2014-02-17 16:54:19,www.ncbi.nlm.nih.gov
2014-02-17 16:54:22,www.ncbi.nlm.nih.gov
2014-02-17 16:54:23,www.ncbi.nlm.nih.gov
2014-02-17 16:54:25,www.ncbi.nlm.nih.gov
2014-02-17 16:55:08,blast.ncbi.nlm.nih.gov
2014-02-17 16:55:11,www.ncbi.nlm.nih.gov
2014-02-17 16:55:13,www.ncbi.nlm.nih.gov
2014-02-17 16:55:16,www.ncbi.nlm.nih.gov
2014-02-17 16:56:34,www.ncbi.nlm.nih.gov
2014-02-17 16:56:34,blast.ncbi.nlm.nih.gov
2014-02-17 16:56:35,www.ncbi.nlm.nih.gov
2014-02-17 16:56:36,www.ncbi.nlm.nih.gov
2014-02-17 16:56:37,www.ncbi.nlm.nih.gov
2014-02-17 16:57:06,www.ncbi.nlm.nih.gov
2014-02-17 16:57:14,www.ncbi.nlm.nih.gov
2014-02-17 16:57:18,www.ncbi.nlm.nih.gov
2014-02-17 16:57:19,www.ncbi.nlm.nih.gov
2014-02-17 17:00:12,blast.ncbi.nlm.nih.gov
2014-02-17 17:05:12,blast.ncbi.nlm.nih.gov
2014-02-17 17:06:13,www.ncbi.nlm.nih.gov
2014-02-17 17:06:14,www.ncbi.nlm.nih.gov
2014-02-17 17:06:16,www.ncbi.nlm.nih.gov
2014-02-17 17:06:59,www.ncbi.nlm.nih.gov
2014-02-17 17:07:00,pubchem.ncbi.nlm.nih.gov
2014-02-17 17:07:00,www.ncbi.nlm.nih.gov
2014-02-17 17:07:00,static.pubmed.gov
2014-02-17 17:07:01,www.ncbi.nlm.nih.gov
2014-02-17 17:07:01,static.pubmed.gov
2014-02-17 17:07:02,www.ncbi.nlm.nih.gov
2014-02-17 17:07:03,static.pubmed.gov
2014-02-17 17:17:41,www.ncbi.nlm.nih.gov
2014-02-17 17:17:42,blast.ncbi.nlm.nih.gov
2014-02-17 17:17:51,blast.ncbi.nlm.nih.gov
2014-02-17 17:17:52,blast.ncbi.nlm.nih.gov
2014-02-17 17:17:53,blast.ncbi.nlm.nih.gov
2014-03-20 08:05:06,www.google.com
2014-03-20 08:05:07,www.google.com
2014-03-20 08:05:07,gtglobal-ocsp.geotrust.com
2014-03-20 08:05:07,clients1.google.com
2014-03-20 08:05:10,clients1.google.com
2014-03-20 08:05:18,www.google.fr
2014-03-20 08:05:20,annotathon.org
2014-03-20 08:05:22,safebrowsing-cache.google.com
2014-03-20 08:05:22,safebrowsing.clients.google.com
2014-03-20 08:05:23,safebrowsing-cache.google.com
2014-03-20 08:05:48,annotathon.org
2014-03-20 08:06:02,gtssl-ocsp.geotrust.com
2014-03-20 08:06:59,ocsp.verisign.com
2014-03-20 08:08:07,www.google.com
2014-03-20 08:08:08,www.google.fr
2014-03-20 08:08:08,apis.google.com
2014-03-20 08:08:59,ocsp.digicert.com
2014-03-20 08:14:59,ocsp.thawte.com
2014-03-20 08:15:50,annotathon.org
2014-03-20 08:16:02,annotathon.org
2014-03-20 08:20:44,annotathon.org
2014-03-20 08:21:11,annotathon.org
2014-03-20 08:21:12,annotathon.org
2014-03-20 08:21:42,annotathon.org
2014-03-20 08:22:12,annotathon.org
2014-03-20 08:22:42,annotathon.org
2014-03-20 08:22:59,annotathon.org
2014-03-20 08:23:07,annotathon.univ-mrs.fr
2014-03-20 08:23:07,annotathon.org
2014-03-20 08:23:36,annotathon.org
2014-03-20 08:24:06,annotathon.org
2014-03-20 08:24:36,annotathon.org
2014-03-20 08:24:40,annotathon.org
2014-03-20 08:24:41,annotathon.org
2014-03-20 08:25:11,annotathon.org
2014-03-20 08:25:38,annotathon.org
2014-03-20 08:25:39,annotathon.org
2014-03-20 08:26:09,annotathon.org
2014-03-20 08:26:39,annotathon.org
2014-03-20 08:27:09,annotathon.org
2014-03-20 08:27:39,annotathon.org
2014-03-20 08:28:09,annotathon.org
2014-03-20 08:28:39,annotathon.org
2014-03-20 08:29:09,annotathon.org
2014-03-20 08:29:12,annotathon.org
2014-03-20 08:29:16,annotathon.org
2014-03-20 08:29:46,annotathon.org
2014-03-20 08:30:16,annotathon.org
2014-03-20 08:30:46,annotathon.org
2014-03-20 08:31:16,annotathon.org
2014-03-20 08:31:46,annotathon.org
2014-03-20 08:32:16,ocsp.tcs.terena.org
2014-03-20 08:32:16,annotathon.org
2014-03-20 08:32:16,ocsp.usertrust.com
2014-03-20 08:32:24,www.google.fr
2014-03-20 08:32:24,www.ncbi.nlm.nih.gov
2014-03-20 08:32:43,www.ncbi.nlm.nih.gov
2014-03-20 08:32:46,annotathon.org
2014-03-20 08:33:16,annotathon.org
2014-03-20 08:33:46,annotathon.org
2014-03-20 08:34:16,annotathon.org
2014-03-20 08:34:46,annotathon.org
2014-03-20 08:35:16,annotathon.org
2014-03-20 08:35:17,www.google.com
2014-03-20 08:35:18,id.google.fr
2014-03-20 08:35:18,www.google.fr
2014-03-20 08:35:31,safebrowsing.clients.google.com
2014-03-20 08:35:31,safebrowsing-cache.google.com
2014-03-20 08:35:46,annotathon.org
2014-03-20 08:36:16,annotathon.org
2014-03-20 08:36:46,annotathon.org
2014-03-20 08:37:16,annotathon.org
2014-03-20 08:37:43,www.ncbi.nlm.nih.gov
2014-03-20 08:37:46,annotathon.org
2014-03-20 08:38:16,annotathon.org
2014-03-20 08:38:46,annotathon.org
2014-03-20 08:39:16,annotathon.org
2014-03-20 08:39:46,annotathon.org
2014-03-20 08:40:06,www.ncbi.nlm.nih.gov
2014-03-20 08:40:07,www.ncbi.nlm.nih.gov
2014-03-20 08:40:12,www.ncbi.nlm.nih.gov
2014-03-20 08:40:16,annotathon.org
2014-03-20 08:40:27,www.google.fr
2014-03-20 08:40:28,blast.ncbi.nlm.nih.gov
2014-03-20 08:40:28,www.ncbi.nlm.nih.gov
2014-03-20 08:40:36,blast.ncbi.nlm.nih.gov
2014-03-20 08:40:36,www.ncbi.nlm.nih.gov
2014-03-20 08:40:37,blast.ncbi.nlm.nih.gov
2014-03-20 08:40:37,www.ncbi.nlm.nih.gov
2014-03-20 08:40:46,annotathon.org
2014-03-20 08:40:57,blast.ncbi.nlm.nih.gov
2014-03-20 08:40:58,blast.ncbi.nlm.nih.gov
2014-03-20 08:41:02,blast.ncbi.nlm.nih.gov
2014-03-20 08:41:04,blast.ncbi.nlm.nih.gov
2014-03-20 08:41:06,www.ncbi.nlm.nih.gov
2014-03-20 08:41:07,blast.ncbi.nlm.nih.gov
2014-03-20 08:41:08,www.ncbi.nlm.nih.gov
2014-03-20 08:41:10,blast.ncbi.nlm.nih.gov
2014-03-20 08:41:11,www.ncbi.nlm.nih.gov
2014-03-20 08:41:12,blast.ncbi.nlm.nih.gov
2014-03-20 08:41:14,www.ncbi.nlm.nih.gov
2014-03-20 08:41:15,blast.ncbi.nlm.nih.gov
2014-03-20 08:41:16,annotathon.org
2014-03-20 08:41:16,www.ncbi.nlm.nih.gov
2014-03-20 08:41:22,www.ncbi.nlm.nih.gov
2014-03-20 08:41:22,blast.ncbi.nlm.nih.gov
2014-03-20 08:41:23,blast.ncbi.nlm.nih.gov
2014-03-20 08:41:23,www.ncbi.nlm.nih.gov
2014-03-20 08:41:25,www.ncbi.nlm.nih.gov
2014-03-20 08:41:25,blast.ncbi.nlm.nih.gov
2014-03-20 08:41:26,blast.ncbi.nlm.nih.gov
2014-03-20 08:41:27,blast.ncbi.nlm.nih.gov
2014-03-20 08:41:46,annotathon.org
2014-03-20 08:42:16,annotathon.org
2014-03-20 08:42:46,annotathon.org
2014-03-20 08:43:16,annotathon.org
2014-03-20 08:43:20,www.google.com
2014-03-20 08:43:21,www.google.fr
2014-03-20 08:43:46,annotathon.org
2014-03-20 08:44:16,annotathon.org
2014-03-20 08:44:46,annotathon.org
2014-03-20 08:45:16,annotathon.org
2014-03-20 08:45:46,annotathon.org
2014-03-20 08:46:04,www.ncbi.nlm.nih.gov
2014-03-20 08:46:05,www.ncbi.nlm.nih.gov
2014-03-20 08:46:14,www.ncbi.nlm.nih.gov
2014-03-20 08:46:16,annotathon.org
2014-03-20 08:46:46,annotathon.org
2014-03-20 08:47:16,annotathon.org
2014-03-20 08:47:46,annotathon.org
2014-03-20 08:48:16,annotathon.org
2014-03-20 08:48:46,annotathon.org
2014-03-20 08:49:16,annotathon.org
2014-03-20 08:49:46,annotathon.org
2014-03-20 08:50:16,annotathon.org
2014-03-20 08:50:46,annotathon.org
2014-03-20 08:50:58,annotathon.org
2014-03-20 08:51:28,annotathon.org
2014-03-20 08:51:55,annotathon.org
2014-03-20 08:52:25,annotathon.org
2014-03-20 08:52:55,annotathon.org
2014-03-20 08:53:02,annotathon.org
2014-03-20 08:53:03,annotathon.org
2014-03-20 08:53:33,annotathon.org
2014-03-20 08:54:03,annotathon.org
2014-03-20 08:54:33,annotathon.org
2014-03-20 08:55:03,annotathon.org
2014-03-20 08:55:33,annotathon.org
2014-03-20 08:56:03,annotathon.org
2014-03-20 08:56:33,annotathon.org
2014-03-20 08:57:03,annotathon.org
2014-03-20 08:57:33,annotathon.org
2014-03-20 08:57:48,annotathon.org
2014-03-20 08:57:49,annotathon.org
2014-03-20 08:58:03,annotathon.org
2014-03-20 08:58:19,annotathon.org
2014-03-20 08:58:32,annotathon.org
2014-03-20 08:58:33,annotathon.org
2014-03-20 08:59:03,annotathon.org
2014-03-20 08:59:19,annotathon.org
2014-03-20 08:59:49,annotathon.org
2014-03-20 09:00:19,annotathon.org
2014-03-20 09:00:49,annotathon.org
2014-03-20 09:01:19,annotathon.org
2014-03-20 09:01:37,blast.ncbi.nlm.nih.gov
2014-03-20 09:01:38,blast.ncbi.nlm.nih.gov
2014-03-20 09:01:49,annotathon.org
2014-03-20 09:02:07,blast.ncbi.nlm.nih.gov
2014-03-20 09:02:19,annotathon.org
2014-03-20 09:02:39,www.ncbi.nlm.nih.gov
2014-03-20 09:02:39,blast.ncbi.nlm.nih.gov
2014-03-20 09:02:40,blast.ncbi.nlm.nih.gov
2014-03-20 09:02:49,annotathon.org
2014-03-20 09:03:06,blast.ncbi.nlm.nih.gov
2014-03-20 09:03:07,blast.ncbi.nlm.nih.gov
2014-03-20 09:03:08,blast.ncbi.nlm.nih.gov
2014-03-20 09:03:19,annotathon.org
2014-03-20 09:03:37,safebrowsing.clients.google.com
2014-03-20 09:03:37,safebrowsing-cache.google.com
2014-03-20 09:03:38,blast.ncbi.nlm.nih.gov
2014-03-20 09:03:49,annotathon.org
2014-03-20 09:04:05,blast.ncbi.nlm.nih.gov
2014-03-20 09:04:06,blast.ncbi.nlm.nih.gov
2014-03-20 09:04:19,annotathon.org
2014-03-20 09:04:35,blast.ncbi.nlm.nih.gov
2014-03-20 09:04:49,annotathon.org
2014-03-20 09:05:03,blast.ncbi.nlm.nih.gov
2014-03-20 09:05:04,blast.ncbi.nlm.nih.gov
2014-03-20 09:05:19,annotathon.org
2014-03-20 09:05:33,blast.ncbi.nlm.nih.gov
2014-03-20 09:05:49,annotathon.org
2014-03-20 09:06:19,annotathon.org
2014-03-20 09:06:49,annotathon.org
2014-03-20 09:07:11,annotathon.org
2014-03-20 09:07:12,annotathon.org
2014-03-20 09:07:42,annotathon.org
2014-03-20 09:08:12,annotathon.org
2014-03-20 09:08:39,annotathon.org
2014-03-20 09:08:49,annotathon.org
2014-03-20 09:09:19,annotathon.org
2014-03-20 09:09:49,annotathon.org
2014-03-20 09:10:19,annotathon.org
2014-03-20 09:10:49,annotathon.org
2014-03-20 09:11:19,annotathon.org
2014-03-20 09:11:49,annotathon.org
2014-03-20 09:12:19,annotathon.org
2014-03-20 09:12:30,annotathon.org
2014-03-20 09:12:31,annotathon.org
2014-03-20 09:13:01,annotathon.org
2014-03-20 09:13:31,annotathon.org
2014-03-20 09:13:59,annotathon.org
2014-03-20 09:14:29,annotathon.org
2014-03-20 09:14:42,annotathon.org
2014-03-20 09:14:43,annotathon.org
2014-03-20 09:15:13,annotathon.org
2014-03-20 09:15:35,annotathon.org
2014-03-20 09:16:05,annotathon.org
2014-03-20 09:16:35,annotathon.org
2014-03-20 09:17:05,annotathon.org
2014-03-20 09:17:35,annotathon.org
2014-03-20 09:18:05,annotathon.org
2014-03-20 09:18:15,blast.ncbi.nlm.nih.gov
2014-03-20 09:18:16,blast.ncbi.nlm.nih.gov
2014-03-20 09:18:35,annotathon.org
2014-03-20 09:18:46,blast.ncbi.nlm.nih.gov
2014-03-20 09:19:05,annotathon.org
2014-03-20 09:19:35,annotathon.org
2014-03-20 09:20:05,annotathon.org
2014-03-20 09:20:35,annotathon.org
2014-03-20 09:21:05,annotathon.org
2014-03-20 09:21:35,annotathon.org
2014-03-20 09:22:05,annotathon.org
2014-03-20 09:22:35,annotathon.org
2014-03-20 09:23:05,annotathon.org
2014-03-20 09:23:35,annotathon.org
2014-03-20 09:24:05,annotathon.org
2014-03-20 09:24:35,annotathon.org
2014-03-20 09:25:05,annotathon.org
2014-03-20 09:25:35,annotathon.org
2014-03-20 09:26:05,annotathon.org
2014-03-20 09:26:35,annotathon.org
2014-03-20 09:27:05,annotathon.org
2014-03-20 09:27:35,annotathon.org
2014-03-20 09:28:05,annotathon.org
2014-03-20 09:28:35,annotathon.org
2014-03-20 09:29:05,annotathon.org
2014-03-20 09:29:35,annotathon.org
2014-03-20 09:30:05,annotathon.org
2014-03-20 09:30:35,annotathon.org
2014-03-20 09:31:05,annotathon.org
2014-03-20 09:31:20,annotathon.org
2014-03-20 09:31:21,annotathon.org
2014-03-20 09:31:51,annotathon.org
2014-03-20 09:32:21,annotathon.org
2014-03-20 09:32:51,annotathon.org
2014-03-20 09:32:55,safebrowsing.clients.google.com
2014-03-20 09:32:55,safebrowsing-cache.google.com
2014-03-20 09:33:21,annotathon.org
2014-03-20 09:33:51,annotathon.org
2014-03-20 09:34:21,annotathon.org
2014-03-20 09:34:51,annotathon.org
2014-03-20 09:35:21,annotathon.org
2014-03-20 09:35:51,annotathon.org
2014-03-20 09:36:21,annotathon.org
2014-03-20 09:36:51,annotathon.org
2014-03-20 09:37:21,annotathon.org
2014-03-20 09:37:51,annotathon.org
2014-03-20 09:38:08,annotathon.org
2014-03-20 09:38:17,annotathon.org
2014-03-20 09:38:18,annotathon.org
2014-03-20 09:38:38,annotathon.org
2014-03-20 09:38:48,annotathon.org
2014-03-20 09:39:08,annotathon.org
2014-03-20 09:39:18,annotathon.org
2014-03-20 09:39:38,annotathon.org
2014-03-20 09:40:08,annotathon.org
2014-03-20 09:40:38,annotathon.org
2014-03-20 09:41:08,annotathon.org
2014-03-20 09:41:38,annotathon.org
2014-03-20 09:42:07,annotathon.org
2014-03-20 09:42:08,annotathon.org
2014-03-20 09:42:38,annotathon.org
2014-03-20 09:43:05,annotathon.org
2014-03-20 09:43:35,annotathon.org
2014-03-20 09:44:05,annotathon.org
2014-03-20 09:44:35,annotathon.org
2014-03-20 09:45:05,annotathon.org
2014-03-20 09:45:13,blast.ncbi.nlm.nih.gov
2014-03-20 09:45:19,blast.ncbi.nlm.nih.gov
2014-03-20 09:45:20,blast.ncbi.nlm.nih.gov
2014-03-20 09:45:22,www.ncbi.nlm.nih.gov
2014-03-20 09:45:24,blast.ncbi.nlm.nih.gov
2014-03-20 09:45:25,www.ncbi.nlm.nih.gov
2014-03-20 09:45:26,blast.ncbi.nlm.nih.gov
2014-03-20 09:45:27,www.ncbi.nlm.nih.gov
2014-03-20 09:45:30,blast.ncbi.nlm.nih.gov
2014-03-20 09:45:32,www.ncbi.nlm.nih.gov
2014-03-20 09:45:33,blast.ncbi.nlm.nih.gov
2014-03-20 09:45:34,www.ncbi.nlm.nih.gov
2014-03-20 09:45:35,annotathon.org
2014-03-20 09:45:41,blast.ncbi.nlm.nih.gov
2014-03-20 09:45:42,blast.ncbi.nlm.nih.gov
2014-03-20 09:45:42,www.ncbi.nlm.nih.gov
2014-03-20 09:45:43,blast.ncbi.nlm.nih.gov
2014-03-20 09:45:44,blast.ncbi.nlm.nih.gov
2014-03-20 09:45:45,blast.ncbi.nlm.nih.gov
2014-03-20 09:46:05,annotathon.org
2014-03-20 09:46:15,blast.ncbi.nlm.nih.gov
2014-03-20 09:46:35,annotathon.org
2014-03-20 09:47:05,annotathon.org
2014-03-20 09:47:35,annotathon.org
2014-03-20 09:48:05,annotathon.org
2014-03-20 09:48:35,annotathon.org
2014-03-20 09:49:06,annotathon.org
2014-03-20 09:49:36,annotathon.org
2014-03-20 09:50:06,annotathon.org
2014-03-20 09:50:24,annotathon.org
2014-03-20 09:50:33,annotathon.org
2014-03-20 09:50:33,annotathon.univ-mrs.fr
2014-03-20 09:50:36,annotathon.org
2014-03-20 09:51:06,annotathon.org
2014-03-20 09:51:36,annotathon.org
2014-03-20 09:51:49,annotathon.org
2014-03-20 09:52:19,annotathon.org
2014-03-20 09:52:49,annotathon.org
2014-03-20 09:53:19,annotathon.org
2014-03-20 09:53:49,annotathon.org
2014-03-20 09:54:19,annotathon.org
2014-03-20 09:54:49,annotathon.org
2014-03-20 09:55:16,annotathon.org
2014-03-20 09:55:45,annotathon.org
2014-03-20 09:55:46,annotathon.org
2014-03-20 09:56:09,blast.ncbi.nlm.nih.gov
2014-03-20 09:56:10,blast.ncbi.nlm.nih.gov
2014-03-20 09:56:16,annotathon.org
2014-03-20 09:56:21,annotathon.org
2014-03-26 10:05:29,www.google.com
2014-03-26 10:05:30,www.google.com
2014-03-26 10:05:30,clients1.google.com
2014-03-26 10:05:30,gtglobal-ocsp.geotrust.com
2014-03-26 10:05:33,clients1.google.com
2014-03-26 10:05:36,www.google.fr
2014-03-26 10:05:37,annotathon.org
2014-03-26 10:05:38,annotathon.org
2014-03-26 10:05:59,annotathon.org
2014-03-26 10:06:00,annotathon.org
2014-03-26 10:06:13,gtssl-ocsp.geotrust.com
2014-03-26 10:06:30,annotathon.org
2014-03-26 10:06:51,safebrowsing.clients.google.com
2014-03-26 10:06:51,safebrowsing-cache.google.com
2014-03-26 10:06:55,safebrowsing-cache.google.com
2014-03-26 10:06:56,safebrowsing-cache.google.com
2014-03-26 10:06:57,safebrowsing-cache.google.com
2014-03-26 10:07:00,annotathon.org
2014-03-26 10:07:11,ocsp.verisign.com
2014-03-26 10:07:30,annotathon.org
2014-03-26 10:07:31,annotathon.org
2014-03-26 10:07:35,annotathon.org
2014-03-26 10:07:48,annotathon.org
2014-03-26 10:07:53,annotathon.org
2014-03-26 10:08:02,annotathon.univ-mrs.fr
2014-03-26 10:08:02,annotathon.org
2014-03-26 10:08:30,www.google.fr
2014-03-26 10:08:30,www.google.com
2014-03-26 10:08:30,apis.google.com
2014-03-26 10:08:32,annotathon.org
2014-03-26 10:09:02,annotathon.org
2014-03-26 10:09:11,ocsp.digicert.com
2014-03-26 10:09:32,annotathon.org
2014-03-26 10:09:47,sb-ssl.google.com
2014-03-26 10:10:02,annotathon.org
2014-03-26 10:10:32,annotathon.org
2014-03-26 10:11:03,annotathon.org
2014-03-26 10:11:33,annotathon.org
2014-03-26 10:12:03,annotathon.org
2014-03-26 10:12:33,annotathon.org
2014-03-26 10:12:55,www.google.com
2014-03-26 10:13:03,annotathon.org
2014-03-26 10:13:05,www.google.fr
2014-03-26 10:13:33,annotathon.org
2014-03-26 10:14:03,annotathon.org
2014-03-26 10:14:33,annotathon.org
2014-03-26 10:15:03,annotathon.org
2014-03-26 10:15:11,ocsp.thawte.com
2014-03-26 10:15:33,annotathon.org
2014-03-26 10:15:53,www.google.com
2014-03-26 10:15:54,www.google.fr
2014-03-26 10:16:03,annotathon.org
2014-03-26 10:16:33,annotathon.org
2014-03-26 10:17:00,prodom.prabi.fr
2014-03-26 10:17:01,prodom.prabi.fr
2014-03-26 10:17:02,prodom.prabi.fr
2014-03-26 10:17:03,annotathon.org
2014-03-26 10:17:03,prodom.prabi.fr
2014-03-26 10:17:27,platform.twitter.com
2014-03-26 10:17:33,annotathon.org
2014-03-26 10:18:03,annotathon.org
2014-03-26 10:18:33,annotathon.org
2014-03-26 10:19:03,annotathon.org
2014-03-26 10:19:33,annotathon.org
2014-03-26 10:20:03,annotathon.org
2014-03-26 10:20:33,annotathon.org
2014-03-26 10:21:03,annotathon.org
2014-03-26 10:21:33,annotathon.org
2014-03-26 10:22:11,annotathon.org
2014-03-26 10:22:33,annotathon.org
2014-03-26 10:23:03,annotathon.org
2014-03-26 10:23:33,annotathon.org
2014-03-26 10:24:03,annotathon.org
2014-03-26 10:24:33,annotathon.org
2014-03-26 10:25:03,annotathon.org
2014-03-26 10:25:33,annotathon.org
2014-03-26 10:26:02,annotathon.org
2014-03-26 10:26:32,annotathon.org
2014-03-26 10:27:02,annotathon.org
2014-03-26 10:27:32,annotathon.org
2014-03-26 10:28:02,annotathon.org
2014-03-26 10:28:32,annotathon.org
2014-03-26 10:29:02,annotathon.org
2014-03-26 10:29:32,annotathon.org
2014-03-26 10:30:02,annotathon.org
2014-03-26 10:30:32,annotathon.org
2014-03-26 10:31:02,annotathon.org
2014-03-26 10:31:32,annotathon.org
2014-03-26 10:32:02,annotathon.org
2014-03-26 10:32:32,annotathon.org
2014-03-26 10:33:02,annotathon.org
2014-03-26 10:33:32,annotathon.org
2014-03-26 10:34:02,annotathon.org
2014-03-26 10:34:11,annotathon.org
2014-03-26 10:34:41,annotathon.org
2014-03-26 10:35:11,annotathon.org
2014-03-26 10:35:31,safebrowsing.clients.google.com
2014-03-26 10:35:31,safebrowsing-cache.google.com
2014-03-26 10:35:41,annotathon.org
2014-03-26 10:36:11,annotathon.org
2014-03-26 10:36:41,annotathon.org
2014-03-26 10:37:11,annotathon.org
2014-03-26 10:37:41,annotathon.org
2014-03-26 10:38:11,annotathon.org
2014-03-26 10:38:41,annotathon.org
2014-03-26 10:39:11,annotathon.org
2014-03-26 10:39:41,annotathon.org
2014-03-26 10:40:11,annotathon.org
2014-03-26 10:40:41,annotathon.org
2014-03-26 10:41:11,annotathon.org
2014-03-26 10:41:41,annotathon.org
2014-03-26 10:42:11,annotathon.org
2014-03-26 10:42:41,annotathon.org
2014-03-26 10:43:11,annotathon.org
2014-03-26 10:43:41,annotathon.org
2014-03-26 10:44:11,annotathon.org
2014-03-26 10:44:41,annotathon.org
2014-03-26 10:45:11,annotathon.org
2014-03-26 10:45:41,annotathon.org
2014-03-26 10:46:11,annotathon.org
2014-03-26 10:46:41,annotathon.org
2014-03-26 10:47:10,annotathon.org
2014-03-26 10:47:40,annotathon.org
2014-03-26 10:48:04,platform.twitter.com
2014-03-26 10:48:10,annotathon.org
2014-03-26 10:48:40,annotathon.org
2014-03-26 10:48:58,annotathon.org
2014-03-26 10:48:59,annotathon.org
2014-03-26 10:49:29,annotathon.org
2014-03-26 10:49:59,annotathon.org
2014-03-26 10:50:29,annotathon.org
2014-03-26 10:50:59,annotathon.org
2014-03-26 10:51:29,annotathon.org
2014-03-26 10:51:59,annotathon.org
2014-03-26 10:52:29,annotathon.org
2014-03-26 10:52:59,annotathon.org
2014-03-26 10:53:29,annotathon.org
2014-03-26 10:53:44,annotathon.org
2014-03-26 10:54:14,annotathon.org
2014-03-26 10:54:44,annotathon.org
2014-03-26 10:55:14,annotathon.org
2014-03-26 10:55:44,annotathon.org
2014-03-26 10:56:14,annotathon.org
2014-03-26 10:56:44,annotathon.org
2014-03-26 10:57:14,annotathon.org
2014-03-26 10:57:44,annotathon.org
2014-03-26 10:58:14,annotathon.org
2014-03-26 10:58:44,annotathon.org
2014-03-26 10:59:14,annotathon.org
2014-03-26 10:59:44,annotathon.org
2014-03-26 11:00:14,annotathon.org
2014-03-26 11:00:44,annotathon.org
2014-03-26 11:01:14,annotathon.org
2014-03-26 11:01:44,annotathon.org
2014-03-26 11:02:14,annotathon.org
2014-03-26 11:02:44,annotathon.org
2014-03-26 11:02:53,www.google.com
2014-03-26 11:02:54,www.google.fr
2014-03-26 11:03:14,annotathon.org
2014-03-26 11:03:36,www.google.fr
2014-03-26 11:03:36,www.ncbi.nlm.nih.gov
2014-03-26 11:03:37,www.ncbi.nlm.nih.gov
2014-03-26 11:03:44,annotathon.org
2014-03-26 11:04:14,annotathon.org
2014-03-26 11:04:43,www.google.fr
2014-03-26 11:04:43,bits.wikimedia.org
2014-03-26 11:04:44,annotathon.org
2014-03-26 11:04:44,meta.wikimedia.org
2014-03-26 11:04:44,fr.wikipedia.org
2014-03-26 11:04:44,bits.wikimedia.org
2014-03-26 11:04:44,login.wikimedia.org
2014-03-26 11:05:14,annotathon.org
2014-03-26 11:05:44,annotathon.org
2014-03-26 11:06:14,annotathon.org
2014-03-26 11:06:30,www.google.fr
2014-03-26 11:06:30,www.google.com
2014-03-26 11:06:42,annotathon.org
2014-03-26 11:07:03,annotathon.org
2014-03-26 11:07:12,annotathon.org
2014-03-26 11:07:13,annotathon.univ-mrs.fr
2014-03-26 11:07:13,annotathon.org
2014-03-26 11:07:14,annotathon.univ-mrs.fr
2014-03-26 11:07:14,annotathon.org
2014-03-26 11:07:16,safebrowsing-cache.google.com
2014-03-26 11:07:16,safebrowsing.clients.google.com
2014-03-26 11:07:17,safebrowsing-cache.google.com
2014-03-26 11:07:33,annotathon.org
2014-03-26 11:07:42,annotathon.org
2014-03-26 11:08:03,annotathon.org
2014-03-26 11:08:12,annotathon.org
2014-03-26 11:08:42,annotathon.org
2014-03-26 11:09:12,annotathon.org
2014-03-26 11:09:42,annotathon.org
2014-03-26 11:09:54,clients1.google.com
2014-03-26 11:09:54,gtglobal-ocsp.geotrust.com
2014-03-26 11:10:02,www.google.fr
2014-03-26 11:10:03,www.google.fr
2014-03-26 11:10:03,www.ncbi.nlm.nih.gov
2014-03-26 11:10:03,blast.ncbi.nlm.nih.gov
2014-03-26 11:10:04,www.ncbi.nlm.nih.gov
2014-03-26 11:10:04,blast.ncbi.nlm.nih.gov
2014-03-26 11:10:05,blast.ncbi.nlm.nih.gov
2014-03-26 11:10:12,www.ncbi.nlm.nih.gov
2014-03-26 11:10:12,blast.ncbi.nlm.nih.gov
2014-03-26 11:10:12,annotathon.org
2014-03-26 11:10:13,www.ncbi.nlm.nih.gov
2014-03-26 11:10:13,blast.ncbi.nlm.nih.gov
2014-03-26 11:10:42,annotathon.org
2014-03-26 11:11:12,annotathon.org
2014-03-26 11:11:32,blast.ncbi.nlm.nih.gov
2014-03-26 11:11:33,blast.ncbi.nlm.nih.gov
2014-03-26 11:11:39,blast.ncbi.nlm.nih.gov
2014-03-26 11:11:40,blast.ncbi.nlm.nih.gov
2014-03-26 11:11:42,annotathon.org
2014-03-26 11:11:42,www.ncbi.nlm.nih.gov
2014-03-26 11:11:43,blast.ncbi.nlm.nih.gov
2014-03-26 11:11:45,blast.ncbi.nlm.nih.gov
2014-03-26 11:11:45,www.ncbi.nlm.nih.gov
2014-03-26 11:11:47,www.ncbi.nlm.nih.gov
2014-03-26 11:11:48,blast.ncbi.nlm.nih.gov
2014-03-26 11:11:50,www.ncbi.nlm.nih.gov
2014-03-26 11:11:51,blast.ncbi.nlm.nih.gov
2014-03-26 11:11:53,www.ncbi.nlm.nih.gov
2014-03-26 11:11:54,blast.ncbi.nlm.nih.gov
2014-03-26 11:11:56,www.ncbi.nlm.nih.gov
2014-03-26 11:11:57,www.ncbi.nlm.nih.gov
2014-03-26 11:11:57,blast.ncbi.nlm.nih.gov
2014-03-26 11:11:58,blast.ncbi.nlm.nih.gov
2014-03-26 11:11:59,www.ncbi.nlm.nih.gov
2014-03-26 11:12:01,blast.ncbi.nlm.nih.gov
2014-03-26 11:12:02,blast.ncbi.nlm.nih.gov
2014-03-26 11:12:12,annotathon.org
2014-03-26 11:12:42,annotathon.org
2014-03-26 11:12:55,blast.ncbi.nlm.nih.gov
2014-03-26 11:12:56,www.google.com
2014-03-26 11:12:56,blast.ncbi.nlm.nih.gov
2014-03-26 11:12:56,www.google.fr
2014-03-26 11:12:57,blast.ncbi.nlm.nih.gov
2014-03-26 11:12:58,blast.ncbi.nlm.nih.gov
2014-03-26 11:13:12,annotathon.org
2014-03-26 11:13:20,blast.ncbi.nlm.nih.gov
2014-03-26 11:13:21,blast.ncbi.nlm.nih.gov
2014-03-26 11:13:22,blast.ncbi.nlm.nih.gov
2014-03-26 11:13:42,annotathon.org
2014-03-26 11:13:52,blast.ncbi.nlm.nih.gov
2014-03-26 11:14:12,annotathon.org
2014-03-26 11:14:42,annotathon.org
2014-03-26 11:14:48,blast.ncbi.nlm.nih.gov
2014-03-26 11:14:55,blast.ncbi.nlm.nih.gov
2014-03-26 11:15:04,blast.ncbi.nlm.nih.gov
2014-03-26 11:15:05,blast.ncbi.nlm.nih.gov
2014-03-26 11:15:12,annotathon.org
2014-03-26 11:15:35,blast.ncbi.nlm.nih.gov
2014-03-26 11:15:42,annotathon.org
2014-03-26 11:16:12,annotathon.org
2014-03-26 11:16:41,blast.ncbi.nlm.nih.gov
2014-03-26 11:16:42,annotathon.org
2014-03-26 11:16:43,blast.ncbi.nlm.nih.gov
2014-03-26 11:16:44,blast.ncbi.nlm.nih.gov
2014-03-26 11:16:46,www.ncbi.nlm.nih.gov
2014-03-26 11:16:47,blast.ncbi.nlm.nih.gov
2014-03-26 11:17:12,annotathon.org
2014-03-26 11:17:19,blast.ncbi.nlm.nih.gov
2014-03-26 11:17:20,blast.ncbi.nlm.nih.gov
2014-03-26 11:17:22,blast.ncbi.nlm.nih.gov
2014-03-26 11:17:42,annotathon.org
2014-03-26 11:18:12,annotathon.org
2014-03-26 11:18:22,blast.ncbi.nlm.nih.gov
2014-03-26 11:18:24,blast.ncbi.nlm.nih.gov
2014-03-26 11:18:42,annotathon.org
2014-03-26 11:18:54,blast.ncbi.nlm.nih.gov
2014-03-26 11:19:12,annotathon.org
2014-03-26 11:19:42,annotathon.org
2014-03-26 11:20:12,annotathon.org
2014-03-26 11:20:42,annotathon.org
2014-03-26 11:21:12,annotathon.org
2014-03-26 11:21:42,annotathon.org
2014-03-26 11:22:05,annotathon.org
2014-03-26 11:22:35,annotathon.org
2014-03-26 11:22:49,annotathon.org
2014-03-26 11:22:50,annotathon.org
2014-03-26 11:23:20,annotathon.org
2014-03-26 11:23:50,annotathon.org
2014-03-26 11:24:20,annotathon.org
2014-03-26 11:24:50,annotathon.org
2014-03-26 11:25:20,annotathon.org
2014-03-26 11:25:50,annotathon.org
2014-03-26 11:26:19,annotathon.org
2014-03-26 11:26:49,annotathon.org
2014-03-26 11:27:19,annotathon.org
2014-03-26 11:27:49,annotathon.org
2014-03-26 11:28:19,annotathon.org
2014-03-26 11:28:49,annotathon.org
2014-03-26 11:29:19,annotathon.org
2014-03-26 11:29:49,annotathon.org
2014-03-26 11:30:19,annotathon.org
2014-03-26 11:30:49,annotathon.org
2014-03-26 11:31:20,annotathon.org
2014-03-26 11:31:50,annotathon.org
2014-03-26 11:32:20,annotathon.org
2014-03-26 11:32:50,annotathon.org
2014-03-26 11:33:20,annotathon.org
2014-03-26 11:33:35,blast.ncbi.nlm.nih.gov
2014-03-26 11:33:50,annotathon.org
2014-03-26 11:33:50,blast.ncbi.nlm.nih.gov
2014-03-26 11:34:20,annotathon.org
2014-03-26 11:34:50,annotathon.org
2014-03-26 11:35:20,blast.ncbi.nlm.nih.gov
2014-03-26 11:35:20,annotathon.org
2014-03-26 11:35:32,blast.ncbi.nlm.nih.gov
2014-03-26 11:35:40,blast.ncbi.nlm.nih.gov
2014-03-26 11:35:50,annotathon.org
2014-03-26 11:36:11,safebrowsing.clients.google.com
2014-03-26 11:36:11,safebrowsing-cache.google.com
2014-03-26 11:36:20,annotathon.org
2014-03-26 11:36:50,annotathon.org
2014-03-26 11:37:20,annotathon.org
2014-03-26 11:37:50,annotathon.org
2014-03-26 11:37:51,annotathon.org
2014-03-26 11:38:21,annotathon.org
2014-03-26 11:38:51,annotathon.org
2014-03-26 11:39:21,annotathon.org
2014-03-26 11:39:33,annotathon.org
2014-03-26 11:39:46,annotathon.org
2014-03-26 11:40:07,annotathon.org
2014-03-26 11:40:14,annotathon.org
2014-03-26 11:40:16,annotathon.org
2014-03-26 11:40:17,annotathon.org
2014-03-26 11:40:19,annotathon.org
2014-03-26 11:40:49,annotathon.org
2014-03-26 11:41:19,annotathon.org
2014-03-26 11:41:49,annotathon.org
2014-03-26 11:42:19,annotathon.org
2014-03-26 11:42:49,annotathon.org
2014-03-26 11:43:19,annotathon.org
2014-03-26 11:43:49,annotathon.org
2014-03-26 11:44:19,annotathon.org
2014-03-26 11:44:49,annotathon.org
2014-03-26 11:45:19,annotathon.org
2014-03-26 11:45:35,annotathon.org
2014-03-26 11:46:04,annotathon.org
2014-03-26 11:46:35,annotathon.org
2014-03-26 11:47:05,annotathon.org
2014-03-26 11:47:35,annotathon.org
2014-03-26 11:48:05,annotathon.org
2014-03-26 11:48:35,annotathon.org
2014-03-26 11:49:05,annotathon.org
2014-03-26 11:49:35,annotathon.org
2014-03-26 11:50:05,annotathon.org
2014-03-26 11:50:35,annotathon.org
2014-03-26 11:51:00,annotathon.org
2014-03-26 11:51:01,annotathon.org
2014-03-26 11:51:31,annotathon.org
2014-03-26 11:52:01,annotathon.org
2014-03-26 11:52:31,annotathon.org
2014-03-26 11:53:01,annotathon.org
2014-03-26 11:53:31,annotathon.org
2014-03-26 11:54:01,annotathon.org
2014-03-26 11:54:31,annotathon.org
2014-03-26 11:55:01,annotathon.org
2014-03-26 11:55:31,annotathon.org
2014-03-26 11:56:01,annotathon.org
2014-03-26 11:56:31,annotathon.org
2014-03-26 11:57:01,annotathon.org
2014-03-26 11:57:31,annotathon.org
2014-03-26 11:58:01,annotathon.org
2014-03-26 11:58:31,annotathon.org
2014-03-26 11:59:01,annotathon.org
2014-03-26 11:59:31,annotathon.org
2014-03-26 12:00:01,annotathon.org
2014-03-26 12:00:08,blast.ncbi.nlm.nih.gov
2014-03-26 12:00:09,blast.ncbi.nlm.nih.gov
2014-03-26 12:00:10,blast.ncbi.nlm.nih.gov
2014-03-26 12:00:13,annotathon.org
2014-03-26 12:00:20,annotathon.org
