timestamp,site
2013-11-20 14:23:39,www.bing.com
2013-11-20 14:23:40,www.bing.com
2013-11-20 14:23:41,www.bing.com
2013-11-20 14:23:41,cms.abmr.net
2013-11-20 14:23:42,fr.answers.yahoo.com
2013-11-20 14:23:42,yui.yahooapis.com
2013-11-20 14:23:43,yui.yahooapis.com
2013-11-20 14:23:43,dmros.ysm.yahoo.com
2013-11-20 14:23:46,socialprofiles.zenfs.com
2013-11-20 14:23:54,login.live.com
2013-11-20 14:24:01,fr.answers.yahoo.com
2013-11-20 14:24:22,www.bing.com
2013-11-20 14:24:34,www.bing.com
2013-11-20 14:24:34,fr.wikipedia.org
2013-11-20 14:24:34,bits.wikimedia.org
2013-11-20 14:24:34,meta.wikimedia.org
2013-11-20 14:24:35,meta.wikimedia.org
2013-11-20 14:24:35,bits.wikimedia.org
2013-11-20 14:24:35,fr.wikipedia.org
2013-11-20 14:24:36,login.live.com
2013-11-20 14:24:49,bits.wikimedia.org
2013-11-20 14:24:49,fr.wikipedia.org
2013-11-20 14:24:51,login.wikimedia.org
2013-11-20 14:25:49,bits.wikimedia.org
2013-11-20 14:25:51,login.wikimedia.org
2013-11-20 14:25:51,fr.wikipedia.org
2013-11-20 14:44:44,ajax.googleapis.com
2013-11-20 14:44:44,www.maplesoft.com
2013-11-20 14:44:44,code.jquery.com
2013-11-20 14:44:45,www.maplesoft.com
2013-11-20 14:44:45,maplesoft.tt.omtrdc.net
2013-11-20 14:45:49,maplesoft.tt.omtrdc.net
2013-11-20 14:45:51,maplesoft.tt.omtrdc.net
2013-11-20 14:45:56,maplesoft.tt.omtrdc.net
2013-11-20 14:45:57,maplesoft.tt.omtrdc.net
2013-11-20 14:45:58,maplesoft.tt.omtrdc.net
2013-11-20 14:45:59,maplesoft.tt.omtrdc.net
2013-11-27 15:44:05,go.microsoft.com
2013-11-27 15:44:05,www.microsoft.com
2013-11-27 15:44:06,js.microsoft.com
2013-11-27 15:44:06,www.microsoft.com
2013-11-27 15:44:08,res1.windows.microsoft.com
2013-11-27 15:44:08,www.microsoft.com
2013-11-27 15:44:08,res2.windows.microsoft.com
2013-11-27 15:44:09,www.microsoft.com
2013-11-27 16:08:39,fpdownload2.macromedia.com
2013-11-27 16:08:49,www.bing.com
2013-11-27 16:08:50,www.bing.com
2013-11-27 16:08:51,www.bing.com
2013-11-27 16:08:52,www.bing.com
2013-11-27 16:08:53,www.bing.com
2013-11-27 16:08:53,cms.abmr.net
2013-11-27 16:08:55,www.bing.com
2013-11-27 16:08:58,pernoux.pagesperso-orange.fr
2013-11-27 16:09:00,www.foxitsoftware.com
2013-11-27 16:09:01,www.bing.com
2013-11-27 16:09:02,ad.foxitsoftware.com
2013-11-27 16:09:02,bits.wikimedia.org
2013-11-27 16:09:02,fr.wikipedia.org
2013-11-27 16:09:03,bits.wikimedia.org
2013-11-27 16:09:03,fr.wikipedia.org
2013-11-27 16:09:04,bits.wikimedia.org
2013-11-27 16:09:04,meta.wikimedia.org
2013-11-27 16:09:05,fr.wikipedia.org
2013-11-27 16:09:05,login.live.com
2013-11-27 16:09:05,bits.wikimedia.org
2013-11-27 16:09:05,meta.wikimedia.org
2013-11-27 16:09:19,bits.wikimedia.org
2013-11-27 16:09:19,fr.wikipedia.org
2013-11-27 16:09:21,login.wikimedia.org
2013-11-27 16:09:22,fr.wikipedia.org
2013-11-27 16:10:19,bits.wikimedia.org
2013-11-27 16:10:22,login.wikimedia.org
2013-11-27 16:10:22,fr.wikipedia.org
2013-11-27 16:22:45,fr.wikipedia.org
2013-11-27 16:22:45,bits.wikimedia.org
2013-11-27 16:22:46,bits.wikimedia.org
2013-11-27 16:22:46,fr.wikipedia.org
2013-11-27 16:22:46,meta.wikimedia.org
2013-11-27 16:22:50,fr.wikipedia.org
2013-11-27 16:22:50,bits.wikimedia.org
2013-11-27 16:22:51,meta.wikimedia.org
2013-11-27 16:23:56,www.bing.com
2013-11-27 16:23:57,www.bing.com
2013-11-27 16:24:00,www.bing.com
2013-11-27 16:24:01,www.bing.com
2013-11-27 16:24:02,www.bing.com
2013-11-27 16:24:03,www.bing.com
2013-11-27 16:24:04,www.bing.com
2013-11-27 16:24:06,www.bing.com
2013-11-27 16:24:08,www.ilemaths.net
2013-11-27 16:24:09,www.ilemaths.net
2013-11-27 16:24:10,www.ilemaths.net
2013-11-27 16:24:11,www.ilemaths.net
2013-11-27 16:24:11,login.live.com
2013-11-27 16:24:16,www.bing.com
2013-11-27 16:24:17,www.bing.com
2013-11-27 16:24:18,www.bing.com
2013-11-27 16:24:19,www.bing.com
2013-11-27 16:24:20,www.bing.com
2013-11-27 16:24:21,www.bing.com
2013-11-27 16:24:22,www.bing.com
2013-11-27 16:24:23,www.bing.com
2013-11-27 16:24:25,www.bing.com
2013-11-27 16:24:25,ssl.bing.com
2013-11-27 16:24:35,www.google.com
2013-11-27 16:24:35,ajax.googleapis.com
2013-11-27 16:24:35,www.developpez.net
2013-11-27 16:24:36,premium.hi-mediaserver.com
2013-11-27 16:24:36,www.developpez.net
2013-11-27 16:24:37,www.developpez.net
2013-11-27 16:24:37,login.live.com
2013-11-27 16:24:38,www.developpez.net
2013-11-27 16:24:41,www.developpez.net
2013-11-27 16:24:42,www.developpez.net
2013-11-27 16:25:49,www.bing.com
2013-11-27 16:25:56,www.bing.com
2013-11-27 16:25:57,www.bing.com
2013-11-27 16:25:58,www.bing.com
2013-11-27 16:26:00,www.bing.com
2013-11-27 16:26:01,www.bing.com
2013-11-27 16:26:02,www.bing.com
2013-11-27 16:26:03,www.bing.com
2013-11-27 16:26:04,login.live.com
2013-11-27 16:26:04,www.bing.com
2013-11-27 16:26:07,login.live.com
2013-11-27 16:26:10,www.bing.com
2013-11-27 16:26:10,wims.unice.fr
2013-11-27 16:26:11,wims.unice.fr
2013-11-27 16:26:16,www.bing.com
2013-11-27 16:26:18,login.live.com
2013-11-27 16:26:18,www.bing.com
2013-11-27 16:26:20,wims.univ-rennes1.fr
2013-11-27 16:26:21,ssl.bing.com
2013-11-27 16:26:23,www.bing.com
2013-11-27 16:26:23,ssl.bing.com
2013-11-27 16:26:24,www.bing.com
2013-11-27 16:26:25,www.commentcamarche.net
2013-11-27 16:26:25,ssl.bing.com
2013-11-27 16:26:26,html5shim.googlecode.com
2013-11-27 16:26:26,static.ccm2.net
2013-11-27 16:26:26,ba.commentcamarche.net
2013-11-27 16:26:27,ba.commentcamarche.net
2013-11-27 16:26:27,connect.facebook.net
2013-11-27 16:26:27,static.ccm2.net
2013-11-27 16:26:27,r.ccm2.net
2013-11-27 16:26:28,www.facebook.com
2013-11-27 16:26:28,platform.twitter.com
2013-11-27 16:26:29,static.ccmbg.com
2013-11-27 16:26:29,ea.virginmobile.fr
2013-11-27 16:26:29,static.ccm2.net
2013-11-27 16:26:29,static.ak.facebook.com
2013-11-27 16:26:29,s-static.ak.facebook.com
2013-11-27 16:26:36,twitter.com
2013-11-27 16:26:38,static.ccm2.net
2013-11-27 16:26:39,ajax.googleapis.com
2013-11-27 16:26:39,twitter.com
2013-11-27 16:26:39,static.ccm2.net
2013-11-27 16:26:39,www.facebook.com
2013-11-27 16:26:40,www.commentcamarche.net
2013-11-27 16:26:40,static.ccm2.net
2013-11-27 16:26:40,www.facebook.com
2013-11-27 16:57:08,www.foxitsoftware.com
2013-11-27 16:57:08,ad.foxitsoftware.com
2013-11-27 17:03:26,www.bing.com
2013-11-27 17:03:28,www.bing.com
2013-11-27 17:03:31,www.bing.com
2013-11-27 17:03:32,www.les-mathematiques.net
2013-11-27 17:03:33,www.les-mathematiques.net
2013-11-27 17:03:34,math.univ-lille1.fr
2013-11-27 17:03:34,www.bing.com
2013-11-27 17:03:35,math.univ-lille1.fr
2013-11-27 17:03:42,login.live.com
2013-11-27 17:03:43,math.univ-lille1.fr
2013-11-27 17:04:09,www.les-mathematiques.net
2013-11-27 17:04:17,www.les-mathematiques.net
2013-11-29 13:40:21,armmf.adobe.com
2013-11-29 13:40:23,armmf.adobe.com
2013-11-29 13:40:24,armdl.adobe.com
2013-12-17 10:15:33,google.fr
2013-12-17 10:15:33,www.google.fr
2013-12-17 10:15:57,www.google.fr
2013-12-17 10:16:46,www.google.fr
2013-12-17 10:17:43,www.google.fr
2013-12-17 10:17:43,clients1.google.com
2013-12-17 10:17:44,gtglobal-ocsp.geotrust.com
2013-12-17 10:17:45,clients1.google.com
2013-12-17 10:17:47,www.google.com
2013-12-17 10:17:47,apis.google.com
2013-12-17 10:17:47,www.google.fr
2013-12-17 11:43:34,gtssl-ocsp.geotrust.com
2013-12-17 11:43:35,gtssl-ocsp.geotrust.com
2013-12-17 11:43:40,clients1.google.com
2013-12-17 11:43:41,gtglobal-ocsp.geotrust.com
2013-12-17 11:43:41,clients1.google.com
2013-12-17 11:43:41,geo.mozilla.org
2013-12-17 11:43:42,clients1.google.com
2013-12-17 11:43:46,www.google.fr
2013-12-17 11:43:46,clients1.google.com
2013-12-17 11:43:46,ocsp.tcs.terena.org
2013-12-17 11:43:47,ocsp.usertrust.com
2013-12-17 11:44:03,www.isima.fr
2013-12-17 11:46:01,safebrowsing.clients.google.com
2013-12-17 11:46:02,safebrowsing-cache.google.com
2013-12-17 11:46:37,www.google.com
2013-12-17 11:46:41,www.google.fr
2013-12-17 11:46:41,sb-ssl.google.com
2013-12-18 17:28:46,fpdownload2.macromedia.com
2013-12-18 17:29:00,www.bing.com
2013-12-18 17:29:01,www.bing.com
2013-12-18 17:29:02,www.bing.com
2013-12-18 17:29:03,www.bing.com
2013-12-18 17:29:03,cms.abmr.net
2013-12-18 17:29:04,login.live.com
2013-12-18 17:29:44,www.isima.fr
2014-01-27 13:43:52,js.microsoft.com
2014-01-27 13:43:52,res2.windows.microsoft.com
2014-01-27 13:43:52,res1.windows.microsoft.com
2014-01-27 13:43:52,windows.microsoft.com
2014-01-27 13:43:52,go.microsoft.com
2014-01-27 13:43:52,ajax.microsoft.com
2014-01-27 13:43:53,js.microsoft.com
2014-01-27 13:43:53,windows.microsoft.com
2014-01-27 13:43:53,res1.windows.microsoft.com
2014-01-27 13:43:57,www.bing.com
2014-01-27 13:44:27,www.isima.fr
2014-01-27 13:46:36,go.microsoft.com
2014-01-27 13:46:36,ieonline.microsoft.com
2014-01-27 13:47:35,www.google.fr
2014-01-27 13:47:49,www.google.fr
2014-01-27 13:47:51,apis.google.com
2014-01-27 13:47:53,www.google.com
2014-01-27 13:48:16,accounts.google.com
2014-01-27 13:48:18,apis.google.com
2014-01-27 13:48:21,accounts.youtube.com
2014-01-27 13:50:24,www.google.com
2014-01-27 13:50:24,www.google.fr
2014-01-27 13:50:24,accounts.google.com
2014-01-27 13:50:24,accounts.youtube.com
2014-01-27 13:55:58,www.bing.com
2014-01-27 13:55:59,www.bing.com
2014-01-27 13:56:00,www.bing.com
2014-01-27 13:56:00,cms.abmr.net
2014-01-27 13:56:12,login.live.com
2014-01-27 13:59:07,bibliotheque.clermont-universite.fr
2014-01-27 13:59:46,bibliotheque.clermont-universite.fr
2014-01-27 13:59:46,books.google.com
2014-01-27 13:59:46,catalogue.clermont-universite.fr
2014-01-27 13:59:53,books.google.com
2014-01-27 13:59:53,bibliotheque.clermont-universite.fr
2014-01-27 13:59:53,catalogue.clermont-universite.fr
2014-01-27 14:00:21,bibliotheque.clermont-universite.fr
2014-01-27 14:00:21,catalogue.clermont-universite.fr
2014-01-27 14:00:21,books.google.com
2014-01-27 14:11:27,office.microsoft.com
2014-01-27 14:11:27,office14client.microsoft.com
2014-01-27 14:11:29,office.microsoft.com
2014-01-27 14:11:31,office.microsoft.com
2014-01-27 14:27:32,fpdownload2.macromedia.com
2014-01-28 22:49:18,armmf.adobe.com
2014-01-28 22:49:20,armmf.adobe.com
2014-01-28 22:49:22,armmf.adobe.com
2014-01-28 22:49:24,armmf.adobe.com
2014-01-28 22:56:39,office14client.microsoft.com
2014-01-28 22:56:40,office.microsoft.com
2014-01-28 22:56:40,rr.office.microsoft.com
2014-01-28 23:02:36,docs.live.net
2014-02-14 14:08:48,www.squid-cache.org
2014-02-14 14:08:48,www.debian.org
2014-02-14 14:08:56,www.squid-cache.org
2014-02-14 14:30:29,www.debian.org
2014-02-14 14:30:30,www.debian.org
2014-02-14 14:30:31,www.squid-cache.org
2014-02-14 14:30:31,www.debian.org
2014-02-14 14:30:38,www.google.com
2014-02-14 14:30:39,www.google.fr
2014-02-14 14:30:40,www.google.fr
2014-02-14 14:30:40,www.google.com
2014-02-14 14:30:41,www.google.fr
2014-02-14 14:30:42,www.google.fr
2014-02-14 14:30:45,www.google.fr
2014-02-14 14:30:46,www.google.fr
2014-02-14 14:30:47,www.google.fr
2014-02-14 14:30:48,www.google.fr
2014-02-14 14:30:49,www.google.fr
2014-02-14 14:30:50,www.google.fr
2014-02-14 14:30:51,apis.google.com
2014-02-14 14:30:52,www.google.fr
2014-02-14 14:30:53,www.areaprog.com
2014-02-14 14:30:54,connect.facebook.net
2014-02-14 14:30:54,www.areaprog.com
2014-02-14 14:30:55,www.areaprog.com
2014-02-14 14:30:55,platform.twitter.com
2014-02-14 14:30:55,s-static.ak.facebook.com
2014-02-14 14:30:55,www.facebook.com
2014-02-14 14:30:55,static.ak.facebook.com
2014-02-14 14:30:56,platform.twitter.com
2014-02-14 14:30:57,www.areaprog.com
2014-02-14 14:31:05,www.areaprog.com
2014-02-14 14:31:06,www.areaprog.com
2014-02-14 14:31:06,connect.facebook.net
2014-02-14 14:31:06,static.ak.facebook.com
2014-02-14 14:31:06,s-static.ak.facebook.com
2014-02-14 14:31:07,www.facebook.com
2014-02-14 14:31:07,www.areaprog.com
2014-02-14 14:31:07,platform.twitter.com
2014-02-14 14:31:07,s-static.ak.facebook.com
2014-02-14 14:31:08,www.areaprog.com
2014-02-14 14:31:26,twitter.com
2014-02-14 14:31:38,twitter.com
2014-02-14 14:34:41,www.google.fr
2014-02-14 14:34:42,apis.google.com
2014-02-14 14:38:53,www.google.fr
2014-02-14 14:38:53,www.google.com
2014-02-14 14:38:54,www.google.fr
2014-02-14 14:38:56,bits.wikimedia.org
2014-02-14 14:38:56,en.wikipedia.org
2014-02-14 14:38:56,www.google.fr
2014-02-14 14:38:57,bits.wikimedia.org
2014-02-14 14:38:57,login.wikimedia.org
2014-02-14 14:38:57,meta.wikimedia.org
2014-02-14 14:38:58,bits.wikimedia.org
2014-02-14 14:38:58,meta.wikimedia.org
2014-02-14 14:44:38,www.google.fr
2014-02-14 14:44:38,www.google.com
2014-02-14 14:44:40,www.google.fr
2014-02-14 14:44:41,www.google.fr
2014-02-14 14:44:55,www.isima.fr
2014-02-14 14:45:36,feeds.bbci.co.uk
2014-02-14 14:45:36,clients1.google.com
2014-02-14 14:45:36,fxfeeds.mozilla.com
2014-02-14 14:45:36,gtglobal-ocsp.geotrust.com
2014-02-14 14:45:36,newsrss.bbc.co.uk
2014-02-14 14:45:40,www.squid-cache.org
2014-02-14 14:45:55,www.google.com
2014-02-14 14:45:55,clients1.google.com
2014-02-14 14:45:58,www.google.com
2014-02-14 14:46:03,clients1.google.com
2014-02-14 14:46:04,clients1.google.com
2014-02-14 14:46:04,www.google.com
2014-02-14 14:46:06,www.google.com
2014-02-14 14:46:06,ocsp.tcs.terena.org
2014-02-14 14:46:06,clients1.google.com
2014-02-14 14:46:06,ocsp.comodoca.com
2014-02-14 14:46:06,ocsp.usertrust.com
2014-02-14 14:46:20,www.isima.fr
2014-02-14 14:49:36,sb-ssl.google.com
2014-02-14 14:49:37,safebrowsing.clients.google.com
2014-02-14 14:49:37,safebrowsing-cache.google.com
2014-02-14 14:49:38,safebrowsing-cache.google.com
2014-02-14 14:49:39,safebrowsing-cache.google.com
2014-02-14 14:49:40,safebrowsing-cache.google.com
2014-02-14 14:49:41,safebrowsing-cache.google.com
2014-02-14 14:49:42,safebrowsing-cache.google.com
2014-02-14 14:50:42,safebrowsing-cache.google.com
2014-02-14 14:50:43,safebrowsing-cache.google.com
2014-02-14 14:50:44,safebrowsing-cache.google.com
2014-02-14 14:51:10,docs.google.com
2014-02-14 15:11:13,www.google.com
2014-02-14 15:11:13,clients1.google.com
2014-02-14 15:11:13,img.youtube.com
2014-02-14 15:11:15,clients1.google.com
2014-02-14 15:11:16,www.google.com
2014-02-14 15:11:18,clients1.google.com
2014-02-14 15:11:19,www.google.com
2014-02-14 15:11:19,clients1.google.com
2014-02-14 15:11:22,clients1.google.com
2014-02-14 15:11:23,www.google.com
2014-02-14 15:11:23,clients1.google.com
2014-02-14 15:11:24,clients1.google.com
2014-02-14 15:11:26,www.google.com
2014-02-14 15:11:27,www.commentcamarche.net
2014-02-14 15:11:27,ba.commentcamarche.net
2014-02-14 15:11:27,static.ccm2.net
2014-02-14 15:11:27,r.ccm2.net
2014-02-14 15:11:27,clients1.google.com
2014-02-14 15:11:27,platform.twitter.com
2014-02-14 15:11:27,www.facebook.com
2014-02-14 15:11:28,static.ccm2.net
2014-02-14 15:11:28,gtglobal-ocsp.geotrust.com
2014-02-14 15:11:28,www.facebook.com
2014-02-14 15:11:28,ocsp.godaddy.com
2014-02-14 15:11:28,platform.twitter.com
2014-02-14 15:11:28,clients1.google.com
2014-02-14 15:11:28,evsecure-ocsp.verisign.com
2014-02-14 15:11:29,ocsp.digicert.com
2014-02-14 15:11:29,ba.commentcamarche.net
2014-02-14 15:11:29,connect.facebook.net
2014-02-14 15:11:29,clients1.google.com
2014-02-14 15:11:30,static.ccmbg.com
2014-02-14 15:11:30,s-static.ak.facebook.com
2014-02-14 15:11:30,platform.twitter.com
2014-02-14 15:11:30,static.ak.facebook.com
2014-02-14 15:11:30,static.ccm2.net
2014-02-14 15:11:30,ba.commentcamarche.net
2014-02-14 15:11:30,www.facebook.com
2014-02-14 15:11:31,www.commentcamarche.net
2014-02-14 15:11:31,clients1.google.com
2014-02-14 15:11:59,twitter.com
2014-02-14 15:12:00,twitter.com
2014-02-14 15:13:32,safebrowsing.clients.google.com
2014-02-14 15:13:32,safebrowsing-cache.google.com
2014-02-14 15:13:33,safebrowsing-cache.google.com
2014-02-14 15:13:34,safebrowsing-cache.google.com
2014-02-14 15:13:35,safebrowsing-cache.google.com
2014-02-14 15:13:36,safebrowsing-cache.google.com
2014-02-14 15:14:37,safebrowsing-cache.google.com
2014-02-14 15:15:28,ajax.googleapis.com
2014-02-14 15:15:29,apis.google.com
2014-02-14 15:15:30,accounts.google.com
2014-02-20 10:11:17,go.microsoft.com
2014-02-20 10:11:18,ajax.microsoft.com
2014-02-20 10:11:18,res1.windows.microsoft.com
2014-02-20 10:11:18,js.microsoft.com
2014-02-20 10:11:18,windows.microsoft.com
2014-02-20 10:11:18,res2.windows.microsoft.com
2014-02-20 10:11:20,res2.windows.microsoft.com
2014-02-20 10:11:20,res1.windows.microsoft.com
2014-02-20 10:11:21,res2.windows.microsoft.com
2014-02-20 10:11:21,res1.windows.microsoft.com
2014-02-20 10:11:22,res1.windows.microsoft.com
2014-02-20 10:11:22,windows.microsoft.com
2014-02-20 10:11:22,js.microsoft.com
2014-02-20 10:13:10,www.isima.fr
2014-02-20 10:13:10,player.vimeo.com
2014-02-20 10:15:05,javadl-esd.sun.com
2014-02-20 11:39:37,office14client.microsoft.com
2014-02-20 11:39:38,rr.office.microsoft.com
2014-02-20 12:11:51,www.isima.fr
2014-02-20 12:11:51,player.vimeo.com
2014-02-20 12:11:52,fpdownload2.macromedia.com
2014-03-17 13:33:49,clients1.google.com
2014-03-17 13:33:49,gtglobal-ocsp.geotrust.com
2014-03-17 13:33:49,ocsp.usertrust.com
2014-03-17 13:33:49,ocsp.tcs.terena.org
2014-03-17 13:34:07,ocsp.tcs.terena.org
2014-03-17 13:34:12,clients1.google.com
2014-03-17 13:34:18,www.google.com
2014-03-17 13:34:18,www.google.fr
2014-03-17 13:34:19,www.google.com
2014-03-17 13:34:19,clients1.google.com
2014-03-17 13:34:21,www.google.com
2014-03-17 13:34:22,www.google.fr
2014-03-17 13:34:22,drive.google.com
2014-03-17 13:34:41,gtssl-ocsp.geotrust.com
2014-03-17 13:34:47,clients1.google.com
2014-03-17 13:35:04,safebrowsing.clients.google.com
2014-03-17 13:35:04,safebrowsing-cache.google.com
2014-03-17 13:35:39,ocsp.verisign.com
2014-03-17 13:37:07,id.google.fr
2014-03-17 13:37:11,www.google.fr
2014-03-17 13:37:18,www.google.com
2014-03-17 13:37:39,accounts.youtube.com
2014-03-17 13:37:39,ocsp.digicert.com
2014-03-17 13:37:40,accounts.google.fr
2014-03-17 13:37:40,accounts.google.com
2014-03-17 13:37:43,apis.google.com
2014-03-17 13:37:43,plus.google.com
2014-03-17 13:37:47,docs.google.com
2014-03-17 13:38:41,gg.google.com
2014-03-17 13:38:47,clients2.google.com
2014-03-17 13:39:50,drive.google.com
2014-03-17 13:43:39,ocsp.thawte.com
2014-03-17 13:47:42,drive.google.com
2014-03-17 13:48:46,plus.google.com
2014-03-17 13:55:43,drive.google.com
2014-03-17 13:59:30,www.google.fr
2014-03-17 13:59:38,www.google.com
2014-03-17 13:59:39,clients1.google.com
2014-03-17 13:59:49,www.google.fr
2014-03-17 13:59:49,www.google.com
2014-03-17 14:01:09,maps.google.com
2014-03-17 14:01:09,youthofest.com
2014-03-17 14:01:09,dtym7iokkjlif.cloudfront.net
2014-03-17 14:01:09,platform.linkedin.com
2014-03-17 14:01:09,1.gravatar.com
2014-03-17 14:01:10,xslt.alexa.com
2014-03-17 14:01:10,ajax.googleapis.com
2014-03-17 14:01:10,dtym7iokkjlif.cloudfront.net
2014-03-17 14:01:10,1.gravatar.com
2014-03-17 14:01:10,www.blogadda.com
2014-03-17 14:01:10,youthofest.com
2014-03-17 14:01:10,platform.twitter.com
2014-03-17 14:01:10,0.gravatar.com
2014-03-17 14:01:11,platform.twitter.com
2014-03-17 14:01:11,connect.facebook.net
2014-03-17 14:01:11,platform.linkedin.com
2014-03-17 14:01:11,www.facebook.com
2014-03-17 14:01:11,dsms0mj1bbhn4.cloudfront.net
2014-03-17 14:01:11,youthofest.com
2014-03-17 14:01:12,static.ak.facebook.com
2014-03-17 14:01:12,s-static.ak.facebook.com
2014-03-17 14:01:12,evsecure-ocsp.verisign.com
2014-03-17 14:01:12,www.linkedin.com
2014-03-17 14:01:12,feeds.delicious.com
2014-03-17 14:01:12,www.facebook.com
2014-03-17 14:01:12,youthofest.com
2014-03-17 14:01:13,www.google.com
2014-03-17 14:01:13,youthofest.com
2014-03-17 14:01:13,clients1.google.com
2014-03-17 14:01:13,rapidssl-ocsp.geotrust.com
2014-03-17 14:01:13,evsecure-ocsp.verisign.com
2014-03-17 14:01:15,youthofest.com
2014-03-17 14:01:16,maps.googleapis.com
2014-03-17 14:01:16,youthofest.com
2014-03-17 14:01:16,www.facebook.com
2014-03-17 14:01:16,graph.facebook.com
2014-03-17 14:01:43,twitter.com
2014-03-17 14:02:07,0.drive.google.com
2014-03-17 14:02:21,plus.google.com
2014-03-17 14:02:23,docs.google.com
2014-03-17 14:02:25,drive.google.com
2014-03-17 14:02:26,1.drive.google.com
2014-03-17 14:02:27,accounts.google.fr
2014-03-17 14:02:36,www.google.com
2014-03-17 14:03:01,accounts.youtube.com
2014-03-17 14:03:02,accounts.google.com
2014-03-17 14:03:25,safebrowsing.clients.google.com
2014-03-17 14:03:25,safebrowsing-cache.google.com
2014-03-17 14:32:03,safebrowsing.clients.google.com
2014-03-17 14:32:03,safebrowsing-cache.google.com
2014-03-17 14:40:16,rr.office.microsoft.com
2014-03-17 14:40:16,office14client.microsoft.com
2014-03-17 15:00:49,safebrowsing.clients.google.com
2014-03-17 15:00:49,safebrowsing-cache.google.com
2014-03-17 15:28:30,www.linkedin.com
2014-03-17 15:31:53,ocsp.tcs.terena.org
2014-03-17 15:31:53,ocsp.usertrust.com
2014-03-21 14:53:51,www.debian.org
2014-03-21 14:53:51,www.squid-cache.org
2014-03-21 14:54:03,www.squid-cache.org
2014-03-21 14:54:08,www.google.com
2014-03-21 14:54:08,www.google.fr
2014-03-21 14:54:09,www.google.fr
2014-03-21 14:54:09,www.google.com
2014-03-21 14:54:10,www.google.fr
2014-03-21 14:54:11,www.google.fr
2014-03-21 14:54:17,www.google.fr
2014-03-21 14:54:18,www.google.fr
2014-03-21 14:54:19,www.google.fr
2014-03-21 14:54:20,apis.google.com
2014-03-21 14:54:22,www.google.fr
2014-03-21 14:54:22,bits.wikimedia.org
2014-03-21 14:54:22,fr.wikipedia.org
2014-03-21 14:54:23,bits.wikimedia.org
2014-03-21 14:54:24,bits.wikimedia.org
2014-03-21 14:54:24,login.wikimedia.org
2014-03-21 14:54:24,meta.wikimedia.org
2014-03-21 14:54:24,fr.wikipedia.org
2014-03-21 14:54:25,bits.wikimedia.org
2014-03-21 14:54:25,meta.wikimedia.org
2014-03-21 14:58:10,apis.google.com
2014-03-21 15:09:15,www.google.fr
2014-03-21 15:09:15,www.google.com
2014-03-21 15:09:16,www.google.fr
2014-03-21 15:09:17,www.google.fr
2014-03-21 15:09:23,www.google.fr
2014-03-21 15:09:24,www.cplusplus.com
2014-03-21 15:09:25,www.cplusplus.com
2014-03-21 15:09:26,www.cplusplus.com
2014-03-21 15:09:28,www.cplusplus.com
2014-03-21 15:34:40,www.google.com
2014-03-21 15:34:40,www.google.fr
2014-03-21 15:34:41,www.google.fr
2014-03-21 15:34:43,www.google.fr
2014-03-21 15:35:54,www.google.com
2014-03-21 15:35:54,www.google.fr
2014-03-21 15:35:56,www.google.fr
2014-03-21 15:35:57,www.google.fr
2014-03-21 15:35:57,mail.google.com
2014-03-21 15:35:58,mail.google.com
2014-03-21 15:36:10,mail.google.com
2014-03-21 15:36:28,apis.google.com
2014-03-21 15:36:28,mail.google.com
2014-03-21 15:36:33,www.google.com
2014-03-21 15:36:33,clients2.google.com
2014-03-21 15:36:35,apis.google.com
2014-03-21 15:36:35,chatenabled.mail.google.com
2014-03-21 15:37:10,mail.google.com
2014-03-21 15:37:10,www.google.fr
2014-03-21 15:37:11,mail.google.com
2014-03-21 15:37:18,accounts.google.com
2014-03-21 15:37:18,accounts.google.fr
2014-03-21 15:37:18,mail.google.com
2014-03-21 15:37:18,clients2.google.com
2014-03-21 15:37:18,www.google.com
2014-03-21 15:37:18,apis.google.com
2014-03-21 15:37:18,chatenabled.mail.google.com
2014-03-21 15:37:18,plus.google.com
2014-03-21 18:20:06,armmf.adobe.com
2014-03-21 18:20:08,armmf.adobe.com
2014-03-21 18:20:51,armmf.adobe.com
2014-03-21 18:20:53,armmf.adobe.com
2014-03-21 18:24:52,javadl-esd-secure.oracle.com
2014-03-21 18:41:54,javadl-esd-secure.oracle.com
2014-03-21 18:49:21,javadl-esd-secure.oracle.com
2014-03-21 18:49:33,dl.javafx.com
2014-03-28 13:36:20,www.debian.org
2014-03-28 13:36:21,www.squid-cache.org
2014-03-28 13:36:31,www.squid-cache.org
2014-03-28 13:36:35,www.google.com
2014-03-28 13:36:36,www.google.fr
2014-03-28 13:36:37,www.google.com
2014-03-28 13:36:37,www.google.fr
2014-03-28 13:36:38,www.google.fr
2014-03-28 13:36:47,apis.google.com
2014-03-28 13:37:14,www.google.fr
2014-03-28 13:37:15,www.google.fr
2014-03-28 13:37:36,www.google.fr
2014-03-28 13:37:37,www.google.fr
2014-03-28 13:37:50,mail.google.com
2014-03-28 13:37:57,clients2.google.com
2014-03-28 13:37:57,www.google.com
2014-03-28 13:37:59,chatenabled.mail.google.com
2014-03-28 13:38:33,0.drive.google.com
2014-03-28 13:39:29,drive.google.com
2014-03-28 13:41:36,accounts.google.fr
2014-03-28 13:41:48,www.google.com
2014-03-28 13:41:48,clients2.google.com
2014-03-28 13:41:50,chatenabled.mail.google.com
2014-03-28 13:41:53,accounts.google.com
2014-03-28 13:42:09,clients6.google.com
2014-03-28 13:42:25,www.google.com
2014-03-28 13:42:32,0.drive.google.com
2014-03-28 13:42:32,mail.google.com
2014-03-28 13:42:33,www.google.fr
2014-03-28 13:42:35,drive.google.com
2014-03-28 13:42:35,mail.google.com
2014-03-28 13:42:40,www.google.com
2014-03-28 13:42:44,docs.google.com
2014-03-28 13:42:45,www.google.fr
2014-03-28 13:42:45,www.google.com
2014-03-28 13:42:46,www.google.fr
2014-03-28 13:42:48,www.google.fr
2014-03-28 13:42:56,drive.google.com
2014-03-28 13:43:03,drive.google.com
2014-03-28 13:43:03,www.google.com
2014-03-28 13:43:03,apis.google.com
2014-03-28 13:43:03,mail.google.com
2014-03-28 13:43:03,plus.google.com
2014-03-28 13:43:03,accounts.google.com
2014-03-28 13:43:03,0.drive.google.com
2014-03-28 13:43:03,gg.google.com
2014-03-28 13:43:03,accounts.google.fr
2014-03-28 13:43:51,www.google.com
2014-03-28 13:44:35,hotmail.fr
2014-03-28 13:44:36,login.live.com
2014-03-28 13:44:38,login.live.com
2014-03-28 13:44:51,windowslive.tt.omtrdc.net
2014-03-28 13:44:52,login.live.com
2014-03-28 13:44:54,login.live.com
2014-03-28 13:45:06,windowslive.tt.omtrdc.net
2014-03-28 13:45:06,login.live.com
2014-03-28 13:45:07,login.live.com
2014-03-28 13:45:08,login.live.com
2014-03-28 13:45:18,windowslive.tt.omtrdc.net
2014-03-28 13:45:24,login.live.com
2014-03-28 13:45:25,login.live.com
2014-03-28 13:45:26,login.live.com
2014-03-28 13:45:36,windowslive.tt.omtrdc.net
2014-03-28 13:45:41,login.live.com
2014-03-28 13:45:42,login.live.com
2014-03-28 13:45:54,windowslive.tt.omtrdc.net
2014-03-28 13:45:57,login.live.com
2014-03-28 13:45:58,login.live.com
2014-03-28 13:46:09,windowslive.tt.omtrdc.net
2014-03-28 13:46:09,login.live.com
2014-03-28 13:46:10,windowslive.tt.omtrdc.net
2014-03-28 13:46:20,login.live.com
2014-03-28 13:46:21,login.live.com
2014-03-28 13:46:27,www.google.com
2014-03-28 13:46:27,www.google.fr
2014-03-28 13:46:29,id.google.fr
2014-03-28 13:46:29,www.google.fr
2014-03-28 13:46:31,outlook.com
2014-03-28 13:46:32,login.live.com
2014-03-28 13:46:33,login.live.com
2014-03-28 13:46:33,windowslive.tt.omtrdc.net
2014-03-28 13:46:45,login.live.com
2014-03-28 13:46:45,windowslive.tt.omtrdc.net
2014-03-28 13:46:57,mail.live.com
2014-03-28 13:47:41,www.google.com
2014-03-28 13:47:41,drive.google.com
2014-03-28 13:47:43,accounts.google.com
2014-03-28 13:47:48,c.live.com
2014-03-28 13:47:53,c.live.com
2014-03-28 13:48:58,login.live.com
2014-03-28 13:48:59,login.live.com
2014-03-28 13:49:02,login.live.com
2014-03-28 13:49:03,windowslive.tt.omtrdc.net
2014-03-28 13:49:07,windowslive.tt.omtrdc.net
2014-03-28 13:49:07,login.live.com
2014-03-28 13:49:08,login.live.com
2014-03-28 13:49:11,login.live.com
2014-03-28 13:49:14,login.live.com
2014-03-28 13:49:27,windowslive.tt.omtrdc.net
2014-03-28 13:49:57,signup.live.com
2014-03-28 13:50:12,login.live.com
2014-03-28 13:50:13,login.live.com
2014-03-28 13:59:03,isima.fr
2014-03-28 13:59:06,www.isima.fr
2014-03-28 13:59:10,www.isima.fr
2014-03-28 13:59:11,www.isima.fr
2014-03-28 14:01:32,www.outlook.com
2014-03-28 14:01:49,c.live.com
2014-03-28 14:03:34,www.google.com
2014-03-28 14:03:35,www.google.fr
2014-03-28 14:03:35,id.google.fr
2014-03-28 14:03:36,www.google.com
2014-03-28 14:03:36,www.google.fr
2014-03-28 14:03:38,www.google.fr
2014-03-28 14:03:39,www.google.fr
2014-03-28 14:03:40,www.google.fr
2014-03-28 14:03:41,www.google.fr
2014-03-28 14:03:43,www.google.fr
2014-03-28 14:03:44,code.jquery.com
2014-03-28 14:03:44,forums.devshed.com
2014-03-28 14:03:44,ajax.googleapis.com
2014-03-28 14:03:45,forums.devshed.com
2014-03-28 14:03:46,forums.devshed.com
2014-03-28 14:03:46,forums.seochat.com
2014-03-28 14:03:47,forums.devshed.com
2014-03-28 14:03:58,www.google.fr
2014-03-28 14:03:58,www.commentcamarche.net
2014-03-28 14:03:58,ba.commentcamarche.net
2014-03-28 14:03:58,static.ccm2.net
2014-03-28 14:03:59,www.facebook.com
2014-03-28 14:03:59,platform.twitter.com
2014-03-28 14:03:59,ba.commentcamarche.net
2014-03-28 14:03:59,static.ccm2.net
2014-03-28 14:03:59,r.ccmbg.com
2014-03-28 14:04:00,pixel.alephd.com
2014-03-28 14:04:00,ba.commentcamarche.net
2014-03-28 14:04:00,static.ccm2.net
2014-03-28 14:04:01,static.ccm2.net
2014-03-28 14:04:02,static.ak.facebook.com
2014-03-28 14:04:02,static.ccm2.net
2014-03-28 14:04:02,connect.facebook.net
2014-03-28 14:04:02,ba.commentcamarche.net
2014-03-28 14:04:02,loadr.exelator.com
2014-03-28 14:04:03,pixel.alephd.com
2014-03-28 14:04:03,www.commentcamarche.net
2014-03-28 14:04:03,ba.commentcamarche.net
2014-03-28 14:04:03,static.ccm2.net
2014-03-28 14:04:03,static.ccmbg.com
2014-03-28 14:04:03,www.facebook.com
2014-03-28 14:04:03,platform.twitter.com
2014-03-28 14:04:04,www.facebook.com
2014-03-28 14:04:04,static.ak.facebook.com
2014-03-28 14:04:04,pixel.alephd.com
2014-03-28 14:04:04,static.ccm2.net
2014-03-28 14:04:05,pixel.alephd.com
2014-03-28 14:04:05,www.commentcamarche.net
2014-03-28 14:04:09,ajax.googleapis.com
2014-03-28 14:04:12,login.live.com
2014-03-28 14:04:13,windowslive.tt.omtrdc.net
2014-03-28 14:04:22,s-static.ak.facebook.com
2014-03-28 14:04:29,twitter.com
2014-03-28 14:04:34,twitter.com
2014-03-28 14:04:40,static.ccm2.net
2014-03-28 14:04:42,www.google.fr
2014-03-28 14:04:42,forums.macg.co
2014-03-28 14:04:42,ajax.googleapis.com
2014-03-28 14:04:43,cm.bell-labs.com
2014-03-28 14:04:43,jq3wezh8dw.s.ad6media.fr
2014-03-28 14:04:43,forums.macg.co
2014-03-28 14:04:44,choices.truste.com
2014-03-28 14:04:44,forums.macg.co
2014-03-28 14:04:45,forums.macg.co
2014-03-28 14:04:45,autolinkmaker.itunes.apple.com
2014-03-28 14:04:46,choices.truste.com
2014-03-28 14:04:47,choices.truste.com
2014-03-28 14:04:56,www.google.fr
2014-03-28 14:04:56,www.tutorialspoint.com
2014-03-28 14:04:57,www.tutorialspoint.com
2014-03-28 14:04:58,www.tutorialspoint.com
2014-03-28 14:04:59,www.tutorialspoint.com
2014-03-28 14:04:59,apis.google.com
2014-03-28 14:05:00,www.tutorialspoint.com
2014-03-28 14:05:13,www.google.fr
2014-03-28 14:05:14,www.google.fr
2014-03-28 14:05:15,www.google.fr
2014-03-28 14:05:18,www.cmi.univ-mrs.fr
2014-03-28 14:05:18,www.google.fr
2014-03-28 14:05:54,www.google.fr
2014-03-28 14:05:55,www.dreamincode.net
2014-03-28 14:05:56,feeds.feedburner.com
2014-03-28 14:05:56,www.google.com
2014-03-28 14:05:56,www.dreamincode.net
2014-03-28 14:05:57,cdn1.developermedia.com
2014-03-28 14:05:57,img806.imageshack.us
2014-03-28 14:05:57,www.dreamincode.net
2014-03-28 14:05:58,www.facebook.com
2014-03-28 14:05:58,www.google.com
2014-03-28 14:05:59,www.dreamincode.net
2014-03-28 14:06:00,www.dreamincode.net
2014-03-28 14:06:01,www.dreamincode.net
2014-03-28 14:06:02,apps.developermedia.com
2014-03-28 14:06:03,apps.developermedia.com
2014-03-28 14:06:04,www.facebook.com
2014-03-28 14:06:07,www.google.fr
2014-03-28 14:06:08,www.google.fr
2014-03-28 14:06:09,www.google.fr
2014-03-28 14:06:10,www.google.fr
2014-03-28 14:06:11,www.google.fr
2014-03-28 14:06:11,ajax.googleapis.com
2014-03-28 14:06:12,stackoverflow.com
2014-03-28 14:06:13,stackoverflow.com
2014-03-28 14:06:13,cdn-careers.sstatic.net
2014-03-28 14:06:14,cdn-careers.sstatic.net
2014-03-28 14:06:14,careers.stackoverflow.com
2014-03-28 14:06:33,adzerk-www.s3.amazonaws.com
2014-03-28 14:06:50,www.google.fr
2014-03-28 14:06:51,idn.infnx.com
2014-03-28 14:06:51,www.google.com
2014-03-28 14:06:51,c.fixunix.com
2014-03-28 14:06:51,fixunix.com
2014-03-28 14:06:51,ajax.googleapis.com
2014-03-28 14:06:52,fixunix.com
2014-03-28 14:06:53,fixunix.com
2014-03-28 14:06:54,fixunix.com
2014-03-28 14:07:04,apis.google.com
2014-03-28 14:07:04,www.gravatar.com
2014-03-28 14:07:04,ajax.googleapis.com
2014-03-28 14:07:04,accounts.google.com
2014-03-28 14:07:04,s-static.ak.facebook.com
2014-03-28 14:50:50,www.google.com
2014-03-28 14:50:50,www.squid-cache.org
2014-03-28 14:51:08,www.squid-cache.org
2014-03-28 14:51:08,www.google.com
2014-03-28 14:51:09,www.google.fr
2014-03-28 14:51:09,www.google.com
2014-03-28 14:51:10,www.google.com
2014-03-28 14:51:11,www.google.com
2014-03-28 14:51:12,www.google.fr
2014-03-28 14:51:13,www.google.fr
2014-03-28 14:51:19,www.google.fr
2014-03-28 14:51:20,apis.google.com
2014-03-28 14:51:21,www.google.fr
2014-03-28 14:51:22,www.google.fr
2014-03-28 14:51:23,www.google.fr
2014-03-28 14:51:24,www.google.fr
2014-03-28 14:51:25,www.google.fr
2014-03-28 14:51:26,www.google.fr
2014-03-28 14:51:27,www.google.fr
2014-03-28 14:51:30,www.google.fr
2014-03-28 14:51:30,fr.openclassrooms.com
2014-03-28 14:51:31,doug1izaerwt3.cloudfront.net
2014-03-28 14:51:31,mapage.noos.fr
2014-03-28 14:51:31,www.google.com
2014-03-28 14:51:31,fr.openclassrooms.com
2014-03-28 14:51:31,dnn506yrbagrg.cloudfront.net
2014-03-28 14:51:32,fr.openclassrooms.com
2014-03-28 14:51:32,www.google.com
2014-03-28 14:51:32,www.europe2tv.fr
2014-03-28 14:51:33,fr.openclassrooms.com
2014-03-28 14:51:33,www.google.com
2014-03-28 14:51:35,fr.openclassrooms.com
2014-03-28 14:51:36,fr.openclassrooms.com
2014-03-28 14:51:36,www.google.fr
2014-03-28 14:51:37,www.linux-france.org
2014-03-28 14:51:37,fr.openclassrooms.com
2014-03-28 14:51:44,www.googleapis.com
2014-03-28 14:53:08,mapage.noos.fr
2014-03-28 14:53:09,marketing.openoffice.org
2014-03-28 14:53:09,www.bien-programmer.fr
2014-03-28 14:53:09,www.openoffice.org
2014-03-28 14:53:09,images.spreadfirefox.com
2014-03-28 14:53:09,video.google.fr
2014-03-28 14:53:09,mapage.noos.fr
2014-03-28 14:55:10,apis.google.com
2014-03-28 14:55:35,www.googleapis.com
2014-03-29 15:01:40,api.bing.com
2014-03-29 15:01:42,api.bing.com
2014-03-29 15:01:42,www.google.com
2014-03-29 15:01:43,api.bing.com
2014-03-29 15:01:43,www.bing.com
2014-03-29 15:01:44,www.bing.com
2014-03-29 15:01:44,cms.abmr.net
2014-03-29 15:01:46,www.bing.com
2014-03-29 15:01:47,www.bing.com
2014-03-29 15:01:48,www.bing.com
2014-03-29 15:01:48,drive.google.com
2014-03-29 15:01:48,www.google.com
2014-03-29 15:01:49,accounts.google.com
2014-03-29 15:01:50,accounts.youtube.com
2014-03-29 15:02:03,accounts.google.fr
2014-03-29 15:02:03,www.google.com
2014-03-29 15:02:04,accounts.google.com
2014-03-29 15:02:04,accounts.youtube.com
2014-03-29 15:02:04,accounts.google.fr
2014-03-29 15:02:05,drive.google.com
2014-03-29 15:02:06,0.drive.google.com
2014-03-29 15:02:06,apis.google.com
2014-03-29 15:02:07,drive.google.com
2014-03-29 15:02:07,plus.google.com
2014-03-29 15:02:11,drive.google.com
2014-03-29 15:02:11,apis.google.com
2014-03-29 15:02:11,0.drive.google.com
2014-03-29 15:02:12,drive.google.com
2014-03-29 15:02:12,docs.google.com
2014-03-29 15:02:12,plus.google.com
2014-03-29 15:02:12,www.google.com
2014-03-29 15:02:13,drive.google.com
2014-03-29 15:02:13,docs.google.com
2014-03-29 15:02:15,drive.google.com
2014-03-29 15:02:15,docs.google.com
2014-03-29 15:02:17,docs.google.com
2014-03-29 15:02:17,plus.google.com
2014-03-29 15:02:18,docs.google.com
2014-03-29 15:02:19,docs.google.com
2014-03-29 15:02:20,drive.google.com
2014-03-29 15:02:20,docs.google.com
2014-03-29 15:02:21,docs.google.com
2014-03-29 15:02:22,docs.google.com
2014-03-29 15:02:24,docs.google.com
2014-03-29 15:02:33,docs.google.com
2014-03-29 15:02:33,plus.google.com
2014-03-29 15:02:47,apis.google.com
2014-03-29 15:03:00,drive.google.com
2014-03-29 15:03:01,docs.google.com
2014-03-29 15:03:02,accounts.google.com
2014-03-29 15:03:02,www.google.com
2014-03-29 15:03:05,gg.google.com
2014-03-29 15:03:16,docs.google.com
2014-03-29 15:03:16,drive.google.com
2014-03-29 15:03:16,gg.google.com
2014-03-29 15:03:17,drive.google.com
2014-03-29 15:03:37,go.microsoft.com
2014-03-29 15:03:37,ieonline.microsoft.com
2014-03-29 15:04:45,drive.google.com
2014-03-29 15:05:49,drive.google.com
2014-03-29 15:06:06,drive.google.com
2014-03-29 15:07:02,docs.google.com
2014-03-29 15:07:02,accounts.google.com
2014-03-29 15:07:02,www.google.com
2014-03-29 15:07:37,drive.google.com
2014-03-29 15:08:37,drive.google.com
2014-03-29 15:12:06,drive.google.com
2014-03-29 15:16:24,plus.google.com
2014-03-29 15:16:35,plus.google.com
2014-03-29 15:18:06,drive.google.com
2014-03-29 15:18:23,clients2.google.com
2014-03-29 15:18:26,clients2.google.com
2014-03-29 15:18:27,0.docs.google.com
2014-03-29 15:18:28,www.google.com
2014-03-29 15:18:29,apis.google.com
2014-03-29 15:18:30,docs.google.com
2014-03-29 15:18:30,0.docs.google.com
2014-03-29 15:18:30,clients6.google.com
2014-03-29 15:18:46,docs.google.com
2014-03-29 15:18:46,accounts.google.com
2014-03-29 15:20:06,drive.google.com
2014-03-29 15:22:06,drive.google.com
2014-03-29 15:22:30,apis.google.com
2014-03-29 15:22:31,clients6.google.com
2014-03-29 15:24:21,fr.wikipedia.org
2014-03-29 15:24:23,fr.wikipedia.org
2014-03-29 15:24:24,bits.wikimedia.org
2014-03-29 15:24:25,login.wikimedia.org
2014-03-29 15:24:25,bits.wikimedia.org
2014-03-29 15:24:25,fr.wikipedia.org
2014-03-29 15:24:25,meta.wikimedia.org
2014-03-29 15:24:39,fr.wikipedia.org
2014-03-29 15:24:40,fr.wikipedia.org
2014-03-29 15:24:40,meta.wikimedia.org
2014-03-29 15:26:06,drive.google.com
2014-03-29 15:26:35,plus.google.com
2014-03-29 15:28:06,drive.google.com
2014-03-29 15:32:06,drive.google.com
2014-03-29 15:34:06,drive.google.com
2014-03-29 15:36:36,plus.google.com
2014-03-29 15:37:16,docs.google.com
2014-03-29 15:38:07,drive.google.com
2014-03-29 15:40:08,rr.office.microsoft.com
2014-03-29 15:40:08,office14client.microsoft.com
2014-03-29 15:41:16,docs.google.com
2014-03-29 15:44:06,drive.google.com
2014-03-29 15:46:36,plus.google.com
2014-03-29 15:47:03,fr.wikipedia.org
2014-03-29 15:47:03,bits.wikimedia.org
2014-03-29 15:47:03,meta.wikimedia.org
2014-03-29 15:47:03,www.google.com
2014-03-29 15:47:04,meta.wikimedia.org
2014-03-29 15:47:04,fr.wikipedia.org
2014-03-29 15:47:39,meta.wikimedia.org
2014-03-29 15:47:39,bits.wikimedia.org
2014-03-29 15:47:39,fr.wikipedia.org
2014-03-29 15:48:06,drive.google.com
2014-03-29 15:51:06,docs.google.com
2014-03-29 15:51:06,0.docs.google.com
2014-03-29 15:54:06,drive.google.com
2014-03-29 15:56:36,plus.google.com
2014-03-29 15:57:46,drive.google.com
2014-03-29 15:57:47,api.bing.com
2014-03-29 15:57:48,www.bing.com
2014-03-29 15:57:49,www.bing.com
2014-03-29 15:57:55,www.bing.com
2014-03-29 15:57:57,www.bing.com
2014-03-29 15:57:57,www.aide.ulaval.ca
2014-03-29 15:57:58,www.aide.ulaval.ca
2014-03-29 15:57:58,login.live.com
2014-03-29 15:57:59,www.aide.ulaval.ca
2014-03-29 15:58:00,www.aide.ulaval.ca
2014-03-29 15:58:01,dnn506yrbagrg.cloudfront.net
2014-03-29 15:58:01,www.aide.ulaval.ca
2014-03-29 15:58:19,www.aide.ulaval.ca
2014-03-29 15:58:20,www.aide.ulaval.ca
2014-03-29 15:58:21,www.aide.ulaval.ca
2014-03-29 15:59:48,dnn506yrbagrg.cloudfront.net
2014-03-29 16:01:25,api.bing.com
2014-03-29 16:01:26,api.bing.com
2014-03-29 16:01:27,api.bing.com
2014-03-29 16:01:28,api.bing.com
2014-03-29 16:01:29,api.bing.com
2014-03-29 16:01:30,api.bing.com
2014-03-29 16:01:31,www.bing.com
2014-03-29 16:01:32,www.bing.com
2014-03-29 16:01:46,www.bing.com
2014-03-29 16:01:48,influence-des-reseaux-sociaux.e-monsite.com
2014-03-29 16:01:49,influence-des-reseaux-sociaux.e-monsite.com
2014-03-29 16:01:49,shea.swelen.com
2014-03-29 16:01:49,static.e-monsite.com
2014-03-29 16:01:50,static.e-monsite.com
2014-03-29 16:01:55,www.bing.com
2014-03-29 16:02:00,forms.aweber.com
2014-03-29 16:02:00,www.pro-influence.com
2014-03-29 16:02:00,platform.twitter.com
2014-03-29 16:02:01,www.pro-influence.com
2014-03-29 16:02:01,forms.aweber.com
2014-03-29 16:02:01,pro-influence.com
2014-03-29 16:02:01,club.reussite3.com
2014-03-29 16:02:01,1.gravatar.com
2014-03-29 16:02:01,0.gravatar.com
2014-03-29 16:02:01,www.b2zen.com
2014-03-29 16:02:02,video.ted.com
2014-03-29 16:02:02,www.bing.com
2014-03-29 16:02:03,www.bing.com
2014-03-29 16:02:04,s0.wp.com
2014-03-29 16:02:04,s2.wp.com
2014-03-29 16:02:04,lesjeunesjournalistes.wordpress.com
2014-03-29 16:02:05,www.facebook.com
2014-03-29 16:02:05,s2.wp.com
2014-03-29 16:02:05,lesjeunesjournalistes.files.wordpress.com
2014-03-29 16:02:05,s0.wp.com
2014-03-29 16:02:05,apis.google.com
2014-03-29 16:02:07,s2.wp.com
2014-03-29 16:02:07,proinfluencecom.disqus.com
2014-03-29 16:02:07,www.pro-influence.com
2014-03-29 16:02:07,lesjeunesjournalistes.files.wordpress.com
2014-03-29 16:02:07,fpdownload2.macromedia.com
2014-03-29 16:02:07,forms.aweber.com
2014-03-29 16:02:07,widgets.wp.com
2014-03-29 16:02:07,apis.google.com
2014-03-29 16:02:07,www.facebook.com
2014-03-29 16:02:08,www.aweber.com
2014-03-29 16:02:08,www.pro-influence.com
2014-03-29 16:02:08,images.ted.com
2014-03-29 16:02:08,go.disqus.com
2014-03-29 16:02:09,apis.google.com
2014-03-29 16:02:09,s0.wp.com
2014-03-29 16:02:09,platform.twitter.com
2014-03-29 16:02:09,images.ted.com
2014-03-29 16:02:10,disqus.com
2014-03-29 16:02:10,www.facebook.com
2014-03-29 16:02:10,lesjeunesjournalistes.files.wordpress.com
2014-03-29 16:02:10,accounts.google.com
2014-03-29 16:02:11,www.linkedin.com
2014-03-29 16:02:11,lesjeunesjournalistes.wordpress.com
2014-03-29 16:02:11,s0.wp.com
2014-03-29 16:02:11,accounts.google.com
2014-03-29 16:02:11,apis.google.com
2014-03-29 16:02:11,public-api.wordpress.com
2014-03-29 16:02:12,apis.google.com
2014-03-29 16:02:12,s0.wp.com
2014-03-29 16:02:12,www.pro-influence.com
2014-03-29 16:02:12,disqus.com
2014-03-29 16:02:13,www.facebook.com
2014-03-29 16:02:13,s0.wp.com
2014-03-29 16:02:14,www.facebook.com
2014-03-29 16:02:14,twitter.com
2014-03-29 16:02:14,apis.google.com
2014-03-29 16:02:15,disqus.com
2014-03-29 16:02:15,www.pro-influence.com
2014-03-29 16:02:15,widgets.wp.com
2014-03-29 16:02:15,twitter.com
2014-03-29 16:02:15,www.facebook.com
2014-03-29 16:02:16,www.facebook.com
2014-03-29 16:02:16,widgets.wp.com
2014-03-29 16:02:16,public-api.wordpress.com
2014-03-29 16:02:16,apis.google.com
2014-03-29 16:02:17,disqus.com
2014-03-29 16:02:17,www.facebook.com
2014-03-29 16:02:17,accounts.google.com
2014-03-29 16:02:17,s0.wp.com
2014-03-29 16:02:17,api.facebook.com
2014-03-29 16:02:18,s2.wp.com
2014-03-29 16:02:18,public-api.wordpress.com
2014-03-29 16:02:18,disqus.com
2014-03-29 16:02:18,widgets.wp.com
2014-03-29 16:02:18,www.pro-influence.com
2014-03-29 16:02:19,widgets.wp.com
2014-03-29 16:02:19,s0.wp.com
2014-03-29 16:02:54,influence-des-reseaux-sociaux.e-monsite.com
2014-03-29 16:02:55,influence-des-reseaux-sociaux.e-monsite.com
2014-03-29 16:02:55,banniere.reussissonsensemble.fr
2014-03-29 16:02:56,nb-commons.storage.googleapis.com
2014-03-29 16:02:58,js.socialike-me.com
2014-03-29 16:02:59,www.jennyfer.com
2014-03-29 16:02:59,www.numericable.fr
2014-03-29 16:02:59,influence-des-reseaux-sociaux.e-monsite.com
2014-03-29 16:02:59,js.socialike-me.com
2014-03-29 16:02:59,ea.numericable.fr
2014-03-29 16:02:59,ad.publicidees.com
2014-03-29 16:03:00,offres.numericable.fr
2014-03-29 16:03:00,www.jennyfer.com
2014-03-29 16:03:00,connect.facebook.net
2014-03-29 16:03:01,www.jennyfer.com
2014-03-29 16:03:01,static.ak.facebook.com
2014-03-29 16:03:01,offres.numericable.fr
2014-03-29 16:03:02,offres.numericable.fr
2014-03-29 16:03:02,ea.numericable.fr
2014-03-29 16:03:02,www.jennyfer.com
2014-03-29 16:03:02,audna.httptrack.com
2014-03-29 16:03:02,www.facebook.com
2014-03-29 16:03:03,www.facebook.com
2014-03-29 16:03:03,offres.numericable.fr
2014-03-29 16:03:03,halc.iadvize.com
2014-03-29 16:03:03,service.centraltag.com
2014-03-29 16:03:03,s-static.ak.facebook.com
2014-03-29 16:03:03,emailretargeting.com
2014-03-29 16:03:03,ea.numericable.fr
2014-03-29 16:03:04,offres.numericable.fr
2014-03-29 16:03:04,service.centraltag.com
2014-03-29 16:03:04,halc.iadvize.com
2014-03-29 16:03:04,dc1w54.wysistat.com
2014-03-29 16:03:05,www.facebook.com
2014-03-29 16:03:05,halc.iadvize.com
2014-03-29 16:03:05,mpp2.vindicosuite.com
2014-03-29 16:03:05,fstatic.iadvize.com
2014-03-29 16:03:06,www.google.com
2014-03-29 16:03:06,s.cogmatch.net
2014-03-29 16:03:06,www.jennyfer.com
2014-03-29 16:03:07,halc.iadvize.com
2014-03-29 16:03:07,b12.myspace.com
2014-03-29 16:03:08,www.google.com
2014-03-29 16:03:08,service.centraltag.com
2014-03-29 16:03:09,mfr.meteofrance.com
2014-03-29 16:03:09,www.facebook.com
2014-03-29 16:03:09,b12.myspace.com
2014-03-29 16:03:09,smart2.allocine.fr
2014-03-29 16:03:09,api.zanox.ws
2014-03-29 16:03:10,halc.iadvize.com
2014-03-29 16:03:10,fstatic.iadvize.com
2014-03-29 16:03:10,rainbow-fr.mythings.com
2014-03-29 16:03:10,api.zanox.ws
2014-03-29 16:03:10,www.google.com
2014-03-29 16:03:11,halc.iadvize.com
2014-03-29 16:03:11,numericable.inq.com
2014-03-29 16:03:11,ajax.googleapis.com
2014-03-29 16:03:11,rainbow-fr.mythings.com
2014-03-29 16:03:11,offres.numericable.fr
2014-03-29 16:03:11,www.ebuyclub.com
2014-03-29 16:03:12,numericable.inq.com
2014-03-29 16:03:13,numericable.inq.com
2014-03-29 16:03:13,halc.iadvize.com
2014-03-29 16:03:29,www.jennyfer.com
2014-03-29 16:03:37,s0.wp.com
2014-03-29 16:03:38,s1.wp.com
2014-03-29 16:03:38,www.facebook.com
2014-03-29 16:03:38,s0.wp.com
2014-03-29 16:03:38,lesjeunesjournalistes.wordpress.com
2014-03-29 16:03:39,www.facebook.com
2014-03-29 16:03:40,www.facebook.com
2014-03-29 16:03:40,0.drive.google.com
2014-03-29 16:03:45,accounts.google.com
2014-03-29 16:03:45,plus.google.com
2014-03-29 16:03:45,s0.wp.com
2014-03-29 16:03:51,api.bing.com
2014-03-29 16:03:53,epp.eurostat.ec.europa.eu
2014-03-29 16:03:54,www.youtube.com
2014-03-29 16:03:54,epp.eurostat.ec.europa.eu
2014-03-29 16:03:55,epp.eurostat.ec.europa.eu
2014-03-29 16:03:59,www.youtube.com
2014-03-29 16:04:00,s.ytimg.com
2014-03-29 16:04:01,epp.eurostat.ec.europa.eu
2014-03-29 16:04:01,i1.ytimg.com
2014-03-29 16:04:11,halc.iadvize.com
2014-03-29 16:05:07,halc.iadvize.com
2014-03-29 16:05:11,halc.iadvize.com
2014-03-29 16:06:07,halc.iadvize.com
2014-03-29 16:06:11,halc.iadvize.com
2014-03-29 16:07:07,halc.iadvize.com
2014-03-29 16:07:11,halc.iadvize.com
2014-03-29 16:08:00,s.ytimg.com
2014-03-29 16:08:00,www.youtube.com
2014-03-29 16:08:01,s.ytimg.com
2014-03-29 16:08:01,www.google.com
2014-03-29 16:08:02,i1.ytimg.com
2014-03-29 16:08:07,halc.iadvize.com
2014-03-29 16:08:11,halc.iadvize.com
2014-03-29 16:09:07,halc.iadvize.com
2014-03-29 16:09:12,halc.iadvize.com
2014-03-29 16:10:07,halc.iadvize.com
2014-03-29 16:10:07,drive.google.com
2014-03-29 16:10:12,halc.iadvize.com
2014-03-29 16:11:12,halc.iadvize.com
2014-03-29 16:12:07,halc.iadvize.com
2014-03-29 16:12:12,halc.iadvize.com
2014-03-29 16:13:08,halc.iadvize.com
2014-03-29 16:13:12,halc.iadvize.com
2014-03-29 16:14:08,halc.iadvize.com
2014-03-29 16:14:12,halc.iadvize.com
2014-03-29 16:15:08,halc.iadvize.com
2014-03-29 16:15:12,halc.iadvize.com
2014-03-29 16:16:12,halc.iadvize.com
2014-03-29 16:16:37,plus.google.com
2014-03-29 16:17:08,halc.iadvize.com
2014-03-29 16:17:12,halc.iadvize.com
2014-03-29 16:18:08,halc.iadvize.com
2014-03-29 16:18:12,halc.iadvize.com
2014-03-29 16:19:09,halc.iadvize.com
2014-03-29 16:19:12,halc.iadvize.com
2014-03-29 16:20:09,halc.iadvize.com
2014-03-29 16:20:13,halc.iadvize.com
2014-03-29 16:21:09,halc.iadvize.com
2014-03-29 16:21:13,halc.iadvize.com
2014-03-29 16:22:09,halc.iadvize.com
2014-03-29 16:22:13,halc.iadvize.com
2014-03-29 16:23:13,halc.iadvize.com
2014-03-29 16:24:10,halc.iadvize.com
2014-03-29 16:24:13,halc.iadvize.com
2014-03-29 16:25:10,halc.iadvize.com
2014-03-29 16:25:13,halc.iadvize.com
2014-03-29 16:26:10,halc.iadvize.com
2014-03-29 16:26:13,halc.iadvize.com
2014-03-29 16:26:38,plus.google.com
2014-03-29 16:27:10,halc.iadvize.com
2014-03-29 16:27:14,halc.iadvize.com
2014-03-29 16:28:10,halc.iadvize.com
2014-03-29 16:28:14,halc.iadvize.com
2014-03-29 16:29:11,halc.iadvize.com
2014-03-29 16:29:14,halc.iadvize.com
2014-03-29 16:30:07,drive.google.com
2014-03-29 16:30:14,halc.iadvize.com
2014-03-29 16:31:15,halc.iadvize.com
2014-03-29 16:32:15,halc.iadvize.com
2014-03-29 16:33:11,halc.iadvize.com
2014-03-29 16:33:15,halc.iadvize.com
2014-03-29 16:34:11,halc.iadvize.com
2014-03-29 16:34:15,halc.iadvize.com
2014-03-29 16:35:11,halc.iadvize.com
2014-03-29 16:35:15,halc.iadvize.com
2014-03-29 16:36:12,halc.iadvize.com
2014-03-29 16:36:15,halc.iadvize.com
2014-03-29 16:36:38,plus.google.com
2014-03-29 16:37:12,halc.iadvize.com
2014-03-29 16:37:16,halc.iadvize.com
2014-03-29 16:38:13,halc.iadvize.com
2014-03-29 16:38:16,halc.iadvize.com
2014-03-29 16:39:13,halc.iadvize.com
2014-03-29 16:39:16,halc.iadvize.com
2014-03-29 16:40:13,halc.iadvize.com
2014-03-29 16:40:16,halc.iadvize.com
2014-03-29 16:41:13,halc.iadvize.com
2014-03-29 16:41:17,halc.iadvize.com
2014-03-29 16:42:14,halc.iadvize.com
2014-03-29 16:42:17,halc.iadvize.com
2014-03-29 16:43:15,halc.iadvize.com
2014-03-29 16:43:17,halc.iadvize.com
2014-03-29 16:44:15,halc.iadvize.com
2014-03-29 16:44:18,halc.iadvize.com
2014-03-29 16:45:15,halc.iadvize.com
2014-03-29 16:45:19,halc.iadvize.com
2014-03-29 16:46:16,halc.iadvize.com
2014-03-29 16:46:19,halc.iadvize.com
2014-03-29 16:46:39,plus.google.com
2014-03-29 16:47:16,halc.iadvize.com
2014-03-29 16:47:19,halc.iadvize.com
2014-03-29 16:48:16,halc.iadvize.com
2014-03-29 16:48:17,code.jquery.com
2014-03-29 16:48:18,ea.numericable.fr
2014-03-29 16:48:20,halc.iadvize.com
2014-03-29 16:49:01,influence-des-reseaux-sociaux.e-monsite.com
2014-03-29 16:49:02,shea.swelen.com
2014-03-29 16:49:02,influence-des-reseaux-sociaux.e-monsite.com
2014-03-29 16:49:08,shea.swelen.com
2014-03-29 16:49:08,influence-des-reseaux-sociaux.e-monsite.com
2014-03-29 16:49:10,influence-des-reseaux-sociaux.e-monsite.com
2014-03-29 16:49:10,halc.iadvize.com
2014-03-29 16:49:11,influence-des-reseaux-sociaux.e-monsite.com
2014-03-29 16:49:11,shea.swelen.com
2014-03-29 16:49:12,static.e-monsite.com
2014-03-29 16:49:12,influence-des-reseaux-sociaux.e-monsite.com
2014-03-29 16:49:13,www.moondreamwebstore.fr
2014-03-29 16:49:13,tracking.veoxa.com
2014-03-29 16:49:16,smart2.allocine.fr
2014-03-29 16:49:16,mfr.meteofrance.com
2014-03-29 16:49:18,halc.iadvize.com
2014-03-29 16:49:19,ea.numericable.fr
2014-03-29 16:49:19,www.numericable.biz
2014-03-29 16:49:20,influence-des-reseaux-sociaux.e-monsite.com
2014-03-29 16:49:20,halc.iadvize.com
2014-03-29 16:49:55,influence-des-reseaux-sociaux.e-monsite.com
2014-03-29 16:49:56,influence-des-reseaux-sociaux.e-monsite.com
2014-03-29 16:49:57,influence-des-reseaux-sociaux.e-monsite.com
2014-03-29 16:50:21,halc.iadvize.com
2014-03-29 16:51:20,halc.iadvize.com
2014-03-29 16:51:21,halc.iadvize.com
2014-03-29 16:52:22,halc.iadvize.com
2014-03-29 16:52:23,halc.iadvize.com
2014-03-29 16:52:34,api.bing.com
2014-03-29 16:52:35,api.bing.com
2014-03-29 16:52:39,api.bing.com
2014-03-29 16:52:40,api.bing.com
2014-03-29 16:52:41,api.bing.com
2014-03-29 16:52:43,api.bing.com
2014-03-29 16:52:44,api.bing.com
2014-03-29 16:52:45,api.bing.com
2014-03-29 16:52:49,www.squid-cache.org
2014-03-29 16:52:56,api.bing.com
2014-03-29 16:52:57,api.bing.com
2014-03-29 16:53:12,influence-des-reseaux-sociaux.e-monsite.com
2014-03-29 16:53:13,shea.swelen.com
2014-03-29 16:53:24,halc.iadvize.com
2014-03-29 16:54:19,nb-commons.storage.googleapis.com
2014-03-29 16:54:24,halc.iadvize.com
2014-03-29 16:55:24,halc.iadvize.com
2014-03-29 16:55:25,halc.iadvize.com
2014-03-29 16:56:25,halc.iadvize.com
2014-03-29 16:56:39,plus.google.com
2014-03-29 16:57:25,halc.iadvize.com
2014-03-29 16:58:07,drive.google.com
2014-03-29 16:58:25,halc.iadvize.com
2014-03-29 16:58:26,halc.iadvize.com
2014-03-29 16:59:25,halc.iadvize.com
2014-03-29 16:59:26,halc.iadvize.com
2014-03-29 17:00:26,halc.iadvize.com
2014-03-29 17:01:26,halc.iadvize.com
2014-03-29 17:01:27,halc.iadvize.com
2014-03-29 17:02:08,drive.google.com
2014-03-29 17:02:27,halc.iadvize.com
2014-03-29 17:03:27,halc.iadvize.com
2014-03-29 17:03:30,api.bing.com
2014-03-29 17:03:31,api.bing.com
2014-03-29 17:03:37,api.bing.com
2014-03-29 17:03:41,plus.google.com
2014-03-29 17:03:42,api.bing.com
2014-03-29 17:03:43,api.bing.com
2014-03-29 17:03:44,api.bing.com
2014-03-29 17:03:45,usa.gov
2014-03-29 17:03:46,halc.iadvize.com
2014-03-29 17:03:46,www.usa.gov
2014-03-29 17:03:47,www.usa.gov
2014-03-29 17:03:48,www.usa.gov
2014-03-29 17:03:49,www.usa.gov
2014-03-29 17:03:53,dnn506yrbagrg.cloudfront.net
2014-03-29 17:03:53,searchstats.usa.gov
2014-03-29 17:03:54,www.usa.gov
2014-03-29 17:03:54,24.media.tumblr.com
2014-03-29 17:03:56,www.usa.gov
2014-03-29 17:03:59,www.usa.gov
2014-03-29 17:04:08,www.usa.gov
2014-03-29 17:04:08,i.ytimg.com
2014-03-29 17:04:09,dnn506yrbagrg.cloudfront.net
2014-03-29 17:04:09,www.usa.gov
2014-03-29 17:04:27,halc.iadvize.com
2014-03-29 17:04:38,0.drive.google.com
2014-03-29 17:04:40,www.usa.gov
2014-03-29 17:05:07,halc.iadvize.com
2014-03-29 17:05:07,www.census.gov
2014-03-29 17:05:08,censusbureau.d1.sc.omtrdc.net
2014-03-29 17:05:08,www.calendarwiz.com
2014-03-29 17:05:08,www.census.gov
2014-03-29 17:05:09,www.census.gov
2014-03-29 17:05:09,censusbureau.d1.sc.omtrdc.net
2014-03-29 17:05:10,www.census.gov
2014-03-29 17:05:10,searchstats.usa.gov
2014-03-29 17:05:11,www.census.gov
2014-03-29 17:05:12,www.census.gov
2014-03-29 17:05:13,www.census.gov
2014-03-29 17:05:16,ajax.googleapis.com
2014-03-29 17:05:18,www.census.gov
2014-03-29 17:05:28,halc.iadvize.com
2014-03-29 17:05:28,api.bing.com
2014-03-29 17:05:29,api.bing.com
2014-03-29 17:05:31,www.bing.com
2014-03-29 17:05:32,www.bing.com
2014-03-29 17:05:33,www.bing.com
2014-03-29 17:05:34,ts2.mm.bing.net
2014-03-29 17:05:34,ts1.mm.bing.net
2014-03-29 17:05:34,ts3.mm.bing.net
2014-03-29 17:05:34,ts4.mm.bing.net
2014-03-29 17:05:34,www.bing.com
2014-03-29 17:05:35,www.bing.com
2014-03-29 17:05:35,ts2.mm.bing.net
2014-03-29 17:05:35,ts1.mm.bing.net
2014-03-29 17:05:35,ts4.mm.bing.net
2014-03-29 17:05:35,ts3.mm.bing.net
2014-03-29 17:05:36,ts1.mm.bing.net
2014-03-29 17:05:36,ts4.mm.bing.net
2014-03-29 17:05:36,www.bing.com
2014-03-29 17:05:36,ts2.mm.bing.net
2014-03-29 17:05:36,ts3.mm.bing.net
2014-03-29 17:05:36,api.bing.com
2014-03-29 17:05:37,ts1.mm.bing.net
2014-03-29 17:05:37,www.bing.com
2014-03-29 17:05:38,www.bing.com
2014-03-29 17:05:39,www.bing.com
2014-03-29 17:05:39,ts1.mm.bing.net
2014-03-29 17:05:40,www.bing.com
2014-03-29 17:05:41,ts1.mm.bing.net
2014-03-29 17:05:41,www.bing.com
2014-03-29 17:05:42,www.bing.com
2014-03-29 17:05:43,ts1.mm.bing.net
2014-03-29 17:05:43,login.live.com
2014-03-29 17:05:43,www.bing.com
2014-03-29 17:05:44,ts1.mm.bing.net
2014-03-29 17:05:44,www.bing.com
2014-03-29 17:05:45,ts1.mm.bing.net
2014-03-29 17:05:46,ts1.mm.bing.net
2014-03-29 17:05:48,ts1.mm.bing.net
2014-03-29 17:05:48,www.bing.com
2014-03-29 17:05:49,www.bing.com
2014-03-29 17:05:51,ssl.bing.com
2014-03-29 17:05:51,www.bing.com
2014-03-29 17:05:51,ts1.mm.bing.net
2014-03-29 17:05:51,ts3.mm.bing.net
2014-03-29 17:05:51,ts2.mm.bing.net
2014-03-29 17:05:51,ts4.mm.bing.net
2014-03-29 17:05:52,ts2.mm.bing.net
2014-03-29 17:05:52,ts3.mm.bing.net
2014-03-29 17:05:52,ts4.mm.bing.net
2014-03-29 17:05:52,ts1.mm.bing.net
2014-03-29 17:05:53,ts2.mm.bing.net
2014-03-29 17:05:53,ts1.mm.bing.net
2014-03-29 17:05:57,www.bing.com
2014-03-29 17:05:59,ts1.mm.bing.net
2014-03-29 17:05:59,www.bing.com
2014-03-29 17:06:01,ts1.mm.bing.net
2014-03-29 17:06:01,www.bing.com
2014-03-29 17:06:02,ts1.mm.bing.net
2014-03-29 17:06:02,www.bing.com
2014-03-29 17:06:03,ts1.mm.bing.net
2014-03-29 17:06:03,www.bing.com
2014-03-29 17:06:05,www.bing.com
2014-03-29 17:06:06,www.bing.com
2014-03-29 17:06:07,www.bing.com
2014-03-29 17:06:08,ts1.mm.bing.net
2014-03-29 17:06:08,www.bing.com
2014-03-29 17:06:09,ts1.mm.bing.net
2014-03-29 17:06:10,www.bing.com
2014-03-29 17:06:12,www.bing.com
2014-03-29 17:06:13,www.bing.com
2014-03-29 17:06:14,www.bing.com
2014-03-29 17:06:16,www.bing.com
2014-03-29 17:06:17,www.bing.com
2014-03-29 17:06:19,fr-fr.facebook.com
2014-03-29 17:06:20,login.live.com
2014-03-29 17:06:25,fbstatic-a.akamaihd.net
2014-03-29 17:06:29,ajax.googleapis.com
2014-03-29 17:06:29,halc.iadvize.com
2014-03-29 17:07:30,halc.iadvize.com
2014-03-29 17:08:03,api.bing.com
2014-03-29 17:08:15,facebook.com
2014-03-29 17:08:25,fr-fr.facebook.com
2014-03-29 17:08:30,halc.iadvize.com
2014-03-29 17:08:52,api.bing.com
2014-03-29 17:08:53,api.bing.com
2014-03-29 17:08:54,api.bing.com
2014-03-29 17:08:55,fbstatic-a.akamaihd.net
2014-03-29 17:08:56,www.bing.com
2014-03-29 17:08:58,facebook.com
2014-03-29 17:08:58,fr-fr.facebook.com
2014-03-29 17:08:58,www.bing.com
2014-03-29 17:09:08,www.bing.com
2014-03-29 17:09:15,www.facebook.com
2014-03-29 17:09:16,fbstatic-a.akamaihd.net
2014-03-29 17:09:16,www.facebook.com
2014-03-29 17:09:16,www.bing.com
2014-03-29 17:09:22,fbcdn-photos-h-a.akamaihd.net
2014-03-29 17:09:22,fbcdn-photos-d-a.akamaihd.net
2014-03-29 17:09:22,fbstatic-a.akamaihd.net
2014-03-29 17:09:22,fbcdn-photos-g-a.akamaihd.net
2014-03-29 17:09:22,fr-fr.facebook.com
2014-03-29 17:09:22,fbcdn-sphotos-a-a.akamaihd.net
2014-03-29 17:09:22,fbcdn-photos-c-a.akamaihd.net
2014-03-29 17:09:23,fbcdn-photos-c-a.akamaihd.net
2014-03-29 17:09:23,fbstatic-a.akamaihd.net
2014-03-29 17:09:23,fbcdn-sphotos-a-a.akamaihd.net
2014-03-29 17:09:23,fbcdn-photos-d-a.akamaihd.net
2014-03-29 17:09:24,fbexternal-a.akamaihd.net
2014-03-29 17:09:25,fbcdn-sphotos-h-a.akamaihd.net
2014-03-29 17:09:25,fbexternal-a.akamaihd.net
2014-03-29 17:09:26,fbcdn-sphotos-e-a.akamaihd.net
2014-03-29 17:09:26,fbexternal-a.akamaihd.net
2014-03-29 17:09:26,fbcdn-sphotos-g-a.akamaihd.net
2014-03-29 17:09:27,fbexternal-a.akamaihd.net
2014-03-29 17:09:27,fbcdn-sphotos-d-a.akamaihd.net
2014-03-29 17:09:28,fbcdn-sphotos-d-a.akamaihd.net
2014-03-29 17:09:28,fbcdn-photos-c-a.akamaihd.net
2014-03-29 17:09:28,fbcdn-sphotos-f-a.akamaihd.net
2014-03-29 17:09:28,fbexternal-a.akamaihd.net
2014-03-29 17:09:28,fbcdn-photos-h-a.akamaihd.net
2014-03-29 17:09:29,fr-fr.facebook.com
2014-03-29 17:09:29,fbexternal-a.akamaihd.net
2014-03-29 17:09:31,halc.iadvize.com
2014-03-29 17:09:34,www.facebook.com
2014-03-29 17:09:34,fbcdn-photos-c-a.akamaihd.net
2014-03-29 17:09:34,fbcdn-photos-g-a.akamaihd.net
2014-03-29 17:09:34,fbstatic-a.akamaihd.net
2014-03-29 17:09:36,www.bing.com
2014-03-29 17:09:37,fbcdn-sphotos-h-a.akamaihd.net
2014-03-29 17:09:37,fbcdn-sphotos-e-a.akamaihd.net
2014-03-29 17:09:37,fbexternal-a.akamaihd.net
2014-03-29 17:09:37,fbcdn-sphotos-g-a.akamaihd.net
2014-03-29 17:09:41,www.bing.com
2014-03-29 17:09:42,ts4.mm.bing.net
2014-03-29 17:09:42,ts3.mm.bing.net
2014-03-29 17:09:42,ts2.mm.bing.net
2014-03-29 17:09:42,www.bing.com
2014-03-29 17:09:43,ts4.mm.bing.net
2014-03-29 17:09:43,www.bing.com
2014-03-29 17:09:43,ts3.mm.bing.net
2014-03-29 17:09:43,ts2.mm.bing.net
2014-03-29 17:09:43,ts1.mm.bing.net
2014-03-29 17:09:44,ts1.mm.bing.net
2014-03-29 17:09:49,ts4.mm.bing.net
2014-03-29 17:09:49,ts2.mm.bing.net
2014-03-29 17:09:49,ts1.mm.bing.net
2014-03-29 17:09:49,www.bing.com
2014-03-29 17:09:49,api.bing.com
2014-03-29 17:09:49,ts3.mm.bing.net
2014-03-29 17:09:50,ts3.mm.bing.net
2014-03-29 17:09:50,ts1.mm.bing.net
2014-03-29 17:09:50,www.bing.com
2014-03-29 17:09:51,ts1.mm.bing.net
2014-03-29 17:09:51,www.bing.com
2014-03-29 17:09:52,ts1.mm.bing.net
2014-03-29 17:09:52,www.bing.com
2014-03-29 17:09:53,ts1.mm.bing.net
2014-03-29 17:09:53,www.bing.com
2014-03-29 17:09:55,login.live.com
2014-03-29 17:09:55,www.bing.com
2014-03-29 17:09:59,ts1.mm.bing.net
2014-03-29 17:09:59,www.bing.com
2014-03-29 17:10:00,www.bing.com
2014-03-29 17:10:00,ts2.mm.bing.net
2014-03-29 17:10:00,ts1.mm.bing.net
2014-03-29 17:10:00,ssl.bing.com
2014-03-29 17:10:01,www.bing.com
2014-03-29 17:10:01,madrina.org
2014-03-29 17:10:02,www.hartvannederland.nl
2014-03-29 17:10:02,ts1.mm.bing.net
2014-03-29 17:10:02,timelinegh.files.wordpress.com
2014-03-29 17:10:02,2.bp.blogspot.com
2014-03-29 17:10:02,maryselgarcia.com
2014-03-29 17:10:02,www.andlil.com
2014-03-29 17:10:03,benvivemkt.files.wordpress.com
2014-03-29 17:10:03,www.facebook.com
2014-03-29 17:10:04,www.buzzom.com
2014-03-29 17:10:04,www.nocturnar.com
2014-03-29 17:10:04,www.bing.com
2014-03-29 17:10:04,www.gestioncultural.eco.unc.edu.ar
2014-03-29 17:10:06,bitsparrow.altervista.org
2014-03-29 17:10:15,www.bing.com
2014-03-29 17:10:16,www.bing.com
2014-03-29 17:10:21,madrina.org
2014-03-29 17:10:21,www.facebook.com
2014-03-29 17:10:22,madrina.org
2014-03-29 17:10:25,madrina.org
2014-03-29 17:10:25,ajax.googleapis.com
2014-03-29 17:10:27,ajax.googleapis.com
2014-03-29 17:10:27,madrina.org
2014-03-29 17:10:28,madrina.org
2014-03-29 17:10:31,halc.iadvize.com
2014-03-29 17:10:33,halc.iadvize.com
2014-03-29 17:10:44,madrina.org
2014-03-29 17:11:02,influence-des-reseaux-sociaux.e-monsite.com
2014-03-29 17:11:04,shea.swelen.com
2014-03-29 17:11:41,halc.iadvize.com
2014-03-29 17:16:41,plus.google.com
2014-03-29 17:18:00,api.bing.com
2014-03-29 17:18:01,api.bing.com
2014-03-29 17:18:02,api.bing.com
2014-03-29 17:18:03,api.bing.com
2014-03-29 17:18:04,api.bing.com
2014-03-29 17:18:05,api.bing.com
2014-03-29 17:18:06,www.bing.com
2014-03-29 17:18:06,api.bing.com
2014-03-29 17:18:07,www.bing.com
2014-03-29 17:18:11,www.bing.com
2014-03-29 17:18:13,www.agoravox.fr
2014-03-29 17:18:13,www.ebz.io
2014-03-29 17:18:13,platform.twitter.com
2014-03-29 17:18:13,z.agoravox.fr
2014-03-29 17:18:13,www.beead.fr
2014-03-29 17:18:13,www.ultimedia.com
2014-03-29 17:18:13,img.agoravox.fr
2014-03-29 17:18:14,www.agoravox.fr
2014-03-29 17:18:14,z.agoravox.fr
2014-03-29 17:18:14,img.agoravox.fr
2014-03-29 17:18:14,connect.facebook.net
2014-03-29 17:18:14,static.agoravox.fr
2014-03-29 17:18:15,z.agoravox.fr
2014-03-29 17:18:16,z.agoravox.fr
2014-03-29 17:18:16,www.ultimedia.com
2014-03-29 17:18:16,19mfse1rom.b.ad6media.fr
2014-03-29 17:18:17,www.ultimedia.com
2014-03-29 17:18:17,js.sddan.com
2014-03-29 17:18:17,z.agoravox.fr
2014-03-29 17:18:17,www.numericable.biz
2014-03-29 17:18:17,ea.numericable.fr
2014-03-29 17:18:17,19mfse1rom.b.ad6media.fr
2014-03-29 17:18:18,www.numericable.biz
2014-03-29 17:18:18,ea.numericable.fr
2014-03-29 17:18:18,js.sddan.com
2014-03-29 17:18:18,a06er7qjv2.b.ad6media.fr
2014-03-29 17:18:19,js.sddan.com
2014-03-29 17:18:19,z.agoravox.fr
2014-03-29 17:18:19,a06er7qjv2.b.ad6media.fr
2014-03-29 17:18:19,s374.meetrics.net
2014-03-29 17:18:19,www.google.com
2014-03-29 17:18:20,piwik.agoravox.com
2014-03-29 17:18:20,z.agoravox.fr
2014-03-29 17:18:21,piwik.agoravox.com
2014-03-29 17:18:21,www.google.com
2014-03-29 17:18:21,platform.twitter.com
2014-03-29 17:18:21,www.agoravox.fr
2014-03-29 17:18:21,www.facebook.com
2014-03-29 17:18:22,www.facebook.com
2014-03-29 17:18:22,twitter.com
2014-03-29 17:18:22,assets.ebz.io
2014-03-29 17:18:22,www.google.com
2014-03-29 17:18:23,js.sddan.com
2014-03-29 17:18:23,accounts.google.com
2014-03-29 17:18:23,twitter.com
2014-03-29 17:18:23,platform.twitter.com
2014-03-29 17:18:23,www.facebook.com
2014-03-29 17:18:24,www.linkedin.com
2014-03-29 17:18:24,accounts.google.com
2014-03-29 17:18:24,twitter.com
2014-03-29 17:18:37,accounts.google.com
2014-03-29 17:18:37,static.ebz.io
2014-03-29 17:18:37,z.agoravox.fr
2014-03-29 17:18:38,www.bing.com
2014-03-29 17:18:40,login.live.com
2014-03-29 17:18:41,eduscol.education.fr
2014-03-29 17:18:41,ssl.bing.com
2014-03-29 17:18:42,eduscol.education.fr
2014-03-29 17:18:45,eduscol.education.fr
2014-03-29 17:18:46,eduscol.education.fr
2014-03-29 17:18:47,eduscol.education.fr
2014-03-29 17:26:41,plus.google.com
2014-03-29 17:29:50,api.bing.com
2014-03-29 17:29:51,api.bing.com
2014-03-29 17:29:52,api.bing.com
2014-03-29 17:29:53,www.bing.com
2014-03-29 17:29:57,www.bing.com
2014-03-29 17:29:58,www.bing.com
2014-03-29 17:30:12,www.bing.com
2014-03-29 17:30:14,login.live.com
2014-03-29 17:30:14,copainsdavant.linternaute.com
2014-03-29 17:30:14,static.ccmbg.com
2014-03-29 17:30:14,ajax.googleapis.com
2014-03-29 17:30:14,r.ccmbg.com
2014-03-29 17:30:14,assets.zendesk.com
2014-03-29 17:30:15,ba.linternaute.com
2014-03-29 17:30:15,static.ccmbg.com
2014-03-29 17:30:15,copainsdavant.linternaute.com
2014-03-29 17:30:16,r.ccmbg.com
2014-03-29 17:30:16,static.ccmbg.com
2014-03-29 17:30:17,assets.zendesk.com
2014-03-29 17:30:17,static.ccmbg.com
2014-03-29 17:30:18,copainsdavant.linternaute.com
2014-03-29 17:31:52,assets.zendesk.com
2014-03-29 17:34:08,drive.google.com
2014-03-29 17:36:42,plus.google.com
2014-03-29 17:38:47,influence-des-reseaux-sociaux.e-monsite.com
2014-03-29 17:38:48,shea.swelen.com
2014-03-29 17:42:08,drive.google.com
2014-03-29 17:46:08,drive.google.com
2014-03-29 17:46:42,plus.google.com
2014-03-29 17:50:08,drive.google.com
2014-03-29 17:54:08,drive.google.com
2014-03-29 17:56:43,plus.google.com
2014-03-29 17:58:08,drive.google.com
2014-03-29 18:02:09,drive.google.com
2014-03-29 18:05:47,0.drive.google.com
2014-03-29 18:06:08,drive.google.com
2014-03-29 18:06:43,plus.google.com
2014-03-29 18:10:08,drive.google.com
2014-03-29 18:14:58,api.bing.com
2014-03-29 18:14:58,plus.google.com
2014-03-29 18:14:59,www.bing.com
2014-03-29 18:15:03,www.bing.com
2014-03-29 18:15:04,www.ambafrance-uk.org
2014-03-29 18:15:05,www.youtube.com
2014-03-29 18:15:05,www.ambafrance-uk.org
2014-03-29 18:15:06,www.ambafrance-uk.org
2014-03-29 18:15:09,www.ambafrance-uk.org
2014-03-29 18:18:08,drive.google.com
2014-03-29 18:22:09,drive.google.com
2014-03-29 18:22:58,api.bing.com
2014-03-29 18:22:59,api.bing.com
2014-03-29 18:23:01,www.bing.com
2014-03-29 18:23:01,api.bing.com
2014-03-29 18:23:02,www.bing.com
2014-03-29 18:23:02,plus.google.com
2014-03-29 18:23:08,www.bing.com
2014-03-29 18:23:09,www.bing.com
2014-03-29 18:23:09,lecs-lindenlab-com.s3.amazonaws.com
2014-03-29 18:23:09,nexus.ensighten.com
2014-03-29 18:23:09,secondlife.com
2014-03-29 18:23:10,lecs-lindenlab-com.s3.amazonaws.com
2014-03-29 18:23:10,nexus.ensighten.com
2014-03-29 18:23:10,www.facebook.com
2014-03-29 18:23:10,secondlife.com
2014-03-29 18:23:11,nexus.ensighten.com
2014-03-29 18:23:11,select.brealtime.com
2014-03-29 18:23:11,lecs-lindenlab-com.s3.amazonaws.com
2014-03-29 18:23:11,www.google.com
2014-03-29 18:23:11,secondlife.com
2014-03-29 18:23:12,secondlife.com
2014-03-29 18:23:12,lecs-lindenlab-com.s3.amazonaws.com
2014-03-29 18:23:12,lecs-static-secondlife-com.s3.amazonaws.com
2014-03-29 18:23:13,www.facebook.com
2014-03-29 18:23:13,www.google.com
2014-03-29 18:23:14,www.numericable.biz
2014-03-29 18:23:14,ea.numericable.fr
2014-03-29 18:23:15,ea.numericable.fr
2014-03-29 18:23:15,www.facebook.com
2014-03-29 18:23:18,dps.bing.com
2014-03-29 18:25:15,www.facebook.com
2014-03-29 18:26:15,clients2.google.com
2014-03-29 18:26:19,clients2.google.com
2014-03-29 18:28:08,drive.google.com
2014-03-29 18:32:08,drive.google.com
2014-03-29 18:36:08,drive.google.com
2014-03-29 18:36:44,plus.google.com
2014-03-29 18:38:04,drive.google.com
2014-03-29 18:38:04,clients2.google.com
2014-03-29 18:38:10,clients2.google.com
2014-03-29 18:40:08,drive.google.com
2014-03-29 18:40:16,0.drive.google.com
2014-03-29 18:40:46,drive.google.com
2014-03-31 13:37:33,www.bing.com
2014-03-31 13:37:34,www.bing.com
2014-03-31 13:37:35,www.bing.com
2014-03-31 13:37:36,www.bing.com
2014-03-31 13:37:36,cms.abmr.net
2014-03-31 13:37:37,www.bing.com
2014-03-31 13:37:44,www.bing.com
2014-03-31 13:37:46,login.live.com
2014-03-31 13:37:54,drive.google.com
2014-03-31 13:37:55,www.bing.com
2014-03-31 13:37:56,www.bing.com
2014-03-31 13:37:57,www.google.com
2014-03-31 13:37:58,drive.google.com
2014-03-31 13:38:00,www.google.com
2014-03-31 13:38:01,www.google.com
2014-03-31 13:38:02,www.google.com
2014-03-31 13:38:04,www.google.fr
2014-03-31 13:38:04,www.google.com
2014-03-31 13:38:05,drive.google.com
2014-03-31 13:38:07,apis.google.com
2014-03-31 13:38:13,accounts.google.com
2014-03-31 13:38:16,accounts.youtube.com
2014-03-31 13:39:00,accounts.google.fr
2014-03-31 13:39:03,www.google.com
2014-03-31 13:39:04,drive.google.com
2014-03-31 13:39:04,accounts.google.com
2014-03-31 13:39:04,accounts.youtube.com
2014-03-31 13:39:04,accounts.google.fr
2014-03-31 13:39:06,0.drive.google.com
2014-03-31 13:39:08,apis.google.com
2014-03-31 13:39:13,apis.google.com
2014-03-31 13:39:13,drive.google.com
2014-03-31 13:39:14,drive.google.com
2014-03-31 13:39:14,docs.google.com
2014-03-31 13:39:14,plus.google.com
2014-03-31 13:39:14,0.drive.google.com
2014-03-31 13:39:14,apis.google.com
2014-03-31 13:39:15,docs.google.com
2014-03-31 13:39:16,0.drive.google.com
2014-03-31 13:39:43,drive.google.com
2014-03-31 13:39:45,drive.google.com
2014-03-31 13:39:57,docs.google.com
2014-03-31 13:40:00,www.google.com
2014-03-31 13:40:05,accounts.google.com
2014-03-31 13:40:09,gg.google.com
2014-03-31 13:40:38,ieonline.microsoft.com
2014-03-31 13:40:56,drive.google.com
2014-03-31 13:40:57,plus.google.com
2014-03-31 13:41:14,mail.google.com
2014-03-31 13:41:16,accounts.google.com
2014-03-31 13:41:21,accounts.google.com
2014-03-31 13:41:21,mail.google.com
2014-03-31 13:41:22,mail.google.com
2014-03-31 13:41:23,mail.google.com
2014-03-31 13:41:24,mail.google.com
2014-03-31 13:41:32,www.google.com
2014-03-31 13:41:32,clients2.google.com
2014-03-31 13:41:32,mail.google.com
2014-03-31 13:41:32,apis.google.com
2014-03-31 13:41:33,www.google.com
2014-03-31 13:41:33,mail.google.com
2014-03-31 13:41:33,plus.google.com
2014-03-31 13:41:34,plus.google.com
2014-03-31 13:41:34,chatenabled.mail.google.com
2014-03-31 13:41:34,accounts.google.com
2014-03-31 13:41:34,mail.google.com
2014-03-31 13:41:34,drive.google.com
2014-03-31 13:41:34,apis.google.com
2014-03-31 13:41:38,chatenabled.mail.google.com
2014-03-31 13:41:38,mail.google.com
2014-03-31 13:41:39,accounts.google.com
2014-03-31 13:41:39,mail.google.com
2014-03-31 13:41:39,clients6.google.com
2014-03-31 13:41:39,www.google.com
2014-03-31 13:41:40,apis.google.com
2014-03-31 13:41:40,mail.google.com
2014-03-31 13:41:48,www.google.com
2014-03-31 13:41:48,mail.google.com
2014-03-31 13:41:50,www.google.com
2014-03-31 13:42:09,www.google.com
2014-03-31 13:43:15,apis.google.com
2014-03-31 13:43:21,mail.google.com
2014-03-31 13:43:28,www.google.com
2014-03-31 13:43:47,drive.google.com
2014-03-31 13:44:00,www.google.com
2014-03-31 13:44:05,accounts.google.com
2014-03-31 13:44:06,docs.google.com
2014-03-31 13:44:09,gg.google.com
2014-03-31 13:44:11,drive.google.com
2014-03-31 13:44:11,www.google.com
2014-03-31 13:44:11,plus.google.com
2014-03-31 13:45:40,www.google.com
2014-03-31 13:45:41,clients6.google.com
2014-03-31 13:45:46,drive.google.com
2014-03-31 13:46:09,clients6.google.com
2014-03-31 13:46:09,apis.google.com
2014-03-31 13:46:50,mail.google.com
2014-03-31 13:47:08,drive.google.com
2014-03-31 13:50:39,www.google.com
2014-03-31 13:50:50,chatenabled.mail.google.com
2014-03-31 13:51:08,drive.google.com
2014-03-31 13:52:02,mail.google.com
2014-03-31 13:55:08,drive.google.com
2014-03-31 13:55:09,plus.google.com
2014-03-31 13:55:40,plus.google.com
2014-03-31 13:56:01,chatenabled.mail.google.com
2014-03-31 13:56:43,plus.google.com
2014-03-31 13:57:13,mail.google.com
2014-03-31 13:59:08,drive.google.com
2014-03-31 14:01:13,chatenabled.mail.google.com
2014-03-31 14:02:24,mail.google.com
2014-03-31 14:05:08,drive.google.com
2014-03-31 14:05:09,plus.google.com
2014-03-31 14:05:50,plus.google.com
2014-03-31 14:06:24,chatenabled.mail.google.com
2014-03-31 14:07:36,mail.google.com
2014-03-31 14:11:36,chatenabled.mail.google.com
2014-03-31 14:12:47,mail.google.com
2014-03-31 14:13:08,drive.google.com
2014-03-31 14:13:24,chatenabled.mail.google.com
2014-03-31 14:13:24,plus.google.com
2014-03-31 14:13:40,plus.google.com
2014-03-31 14:15:22,mail.google.com
2014-03-31 14:17:24,plus.google.com
2014-03-31 14:17:24,apis.google.com
2014-03-31 14:17:25,drive.google.com
2014-03-31 14:17:58,mail.google.com
2014-03-31 14:18:03,plus.google.com
2014-03-31 14:21:58,chatenabled.mail.google.com
2014-03-31 14:23:08,drive.google.com
2014-03-31 14:23:10,mail.google.com
2014-03-31 14:24:32,drive.google.com
2014-03-31 14:24:32,plus.google.com
2014-03-31 14:25:51,plus.google.com
2014-03-31 14:26:55,mail.google.com
2014-03-31 14:27:09,chatenabled.mail.google.com
2014-03-31 14:28:21,mail.google.com
2014-03-31 14:32:21,chatenabled.mail.google.com
2014-03-31 14:33:32,mail.google.com
2014-03-31 14:35:10,plus.google.com
2014-03-31 14:35:51,plus.google.com
2014-03-31 14:37:32,chatenabled.mail.google.com
2014-03-31 14:38:43,mail.google.com
2014-03-31 14:40:41,0.drive.google.com
2014-03-31 14:41:20,drive.google.com
2014-03-31 14:42:17,plus.google.com
2014-03-31 14:42:43,chatenabled.mail.google.com
2014-03-31 14:43:55,mail.google.com
2014-03-31 14:45:51,plus.google.com
2014-03-31 14:47:55,chatenabled.mail.google.com
2014-03-31 14:49:06,mail.google.com
2014-03-31 14:52:17,plus.google.com
2014-03-31 14:53:06,chatenabled.mail.google.com
2014-03-31 14:54:17,mail.google.com
2014-03-31 14:55:52,plus.google.com
2014-03-31 14:58:13,mail.google.com
2014-03-31 14:58:17,chatenabled.mail.google.com
2014-03-31 14:58:29,mail.google.com
2014-03-31 14:58:54,mail.google.com
2014-03-31 14:59:00,0.drive.google.com
2014-03-31 14:59:01,www.google.com
2014-03-31 14:59:12,mail.google.com
2014-03-31 14:59:13,www.google.com
2014-03-31 14:59:13,www.google.fr
2014-03-31 14:59:13,accounts.google.com
2014-03-31 14:59:13,accounts.youtube.com
2014-03-31 14:59:20,docs.google.com
2014-03-31 14:59:20,mail.google.com
2014-03-31 14:59:20,accounts.google.fr
2014-03-31 14:59:55,mail.google.com
2014-03-31 15:00:31,drive.google.com
2014-03-31 15:00:31,www.google.com
2014-03-31 15:00:31,accounts.google.com
2014-03-31 15:00:31,accounts.youtube.com
2014-03-31 15:28:29,www.bing.com
2014-03-31 15:28:32,www.bing.com
2014-03-31 15:28:40,www.bing.com
2014-03-31 15:28:41,login.live.com
2014-03-31 15:28:43,www.bing.com
2014-03-31 15:28:47,play.google.com
2014-03-31 15:28:49,lh4.ggpht.com
2014-03-31 15:28:49,lh3.ggpht.com
2014-03-31 15:28:49,lh5.ggpht.com
2014-03-31 15:28:50,wallet.google.com
2014-03-31 15:28:50,lh3.ggpht.com
2014-03-31 15:28:50,lh5.ggpht.com
2014-03-31 15:28:50,lh4.ggpht.com
2014-03-31 15:28:50,lh6.ggpht.com
2014-03-31 15:28:50,apis.google.com
2014-03-31 15:28:51,lh5.ggpht.com
2014-03-31 15:28:51,lh6.ggpht.com
2014-03-31 15:28:51,wallet.google.com
2014-03-31 15:28:51,lh3.ggpht.com
2014-03-31 15:28:51,apis.google.com
2014-03-31 15:28:51,lh4.ggpht.com
2014-03-31 15:28:53,checkout.google.com
2014-03-31 15:28:54,apis.google.com
2014-03-31 15:29:01,play.google.com
2014-03-31 15:29:10,www.bing.com
2014-03-31 15:29:18,www.bing.com
2014-03-31 15:29:21,login.live.com
2014-03-31 15:29:23,www.bing.com
2014-03-31 15:29:23,login.live.com
2014-03-31 15:29:25,effbot.org
2014-03-31 15:29:25,lh4.ggpht.com
2014-03-31 15:29:25,play.google.com
2014-03-31 15:29:25,apis.google.com
2014-03-31 15:29:28,effbot.org
2014-03-31 15:29:28,apis.google.com
2014-03-31 15:29:29,www.bing.com
2014-03-31 15:29:36,fr.openclassrooms.com
2014-03-31 15:29:36,www.bing.com
2014-03-31 15:29:37,fr.openclassrooms.com
2014-03-31 15:29:37,www.google.com
2014-03-31 15:29:37,ssl.bing.com
2014-03-31 15:29:37,doug1izaerwt3.cloudfront.net
2014-03-31 15:29:37,dnn506yrbagrg.cloudfront.net
2014-03-31 15:29:38,www.google.com
2014-03-31 15:29:39,fr.openclassrooms.com
2014-03-31 15:29:39,www.google.com
2014-03-31 15:29:40,ea.numericable.fr
2014-03-31 15:29:40,fr.openclassrooms.com
2014-03-31 15:29:43,ce.lijit.com
2014-03-31 15:29:43,www.facebook.com
2014-03-31 15:29:47,admaym.com
2014-03-31 15:29:48,y.one.impact-ad.jp
2014-03-31 15:29:48,s.kau.li
2014-03-31 15:29:48,cs.specificclick.net
2014-03-31 15:29:50,www.googleapis.com
2014-03-31 15:29:51,fr.openclassrooms.com
2014-03-31 15:30:36,www.bing.com
2014-03-31 15:30:37,www.bing.com
2014-03-31 15:30:40,www.bing.com
2014-03-31 15:30:44,checkout.google.com
2014-03-31 15:30:45,login.live.com
2014-03-31 15:30:47,www.bing.com
2014-03-31 15:30:48,www.bing.com
2014-03-31 15:30:50,www.bing.com
2014-03-31 15:30:52,ajax.googleapis.com
2014-03-31 15:30:52,forum.frandroid.com
2014-03-31 15:30:52,www.gravatar.com
2014-03-31 15:30:52,ssl.bing.com
2014-03-31 15:30:52,www.googleapis.com
2014-03-31 15:30:53,connect.facebook.net
2014-03-31 15:30:53,www.frandroid.com
2014-03-31 15:30:53,ajax.googleapis.com
2014-03-31 15:30:53,images-cache.frandroid.com
2014-03-31 15:30:53,i2.wp.com
2014-03-31 15:30:53,forum.frandroid.com
2014-03-31 15:30:54,www.google.com
2014-03-31 15:30:54,www.googleapis.com
2014-03-31 15:30:54,ajax.googleapis.com
2014-03-31 15:30:54,www.facebook.com
2014-03-31 15:30:54,forum.frandroid.com
2014-03-31 15:30:54,widget1.priice.net
2014-03-31 15:30:54,www.frandroid.com
2014-03-31 15:30:54,clients1.google.com
2014-03-31 15:30:54,static.ak.facebook.com
2014-03-31 15:30:55,um.simpli.fi
2014-03-31 15:30:55,www.frandroid.com
2014-03-31 15:30:55,widget1.priice.net
2014-03-31 15:30:55,i.priice.net
2014-03-31 15:30:56,www.bing.com
2014-03-31 15:30:57,static.cellphoneforums.net
2014-03-31 15:30:57,ajax.googleapis.com
2014-03-31 15:30:57,cellphoneforums.net
2014-03-31 15:30:57,files.cellphoneforums.net
2014-03-31 15:30:58,s-static.ak.facebook.com
2014-03-31 15:30:58,accounts.google.com
2014-03-31 15:30:58,apis.google.com
2014-03-31 15:30:58,sc.tynt.com
2014-03-31 15:30:58,www.google.com
2014-03-31 15:30:58,static.cellphoneforums.net
2014-03-31 15:30:58,avatars.cellphoneforums.net
2014-03-31 15:30:58,files.cellphoneforums.net
2014-03-31 15:30:58,platform.twitter.com
2014-03-31 15:30:58,s.ytimg.com
2014-03-31 15:30:58,cellphoneforums.net
2014-03-31 15:30:58,www.youtube.com
2014-03-31 15:30:59,www.google.com
2014-03-31 15:30:59,s-static.ak.facebook.com
2014-03-31 15:31:00,s.ytimg.com
2014-03-31 15:31:00,platform.twitter.com
2014-03-31 15:31:00,connect.facebook.net
2014-03-31 15:31:00,files.cellphoneforums.net
2014-03-31 15:31:00,i1.ytimg.com
2014-03-31 15:31:01,www.luminate.com
2014-03-31 15:31:01,www.facebook.com
2014-03-31 15:31:01,i1.ytimg.com
2014-03-31 15:31:02,play.google.com
2014-03-31 15:31:02,apis.google.com
2014-03-31 15:31:03,play.google.com
2014-03-31 15:31:03,ajax.googleapis.com
2014-03-31 15:31:04,checkout.google.com
2014-03-31 15:31:04,lh4.ggpht.com
2014-03-31 15:31:04,lh5.ggpht.com
2014-03-31 15:31:04,lh6.ggpht.com
2014-03-31 15:31:04,play.google.com
2014-03-31 15:31:04,market.android.com
2014-03-31 15:31:04,lh3.ggpht.com
2014-03-31 15:31:05,www.facebook.com
2014-03-31 15:31:05,lh6.ggpht.com
2014-03-31 15:31:05,play.google.com
2014-03-31 15:31:05,lh5.ggpht.com
2014-03-31 15:31:05,lh3.ggpht.com
2014-03-31 15:31:05,lh4.ggpht.com
2014-03-31 15:31:05,market.android.com
2014-03-31 15:31:06,forum.frandroid.com
2014-03-31 15:31:06,lh5.ggpht.com
2014-03-31 15:31:06,lh3.ggpht.com
2014-03-31 15:31:06,lh4.ggpht.com
2014-03-31 15:31:06,lh6.ggpht.com
2014-03-31 15:31:06,market.android.com
2014-03-31 15:31:07,ajax.googleapis.com
2014-03-31 15:31:07,www.facebook.com
2014-03-31 15:31:07,files.cellphoneforums.net
2014-03-31 15:31:08,de.tynt.com
2014-03-31 15:31:08,twitter.com
2014-03-31 15:31:22,play.google.com
2014-03-31 15:31:25,lh5.ggpht.com
2014-03-31 15:31:25,lh4.ggpht.com
2014-03-31 15:31:26,checkout.google.com
2014-03-31 15:31:29,play.google.com
2014-03-31 15:31:29,lh5.ggpht.com
2014-03-31 15:31:29,lh3.ggpht.com
2014-03-31 15:31:29,market.android.com
2014-03-31 15:31:30,lh6.ggpht.com
2014-03-31 15:31:30,lh3.ggpht.com
2014-03-31 15:31:30,lh5.ggpht.com
2014-03-31 15:31:30,lh4.ggpht.com
2014-03-31 15:31:32,lh5.ggpht.com
2014-03-31 15:31:32,lh3.ggpht.com
2014-03-31 15:31:32,lh6.ggpht.com
2014-03-31 15:31:32,lh4.ggpht.com
2014-03-31 15:31:38,twitter.com
2014-03-31 15:31:39,lh6.ggpht.com
2014-03-31 15:31:39,lh3.ggpht.com
2014-03-31 15:31:39,lh5.ggpht.com
2014-03-31 15:31:39,play.google.com
2014-03-31 15:31:39,lh4.ggpht.com
2014-03-31 15:31:40,apis.google.com
2014-03-31 15:31:40,play.google.com
2014-03-31 15:31:40,lh6.ggpht.com
2014-03-31 15:31:40,lh3.ggpht.com
2014-03-31 15:31:40,lh4.ggpht.com
2014-03-31 15:31:40,lh5.ggpht.com
2014-03-31 15:31:43,lh4.ggpht.com
2014-03-31 15:32:23,play.google.com
2014-03-31 15:32:23,lh4.ggpht.com
2014-03-31 15:32:23,lh5.ggpht.com
2014-03-31 15:32:24,play.google.com
2014-03-31 15:32:24,lh4.ggpht.com
2014-03-31 15:32:24,lh5.ggpht.com
2014-03-31 15:32:32,lh6.ggpht.com
2014-03-31 15:32:32,lh3.ggpht.com
2014-03-31 15:32:32,apis.google.com
2014-03-31 15:32:33,lh6.ggpht.com
2014-03-31 15:32:33,lh3.ggpht.com
2014-03-31 15:32:46,play.google.com
2014-03-31 15:33:29,play.google.com
2014-03-31 15:33:32,apis.google.com
2014-03-31 15:33:32,lh5.ggpht.com
2014-03-31 15:33:32,lh6.ggpht.com
2014-03-31 15:33:32,lh3.ggpht.com
2014-04-04 15:27:55,www.debian.org
2014-04-04 15:27:55,www.squid-cache.org
2014-04-04 15:27:58,www.google.com
2014-04-04 15:27:59,www.google.fr
2014-04-04 15:27:59,www.google.com
2014-04-04 15:28:00,www.google.fr
2014-04-04 15:28:01,www.google.fr
2014-04-04 15:28:03,www.google.fr
2014-04-04 15:28:10,apis.google.com
2014-04-04 15:28:33,apis.google.com
2014-04-04 15:29:11,www.google.com
2014-04-04 15:29:11,clients1.google.com
2014-04-04 15:29:14,www.google.com
2014-04-04 15:29:15,clients1.google.com
2014-04-04 15:29:16,clients1.google.com
2014-04-04 15:29:16,www.google.com
2014-04-04 15:29:17,www.google.com
2014-04-04 15:29:17,clients1.google.com
2014-04-04 15:29:17,gtglobal-ocsp.geotrust.com
2014-04-04 19:28:15,www.google.fr
2014-04-04 19:28:16,www.google.com
2014-04-04 19:28:18,www.bing.com
2014-04-04 19:28:18,www.google.fr
2014-04-04 19:28:21,www.google.com
2014-04-04 19:28:21,apis.google.com
2014-04-04 19:28:29,www.google.com
2014-04-04 19:28:29,www.google.fr
2014-04-04 19:28:30,www.google.fr
2014-04-04 19:28:30,www.lefigaro.fr
2014-04-04 19:28:30,platform.twitter.com
2014-04-04 19:28:30,leconjugueur.lefigaro.fr
2014-04-04 19:28:30,apis.google.com
2014-04-04 19:28:33,dtm.pacsun.com
2014-04-04 19:28:33,rubicon-match.dotomi.com
2014-04-04 19:28:35,apis.google.com
2014-04-04 19:28:35,pr.ybp.yahoo.com
2014-04-04 19:28:36,um.simpli.fi
2014-04-04 19:28:36,platform.twitter.com
2014-04-04 19:28:36,connect.facebook.net
2014-04-04 19:28:36,match.rtbidder.net
2014-04-04 19:28:36,apis.google.com
2014-04-04 19:28:37,static.ak.facebook.com
2014-04-04 19:28:38,apis.google.com
2014-04-04 19:28:39,twitter.com
2014-04-04 19:28:39,apis.google.com
2014-04-04 19:28:39,accounts.google.com
2014-04-04 19:28:40,s-static.ak.facebook.com
2014-04-04 19:28:40,apis.google.com
2014-04-04 19:28:40,accounts.google.com
2014-04-04 19:28:40,www.facebook.com
2014-04-04 19:28:40,leconjugueur.lefigaro.fr
2014-04-04 19:28:41,twitter.com
2014-04-04 19:28:42,www.facebook.com
2014-04-04 19:28:56,www.facebook.com
2014-04-04 19:29:15,go.microsoft.com
2014-04-04 19:29:15,ieonline.microsoft.com
2014-04-04 19:37:23,www.google.fr
2014-04-04 19:37:25,www.google.fr
2014-04-04 19:37:27,apis.google.com
2014-04-04 19:37:27,www.google.com
2014-04-04 19:37:42,www.noslangues-ourlanguages.gc.ca
2014-04-04 19:37:52,www.noslangues-ourlanguages.gc.ca
2014-04-04 19:37:53,www.google.fr
2014-04-04 19:37:53,www.google.com
2014-04-04 19:37:53,apis.google.com
2014-04-04 19:37:54,www.noslangues-ourlanguages.gc.ca
2014-04-04 19:38:09,www.noslangues-ourlanguages.gc.ca
2014-04-04 19:38:10,www.noslangues-ourlanguages.gc.ca
2014-04-04 19:39:37,www.google.fr
2014-04-04 19:39:38,www.google.fr
2014-04-04 19:39:40,apis.google.com
2014-04-04 19:39:40,www.google.com
2014-04-04 19:39:47,www.google.fr
2014-04-04 19:39:47,la-conjugaison.nouvelobs.com
2014-04-04 19:39:48,la-conjugaison.nouvelobs.com
2014-04-04 19:39:48,platform.twitter.com
2014-04-04 19:39:48,tempsreel.nouvelobs.com
2014-04-04 19:39:48,www.google.fr
2014-04-04 19:39:48,referentiel.nouvelobs.com
2014-04-04 19:39:48,programme-tv.nouvelobs.com
2014-04-04 19:39:48,apis.google.com
2014-04-04 19:39:48,www.google.com
2014-04-04 19:39:50,referentiel.nouvelobs.com
2014-04-04 19:39:50,la-conjugaison.nouvelobs.com
2014-04-04 19:39:51,la-conjugaison.nouvelobs.com
2014-04-04 19:39:51,www.facebook.com
2014-04-04 19:39:52,loadr.exelator.com
2014-04-04 19:39:52,la-conjugaison.nouvelobs.com
2014-04-04 19:39:53,ce.lijit.com
2014-04-04 19:39:53,www.facebook.com
2014-04-04 19:39:54,broadcast.piximedia.fr
2014-04-04 19:39:55,broadcast.piximedia.fr
2014-04-04 19:39:56,broadcast.piximedia.fr
2014-04-04 19:39:57,pixel.alephd.com
2014-04-04 19:39:58,pixel.alephd.com
2014-04-04 19:39:58,cshoppingbox.partner.leguide.com
2014-04-04 20:52:24,api.bing.com
2014-04-04 20:52:25,api.bing.com
2014-04-14 13:37:47,ieonline.microsoft.com
2014-04-14 13:53:16,fr.wikipedia.org
2014-04-14 13:53:16,bits.wikimedia.org
2014-04-14 13:53:17,bits.wikimedia.org
2014-04-14 13:53:17,login.wikimedia.org
2014-04-14 13:53:17,meta.wikimedia.org
2014-04-14 13:53:17,fr.wikipedia.org
2014-04-14 13:54:13,bits.wikimedia.org
2014-04-14 13:54:21,fr.wikipedia.org
2014-04-14 13:54:21,bits.wikimedia.org
2014-04-14 13:54:21,meta.wikimedia.org
2014-04-14 13:54:22,meta.wikimedia.org
2014-04-14 13:54:22,fr.wikipedia.org
2014-04-14 14:12:55,bits.wikimedia.org
2014-04-14 15:49:20,clients1.google.com
2014-04-14 15:49:20,ocsp.thawte.com
2014-04-14 15:49:21,gtglobal-ocsp.geotrust.com
2014-04-14 15:49:24,www.squid-cache.org
2014-04-14 15:50:31,ocsp.tcs.terena.org
2014-04-14 15:50:31,ocsp.usertrust.com
2014-04-14 15:50:31,clients1.google.com
2014-04-14 15:50:33,clients1.google.com
2014-04-14 15:51:17,safebrowsing.clients.google.com
2014-04-14 15:51:17,safebrowsing-cache.google.com
2014-04-14 15:51:18,safebrowsing-cache.google.com
2014-04-14 15:52:17,sb-ssl.google.com
2014-04-14 15:57:02,ocsp.verisign.com
2014-04-14 15:59:02,ocsp.digicert.com
2014-04-14 16:16:08,ocsp.thawte.com
2014-04-14 16:16:10,clients1.google.com
2014-04-14 16:16:10,gtglobal-ocsp.geotrust.com
2014-04-14 16:16:10,ocsp.usertrust.com
2014-04-14 16:16:10,ocsp.tcs.terena.org
2014-04-14 16:16:11,clients1.google.com
2014-04-14 16:20:17,safebrowsing-cache.google.com
2014-04-14 16:20:17,safebrowsing.clients.google.com
2014-04-14 16:24:01,ocsp.verisign.com
2014-04-14 16:26:01,ocsp.digicert.com
2014-04-14 16:49:49,safebrowsing-cache.google.com
2014-04-14 16:49:49,safebrowsing.clients.google.com
2014-04-14 17:21:47,safebrowsing.clients.google.com
2014-04-14 17:21:47,safebrowsing-cache.google.com
2014-04-25 14:01:49,www.squid-cache.org
2014-04-25 14:01:49,www.debian.org
2014-04-25 14:01:50,www.debian.org
2014-04-25 14:01:59,www.google.com
2014-04-25 14:01:59,id.google.fr
2014-04-25 14:01:59,www.google.fr
2014-04-25 14:02:00,www.google.fr
2014-04-25 14:02:01,www.google.fr
2014-04-25 14:02:01,www.google.com
2014-04-25 14:02:03,www.google.fr
2014-04-25 14:02:11,apis.google.com
2014-04-25 14:02:47,0.drive.google.com
2014-04-25 14:02:58,docs.google.com
2014-04-25 14:06:03,www.google.com
2014-04-25 14:06:37,accounts.google.com
2014-04-25 14:06:39,accounts.google.fr
2014-04-25 14:06:40,0.drive.google.com
2014-04-25 14:06:41,plus.google.com
2014-04-25 14:06:41,0.drive.google.com
2014-04-25 14:06:41,gg.google.com
2014-04-25 14:06:41,drive.google.com
2014-04-25 14:06:41,apis.google.com
2014-04-25 14:08:42,gtglobal-ocsp.geotrust.com
2014-04-25 14:08:42,clients1.google.com
2014-04-25 14:08:42,ocsp.thawte.com
2014-04-25 14:09:13,clients1.google.com
2014-04-25 14:09:21,clients1.google.com
2014-04-25 14:09:57,clients1.google.com
2014-04-25 14:10:07,safebrowsing-cache.google.com
2014-04-25 14:10:07,safebrowsing.clients.google.com
2014-04-25 14:10:08,safebrowsing-cache.google.com
2014-04-25 14:11:37,sb-ssl.google.com
2014-04-25 14:11:49,clients1.google.com
2014-04-25 14:11:56,www.squid-cache.org
2014-04-25 14:12:13,www.google.fr
2014-04-25 14:12:13,fr.wikipedia.org
2014-04-25 14:12:13,bits.wikimedia.org
2014-04-25 14:12:14,bits.wikimedia.org
2014-04-25 14:12:15,meta.wikimedia.org
2014-04-25 14:12:15,bits.wikimedia.org
2014-04-25 14:12:15,fr.wikipedia.org
2014-04-25 14:12:15,login.wikimedia.org
2014-04-25 14:12:16,meta.wikimedia.org
2014-04-25 14:12:45,www.google.com
2014-04-25 14:12:46,www.google.com
2014-04-25 14:12:46,www.google.fr
2014-04-25 14:12:57,docs.google.com
2014-04-25 14:13:48,clients2.google.com
2014-04-25 14:13:49,gg.google.com
2014-04-25 14:13:57,drive.google.com
2014-04-25 14:14:50,0.drive.google.com
2014-04-25 14:14:55,clients2.google.com
2014-04-25 14:14:56,chatenabled.mail.google.com
2014-04-25 14:15:01,apis.google.com
2014-04-25 14:15:02,www.google.fr
2014-04-25 14:15:03,clients6.google.com
2014-04-25 14:15:32,plus.google.com
2014-04-25 14:15:40,accounts.google.fr
2014-04-25 14:15:41,www.google.com
2014-04-25 14:15:56,accounts.youtube.com
2014-04-25 14:15:57,accounts.google.com
2014-04-25 14:15:57,mail.google.com
2014-04-25 14:16:30,ocsp.verisign.com
2014-04-25 14:18:30,ocsp.digicert.com
2014-04-25 14:39:12,safebrowsing.clients.google.com
2014-04-25 14:39:12,safebrowsing-cache.google.com
2014-04-25 15:04:23,www.google.com
2014-04-25 15:04:25,www.google.fr
2014-04-25 15:05:53,www.google.fr
2014-04-25 15:05:53,translate.google.fr
2014-04-25 15:05:54,translate.google.fr
2014-04-25 15:05:55,translate.google.fr
2014-04-25 15:05:59,translate.google.fr
2014-04-25 15:06:00,www.google.com
2014-04-25 15:06:00,translate.google.fr
2014-04-25 15:06:01,www.google.com
2014-04-25 15:06:01,translate.google.fr
2014-04-25 15:06:06,translate.google.fr
2014-04-25 15:06:07,translate.google.fr
2014-04-25 15:08:49,www.google.fr
2014-04-25 15:11:08,safebrowsing.clients.google.com
2014-04-25 15:11:08,safebrowsing-cache.google.com
2014-04-25 15:11:09,safebrowsing-cache.google.com
2014-04-25 15:20:59,ocsp.tcs.terena.org
2014-04-25 15:20:59,gtglobal-ocsp.geotrust.com
2014-04-25 15:20:59,ocsp.usertrust.com
2014-04-25 15:20:59,ent.univ-bpclermont.fr
2014-04-25 15:20:59,clients1.google.com
2014-04-25 15:20:59,www.univ-bpclermont.fr
2014-04-25 15:21:00,ent.univ-bpclermont.fr
2014-04-25 15:21:07,clients1.google.com
2014-04-25 15:21:11,clients1.google.com
2014-04-25 15:22:02,clients1.google.com
2014-04-25 15:22:37,www.google.fr
2014-04-25 15:22:38,fr.azendoo.com
2014-04-25 15:22:38,ocsp.starfieldtech.com
2014-04-25 15:22:39,clients1.google.com
2014-04-25 15:22:41,ocsp.verisign.com
2014-04-25 15:22:41,ocsp.digicert.com
2014-04-25 15:22:41,clients1.google.com
2014-04-25 15:22:41,use.typekit.net
2014-04-25 15:22:43,app.azendoo.com
2014-04-25 15:22:45,www.azendoo.com
2014-04-25 15:22:45,ocsp.digicert.com
2014-04-25 15:22:45,rapidssl-ocsp.geotrust.com
2014-04-25 15:22:45,gtssl2-ocsp.geotrust.com
2014-04-25 15:23:40,push.azendoo.com
2014-04-25 15:24:25,app.azendoo.com
2014-04-25 15:24:33,www.google.fr
2014-04-25 15:24:34,app.azendoo.com
2014-04-25 15:24:37,dnn506yrbagrg.cloudfront.net
2014-04-25 15:24:39,use.typekit.com
2014-04-25 15:24:39,widget.uservoice.com
2014-04-25 15:24:45,app.azendoo.com
2014-04-25 15:24:48,accounts.youtube.com
2014-04-25 15:24:48,accounts.google.com
2014-04-25 15:24:48,drive.google.com
2014-04-25 15:24:48,www.google.fr
2014-04-25 15:24:48,www.google.com
2014-04-25 15:24:48,push.azendoo.com
2014-04-25 15:24:48,plus.google.com
2014-04-25 15:24:48,1.drive.google.com
2014-04-25 15:24:48,doug1izaerwt3.cloudfront.net
2014-04-25 15:24:48,clients2.google.com
2014-04-25 15:24:48,jserror.newrelic.com
2014-04-25 15:24:48,gg.google.com
2014-04-25 15:24:48,p.typekit.net
2014-04-25 15:24:48,docs.google.com
2014-04-25 15:24:48,accounts.google.fr
