timestamp,site
2014-01-04 08:07:42,www.bing.com
2014-01-04 08:07:43,www.bing.com
2014-01-04 08:07:43,cms.abmr.net
2014-01-04 08:07:44,www.bing.com
2014-01-04 08:07:47,www.bing.com
2014-01-04 08:07:54,login.live.com
2014-01-04 08:10:30,ieonline.microsoft.com
2014-01-04 08:10:30,dl.patchbeam.com
2014-01-04 08:10:31,www.powerarchiver.com
2014-01-04 08:22:30,www.bing.com
2014-01-04 08:22:32,www.bing.com
2014-01-04 08:22:32,login.live.com
2014-01-04 08:22:40,www.bing.com
2014-01-04 08:22:46,fr-fr.facebook.com
2014-01-04 08:22:47,fr-fr.facebook.com
2014-01-04 08:22:55,fbstatic-a.akamaihd.net
2014-01-04 08:23:23,fbstatic-a.akamaihd.net
2014-01-04 08:23:37,www.facebook.com
2014-01-04 08:24:06,fbstatic-a.akamaihd.net
2014-01-04 08:24:58,fr-fr.facebook.com
2014-01-04 08:24:58,fbcdn-vthumb-a.akamaihd.net
2014-01-04 08:24:58,www.facebook.com
2014-01-04 08:24:58,fbcdn-photos-b-a.akamaihd.net
2014-01-04 08:24:58,fbcdn-photos-d-a.akamaihd.net
2014-01-04 08:24:58,fbexternal-a.akamaihd.net
2014-01-04 08:24:58,fbcdn-creative-a.akamaihd.net
2014-01-04 08:24:58,fbcdn-sphotos-h-a.akamaihd.net
2014-01-04 08:24:58,fbstatic-a.akamaihd.net
2014-01-04 08:24:58,fbcdn-photos-g-a.akamaihd.net
2014-01-04 08:24:59,fbcdn-sphotos-g-a.akamaihd.net
2014-01-04 08:24:59,www.facebook.com
2014-01-04 08:24:59,fbcdn-sphotos-h-a.akamaihd.net
2014-01-04 08:24:59,fbstatic-a.akamaihd.net
2014-01-04 08:24:59,fbcdn-sphotos-c-a.akamaihd.net
2014-01-04 08:25:00,www.facebook.com
2014-01-04 08:25:17,www.bing.com
2014-01-04 08:25:17,dev.virtualearth.net
2014-01-04 08:25:17,www.pagesjaunes.fr
2014-01-04 08:25:18,logc258.at.pagesjaunes.fr
2014-01-04 08:25:21,1582829.r.msn.com
2014-01-04 08:25:21,www.bing.com
2014-01-04 08:25:22,telephone-crous.com
2014-01-04 08:25:22,maps.googleapis.com
2014-01-04 08:25:22,www.telephone-crous.com
2014-01-04 08:25:23,telephone-crous.com
2014-01-04 08:25:28,maps.googleapis.com
2014-01-04 08:25:28,login.live.com
2014-01-04 08:25:46,www.bing.com
2014-01-04 08:25:46,dev.virtualearth.net
2014-01-04 08:25:46,logc258.at.pagesjaunes.fr
2014-01-04 08:25:46,www.pagesjaunes.fr
2014-01-04 08:25:48,www.bing.com
2014-01-04 08:25:48,www.crous-clermont.fr
2014-01-04 08:25:48,login.live.com
2014-01-04 08:25:49,www.crous-clermont.fr
2014-01-04 08:25:50,www.crous-clermont.fr
2014-01-04 08:25:58,www.facebook.com
2014-01-04 08:26:36,fbstatic-a.akamaihd.net
2014-01-04 08:26:36,fbcdn-photos-b-a.akamaihd.net
2014-01-04 08:26:36,fbcdn-creative-a.akamaihd.net
2014-01-04 08:26:36,fbexternal-a.akamaihd.net
2014-01-04 08:26:36,a248.e.akamai.net
2014-01-04 08:26:36,www.facebook.com
2014-01-04 08:26:39,fbstatic-a.akamaihd.net
2014-01-04 08:26:39,a248.e.akamai.net
2014-01-04 08:26:39,www.facebook.com
2014-01-04 08:26:40,www.facebook.com
2014-01-04 08:26:40,fbstatic-a.akamaihd.net
2014-01-04 08:26:40,fbcdn-creative-a.akamaihd.net
2014-01-04 08:26:41,www.facebook.com
2014-01-04 08:27:14,www.crous-clermont.fr
2014-01-04 08:27:30,www.crous-clermont.fr
2014-01-04 08:27:31,www.crous-clermont.fr
2014-01-04 08:27:36,www.crous-clermont.fr
2014-01-04 08:27:59,fbstatic-a.akamaihd.net
2014-01-04 08:27:59,www.facebook.com
2014-01-04 08:29:01,www.facebook.com
2014-01-04 08:31:41,www.bing.com
2014-01-04 08:31:42,www.bing.com
2014-01-04 08:31:43,www.bing.com
2014-01-04 08:31:52,www.bing.com
2014-01-04 08:31:53,login.live.com
2014-01-04 08:31:57,fr-fr.facebook.com
2014-01-04 08:31:58,fr-fr.facebook.com
2014-01-04 08:31:59,www.facebook.com
2014-01-04 08:32:00,fr-fr.facebook.com
2014-01-04 08:32:01,www.facebook.com
2014-01-04 08:32:02,www.facebook.com
2014-01-04 08:32:07,fbexternal-a.akamaihd.net
2014-01-04 08:32:07,fbcdn-creative-a.akamaihd.net
2014-01-04 08:32:07,fbstatic-a.akamaihd.net
2014-01-04 08:32:08,fbstatic-a.akamaihd.net
2014-01-04 08:32:08,fbcdn-sphotos-c-a.akamaihd.net
2014-01-04 08:32:10,fbcdn-sphotos-a-a.akamaihd.net
2014-01-04 08:32:21,fbcdn-sphotos-a-a.akamaihd.net
2014-01-04 08:32:22,fbstatic-a.akamaihd.net
2014-01-04 08:32:25,fbstatic-a.akamaihd.net
2014-01-04 08:32:57,fbcdn-sphotos-c-a.akamaihd.net
2014-01-04 08:32:57,fbexternal-a.akamaihd.net
2014-01-04 08:33:39,www.facebook.com
2014-01-04 08:34:55,fbstatic-a.akamaihd.net
2014-01-04 08:34:55,www.facebook.com
2014-01-04 08:35:04,fbstatic-a.akamaihd.net
2014-01-04 08:35:12,attachment.fbsbx.com
2014-01-04 08:35:13,attachment.fbsbx.com
2014-01-04 08:36:55,www.facebook.com
2014-01-04 08:37:02,www.facebook.com
2014-01-04 08:37:13,attachment.fbsbx.com
2014-01-04 08:38:42,www.facebook.com
2014-01-04 08:39:16,fbstatic-a.akamaihd.net
2014-01-04 08:39:18,fbstatic-a.akamaihd.net
2014-01-04 08:40:22,www.facebook.com
2014-01-04 08:41:18,attachment.fbsbx.com
2014-01-04 08:42:03,www.facebook.com
2014-01-04 08:43:43,www.facebook.com
2014-01-04 08:44:53,www.facebook.com
2014-01-04 08:47:04,www.facebook.com
2014-01-04 08:48:00,www.bing.com
2014-01-04 08:48:01,www.bing.com
2014-01-04 08:48:02,fr.mail.yahoo.com
2014-01-04 08:48:07,login.yahoo.com
2014-01-04 08:48:08,login.yahoo.com
2014-01-04 08:48:09,login.live.com
2014-01-04 08:48:10,login.yahoo.com
2014-01-04 08:48:12,login.yahoo.com
2014-01-04 08:48:22,login.yahoo.com
2014-01-04 08:48:25,fr-mg42.mail.yahoo.com
2014-01-04 08:48:30,fr-mg42.mail.yahoo.com
2014-01-04 08:48:33,fr-mg42.mail.yahoo.com
2014-01-04 08:48:37,mg.mail.yahoo.com
2014-01-04 08:48:42,ucs.query.yahoo.com
2014-01-04 08:48:44,www.facebook.com
2014-01-04 08:50:44,www.facebook.com
2014-01-04 08:50:47,mg.mail.yahoo.com
2014-01-04 08:50:47,fr-mg42.mail.yahoo.com
2014-01-04 08:53:28,fr-mg42.mail.yahoo.com
2014-01-04 08:53:44,www.facebook.com
2014-01-04 08:55:44,www.facebook.com
2014-01-04 08:56:29,fr-mg42.mail.yahoo.com
2014-01-04 08:57:56,fbcdn-sphotos-g-a.akamaihd.net
2014-01-04 08:57:57,fbcdn-sphotos-b-a.akamaihd.net
2014-01-04 08:57:57,www.facebook.com
2014-01-04 08:57:57,fbcdn-sphotos-g-a.akamaihd.net
2014-01-04 08:57:57,fbcdn-sphotos-a-a.akamaihd.net
2014-01-04 08:57:57,fbstatic-a.akamaihd.net
2014-01-04 08:57:57,fbcdn-sphotos-e-a.akamaihd.net
2014-01-04 08:57:57,fbcdn-sphotos-f-a.akamaihd.net
2014-01-04 08:57:58,fbstatic-a.akamaihd.net
2014-01-04 08:57:58,www.facebook.com
2014-01-04 08:57:58,fbcdn-sphotos-b-a.akamaihd.net
2014-01-04 08:57:58,fbcdn-sphotos-f-a.akamaihd.net
2014-01-04 08:57:58,fbcdn-creative-a.akamaihd.net
2014-01-04 08:57:58,fbcdn-photos-g-a.akamaihd.net
2014-01-04 08:57:58,fbcdn-photos-e-a.akamaihd.net
2014-01-04 08:57:58,fbexternal-a.akamaihd.net
2014-01-04 08:57:58,fbcdn-photos-c-a.akamaihd.net
2014-01-04 08:57:58,fbcdn-photos-f-a.akamaihd.net
2014-01-04 08:57:58,fbcdn-sphotos-e-a.akamaihd.net
2014-01-04 08:57:58,fbcdn-photos-d-a.akamaihd.net
2014-01-04 08:57:59,fbcdn-photos-d-a.akamaihd.net
2014-01-04 08:57:59,fbcdn-photos-f-a.akamaihd.net
2014-01-04 08:57:59,www.facebook.com
2014-01-04 08:57:59,fbcdn-sphotos-g-a.akamaihd.net
2014-01-04 08:57:59,fbcdn-photos-c-a.akamaihd.net
2014-01-04 08:58:09,fbstatic-a.akamaihd.net
2014-01-04 08:58:09,fbcdn-sphotos-e-a.akamaihd.net
2014-01-04 08:58:09,fbexternal-a.akamaihd.net
2014-01-04 08:58:09,fbcdn-photos-a-a.akamaihd.net
2014-01-04 08:58:09,fbcdn-sphotos-h-a.akamaihd.net
2014-01-04 08:58:09,fbcdn-sphotos-c-a.akamaihd.net
2014-01-04 08:58:09,www.facebook.com
2014-01-04 08:58:09,fbcdn-sphotos-g-a.akamaihd.net
2014-01-04 08:58:09,fbcdn-sphotos-a-a.akamaihd.net
2014-01-04 08:58:09,fbcdn-sphotos-d-a.akamaihd.net
2014-01-04 08:58:09,fbcdn-sphotos-b-a.akamaihd.net
2014-01-04 08:58:10,fbexternal-a.akamaihd.net
2014-01-04 08:58:26,fbcdn-photos-a-a.akamaihd.net
2014-01-04 08:58:26,fbstatic-a.akamaihd.net
2014-01-04 08:58:26,fbexternal-a.akamaihd.net
2014-01-04 08:58:27,fbcdn-sphotos-a-a.akamaihd.net
2014-01-04 08:58:37,fbcdn-sphotos-d-a.akamaihd.net
2014-01-04 08:58:37,fbcdn-sphotos-e-a.akamaihd.net
2014-01-04 08:58:37,www.facebook.com
2014-01-04 08:58:37,fbstatic-a.akamaihd.net
2014-01-04 08:58:39,fbstatic-a.akamaihd.net
2014-01-04 08:58:40,fbcdn-sphotos-a-a.akamaihd.net
2014-01-04 08:58:40,fbexternal-a.akamaihd.net
2014-01-04 08:58:40,fbcdn-sphotos-d-a.akamaihd.net
2014-01-04 08:58:40,fbcdn-sphotos-e-a.akamaihd.net
2014-01-04 08:58:41,fbcdn-sphotos-a-a.akamaihd.net
2014-01-04 08:58:45,fbstatic-a.akamaihd.net
2014-01-04 08:58:45,fbcdn-sphotos-e-a.akamaihd.net
2014-01-04 08:58:45,www.facebook.com
2014-01-04 08:58:46,fbcdn-photos-e-a.akamaihd.net
2014-01-04 08:58:46,fbexternal-a.akamaihd.net
2014-01-04 08:58:46,fbcdn-photos-b-a.akamaihd.net
2014-01-04 08:58:46,fbstatic-a.akamaihd.net
2014-01-04 08:58:46,fbcdn-photos-h-a.akamaihd.net
2014-01-04 08:58:49,fbstatic-a.akamaihd.net
2014-01-04 08:58:50,fbstatic-a.akamaihd.net
2014-01-04 08:58:50,fbcdn-sphotos-g-a.akamaihd.net
2014-01-04 08:58:50,fbcdn-photos-h-a.akamaihd.net
2014-01-04 08:58:51,fbcdn-photos-b-a.akamaihd.net
2014-01-04 08:58:51,fbexternal-a.akamaihd.net
2014-01-04 08:58:51,fbcdn-creative-a.akamaihd.net
2014-01-04 08:58:51,fbstatic-a.akamaihd.net
2014-01-04 08:58:59,fbcdn-sphotos-d-a.akamaihd.net
2014-01-04 08:58:59,fbcdn-sphotos-f-a.akamaihd.net
2014-01-04 08:58:59,fbstatic-a.akamaihd.net
2014-01-04 08:58:59,www.facebook.com
2014-01-04 08:59:03,fbcdn-sphotos-h-a.akamaihd.net
2014-01-04 08:59:03,fbstatic-a.akamaihd.net
2014-01-04 08:59:04,fbexternal-a.akamaihd.net
2014-01-04 08:59:04,www.facebook.com
2014-01-04 08:59:14,fbcdn-sphotos-d-a.akamaihd.net
2014-01-04 09:00:08,fbcdn-sphotos-e-a.akamaihd.net
2014-01-04 09:00:08,fbcdn-photos-e-a.akamaihd.net
2014-01-04 09:00:08,fbcdn-photos-d-a.akamaihd.net
2014-01-04 09:00:29,fr-mg42.mail.yahoo.com
2014-01-04 09:01:59,www.facebook.com
2014-01-04 09:02:10,attachment.fbsbx.com
2014-01-04 09:02:50,fbcdn-sphotos-h-a.akamaihd.net
2014-01-04 09:02:58,fbcdn-sphotos-a-a.akamaihd.net
2014-01-04 09:02:58,www.facebook.com
2014-01-04 09:02:59,fbcdn-sphotos-f-a.akamaihd.net
2014-01-04 09:02:59,fbcdn-photos-h-a.akamaihd.net
2014-01-04 09:02:59,fbexternal-a.akamaihd.net
2014-01-04 09:02:59,fbcdn-creative-a.akamaihd.net
2014-01-04 09:03:00,fbcdn-creative-a.akamaihd.net
2014-01-04 09:03:00,fbexternal-a.akamaihd.net
2014-01-04 09:03:00,fbstatic-a.akamaihd.net
2014-01-04 09:03:00,www.facebook.com
2014-01-04 09:03:01,www.facebook.com
2014-01-04 09:04:13,fbstatic-a.akamaihd.net
2014-01-04 09:04:13,fbcdn-sphotos-a-a.akamaihd.net
2014-01-04 09:04:19,www.facebook.com
2014-01-04 09:05:16,fbcdn-creative-a.akamaihd.net
2014-01-04 09:05:16,www.facebook.com
2014-01-04 09:05:16,fbexternal-a.akamaihd.net
2014-01-04 09:05:17,fbcdn-sphotos-f-a.akamaihd.net
2014-01-04 09:05:17,fbcdn-sphotos-g-a.akamaihd.net
2014-01-04 09:05:17,fbcdn-sphotos-c-a.akamaihd.net
2014-01-04 09:05:17,fbcdn-photos-b-a.akamaihd.net
2014-01-04 09:05:17,fbcdn-sphotos-e-a.akamaihd.net
2014-01-04 09:05:17,fbexternal-a.akamaihd.net
2014-01-04 09:05:17,fbcdn-creative-a.akamaihd.net
2014-01-04 09:05:19,www.facebook.com
2014-01-04 09:05:20,www.facebook.com
2014-01-04 09:05:39,fbstatic-a.akamaihd.net
2014-01-04 09:05:44,fbexternal-a.akamaihd.net
2014-01-04 09:05:47,fbcdn-creative-a.akamaihd.net
2014-01-04 09:07:38,www.facebook.com
2014-01-04 09:07:39,www.facebook.com
2014-01-04 09:07:40,www.facebook.com
2014-01-04 09:07:43,fbcdn-sphotos-d-a.akamaihd.net
2014-01-04 09:07:44,attachment.fbsbx.com
2014-01-04 09:08:08,www.facebook.com
2014-01-04 09:08:18,fbcdn-creative-a.akamaihd.net
2014-01-04 09:08:27,www.facebook.com
2014-01-04 09:08:27,fbcdn-creative-a.akamaihd.net
2014-01-04 09:09:20,www.facebook.com
2014-01-04 09:09:26,www.facebook.com
2014-01-04 09:09:27,d2l6b62erb5nb5.cloudfront.net
2014-01-04 09:09:27,www.stylefruits.fr
2014-01-04 09:09:27,d26ndxsv8mfyv9.cloudfront.net
2014-01-04 09:09:28,d26ndxsv8mfyv9.cloudfront.net
2014-01-04 09:09:28,www.google.fr
2014-01-04 09:09:28,www.google.com
2014-01-04 09:09:28,www.facebook.com
2014-01-04 09:09:28,d2l6b62erb5nb5.cloudfront.net
2014-01-04 09:09:29,d2l6b62erb5nb5.cloudfront.net
2014-01-04 09:09:29,d26ndxsv8mfyv9.cloudfront.net
2014-01-04 09:09:30,d26ndxsv8mfyv9.cloudfront.net
2014-01-04 09:09:30,d2l6b62erb5nb5.cloudfront.net
2014-01-04 09:09:31,d2l6b62erb5nb5.cloudfront.net
2014-01-04 09:09:31,d26ndxsv8mfyv9.cloudfront.net
2014-01-04 09:09:32,d26ndxsv8mfyv9.cloudfront.net
2014-01-04 09:09:32,d2l6b62erb5nb5.cloudfront.net
2014-01-04 09:09:33,d26ndxsv8mfyv9.cloudfront.net
2014-01-04 09:09:33,error.facebook.com
2014-01-04 09:09:33,d2l6b62erb5nb5.cloudfront.net
2014-01-04 09:09:36,d26ndxsv8mfyv9.cloudfront.net
2014-01-04 09:09:37,d26ndxsv8mfyv9.cloudfront.net
2014-01-04 09:09:37,d2l6b62erb5nb5.cloudfront.net
2014-01-04 09:09:38,d26ndxsv8mfyv9.cloudfront.net
2014-01-04 09:09:38,d2l6b62erb5nb5.cloudfront.net
2014-01-04 09:09:39,d26ndxsv8mfyv9.cloudfront.net
2014-01-04 09:09:39,d2l6b62erb5nb5.cloudfront.net
2014-01-04 09:09:40,d2l6b62erb5nb5.cloudfront.net
2014-01-04 09:09:40,d26ndxsv8mfyv9.cloudfront.net
2014-01-04 09:09:41,d26ndxsv8mfyv9.cloudfront.net
2014-01-04 09:09:42,d26ndxsv8mfyv9.cloudfront.net
2014-01-04 09:09:42,fbstatic-a.akamaihd.net
2014-01-04 09:09:42,www.facebook.com
2014-01-04 09:09:42,d2l6b62erb5nb5.cloudfront.net
2014-01-04 09:09:43,error.facebook.com
2014-01-04 09:09:46,www.google.com
2014-01-04 09:09:46,d2l6b62erb5nb5.cloudfront.net
2014-01-04 09:09:46,d26ndxsv8mfyv9.cloudfront.net
2014-01-04 09:09:46,www.google.fr
2014-01-04 09:09:46,www.stylefruits.fr
2014-01-04 09:09:47,www.facebook.com
2014-01-04 09:09:48,d2l6b62erb5nb5.cloudfront.net
2014-01-04 09:09:48,d26ndxsv8mfyv9.cloudfront.net
2014-01-04 09:09:48,www.facebook.com
2014-01-04 09:09:49,d26ndxsv8mfyv9.cloudfront.net
2014-01-04 09:09:49,fbstatic-a.akamaihd.net
2014-01-04 09:09:49,d2l6b62erb5nb5.cloudfront.net
2014-01-04 09:09:50,d2l6b62erb5nb5.cloudfront.net
2014-01-04 09:09:50,d26ndxsv8mfyv9.cloudfront.net
2014-01-04 09:09:51,d2l6b62erb5nb5.cloudfront.net
2014-01-04 09:09:51,d26ndxsv8mfyv9.cloudfront.net
2014-01-04 09:09:52,d26ndxsv8mfyv9.cloudfront.net
2014-01-04 09:09:52,d2l6b62erb5nb5.cloudfront.net
2014-01-04 09:09:56,d26ndxsv8mfyv9.cloudfront.net
2014-01-04 09:09:56,d2l6b62erb5nb5.cloudfront.net
2014-01-04 09:09:57,d26ndxsv8mfyv9.cloudfront.net
2014-01-04 09:09:57,d2l6b62erb5nb5.cloudfront.net
2014-01-04 09:09:58,d2l6b62erb5nb5.cloudfront.net
2014-01-04 09:09:58,d26ndxsv8mfyv9.cloudfront.net
2014-01-04 09:10:00,d26ndxsv8mfyv9.cloudfront.net
2014-01-04 09:10:00,d2l6b62erb5nb5.cloudfront.net
2014-01-04 09:10:00,fbstatic-a.akamaihd.net
2014-01-04 09:10:01,d26ndxsv8mfyv9.cloudfront.net
2014-01-04 09:10:01,d2l6b62erb5nb5.cloudfront.net
2014-01-04 09:10:02,d26ndxsv8mfyv9.cloudfront.net
2014-01-04 09:10:02,d2l6b62erb5nb5.cloudfront.net
2014-01-04 09:10:03,d26ndxsv8mfyv9.cloudfront.net
2014-01-04 09:10:06,www.google.com
2014-01-04 09:10:06,www.stylefruits.fr
2014-01-04 09:10:06,www.google.fr
2014-01-04 09:10:06,d2l6b62erb5nb5.cloudfront.net
2014-01-04 09:10:06,d26ndxsv8mfyv9.cloudfront.net
2014-01-04 09:10:07,www.facebook.com
2014-01-04 09:10:10,d2l6b62erb5nb5.cloudfront.net
2014-01-04 09:10:10,d26ndxsv8mfyv9.cloudfront.net
2014-01-04 09:10:10,www.facebook.com
2014-01-04 09:10:11,d2l6b62erb5nb5.cloudfront.net
2014-01-04 09:10:11,d26ndxsv8mfyv9.cloudfront.net
2014-01-04 09:10:12,d26ndxsv8mfyv9.cloudfront.net
2014-01-04 09:10:12,d2l6b62erb5nb5.cloudfront.net
2014-01-04 09:10:13,d26ndxsv8mfyv9.cloudfront.net
2014-01-04 09:10:13,d2l6b62erb5nb5.cloudfront.net
2014-01-04 09:10:14,d2l6b62erb5nb5.cloudfront.net
2014-01-04 09:10:14,d26ndxsv8mfyv9.cloudfront.net
2014-01-04 09:10:15,d26ndxsv8mfyv9.cloudfront.net
2014-01-04 09:10:15,d2l6b62erb5nb5.cloudfront.net
2014-01-04 09:10:16,d2l6b62erb5nb5.cloudfront.net
2014-01-04 09:10:16,d26ndxsv8mfyv9.cloudfront.net
2014-01-04 09:10:17,d26ndxsv8mfyv9.cloudfront.net
2014-01-04 09:10:17,d2l6b62erb5nb5.cloudfront.net
2014-01-04 09:10:19,d26ndxsv8mfyv9.cloudfront.net
2014-01-04 09:10:19,d2l6b62erb5nb5.cloudfront.net
2014-01-04 09:10:20,d2l6b62erb5nb5.cloudfront.net
2014-01-04 09:10:20,d26ndxsv8mfyv9.cloudfront.net
2014-01-04 09:10:21,fbstatic-a.akamaihd.net
2014-01-04 09:10:21,d26ndxsv8mfyv9.cloudfront.net
2014-01-04 09:10:21,d2l6b62erb5nb5.cloudfront.net
2014-01-04 09:10:25,www.stylefruits.fr
2014-01-04 09:10:25,www.google.com
2014-01-04 09:10:25,www.google.fr
2014-01-04 09:10:25,d26ndxsv8mfyv9.cloudfront.net
2014-01-04 09:10:25,d2l6b62erb5nb5.cloudfront.net
2014-01-04 09:10:25,www.facebook.com
2014-01-04 09:10:33,d26ndxsv8mfyv9.cloudfront.net
2014-01-04 09:10:33,d2l6b62erb5nb5.cloudfront.net
2014-01-04 09:10:42,www.facebook.com
2014-01-04 09:10:42,d26ndxsv8mfyv9.cloudfront.net
2014-01-04 09:10:42,d2l6b62erb5nb5.cloudfront.net
2014-01-04 09:10:43,d26ndxsv8mfyv9.cloudfront.net
2014-01-04 09:10:43,d2l6b62erb5nb5.cloudfront.net
2014-01-04 09:10:44,d26ndxsv8mfyv9.cloudfront.net
2014-01-04 09:10:44,d2l6b62erb5nb5.cloudfront.net
2014-01-04 09:10:46,d26ndxsv8mfyv9.cloudfront.net
2014-01-04 09:10:46,d2l6b62erb5nb5.cloudfront.net
2014-01-04 09:10:47,d26ndxsv8mfyv9.cloudfront.net
2014-01-04 09:10:47,d2l6b62erb5nb5.cloudfront.net
2014-01-04 09:10:48,d2l6b62erb5nb5.cloudfront.net
2014-01-04 09:10:48,d26ndxsv8mfyv9.cloudfront.net
2014-01-04 09:10:49,d2l6b62erb5nb5.cloudfront.net
2014-01-04 09:10:49,d26ndxsv8mfyv9.cloudfront.net
2014-01-04 09:10:50,d2l6b62erb5nb5.cloudfront.net
2014-01-04 09:10:50,d26ndxsv8mfyv9.cloudfront.net
2014-01-04 09:10:51,d26ndxsv8mfyv9.cloudfront.net
2014-01-04 09:10:51,d2l6b62erb5nb5.cloudfront.net
2014-01-04 09:11:01,www.facebook.com
2014-01-04 09:11:02,fbstatic-a.akamaihd.net
2014-01-04 09:11:02,www.facebook.com
2014-01-04 09:11:02,fbcdn-creative-a.akamaihd.net
2014-01-04 09:11:07,www.facebook.com
2014-01-04 09:11:07,fbstatic-a.akamaihd.net
2014-01-04 09:11:08,fbexternal-a.akamaihd.net
2014-01-04 09:11:58,fbexternal-a.akamaihd.net
2014-01-04 09:12:06,fbcdn-sphotos-a-a.akamaihd.net
2014-01-04 09:12:06,www.facebook.com
2014-01-04 09:12:06,fbcdn-creative-a.akamaihd.net
2014-01-04 09:12:24,fbcdn-creative-a.akamaihd.net
2014-01-04 09:13:11,www.facebook.com
2014-01-04 09:13:11,fbcdn-creative-a.akamaihd.net
2014-01-04 09:13:11,fbcdn-sphotos-h-a.akamaihd.net
2014-01-04 09:13:12,www.facebook.com
2014-01-04 09:13:13,fbexternal-a.akamaihd.net
2014-01-04 09:14:18,www.facebook.com
2014-01-04 09:14:18,fbcdn-creative-a.akamaihd.net
2014-01-04 09:14:19,www.facebook.com
2014-01-04 09:14:19,fbcdn-creative-a.akamaihd.net
2014-01-04 09:14:20,www.facebook.com
2014-01-04 09:14:20,fbcdn-creative-a.akamaihd.net
2014-01-04 09:14:20,fbexternal-a.akamaihd.net
2014-01-04 09:14:20,fbcdn-sphotos-h-a.akamaihd.net
2014-01-04 09:14:20,fbcdn-sphotos-a-a.akamaihd.net
2014-01-04 09:14:20,fbcdn-sphotos-g-a.akamaihd.net
2014-01-04 09:14:20,fbcdn-photos-c-a.akamaihd.net
2014-01-04 09:14:20,fbcdn-sphotos-e-a.akamaihd.net
2014-01-04 09:14:21,fbcdn-photos-a-a.akamaihd.net
2014-01-04 09:14:21,fbcdn-sphotos-g-a.akamaihd.net
2014-01-04 09:14:21,fbcdn-sphotos-b-a.akamaihd.net
2014-01-04 09:14:21,fbexternal-a.akamaihd.net
2014-01-04 09:14:22,fbexternal-a.akamaihd.net
2014-01-04 09:14:23,fbcdn-photos-h-a.akamaihd.net
2014-01-04 09:14:23,www.facebook.com
2014-01-04 09:14:23,fbcdn-creative-a.akamaihd.net
2014-01-04 09:14:25,www.facebook.com
2014-01-04 09:14:54,fbexternal-a.akamaihd.net
2014-01-04 09:14:54,fbcdn-sphotos-f-a.akamaihd.net
2014-01-04 09:14:54,fbcdn-sphotos-c-a.akamaihd.net
2014-01-04 09:16:53,www.facebook.com
2014-01-04 09:17:16,fbcdn-sphotos-e-a.akamaihd.net
2014-01-04 09:17:17,fbcdn-sphotos-d-a.akamaihd.net
2014-01-04 09:19:55,fbstatic-a.akamaihd.net
2014-01-04 09:19:55,fbcdn-sphotos-f-a.akamaihd.net
2014-01-04 09:19:55,www.facebook.com
2014-01-04 09:19:56,fbexternal-a.akamaihd.net
2014-01-04 09:21:54,www.facebook.com
2014-01-04 09:26:33,fbcdn-creative-a.akamaihd.net
2014-01-04 09:26:33,fbexternal-a.akamaihd.net
2014-01-04 09:26:34,fbstatic-a.akamaihd.net
2014-01-04 09:26:45,fbcdn-creative-a.akamaihd.net
2014-01-04 09:26:46,www.facebook.com
2014-01-04 09:26:46,fbcdn-creative-a.akamaihd.net
2014-01-04 09:41:37,www.bing.com
2014-01-04 09:41:37,dev.virtualearth.net
2014-01-04 09:41:38,www.bing.com
2014-01-04 09:41:38,www.pagesjaunes.fr
2014-01-04 09:41:38,logc258.at.pagesjaunes.fr
2014-01-04 09:41:39,www.bing.com
2014-01-04 09:41:40,www.crous-clermont.fr
2014-01-04 09:41:41,www.crous-clermont.fr
2014-01-04 09:41:50,login.live.com
2014-01-04 09:42:15,www.crous-clermont.fr
2014-01-04 09:42:16,www.crous-clermont.fr
2014-01-04 09:42:17,www.crous-clermont.fr
2014-01-04 09:42:18,www.crous-clermont.fr
2014-01-04 09:42:19,www.crous-clermont.fr
2014-01-04 09:42:20,www.crous-clermont.fr
2014-01-04 09:42:21,www.crous-clermont.fr
2014-01-04 09:42:22,www.crous-clermont.fr
2014-01-04 09:42:23,www.crous-clermont.fr
2014-01-04 09:42:31,www.facebook.com
2014-01-04 09:42:31,fbstatic-a.akamaihd.net
2014-01-04 09:42:33,www.facebook.com
2014-01-04 09:42:37,fbcdn-sphotos-e-a.akamaihd.net
2014-01-04 09:42:37,fbcdn-sphotos-h-a.akamaihd.net
2014-01-04 09:42:37,fbexternal-a.akamaihd.net
2014-01-04 09:42:37,fbcdn-sphotos-d-a.akamaihd.net
2014-01-04 09:42:37,fbcdn-sphotos-a-a.akamaihd.net
2014-01-04 09:42:38,fbexternal-a.akamaihd.net
2014-01-04 09:42:38,fbcdn-sphotos-h-a.akamaihd.net
2014-01-04 09:42:38,www.facebook.com
2014-01-04 09:42:39,fbcdn-sphotos-d-a.akamaihd.net
2014-01-04 09:42:39,fbcdn-sphotos-a-a.akamaihd.net
2014-01-04 09:42:39,fbcdn-photos-e-a.akamaihd.net
2014-01-04 09:42:39,fbcdn-sphotos-h-a.akamaihd.net
2014-01-04 09:42:39,fbexternal-a.akamaihd.net
2014-01-04 09:42:40,fbcdn-photos-e-a.akamaihd.net
2014-01-04 09:42:40,fbcdn-sphotos-e-a.akamaihd.net
2014-01-04 09:42:40,www.facebook.com
2014-01-04 09:42:40,fbcdn-sphotos-h-a.akamaihd.net
2014-01-04 09:42:50,fbexternal-a.akamaihd.net
2014-01-04 09:42:50,www.facebook.com
2014-01-04 09:42:51,fbcdn-sphotos-g-a.akamaihd.net
2014-01-04 09:42:51,fbcdn-photos-h-a.akamaihd.net
2014-01-04 09:42:52,fbcdn-sphotos-h-a.akamaihd.net
2014-01-04 09:42:52,fbcdn-sphotos-b-a.akamaihd.net
2014-01-04 09:43:00,fbcdn-sphotos-e-a.akamaihd.net
2014-01-04 09:43:00,fbcdn-photos-h-a.akamaihd.net
2014-01-04 09:43:00,fbexternal-a.akamaihd.net
2014-01-04 09:43:01,www.crous-clermont.fr
2014-01-04 09:43:01,www.bing.com
2014-01-04 09:43:11,www.bing.com
2014-01-04 09:43:12,www.pagesjaunes.fr
2014-01-04 09:43:12,login.live.com
2014-01-04 09:43:12,www.bing.com
2014-01-04 09:43:12,logc258.at.pagesjaunes.fr
2014-01-04 09:43:13,www.bing.com
2014-01-04 09:43:13,ak.t1.tiles.virtualearth.net
2014-01-04 09:43:13,ak.t0.tiles.virtualearth.net
2014-01-04 09:43:13,ak.t2.tiles.virtualearth.net
2014-01-04 09:43:13,dev.virtualearth.net
2014-01-04 09:43:13,ak.dynamic.t1.tiles.virtualearth.net
2014-01-04 09:43:13,ak.dynamic.t0.tiles.virtualearth.net
2014-01-04 09:43:13,ak.t3.tiles.virtualearth.net
2014-01-04 09:43:13,ecn.dev.virtualearth.net
2014-01-04 09:43:13,ak.dynamic.t2.tiles.virtualearth.net
2014-01-04 09:43:13,ak.dynamic.t3.tiles.virtualearth.net
2014-01-04 09:43:13,api.bing.com
2014-01-04 09:43:13,mc1.maps.live.com
2014-01-04 09:43:14,login.live.com
2014-01-04 09:43:14,www.bing.com
2014-01-04 09:43:14,dev.virtualearth.net
2014-01-04 09:43:15,a4.bing.com
2014-01-04 09:43:17,www.bing.com
2014-01-04 09:43:24,www.bing.com
2014-01-04 09:43:26,www.bing.com
2014-01-04 09:43:26,ak.dynamic.t3.tiles.virtualearth.net
2014-01-04 09:43:26,ak.dynamic.t2.tiles.virtualearth.net
2014-01-04 09:43:26,ak.dynamic.t0.tiles.virtualearth.net
2014-01-04 09:43:26,dev.virtualearth.net
2014-01-04 09:43:26,mc1.maps.live.com
2014-01-04 09:43:26,ak.dynamic.t1.tiles.virtualearth.net
2014-01-04 09:43:26,ssl.bing.com
2014-01-04 09:43:27,ecn.dev.virtualearth.net
2014-01-04 09:43:27,ak.dynamic.t0.tiles.virtualearth.net
2014-01-04 09:43:27,ak.dynamic.t2.tiles.virtualearth.net
2014-01-04 09:43:27,www.bing.com
2014-01-04 09:43:28,ak.dynamic.t0.tiles.virtualearth.net
2014-01-04 09:43:28,dev.virtualearth.net
2014-01-04 09:43:28,ak.dynamic.t1.tiles.virtualearth.net
2014-01-04 09:43:28,ak.dynamic.t2.tiles.virtualearth.net
2014-01-04 09:43:28,ak.dynamic.t3.tiles.virtualearth.net
2014-01-04 09:43:29,ak.dynamic.t1.tiles.virtualearth.net
2014-01-04 09:43:29,ak.dynamic.t3.tiles.virtualearth.net
2014-01-04 09:43:29,ak.t0.tiles.virtualearth.net
2014-01-04 09:43:29,ak.dynamic.t2.tiles.virtualearth.net
2014-01-04 09:43:29,ecn.dev.virtualearth.net
2014-01-04 09:43:29,ak.dynamic.t0.tiles.virtualearth.net
2014-01-04 09:43:30,ak.dynamic.t3.tiles.virtualearth.net
2014-01-04 09:43:30,ak.dynamic.t1.tiles.virtualearth.net
2014-01-04 09:43:30,ak.dynamic.t2.tiles.virtualearth.net
2014-01-04 09:43:30,ak.dynamic.t0.tiles.virtualearth.net
2014-01-04 09:43:31,dev.virtualearth.net
2014-01-04 09:43:38,login.live.com
2014-01-04 09:43:41,www.bing.com
2014-01-04 09:43:51,ak.dynamic.t2.tiles.virtualearth.net
2014-01-04 09:43:51,ssl.bing.com
2014-01-04 09:43:51,ak.dynamic.t3.tiles.virtualearth.net
2014-01-04 09:43:51,ak.dynamic.t0.tiles.virtualearth.net
2014-01-04 09:43:52,ak.dynamic.t3.tiles.virtualearth.net
2014-01-04 09:43:52,ak.dynamic.t2.tiles.virtualearth.net
2014-01-04 09:43:53,dev.virtualearth.net
2014-01-04 09:43:58,www.bing.com
2014-01-04 09:44:00,fbcdn-sphotos-b-a.akamaihd.net
2014-01-04 09:44:00,www.facebook.com
2014-01-04 09:44:00,fbcdn-sphotos-g-a.akamaihd.net
2014-01-04 09:44:18,ecn.dev.virtualearth.net
2014-01-04 09:44:19,www.bing.com
2014-01-04 09:44:20,ak.dynamic.t0.tiles.virtualearth.net
2014-01-04 09:44:20,ak.dynamic.t1.tiles.virtualearth.net
2014-01-04 09:44:20,ak.dynamic.t2.tiles.virtualearth.net
2014-01-04 09:44:20,ak.dynamic.t3.tiles.virtualearth.net
2014-01-04 09:44:36,dev.virtualearth.net
2014-01-04 09:44:37,dev.virtualearth.net
2014-01-04 09:44:38,dev.virtualearth.net
2014-01-04 09:44:39,dev.virtualearth.net
2014-01-04 09:44:40,dev.virtualearth.net
2014-01-04 09:44:48,ak.dynamic.t2.tiles.virtualearth.net
2014-01-04 09:44:48,ak.dynamic.t0.tiles.virtualearth.net
2014-01-04 09:44:48,ak.dynamic.t1.tiles.virtualearth.net
2014-01-04 09:44:48,ak.dynamic.t3.tiles.virtualearth.net
2014-01-04 09:44:48,ak.t0.tiles.virtualearth.net
2014-01-04 09:44:48,ak.t3.tiles.virtualearth.net
2014-01-04 09:44:48,ak.t1.tiles.virtualearth.net
2014-01-04 09:44:48,ak.t2.tiles.virtualearth.net
2014-01-04 09:44:49,ak.dynamic.t3.tiles.virtualearth.net
2014-01-04 09:44:49,ak.dynamic.t1.tiles.virtualearth.net
2014-01-04 09:44:49,ak.dynamic.t2.tiles.virtualearth.net
2014-01-04 09:44:49,ak.dynamic.t0.tiles.virtualearth.net
2014-01-04 09:44:50,ak.dynamic.t3.tiles.virtualearth.net
2014-01-04 09:44:50,ak.dynamic.t1.tiles.virtualearth.net
2014-01-04 09:44:50,ak.dynamic.t2.tiles.virtualearth.net
2014-01-04 09:44:50,ak.dynamic.t0.tiles.virtualearth.net
2014-01-04 09:44:50,dev.virtualearth.net
2014-01-04 09:44:51,dev.virtualearth.net
2014-01-04 09:44:51,ak.dynamic.t0.tiles.virtualearth.net
2014-01-04 09:44:51,ak.dynamic.t2.tiles.virtualearth.net
2014-01-04 09:44:53,ecn.dev.virtualearth.net
2014-01-04 09:44:53,ak.dynamic.t2.tiles.virtualearth.net
2014-01-04 09:44:53,ak.dynamic.t3.tiles.virtualearth.net
2014-01-04 09:44:53,ak.dynamic.t0.tiles.virtualearth.net
2014-01-04 09:44:53,ak.dynamic.t1.tiles.virtualearth.net
2014-01-04 09:44:53,dev.virtualearth.net
2014-01-04 09:44:54,dev.virtualearth.net
2014-01-04 09:44:54,ak.dynamic.t3.tiles.virtualearth.net
2014-01-04 09:44:54,ak.dynamic.t2.tiles.virtualearth.net
2014-01-04 09:44:54,ak.dynamic.t1.tiles.virtualearth.net
2014-01-04 09:44:54,ak.dynamic.t0.tiles.virtualearth.net
2014-01-04 09:44:55,ak.dynamic.t2.tiles.virtualearth.net
2014-01-04 09:44:55,ak.dynamic.t3.tiles.virtualearth.net
2014-01-04 09:44:55,ak.dynamic.t0.tiles.virtualearth.net
2014-01-04 09:44:55,ak.dynamic.t1.tiles.virtualearth.net
2014-01-04 09:44:56,dev.virtualearth.net
2014-01-04 09:44:56,ak.dynamic.t0.tiles.virtualearth.net
2014-01-04 09:44:56,ak.dynamic.t1.tiles.virtualearth.net
2014-01-04 09:44:56,ak.dynamic.t2.tiles.virtualearth.net
2014-01-04 09:44:56,ak.dynamic.t3.tiles.virtualearth.net
2014-01-04 09:44:57,ak.dynamic.t1.tiles.virtualearth.net
2014-01-04 09:44:57,ak.dynamic.t0.tiles.virtualearth.net
2014-01-04 09:44:58,www.bing.com
2014-01-04 09:44:59,ak.dynamic.t2.tiles.virtualearth.net
2014-01-04 09:44:59,ak.dynamic.t3.tiles.virtualearth.net
2014-01-04 09:44:59,ak.dynamic.t0.tiles.virtualearth.net
2014-01-04 09:44:59,dev.virtualearth.net
2014-01-04 09:44:59,ak.dynamic.t1.tiles.virtualearth.net
2014-01-04 09:45:01,dev.virtualearth.net
2014-01-04 09:45:06,ak.dynamic.t1.tiles.virtualearth.net
2014-01-04 09:45:06,ak.dynamic.t3.tiles.virtualearth.net
2014-01-04 09:45:06,ak.dynamic.t2.tiles.virtualearth.net
2014-01-04 09:45:06,ak.dynamic.t0.tiles.virtualearth.net
2014-01-04 09:45:07,ak.dynamic.t0.tiles.virtualearth.net
2014-01-04 09:45:07,ak.dynamic.t1.tiles.virtualearth.net
2014-01-04 09:45:07,www.bing.com
2014-01-04 09:45:07,ak.dynamic.t2.tiles.virtualearth.net
2014-01-04 09:45:09,dev.virtualearth.net
2014-01-04 09:45:11,ak.dynamic.t1.tiles.virtualearth.net
2014-01-04 09:45:11,ak.dynamic.t3.tiles.virtualearth.net
2014-01-04 09:45:12,dev.virtualearth.net
2014-01-04 09:45:14,ak.dynamic.t2.tiles.virtualearth.net
2014-01-04 09:45:14,ak.dynamic.t3.tiles.virtualearth.net
2014-01-04 09:45:14,ak.dynamic.t1.tiles.virtualearth.net
2014-01-04 09:45:14,ak.dynamic.t0.tiles.virtualearth.net
2014-01-04 09:45:15,ak.dynamic.t2.tiles.virtualearth.net
2014-01-04 09:45:15,ak.dynamic.t0.tiles.virtualearth.net
2014-01-04 09:45:16,dev.virtualearth.net
2014-01-04 09:45:18,ak.dynamic.t2.tiles.virtualearth.net
2014-01-04 09:45:18,ak.dynamic.t3.tiles.virtualearth.net
2014-01-04 09:45:18,ak.dynamic.t1.tiles.virtualearth.net
2014-01-04 09:45:19,ak.dynamic.t3.tiles.virtualearth.net
2014-01-04 09:45:19,ak.dynamic.t1.tiles.virtualearth.net
2014-01-04 09:45:19,ak.dynamic.t2.tiles.virtualearth.net
2014-01-04 09:45:20,dev.virtualearth.net
2014-01-04 09:45:20,ak.dynamic.t0.tiles.virtualearth.net
2014-01-04 09:45:20,ak.dynamic.t2.tiles.virtualearth.net
2014-01-04 09:45:20,ak.dynamic.t3.tiles.virtualearth.net
2014-01-04 09:45:21,ak.dynamic.t2.tiles.virtualearth.net
2014-01-04 09:45:22,ak.dynamic.t2.tiles.virtualearth.net
2014-01-04 09:45:22,ak.dynamic.t0.tiles.virtualearth.net
2014-01-04 09:45:22,ak.dynamic.t3.tiles.virtualearth.net
2014-01-04 09:45:22,ak.dynamic.t1.tiles.virtualearth.net
2014-01-04 09:45:22,dev.virtualearth.net
2014-01-04 09:45:24,dev.virtualearth.net
2014-01-04 09:45:27,ak.dynamic.t1.tiles.virtualearth.net
2014-01-04 09:45:30,dev.virtualearth.net
2014-01-04 09:45:32,dev.virtualearth.net
2014-01-04 09:45:57,www.bing.com
2014-01-04 09:46:08,dev.virtualearth.net
2014-01-04 09:46:11,dev.virtualearth.net
2014-01-04 09:46:17,ak.dynamic.t0.tiles.virtualearth.net
2014-01-04 09:46:17,ak.dynamic.t2.tiles.virtualearth.net
2014-01-04 09:46:18,ak.dynamic.t3.tiles.virtualearth.net
2014-01-04 09:46:18,ak.dynamic.t2.tiles.virtualearth.net
2014-01-04 09:46:18,ak.dynamic.t0.tiles.virtualearth.net
2014-01-04 09:46:18,ak.dynamic.t1.tiles.virtualearth.net
2014-01-04 09:46:20,dev.virtualearth.net
2014-01-04 09:46:33,dev.virtualearth.net
2014-01-04 09:46:33,www.pagesjaunes.fr
2014-01-04 09:46:33,logc258.at.pagesjaunes.fr
2014-01-04 09:46:33,www.bing.com
2014-01-04 09:46:38,www.bing.com
2014-01-04 09:46:39,api.bing.com
2014-01-04 09:46:39,www.bing.com
2014-01-04 09:46:39,logc258.at.pagesjaunes.fr
2014-01-04 09:46:39,www.pagesjaunes.fr
2014-01-04 09:46:39,mc1.maps.live.com
2014-01-04 09:46:40,dev.virtualearth.net
2014-01-04 09:46:41,a4.bing.com
2014-01-04 09:46:41,dev.virtualearth.net
2014-01-04 09:46:44,login.live.com
2014-01-04 09:46:46,login.live.com
2014-01-04 09:46:48,www.bing.com
2014-01-04 09:46:48,dev.virtualearth.net
2014-01-04 09:46:52,ecn.dev.virtualearth.net
2014-01-04 09:46:53,dev.virtualearth.net
2014-01-04 09:46:56,ak.dynamic.t3.tiles.virtualearth.net
2014-01-04 09:46:56,ak.dynamic.t2.tiles.virtualearth.net
2014-01-04 09:46:57,dev.virtualearth.net
2014-01-04 09:47:02,dev.virtualearth.net
2014-01-04 09:47:12,www.bing.com
2014-01-04 09:47:24,www.bing.com
2014-01-04 09:47:24,www.crous-clermont.fr
2014-01-04 09:47:24,ssl.bing.com
2014-01-04 09:47:25,www.crous-clermont.fr
2014-01-04 09:47:26,www.crous-clermont.fr
2014-01-04 09:47:36,www.bing.com
2014-01-04 09:47:37,login.live.com
2014-01-04 09:47:38,www.bing.com
2014-01-04 09:47:38,a4.bing.com
2014-01-04 09:47:40,www.bing.com
2014-01-04 09:47:42,login.live.com
2014-01-04 09:47:47,www.bing.com
2014-01-04 09:47:50,www.bing.com
2014-01-04 09:47:52,www.bing.com
2014-01-04 09:47:54,www.bing.com
2014-01-04 09:47:54,login.live.com
2014-01-04 09:47:55,www.bing.com
2014-01-04 09:47:56,www.bing.com
2014-01-04 09:47:57,www.bing.com
2014-01-04 09:47:58,ssl.bing.com
2014-01-04 09:47:58,www.crous-clermont.fr
2014-01-04 09:48:13,www.bing.com
2014-01-04 09:48:15,login.live.com
2014-01-04 09:48:17,www.crous-clermont.fr
2014-01-04 09:48:17,www.bing.com
2014-01-04 09:48:17,ssl.bing.com
2014-01-04 09:48:20,www.bing.com
2014-01-04 09:48:21,www.bing.com
2014-01-04 09:48:22,ssl.bing.com
2014-01-04 09:48:22,www.studyrama.com
2014-01-04 09:48:22,html5shiv.googlecode.com
2014-01-04 09:48:22,653.studyrama.com
2014-01-04 09:48:22,librairie.studyrama.com
2014-01-04 09:48:22,commons.studyrama.com
2014-01-04 09:48:23,www.studyrama.com
2014-01-04 09:48:24,www.studyrama.com
2014-01-04 09:48:42,www.bing.com
2014-01-04 09:48:44,mail.live.com
2014-01-04 09:48:44,www.bing.com
2014-01-04 09:48:44,login.live.com
2014-01-04 09:48:52,login.live.com
2014-01-04 09:49:20,login.live.com
2014-01-04 09:49:21,login.live.com
2014-01-04 09:49:24,windowslive.tt.omtrdc.net
2014-01-04 09:49:27,mail.live.com
2014-01-04 09:49:32,dub130.mail.live.com
2014-01-04 09:49:33,people.directory.live.com
2014-01-04 09:49:33,cid-87f77ee517cda784.users.storage.live.com
2014-01-04 09:49:33,windowslive.tt.omtrdc.net
2014-01-04 09:49:34,secure.shared.live.com
2014-01-04 09:49:35,windowslive.tt.omtrdc.net
2014-01-04 09:49:35,js.live.net
2014-01-04 09:49:36,dub130.mail.live.com
2014-01-04 09:49:36,secure.shared.live.com
2014-01-04 09:49:36,go.trouter.io
2014-01-04 09:49:37,storage.live.com
2014-01-04 09:49:38,people.directory.live.com
2014-01-04 09:49:41,h.live.com
2014-01-04 09:49:41,byfiles.storage.msn.com
2014-01-04 09:49:41,secure.shared.live.com
2014-01-04 09:49:41,h.bing.com
2014-01-04 09:49:47,dub130.mail.live.com
2014-01-04 09:49:55,h.bing.com
2014-01-04 09:49:55,h.live.com
2014-01-04 09:49:55,dub130.mail.live.com
2014-01-04 09:50:04,h2.msn.com
2014-01-04 09:50:16,h2.msn.com
2014-01-04 09:50:16,www.bing.com
2014-01-04 09:50:16,dub130.mail.live.com
2014-01-04 09:50:18,www.bing.com
2014-01-04 09:50:18,mail.live.com
2014-01-04 09:50:18,h2.msn.com
2014-01-04 09:50:18,login.live.com
2014-01-04 09:50:22,g.msn.com
2014-01-04 09:50:22,go.trouter.io
2014-01-04 09:50:22,mail.live.com
2014-01-04 09:50:23,h.live.com
2014-01-04 09:50:23,dub130.mail.live.com
2014-01-04 09:50:24,login.live.com
2014-01-04 09:50:24,dub130.mail.live.com
2014-01-04 09:50:27,people.directory.live.com
2014-01-04 09:50:33,windowslive.tt.omtrdc.net
2014-01-04 09:51:22,dub130.mail.live.com
2014-01-04 09:51:25,cid-87f77ee517cda784.users.storage.live.com
2014-01-04 09:51:27,dub130.mail.live.com
2014-01-28 08:13:21,fpdownload2.macromedia.com
2014-01-28 08:13:25,go.microsoft.com
2014-01-28 08:13:25,windows.microsoft.com
2014-01-28 08:13:25,res2.windows.microsoft.com
2014-01-28 08:13:25,ajax.microsoft.com
2014-01-28 08:13:25,js.microsoft.com
2014-01-28 08:13:25,res1.windows.microsoft.com
2014-01-28 08:13:30,www.bing.com
2014-01-28 08:13:31,www.bing.com
2014-01-28 08:13:33,cms.abmr.net
2014-01-28 08:13:33,www.bing.com
2014-01-28 08:13:34,www.bing.com
2014-01-28 08:13:43,login.live.com
2014-01-28 08:16:23,go.microsoft.com
2014-01-28 08:16:23,ieonline.microsoft.com
2014-01-28 09:33:40,office14client.microsoft.com
2014-01-28 09:33:40,office.microsoft.com
2014-01-28 09:33:46,office.microsoft.com
2014-02-25 08:10:44,www.bing.com
2014-02-25 08:10:45,www.bing.com
2014-02-25 08:10:46,cms.abmr.net
2014-02-25 08:10:46,www.bing.com
2014-02-25 08:10:48,www.bing.com
2014-02-25 08:10:56,login.live.com
2014-02-25 08:11:52,player.vimeo.com
2014-02-25 08:13:42,ieonline.microsoft.com
2014-02-25 08:33:07,www.bing.com
2014-02-25 08:33:09,www.bing.com
2014-02-25 08:33:09,fr-fr.facebook.com
2014-02-25 08:33:17,fr-fr.facebook.com
2014-02-25 08:33:18,fr-fr.facebook.com
2014-02-25 08:33:21,www.bing.com
2014-02-25 08:33:31,www.bing.com
2014-02-25 08:33:32,login.live.com
2014-02-25 08:33:46,www.bing.com
2014-02-25 08:33:46,ssl.bing.com
2014-02-25 08:37:31,ssl.bing.com
2014-04-15 08:06:13,ieonline.microsoft.com
2014-04-15 08:14:32,www.squid-cache.org
2014-04-15 08:19:31,www.bing.com
2014-04-15 08:19:32,cms.abmr.net
2014-04-15 08:19:32,www.bing.com
2014-04-15 08:19:33,www.bing.com
2014-04-15 08:20:03,cms.abmr.net
2014-04-15 08:20:03,www.bing.com
2014-04-15 08:20:04,www.bing.com
