timestamp,site
2014-02-26 09:03:15,www.bing.com
2014-02-26 09:03:16,www.bing.com
2014-02-26 09:03:17,www.bing.com
2014-02-26 09:03:18,www.bing.com
2014-02-26 09:03:18,mail.google.com
2014-02-26 09:03:18,cms.abmr.net
2014-02-26 09:03:21,www.bing.com
2014-02-26 09:03:26,www.bing.com
2014-02-26 09:03:31,login.live.com
2014-02-26 09:03:31,accounts.google.com
2014-02-26 09:03:34,accounts.youtube.com
2014-02-26 09:03:39,mail.google.com
2014-02-26 09:03:45,ssl.bing.com
2014-02-26 09:03:58,accounts.google.fr
2014-02-26 09:04:00,mail.google.com
2014-02-26 09:04:00,accounts.google.fr
2014-02-26 09:04:00,accounts.google.com
2014-02-26 09:04:00,clients2.google.com
2014-02-26 09:04:00,accounts.youtube.com
2014-02-26 09:04:01,clients2.google.com
2014-02-26 09:04:01,apis.google.com
2014-02-26 09:04:01,plus.google.com
2014-02-26 09:04:01,mail.google.com
2014-02-26 09:04:02,accounts.google.com
2014-02-26 09:04:02,plus.google.com
2014-02-26 09:04:02,mail.google.com
2014-02-26 09:04:02,apis.google.com
2014-02-26 09:04:03,www.google.com
2014-02-26 09:04:03,apis.google.com
2014-02-26 09:04:04,apis.google.com
2014-02-26 09:04:04,www.google.com
2014-02-26 09:04:05,chatenabled.mail.google.com
2014-02-26 09:04:05,mail.google.com
2014-02-26 09:04:15,mail.google.com
2014-02-26 09:05:34,mail.google.com
2014-02-26 09:05:34,plus.google.com
2014-02-26 09:05:48,mail.google.com
2014-02-26 09:06:13,go.microsoft.com
2014-02-26 09:06:13,ieonline.microsoft.com
2014-02-26 09:07:22,apis.google.com
2014-02-26 09:07:26,mail.google.com
2014-02-26 09:07:59,plus.google.com
2014-02-26 09:08:05,chatenabled.mail.google.com
2014-02-26 09:08:30,www.bing.com
2014-02-26 09:08:33,www.bing.com
2014-02-26 09:08:40,www.bing.com
2014-02-26 09:08:41,login.live.com
2014-02-26 09:08:45,drive.google.com
2014-02-26 09:08:48,apis.google.com
2014-02-26 09:08:48,drive.google.com
2014-02-26 09:08:48,www.google.com
2014-02-26 09:08:49,www.google.com
2014-02-26 09:08:51,www.google.com
2014-02-26 09:08:51,accounts.google.com
2014-02-26 09:08:53,www.google.com
2014-02-26 09:08:54,drive.google.com
2014-02-26 09:08:55,apis.google.com
2014-02-26 09:08:55,accounts.google.com
2014-02-26 09:08:55,drive.google.com
2014-02-26 09:08:56,drive.google.com
2014-02-26 09:09:06,0.drive.google.com
2014-02-26 09:09:06,drive.google.com
2014-02-26 09:09:07,0.drive.google.com
2014-02-26 09:09:09,docs.google.com
2014-02-26 09:09:09,drive.google.com
2014-02-26 09:09:12,www.google.com
2014-02-26 09:09:12,plus.google.com
2014-02-26 09:09:12,docs.google.com
2014-02-26 09:09:12,drive.google.com
2014-02-26 09:09:14,docs.google.com
2014-02-26 09:09:15,docs.google.com
2014-02-26 09:09:22,mail.google.com
2014-02-26 09:09:22,plus.google.com
2014-02-26 09:09:27,docs.google.com
2014-02-26 09:09:37,docs.google.com
2014-02-26 09:09:38,docs.google.com
2014-02-26 09:09:40,docs.google.com
2014-02-26 09:09:43,0.docs.google.com
2014-02-26 09:09:45,docs.google.com
2014-02-26 09:09:54,0.talkgadget.google.com
2014-02-26 09:09:55,apis.google.com
2014-02-26 09:09:55,docs.google.com
2014-02-26 09:09:55,gg.google.com
2014-02-26 09:09:57,plus.google.com
2014-02-26 09:10:56,apis.google.com
2014-02-26 09:10:59,www.google.com
2014-02-26 09:11:33,apis.google.com
2014-02-26 09:11:49,docs.google.com
2014-02-26 09:11:50,0.talkgadget.google.com
2014-02-26 09:11:53,drive.google.com
2014-02-26 09:11:55,docs.google.com
2014-02-26 09:11:58,mail.google.com
2014-02-26 09:11:58,plus.google.com
2014-02-26 09:11:58,docs.google.com
2014-02-26 09:12:02,www.google.com
2014-02-26 09:12:05,1.docs.google.com
2014-02-26 09:12:05,docs.google.com
2014-02-26 09:12:05,clients6.google.com
2014-02-26 09:12:51,docs.google.com
2014-02-26 09:13:06,drive.google.com
2014-02-26 09:13:14,docs.google.com
2014-02-26 09:13:39,mail.google.com
2014-02-26 09:13:54,0.talkgadget.google.com
2014-02-26 09:13:55,gg.google.com
2014-02-26 09:13:56,0.talkgadget.google.com
2014-02-26 09:13:57,plus.google.com
2014-02-26 09:14:06,docs.google.com
2014-02-26 09:14:16,mail.google.com
2014-02-26 09:14:52,docs.google.com
2014-02-26 09:14:59,www.google.com
2014-02-26 09:15:45,drive.google.com
2014-02-26 09:16:02,accounts.google.com
2014-02-26 09:16:05,apis.google.com
2014-02-26 09:16:05,clients6.google.com
2014-02-26 09:16:47,docs.google.com
2014-02-26 09:17:06,drive.google.com
2014-02-26 09:18:06,plus.google.com
2014-02-26 09:18:15,chatenabled.mail.google.com
2014-02-26 09:18:16,plus.google.com
2014-02-26 09:18:45,docs.google.com
2014-02-26 09:20:45,docs.google.com
2014-02-26 09:21:06,drive.google.com
2014-02-26 09:21:21,mail.google.com
2014-02-26 09:21:21,docs.google.com
2014-02-26 09:21:29,mail.google.com
2014-02-26 09:21:29,plus.google.com
2014-02-26 09:21:47,docs.google.com
2014-02-26 09:21:56,www.google.com
2014-02-26 09:21:56,www.google.fr
2014-02-26 09:22:09,www.google.fr
2014-02-26 09:22:12,www.google.com
2014-02-26 09:22:17,plus.google.com
2014-02-26 09:22:29,www.google.com
2014-02-26 09:22:29,plus.google.com
2014-02-26 09:22:29,www.google.fr
2014-02-26 09:22:38,clients1.google.fr
2014-02-26 09:22:41,plus.google.com
2014-02-26 09:22:41,www.google.fr
2014-02-26 09:22:41,clients1.google.fr
2014-02-26 09:22:48,www.google.fr
2014-02-26 09:22:48,www.frankmulliez.com
2014-02-26 09:22:49,www.google.fr
2014-02-26 09:22:51,www.frankmulliez.com
2014-02-26 09:22:51,media2.netnpack.net
2014-02-26 09:22:52,www.frankmulliez.com
2014-02-26 09:22:52,media2.netnpack.net
2014-02-26 09:22:57,docs.google.com
2014-02-26 09:23:24,plus.google.com
2014-02-26 09:25:05,plus.google.com
2014-02-26 09:25:05,clients1.google.fr
2014-02-26 09:25:05,www.google.fr
2014-02-26 09:25:07,drive.google.com
2014-02-26 09:25:31,mail.google.com
2014-02-26 09:25:33,mail.google.com
2014-02-26 09:25:57,plus.google.com
2014-02-26 09:26:40,docs.google.com
2014-02-26 09:27:43,docs.google.com
2014-02-26 09:28:06,docs.google.com
2014-02-26 09:29:07,drive.google.com
2014-02-26 09:31:43,docs.google.com
2014-02-26 09:33:17,docs.google.com
2014-02-26 09:35:07,drive.google.com
2014-02-26 09:37:55,docs.google.com
2014-02-26 09:37:55,mail.google.com
2014-02-26 09:37:56,0.docs.google.com
2014-02-26 09:37:56,0.drive.google.com
2014-02-26 09:37:57,docs.google.com
2014-02-26 09:37:57,plus.google.com
2014-02-26 09:37:57,1.docs.google.com
2014-02-26 09:37:57,mail.google.com
2014-02-26 09:37:57,drive.google.com
2014-02-26 09:38:05,mail.google.com
2014-02-26 09:38:05,www.gmail.com
2014-02-26 09:38:17,accounts.google.com
2014-02-26 09:38:20,mail.google.com
2014-02-26 09:38:23,mail.google.com
2014-02-26 09:38:23,accounts.google.com
2014-02-26 09:38:24,mail.google.com
2014-02-26 09:38:25,mail.google.com
2014-02-26 09:38:35,mail.google.com
2014-02-26 09:38:36,mail.google.com
2014-02-26 09:38:36,clients2.google.com
2014-02-26 09:38:36,plus.google.com
2014-02-26 09:38:36,www.google.com
2014-02-26 09:38:36,apis.google.com
2014-02-26 09:38:37,plus.google.com
2014-02-26 09:38:38,accounts.youtube.com
2014-02-26 09:38:38,mail.google.com
2014-02-26 09:38:39,plus.google.com
2014-02-26 09:38:39,clients2.google.com
2014-02-26 09:38:39,www.google.fr
2014-02-26 09:38:39,www.google.com
2014-02-26 09:38:39,mail.google.com
2014-02-26 09:38:39,chatenabled.mail.google.com
2014-02-26 09:38:39,accounts.google.fr
2014-02-26 09:38:42,accounts.google.fr
2014-02-26 09:38:54,accounts.google.com
2014-02-26 09:38:54,accounts.youtube.com
2014-02-26 09:38:55,www.bing.com
2014-02-26 09:38:56,mail.google.com
2014-02-26 09:38:56,www.bing.com
2014-02-26 09:38:57,drive.google.com
2014-02-26 09:38:57,www.bing.com
2014-02-26 09:38:57,www.google.com
2014-02-26 09:38:57,mail.google.com
2014-02-26 09:38:58,apis.google.com
2014-02-26 09:38:58,www.google.com
2014-02-26 09:39:00,www.google.com
2014-02-26 09:39:01,www.google.fr
2014-02-26 09:39:01,drive.google.com
2014-02-26 09:39:04,accounts.youtube.com
2014-02-26 09:39:04,accounts.google.com
2014-02-26 09:39:04,www.google.com
2014-02-26 09:39:04,apis.google.com
2014-03-19 08:04:11,www.google.fr
2014-03-19 08:04:11,www.google.com
2014-03-19 08:04:20,www.google.fr
2014-03-19 08:04:20,www.google.com
2014-03-19 08:04:26,www.google.fr
2014-03-19 08:04:33,www.google.fr
2014-03-19 08:04:34,apis.google.com
2014-03-19 08:04:37,www.google.com
2014-03-19 08:06:30,www.google.fr
2014-03-19 08:06:36,www.google.fr
2014-03-19 08:06:36,www.google.com
2014-03-19 08:06:36,apis.google.com
2014-03-19 08:06:36,ajax.googleapis.com
2014-03-19 08:06:36,cdn2.reverso.net
2014-03-19 08:06:36,www.reverso.net
2014-03-19 08:06:37,ajax.googleapis.com
2014-03-19 08:06:37,static.ak.facebook.com
2014-03-19 08:06:37,cdn2.reverso.net
2014-03-19 08:06:37,s-static.ak.facebook.com
2014-03-19 08:06:37,connect.facebook.net
2014-03-19 08:06:37,api.conduit.com
2014-03-19 08:06:38,fpdownload2.macromedia.com
2014-03-19 08:06:38,i1.ytimg.com
2014-03-19 08:06:38,www.youtube.com
2014-03-19 08:06:38,s.ytimg.com
2014-03-19 08:06:38,cdn2.reverso.net
2014-03-19 08:06:38,www.google.com
2014-03-19 08:06:41,i1-js-14-3-01-12160-213770622-i.init.cedexis-radar.net
2014-03-19 08:06:42,ak.c.ooyala.com
2014-03-19 08:06:42,netdna.cedexis.com
2014-03-19 08:06:43,netdna.cedexis.com
2014-03-19 08:06:43,cdn2.reverso.net
2014-03-19 08:06:44,cdn2.reverso.net
2014-03-19 08:06:44,www.reverso.net
2014-03-19 08:06:46,s-static.ak.facebook.com
2014-03-19 08:06:46,context2.reverso.net
2014-03-19 08:06:46,static.ak.facebook.com
2014-03-19 08:06:46,www.reverso.net
2014-03-19 08:06:46,www.facebook.com
2014-03-19 08:06:46,ajax.googleapis.com
2014-03-19 08:06:46,cdn2.reverso.net
2014-03-19 08:06:47,cdn2.reverso.net
2014-03-19 08:06:48,i1-js-14-3-01-12160-712066075-i.init.cedexis-radar.net
2014-03-19 08:06:49,cloudfront.cedexis.com
2014-03-19 08:06:50,cdn2.reverso.net
2014-03-19 08:06:50,www.reverso.net
2014-03-19 08:06:52,ajax.googleapis.com
2014-03-19 08:06:52,www.reverso.net
2014-03-19 08:06:52,cdn2.reverso.net
2014-03-19 08:06:53,s-static.ak.facebook.com
2014-03-19 08:06:53,www.google.com
2014-03-19 08:06:53,static.ak.facebook.com
2014-03-19 08:06:53,ajax.googleapis.com
2014-03-19 08:06:53,www.youtube.com
2014-03-19 08:06:55,i1-js-14-3-01-12160-364801190-i.init.cedexis-radar.net
2014-03-19 08:06:56,radar.cedexis.swiftserve.com
2014-03-19 08:06:56,fastly.bench.cedexis.com
2014-03-19 08:06:56,fastly.bench.cedexis.com.global.prod.fastly.net
2014-03-19 08:06:57,radar.cedexis.swiftserve.com
2014-03-19 08:06:57,www.reverso.net
2014-03-19 08:06:57,cdn2.reverso.net
2014-03-19 08:07:16,ieonline.microsoft.com
2014-03-19 08:07:22,www.reverso.net
2014-03-19 08:07:22,ajax.googleapis.com
2014-03-19 08:07:23,s-static.ak.facebook.com
2014-03-19 08:07:23,ajax.googleapis.com
2014-03-19 08:07:23,context2.reverso.net
2014-03-19 08:07:23,www.facebook.com
2014-03-19 08:07:23,static.ak.facebook.com
2014-03-19 08:07:23,cdn2.reverso.net
2014-03-19 08:07:24,cdn2.reverso.net
2014-03-19 08:07:25,ajax.googleapis.com
2014-03-19 08:07:25,cloudfront.cedexis.com
2014-03-19 08:07:25,probe.cedexis.org
2014-03-19 08:07:25,i1-js-14-3-01-12160-360802567-i.init.cedexis-radar.net
2014-03-19 08:07:26,cdn2.reverso.net
2014-03-19 08:07:26,www.reverso.net
2014-03-19 08:07:26,probe.cedexis.org
2014-03-19 08:07:28,ajax.googleapis.com
2014-03-19 08:07:28,www.reverso.net
2014-03-19 08:07:28,s-static.ak.facebook.com
2014-03-19 08:07:28,static.ak.facebook.com
2014-03-19 08:07:29,match.rtbidder.net
2014-03-19 08:07:31,cdn2.reverso.net
2014-03-19 08:07:31,cloud.ger.leaseweb.bench.cedexis.com
2014-03-19 08:07:31,lon.rackspace.bench.cedexis.com
2014-03-19 08:07:31,i1-js-14-3-01-12160-24669223-i.init.cedexis-radar.net
2014-03-19 08:07:32,cdn2.reverso.net
2014-03-19 08:07:32,www.reverso.net
2014-03-19 08:09:50,ajax.googleapis.com
2014-03-19 08:09:50,www.reverso.net
2014-03-19 08:09:51,static.ak.facebook.com
2014-03-19 08:09:51,www.facebook.com
2014-03-19 08:09:51,s-static.ak.facebook.com
2014-03-19 08:09:52,www.reverso.net
2014-03-19 08:09:52,cdn2.reverso.net
2014-03-19 08:09:52,ajax.googleapis.com
2014-03-19 08:09:52,dictionnaire.reverso.net
2014-03-19 08:09:53,i1-js-14-3-01-12160-299630165-i.init.cedexis-radar.net
2014-03-19 08:09:54,cdn2.reverso.net
2014-03-19 08:09:55,us-west1.joyent.bench.cedexis.com
2014-03-19 08:10:03,www.reverso.net
2014-03-19 08:10:03,context2.reverso.net
2014-03-19 08:11:33,cdn2.reverso.net
2014-03-19 08:11:34,ajax.googleapis.com
2014-03-19 08:11:34,dictionnaire.reverso.net
2014-03-19 08:11:34,www.reverso.net
2014-03-19 08:15:18,www.bing.com
2014-03-19 08:15:19,www.bing.com
2014-03-19 08:15:19,cms.abmr.net
2014-03-19 08:15:20,login.live.com
2014-03-19 08:15:20,www.bing.com
2014-03-19 08:15:28,www.bing.com
2014-03-19 08:15:31,drive.google.com
2014-03-19 08:15:34,www.google.com
2014-03-19 08:15:37,accounts.google.com
2014-03-19 08:15:48,drive.google.com
2014-03-19 08:15:48,www.google.com
2014-03-19 08:15:51,accounts.youtube.com
2014-03-19 08:15:53,accounts.youtube.com
2014-03-19 08:16:09,accounts.google.fr
2014-03-19 08:16:09,accounts.youtube.com
2014-03-19 08:16:10,apis.google.com
2014-03-19 08:16:10,accounts.google.com
2014-03-19 08:16:10,accounts.google.fr
2014-03-19 08:16:10,drive.google.com
2014-03-19 08:16:12,0.drive.google.com
2014-03-19 08:16:13,0.drive.google.com
2014-03-19 08:16:15,drive.google.com
2014-03-19 08:16:15,plus.google.com
2014-03-19 08:16:15,docs.google.com
2014-03-19 08:16:15,apis.google.com
2014-03-19 08:16:17,apis.google.com
2014-03-19 08:16:17,plus.google.com
2014-03-19 08:16:17,docs.google.com
2014-03-19 08:16:18,docs.google.com
2014-03-19 08:16:24,docs.google.com
2014-03-19 08:16:26,clients2.google.com
2014-03-19 08:16:27,apis.google.com
2014-03-19 08:16:27,clients2.google.com
2014-03-19 08:16:27,docs.google.com
2014-03-19 08:16:28,docs.google.com
2014-03-19 08:16:29,www.google.com
2014-03-19 08:16:30,accounts.google.com
2014-03-19 08:16:30,0.docs.google.com
2014-03-19 08:16:31,docs.google.com
2014-03-19 08:16:43,clients6.google.com
2014-03-19 08:17:07,docs.google.com
2014-03-19 08:17:12,docs.google.com
2014-03-19 08:17:12,gg.google.com
2014-03-19 08:17:13,0.drive.google.com
2014-03-19 08:17:17,www.google.com
2014-03-19 08:17:17,clients6.google.com
2014-03-19 08:17:17,apis.google.com
2014-03-19 08:17:17,drive.google.com
2014-03-19 08:17:17,0.docs.google.com
2014-03-19 08:17:17,gg.google.com
2014-03-19 08:17:17,accounts.google.com
2014-03-19 08:22:15,www.bing.com
2014-03-19 08:22:16,www.bing.com
2014-03-19 08:22:17,www.bing.com
2014-03-19 08:22:26,www.bing.com
2014-03-19 08:22:27,login.live.com
2014-03-19 08:22:29,drive.google.com
2014-03-19 08:22:29,ssl.bing.com
2014-03-19 08:22:32,apis.google.com
2014-03-19 08:22:32,drive.google.com
2014-03-19 08:22:34,0.drive.google.com
2014-03-19 08:22:35,0.drive.google.com
2014-03-19 08:22:37,apis.google.com
2014-03-19 08:22:37,drive.google.com
2014-03-19 08:22:49,docs.google.com
2014-03-19 08:22:49,plus.google.com
2014-03-19 08:22:57,0.docs.google.com
2014-03-19 08:22:58,0.docs.google.com
2014-03-19 08:22:58,docs.google.com
2014-03-19 08:23:08,0.talkgadget.google.com
2014-03-19 08:23:08,apis.google.com
2014-03-19 08:23:08,docs.google.com
2014-03-19 08:23:09,plus.google.com
2014-03-19 08:23:32,gg.google.com
2014-03-19 08:24:09,docs.google.com
2014-03-19 08:24:09,apis.google.com
2014-03-19 08:24:11,www.google.com
2014-03-19 08:25:02,drive.google.com
2014-03-19 08:25:14,docs.google.com
2014-03-19 08:25:16,clients2.google.com
2014-03-19 08:25:19,docs.google.com
2014-03-19 08:25:19,apis.google.com
2014-03-19 08:25:19,clients2.google.com
2014-03-19 08:25:20,www.google.com
2014-03-19 08:25:20,docs.google.com
2014-03-19 08:25:21,docs.google.com
2014-03-19 08:25:22,1.docs.google.com
2014-03-19 08:25:33,accounts.google.com
2014-03-19 08:25:33,docs.google.com
2014-03-19 08:25:36,clients6.google.com
2014-03-19 08:26:31,0.talkgadget.google.com
2014-03-19 08:26:32,drive.google.com
2014-03-19 08:26:36,docs.google.com
2014-03-19 08:26:49,docs.google.com
2014-03-19 08:26:49,plus.google.com
2014-03-19 08:27:08,apis.google.com
2014-03-19 08:27:09,0.talkgadget.google.com
2014-03-19 08:27:09,plus.google.com
2014-03-19 08:27:32,gg.google.com
2014-03-19 08:27:42,apis.google.com
2014-03-19 08:28:11,www.google.com
2014-03-19 08:28:12,www.google.com
2014-03-19 08:29:19,docs.google.com
2014-03-19 08:29:21,www.google.com
2014-03-19 08:29:33,accounts.google.com
2014-03-19 08:29:36,apis.google.com
2014-03-19 08:29:36,clients6.google.com
2014-03-19 08:30:05,docs.google.com
2014-03-19 08:30:05,drive.google.com
2014-03-19 08:30:09,drive.google.com
2014-03-19 08:30:15,2.docs.google.com
2014-03-19 08:30:16,2.docs.google.com
2014-03-19 08:30:16,clients6.google.com
2014-03-19 08:31:09,docs.google.com
2014-03-19 08:31:09,1.docs.google.com
2014-03-19 08:31:44,docs.google.com
2014-03-19 08:31:46,docs.google.com
2014-03-19 08:32:33,drive.google.com
2014-03-19 08:32:54,www.bing.com
2014-03-19 08:32:57,www.bing.com
2014-03-19 08:32:58,www.bing.com
2014-03-19 08:32:59,www.bing.com
2014-03-19 08:33:02,www.bing.com
2014-03-19 08:33:02,www.google.fr
2014-03-19 08:33:05,login.live.com
2014-03-19 08:33:09,www.bing.com
2014-03-19 08:33:13,www.google.fr
2014-03-19 08:33:14,www.google.fr
2014-03-19 08:33:15,apis.google.com
2014-03-19 08:33:17,www.google.com
2014-03-19 08:33:32,www.google.fr
2014-03-19 08:33:32,plus.google.com
2014-03-19 08:33:32,apis.google.com
2014-03-19 08:33:32,www.google.com
2014-03-19 08:33:33,www.abdn.ac.uk
2014-03-19 08:34:11,apis.google.com
2014-03-19 08:34:12,apis.google.com
2014-03-19 08:34:37,www.abdn.ac.uk
2014-03-19 08:34:59,www.abdn.ac.uk
2014-03-19 08:36:14,docs.google.com
2014-03-19 08:36:33,drive.google.com
2014-03-19 08:36:36,docs.google.com
2014-03-19 08:36:51,plus.google.com
2014-03-19 08:37:02,plus.google.com
2014-03-19 08:38:33,drive.google.com
2014-03-19 08:40:15,docs.google.com
2014-03-19 08:41:29,www.google.com
2014-03-19 08:41:29,www.google.fr
2014-03-19 08:41:41,www.google.fr
2014-03-19 08:41:41,www.dcu.ie
2014-03-19 08:41:41,www4.dcu.ie
2014-03-19 08:41:41,plus.google.com
2014-03-19 08:41:42,www4.dcu.ie
2014-03-19 08:41:42,www.dcu.ie
2014-03-19 08:41:52,api.reciteme.com
2014-03-19 08:41:53,www4.dcu.ie
2014-03-19 08:41:53,www.dcu.ie
2014-03-19 08:42:07,api.reciteme.com
2014-03-19 08:42:33,drive.google.com
2014-03-19 08:42:35,www4.dcu.ie
2014-03-19 08:42:35,www.dcu.ie
2014-03-19 08:42:50,maps.google.com
2014-03-19 08:42:50,mts1.google.com
2014-03-19 08:42:50,mts0.google.com
2014-03-19 08:42:51,mts1.google.com
2014-03-19 08:42:51,mts0.google.com
2014-03-19 08:42:59,cdn2.reverso.net
2014-03-19 08:42:59,ajax.googleapis.com
2014-03-19 08:42:59,www.reverso.net
2014-03-19 08:43:00,cdn2.reverso.net
2014-03-19 08:43:00,api.conduit.com
2014-03-19 08:43:00,connect.facebook.net
2014-03-19 08:43:00,ajax.googleapis.com
2014-03-19 08:43:01,s-static.ak.facebook.com
2014-03-19 08:43:01,static.ak.facebook.com
2014-03-19 08:43:02,rp.gwallet.com
2014-03-19 08:43:03,cdn2.reverso.net
2014-03-19 08:43:05,ajax.googleapis.com
2014-03-19 08:43:05,cdn2.reverso.net
2014-03-19 08:43:05,www.reverso.net
2014-03-19 08:43:06,context2.reverso.net
2014-03-19 08:43:06,s-static.ak.facebook.com
2014-03-19 08:43:06,static.ak.facebook.com
2014-03-19 08:43:06,www.facebook.com
2014-03-19 08:43:06,cdn2.reverso.net
2014-03-19 08:43:08,i1-js-14-3-01-12160-345976407-i.init.cedexis-radar.net
2014-03-19 08:43:13,www.reverso.net
2014-03-19 08:43:14,www.reverso.net
2014-03-19 08:43:15,cloudfront.cedexis.com
2014-03-19 08:43:16,cloudfront.cedexis.com
2014-03-19 08:43:17,cdn2.reverso.net
2014-03-19 08:44:20,www.reverso.net
2014-03-19 08:44:20,context2.reverso.net
2014-03-19 08:44:52,maps.google.com
2014-03-19 08:44:52,mts0.google.com
2014-03-19 08:44:52,mts1.google.com
2014-03-19 08:45:06,3.docs.google.com
2014-03-19 08:45:08,3.docs.google.com
2014-03-19 08:45:09,3.talkgadget.google.com
2014-03-19 08:45:09,0.docs.google.com
2014-03-19 08:45:09,docs.google.com
2014-03-19 08:45:21,lh6.google.com
2014-03-19 08:45:29,3.talkgadget.google.com
2014-03-19 08:45:29,docs.google.com
2014-03-19 08:45:30,www.bing.com
2014-03-19 08:45:31,mail.google.com
2014-03-19 08:45:31,www.bing.com
2014-03-19 08:45:31,3.talkgadget.google.com
2014-03-19 08:45:34,accounts.google.com
2014-03-19 08:45:36,mail.google.com
2014-03-19 08:45:37,docs.google.com
2014-03-19 08:45:37,3.talkgadget.google.com
2014-03-19 08:45:37,mail.google.com
2014-03-19 08:45:39,plus.google.com
2014-03-19 08:45:40,accounts.google.com
2014-03-19 08:45:40,mail.google.com
2014-03-19 08:45:40,www.google.com
2014-03-19 08:45:41,login.live.com
2014-03-19 08:45:41,mail.google.com
2014-03-19 08:45:43,clients2.google.com
2014-03-19 08:45:45,chatenabled.mail.google.com
2014-03-19 08:45:46,mail.google.com
2014-03-19 08:45:56,clients2.google.com
2014-03-19 08:45:56,mail.google.com
2014-03-19 08:45:56,apis.google.com
2014-03-19 08:45:56,plus.google.com
2014-03-19 08:45:56,accounts.google.com
2014-03-19 08:45:56,chatenabled.mail.google.com
2014-03-19 08:45:57,mail.google.com
2014-03-19 08:45:57,apis.google.com
2014-03-19 08:45:58,plus.google.com
2014-03-19 08:45:59,plus.google.com
2014-03-19 08:46:08,docs.google.com
2014-03-19 08:46:09,mail.google.com
2014-03-19 08:46:11,plus.google.com
2014-03-19 08:46:11,mail.google.com
2014-03-19 08:46:14,4.docs.google.com
2014-03-19 08:46:15,4.docs.google.com
2014-03-19 08:46:16,4.talkgadget.google.com
2014-03-19 08:46:28,apis.google.com
2014-03-19 08:46:33,drive.google.com
2014-03-19 08:46:42,www.google.com
2014-03-19 08:46:43,www.google.com
2014-03-19 08:47:17,docs.google.com
2014-03-19 08:47:19,docs.google.com
2014-03-19 08:47:19,www.google.com
2014-03-19 08:47:19,4.docs.google.com
2014-03-19 08:47:22,apis.google.com
2014-03-19 08:48:16,plus.google.com
2014-03-19 08:48:16,4.talkgadget.google.com
2014-03-19 08:48:16,www.google.com
2014-03-19 08:48:16,www4.dcu.ie
2014-03-19 08:48:16,www.dcu.ie
2014-03-19 08:48:25,docs.google.com
2014-03-19 08:48:25,www.google.com
2014-03-19 08:48:26,www.dcuaccommodation.ie
2014-03-19 08:48:27,www.dcuaccommodation.ie
2014-03-19 08:48:29,www.dcuaccommodation.ie
2014-03-19 08:48:30,www.dcuaccommodation.ie
2014-03-19 08:48:31,www.dcuaccommodation.ie
2014-03-19 08:49:09,docs.google.com
2014-03-19 08:49:22,lh6.google.com
2014-03-19 08:49:38,www.dcuaccommodation.ie
2014-03-19 08:50:28,docs.google.com
2014-03-19 08:50:33,drive.google.com
2014-03-19 08:50:43,mail.google.com
2014-03-19 08:51:00,mail.google.com
2014-03-19 08:51:03,plus.google.com
2014-03-19 08:51:03,docs.google.com
2014-03-19 08:51:04,www.google.fr
2014-03-19 08:51:06,accounts.google.fr
2014-03-19 08:51:06,www.google.fr
2014-03-19 08:51:06,www.google.com
2014-03-19 08:51:08,www.google.com
2014-03-19 08:51:09,accounts.youtube.com
2014-03-19 08:51:09,www.google.com
2014-03-19 08:51:09,accounts.google.fr
2014-03-19 08:51:10,www.google.com
2014-03-19 08:51:11,0.drive.google.com
2014-03-19 08:51:12,accounts.google.com
2014-03-19 08:51:13,accounts.google.com
2014-03-19 08:51:14,accounts.youtube.com
2014-03-19 08:51:44,accounts.google.fr
2014-03-19 08:51:48,1.drive.google.com
2014-03-19 08:51:50,accounts.youtube.com
2014-03-19 08:51:51,www.google.com
2014-03-19 08:51:51,2.docs.google.com
2014-03-19 08:51:51,accounts.google.com
2014-03-19 08:51:51,accounts.youtube.com
2014-03-19 08:51:51,accounts.google.fr
2014-03-19 08:51:51,drive.google.com
2014-03-19 08:51:51,docs.google.com
2014-03-19 08:51:51,plus.google.com
2014-03-19 08:51:52,docs.google.com
2014-03-19 08:51:52,mail.google.com
2014-03-19 08:51:52,accounts.google.com
2014-03-19 08:51:53,www.google.com
2014-03-19 08:51:53,docs.google.com
2014-03-19 08:51:53,mail.google.com
2014-03-19 08:51:53,3.docs.google.com
2014-03-19 08:51:56,5.docs.google.com
2014-03-19 08:51:57,clients6.google.com
2014-03-19 08:51:57,5.docs.google.com
2014-03-19 08:52:05,docs.google.com
2014-03-19 08:52:18,clients2.google.com
2014-03-19 08:52:18,2.docs.google.com
2014-03-19 08:52:19,drive.google.com
2014-03-19 08:52:19,6.docs.google.com
2014-03-19 08:52:19,www.google.com
2014-03-19 08:52:20,6.docs.google.com
2014-03-19 08:52:21,drive.google.com
2014-03-19 08:52:22,6.talkgadget.google.com
2014-03-19 08:52:23,clients2.google.com
2014-03-19 08:52:28,docs.google.com
2014-03-19 08:52:45,docs.google.com
2014-03-19 08:52:50,docs.google.com
2014-03-19 08:52:54,docs.google.com
2014-03-19 08:53:18,docs.google.com
2014-03-19 08:53:20,6.talkgadget.google.com
2014-03-19 08:53:25,6.talkgadget.google.com
2014-03-19 08:53:25,gg.google.com
2014-03-19 08:53:25,plus.google.com
2014-03-19 08:53:30,docs.google.com
2014-03-19 08:53:47,7.docs.google.com
2014-03-19 08:53:55,8.docs.google.com
2014-03-19 08:53:58,clients6.google.com
2014-03-19 08:54:32,drive.google.com
2014-03-19 08:54:33,1.drive.google.com
2014-03-19 08:54:40,www.google.com
2014-03-19 08:54:40,docs.google.com
2014-03-19 08:54:46,2.drive.google.com
2014-03-19 08:54:47,2.drive.google.com
2014-03-19 08:55:34,docs.google.com
2014-03-19 08:55:41,docs.google.com
2014-03-19 08:55:53,apis.google.com
2014-03-19 08:56:31,3.docs.google.com
2014-03-19 08:56:32,docs.google.com
2014-03-19 08:56:32,www.google.com
2014-03-19 08:56:34,docs.google.com
2014-03-19 08:56:35,drive.google.com
2014-03-19 08:57:05,docs.google.com
2014-03-19 08:57:27,5.docs.google.com
2014-03-19 08:57:34,docs.google.com
2014-03-19 08:57:36,plus.google.com
2014-03-19 08:57:37,gg.google.com
2014-03-19 08:57:37,docs.google.com
2014-03-19 08:57:37,6.docs.google.com
2014-03-19 08:57:37,plus.google.com
2014-03-19 08:57:37,drive.google.com
2014-03-19 08:57:37,2.drive.google.com
2014-03-19 08:57:38,www.google.fr
2014-03-19 08:57:46,3.drive.google.com
2014-03-19 08:57:47,3.drive.google.com
2014-03-19 08:57:51,www.google.com
2014-03-19 08:57:51,accounts.youtube.com
2014-03-19 08:57:51,accounts.google.fr
2014-03-19 08:57:51,accounts.google.com
2014-03-19 08:57:55,docs.google.com
2014-03-19 08:57:58,9.docs.google.com
2014-03-19 08:58:00,3.docs.google.com
2014-03-19 08:58:00,10.docs.google.com
2014-03-19 08:58:00,www.google.com
2014-03-19 08:58:02,10.docs.google.com
2014-03-19 08:58:02,clients6.google.com
2014-03-19 08:59:17,www.reverso.net
2014-03-19 08:59:17,dictionnaire.reverso.net
2014-03-19 08:59:17,cdn2.reverso.net
2014-03-19 08:59:17,ajax.googleapis.com
2014-03-19 08:59:18,cdn2.reverso.net
2014-03-19 08:59:20,choices.truste.com
2014-03-19 08:59:21,ajax.googleapis.com
2014-03-19 08:59:21,api.conduit.com
2014-03-19 08:59:21,www.reverso.net
2014-03-19 08:59:22,ajax.googleapis.com
2014-03-19 08:59:22,connect.facebook.net
2014-03-19 08:59:22,static.ak.facebook.com
2014-03-19 08:59:22,www.facebook.com
2014-03-19 08:59:22,dictionnaire.reverso.net
2014-03-19 08:59:22,s-static.ak.facebook.com
2014-03-19 08:59:22,www.reverso.net
2014-03-19 08:59:25,i1-js-14-3-01-12160-313314269-i.init.cedexis-radar.net
2014-03-19 08:59:25,level3.cedexis.com
2014-03-19 08:59:26,8.docs.google.com
2014-03-19 08:59:26,level3.cedexis.com
2014-03-19 08:59:26,docs.google.com
2014-03-19 08:59:27,www.reverso.net
2014-03-19 08:59:28,www.reverso.net
2014-03-19 08:59:29,cdn2.reverso.net
2014-03-19 08:59:30,cdn2.reverso.net
2014-03-19 08:59:52,www.facebook.com
2014-03-19 09:00:17,www.bing.com
2014-03-19 09:00:17,gg.google.com
2014-03-19 09:00:17,plus.google.com
2014-03-19 09:00:17,docs.google.com
2014-03-19 09:00:17,drive.google.com
2014-03-19 09:00:25,www.dcu.ie
2014-03-19 09:00:25,www.bing.com
2014-03-19 09:00:29,login.live.com
2014-03-19 09:00:30,www.bing.com
2014-03-19 09:00:32,login.live.com
2014-03-19 09:00:33,www.bing.com
2014-03-19 09:00:34,www.bing.com
2014-03-19 09:00:35,ssl.bing.com
2014-03-19 09:00:35,login.live.com
2014-03-19 09:00:35,www.bing.com
2014-03-19 09:00:38,www.bing.com
2014-03-19 09:00:39,www.bing.com
2014-03-19 09:00:43,www.bing.com
2014-03-19 09:00:49,docs.google.com
2014-03-19 09:00:49,www.google.fr
2014-03-19 09:00:49,apis.google.com
2014-03-19 09:00:49,www.google.com
2014-03-19 09:01:22,www.google.fr
2014-03-19 09:01:23,plus.google.com
2014-03-19 09:01:23,www.youtube.com
2014-03-19 09:01:23,r3---sn-gxo5uxg-jqbe.googlevideo.com
2014-03-19 09:01:23,yt3.ggpht.com
2014-03-19 09:01:23,www.google.fr
2014-03-19 09:01:23,s.ytimg.com
2014-03-19 09:01:24,i1.ytimg.com
2014-03-19 09:01:24,www.youtube.com
2014-03-19 09:01:24,apis.google.com
2014-03-19 09:01:24,yt3.ggpht.com
2014-03-19 09:01:24,r3---sn-gxo5uxg-jqbe.googlevideo.com
2014-03-19 09:01:24,s.ytimg.com
2014-03-19 09:01:24,s.youtube.com
2014-03-19 09:01:25,i1.ytimg.com
2014-03-19 09:01:25,s.ytimg.com
2014-03-19 09:01:25,s.youtube.com
2014-03-19 09:01:25,www.google.com
2014-03-19 09:01:25,r3---sn-gxo5uxg-jqbe.googlevideo.com
2014-03-19 09:01:25,www.youtube.com
2014-03-19 09:01:26,i1.ytimg.com
2014-03-19 09:01:26,s.youtube.com
2014-03-19 09:01:27,i1.ytimg.com
2014-03-19 09:01:27,www.youtube.com
2014-03-19 09:01:28,r3---sn-gxo5uxg-jqbe.googlevideo.com
2014-03-19 09:01:28,i1.ytimg.com
2014-03-19 09:01:29,s.youtube.com
2014-03-19 09:01:31,r3---sn-gxo5uxg-jqbe.googlevideo.com
2014-03-19 09:01:33,s.youtube.com
2014-03-19 09:01:36,s.youtube.com
2014-03-19 09:01:43,s.youtube.com
2014-03-19 09:01:46,s.youtube.com
2014-03-19 09:02:04,i1.ytimg.com
2014-03-19 09:02:04,s.ytimg.com
2014-03-19 09:02:04,yt3.ggpht.com
2014-03-19 09:02:04,apis.google.com
2014-03-19 09:02:14,www.google.fr
2014-03-19 09:02:15,www.google.fr
2014-03-19 09:02:15,global.fncstatic.com
2014-03-19 09:02:15,video.foxnews.com
2014-03-19 09:02:15,idp.securetve.com
2014-03-19 09:02:16,www.foxnews.com
2014-03-19 09:02:16,video.foxnews.com
2014-03-19 09:02:16,global.fncstatic.com
2014-03-19 09:02:16,apps.foxnews.com
2014-03-19 09:02:16,d16s8pqtk4uodx.cloudfront.net
2014-03-19 09:02:17,apps.foxnews.com
2014-03-19 09:02:17,video.foxnews.com
2014-03-19 09:02:17,a57.foxnews.com
2014-03-19 09:02:17,foxnewsplayer-a.akamaihd.net
2014-03-19 09:02:17,d16s8pqtk4uodx.cloudfront.net
2014-03-19 09:02:17,global.fncstatic.com
2014-03-19 09:02:18,video.foxnews.com
2014-03-19 09:02:18,global.fncstatic.com
2014-03-19 09:02:18,foxnewsplayer-a.akamaihd.net
2014-03-19 09:02:18,live.foxnews.com
2014-03-19 09:02:19,players.edgesuite.net
2014-03-19 09:02:19,foxnewsplayer-a.akamaihd.net
2014-03-19 09:02:19,video.foxnews.com
2014-03-19 09:02:26,video.foxnews.com
2014-03-19 09:02:31,d1v9u0bgi1uimx.cloudfront.net
2014-03-19 09:02:33,video.foxnews.com
2014-03-19 09:03:01,ssl.bing.com
2014-03-19 09:03:06,plus.google.com
2014-03-19 09:03:06,3.drive.google.com
2014-03-19 09:03:06,www.google.fr
2014-03-19 09:03:12,accounts.google.com
2014-03-19 09:04:12,10.docs.google.com
2014-03-19 09:04:12,www.google.com
2014-03-19 09:04:12,docs.google.com
2014-03-19 09:05:06,accounts.google.com
2014-03-19 09:05:06,accounts.youtube.com
2014-03-19 09:05:06,accounts.google.fr
2014-03-19 09:05:06,drive.google.com
2014-03-19 09:05:06,www.google.com
2014-03-19 09:24:55,www.google.com
2014-03-19 09:24:55,www.google.fr
2014-03-19 09:25:07,www.google.fr
2014-03-19 09:25:33,www.google.fr
2014-03-19 09:25:33,www.e-orientations.com
2014-03-19 09:25:33,ajax.googleapis.com
2014-03-19 09:25:34,www.groupeidecom.com
2014-03-19 09:25:34,www.e-orientations.com
2014-03-19 09:25:35,connect.facebook.net
2014-03-19 09:25:35,www.facebook.com
2014-03-19 09:25:35,www.e-orientations.com
2014-03-19 09:25:35,s-static.ak.facebook.com
2014-03-19 09:25:35,static.ak.facebook.com
2014-03-19 09:25:36,platform.twitter.com
2014-03-19 09:25:36,www.facebook.com
2014-03-19 09:25:36,apis.google.com
2014-03-19 09:25:36,www.e-orientations.com
2014-03-19 09:25:37,accounts.google.com
2014-03-19 09:25:40,platform.twitter.com
2014-03-19 09:25:40,apis.google.com
2014-03-19 09:25:41,platform.twitter.com
2014-03-19 09:25:41,apis.google.com
2014-03-19 09:25:45,www.e-orientations.com
2014-03-19 09:25:47,twitter.com
2014-03-19 09:26:09,www.bing.com
2014-03-19 09:26:10,www.bing.com
2014-03-19 09:26:10,www.google.fr
2014-03-19 09:26:10,apis.google.com
2014-03-19 09:26:17,twitter.com
2014-03-19 09:26:51,www.google.fr
2014-03-19 09:26:51,platform.twitter.com
2014-03-19 09:26:51,apis.google.com
2014-03-19 09:26:53,www.unisport.com.au
2014-03-19 09:26:53,www.google.fr
2014-03-19 09:26:54,www.unisport.com.au
2014-03-19 09:26:55,www.unisport.com.au
2014-03-19 09:26:56,www.unisport.com.au
2014-03-19 09:26:57,www.unisport.com.au
2014-03-19 09:26:58,www.unisport.com.au
2014-03-19 09:26:59,s-static.ak.facebook.com
2014-03-19 09:26:59,www.facebook.com
2014-03-19 09:26:59,static.ak.facebook.com
2014-03-19 09:26:59,connect.facebook.net
2014-03-19 09:26:59,www.unisport.com.au
2014-03-19 09:27:00,www.unisport.com.au
2014-03-19 09:27:02,www.unisport.com.au
2014-03-19 09:27:03,www.unisport.com.au
2014-03-19 09:27:03,static.ak.facebook.com
2014-03-19 09:27:03,www.google.fr
2014-03-19 09:27:03,www.facebook.com
2014-03-19 09:27:04,www.unisport.com.au
2014-03-19 09:27:06,www.unisport.com.au
2014-03-19 09:27:11,www.unisport.com.au
2014-03-19 09:27:12,www.unisport.com.au
2014-03-19 09:27:12,static.ak.facebook.com
2014-03-19 09:27:13,www.unisport.com.au
2014-03-19 09:27:13,www.facebook.com
2014-03-19 09:27:14,www.unisport.com.au
2014-03-19 09:27:15,www.unisport.com.au
2014-03-19 09:27:16,www.unisport.com.au
2014-03-19 09:27:23,www.unisport.com.au
2014-03-19 09:27:24,www.unisport.com.au
2014-03-19 09:27:36,www.ucfit.com.au
2014-03-19 09:27:36,static.secure-aus.com
2014-03-19 09:27:37,www.ucfit.com.au
2014-03-19 09:27:37,static.secure-aus.com
2014-03-19 09:27:38,www.facebook.com
2014-03-19 09:27:38,www.ucfit.com.au
2014-03-19 09:27:39,www.ucfit.com.au
2014-03-19 09:27:39,platform.twitter.com
2014-03-19 09:27:40,www.ucfit.com.au
2014-03-19 09:27:47,www.ucfit.com.au
2014-03-19 09:27:48,pbs.twimg.com
2014-03-19 09:27:48,twitter.com
2014-03-19 09:27:49,pbs.twimg.com
2014-03-19 09:27:52,pbs.twimg.com
2014-03-19 09:27:52,platform.twitter.com
2014-03-19 09:27:56,www.anu-sport.com.au
2014-03-19 09:27:57,www.anu-sport.com.au
2014-03-19 09:27:58,www.anu-sport.com.au
2014-03-19 09:27:59,www.anu-sport.com.au
2014-03-19 09:28:01,www.anu-sport.com.au
2014-03-19 09:28:02,www.anu-sport.com.au
2014-03-19 09:28:16,www.unisport.com.au
2014-03-19 09:28:17,www.unisport.com.au
2014-03-19 09:28:18,www.unisport.com.au
2014-03-19 09:28:19,www.unisport.com.au
2014-03-19 09:28:20,www.unisport.com.au
2014-03-19 09:28:21,www.unisport.com.au
2014-03-19 09:29:18,www.bing.com
2014-03-19 09:29:20,www.bing.com
2014-03-19 09:29:20,sct-rugby.com
2014-03-19 09:29:20,login.live.com
2014-03-19 09:29:21,ajax.googleapis.com
2014-03-19 09:29:21,www.sct-rugby.com
2014-03-19 09:29:21,sct-rugby.com
2014-03-19 09:29:21,api.radionomy.com
2014-03-19 09:29:21,static.radionomy.com
2014-03-19 09:29:21,www.radionomy.com
2014-03-19 09:29:22,sct-rugby.com
2014-03-19 09:29:23,sct-rugby.com
2014-03-19 09:29:23,listen.radionomy.com
2014-03-19 09:29:23,api.radionomy.com
2014-03-19 09:29:31,www.sct-rugby.com
2014-03-19 09:29:32,pbs.twimg.com
2014-03-19 09:29:33,sct-rugby.com
2014-03-19 09:29:34,www.sct-rugby.com
2014-03-19 09:29:34,sct-rugby.com
2014-03-19 09:29:35,www.radionomy.com
2014-03-19 09:29:36,www.sct-rugby.com
2014-03-19 09:29:36,api.radionomy.com
2014-03-19 09:29:36,sct-rugby.com
2014-03-19 09:29:36,pbs.twimg.com
2014-03-19 09:30:27,www.facebook.com
2014-03-19 09:30:35,www.facebook.com
2014-03-19 09:30:43,www.google.fr
2014-03-19 09:30:43,www.google.com
2014-03-19 09:30:51,fr-fr.facebook.com
2014-03-19 09:30:55,fr-fr.facebook.com
2014-03-19 09:30:56,fr-fr.facebook.com
2014-03-19 09:32:04,www.google.fr
2014-03-26 08:59:39,www.bing.com
2014-03-26 08:59:40,www.bing.com
2014-03-26 08:59:41,cms.abmr.net
2014-03-26 08:59:41,www.bing.com
2014-03-26 08:59:49,www.bing.com
2014-03-26 08:59:51,login.live.com
2014-03-26 08:59:53,www.bing.com
2014-03-26 08:59:55,login.live.com
2014-03-26 09:00:03,www.bing.com
2014-03-26 09:00:05,ssl.bing.com
2014-03-26 09:00:18,drive.google.com
2014-03-26 09:00:21,www.google.com
2014-03-26 09:00:24,accounts.google.com
2014-03-26 09:00:38,accounts.youtube.com
2014-03-26 09:01:55,accounts.google.com
2014-03-26 09:01:56,accounts.google.fr
2014-03-26 09:01:56,accounts.youtube.com
2014-03-26 09:01:57,drive.google.com
2014-03-26 09:01:57,ssl.bing.com
2014-03-26 09:01:57,www.google.com
2014-03-26 09:01:58,accounts.google.com
2014-03-26 09:01:58,accounts.youtube.com
2014-03-26 09:01:58,accounts.google.fr
2014-03-26 09:01:58,drive.google.com
2014-03-26 09:01:59,drive.google.com
2014-03-26 09:01:59,apis.google.com
2014-03-26 09:02:00,ieonline.microsoft.com
2014-03-26 09:02:01,0.drive.google.com
2014-03-26 09:02:02,0.drive.google.com
2014-03-26 09:02:04,docs.google.com
2014-03-26 09:02:04,plus.google.com
2014-03-26 09:02:05,apis.google.com
2014-03-26 09:02:05,docs.google.com
2014-03-26 09:02:05,plus.google.com
2014-03-26 09:02:05,drive.google.com
2014-03-26 09:02:06,drive.google.com
2014-03-26 09:02:06,docs.google.com
2014-03-26 09:02:06,apis.google.com
2014-03-26 09:02:07,docs.google.com
2014-03-26 09:02:17,docs.google.com
2014-03-26 09:02:19,plus.google.com
2014-03-26 09:02:35,0.docs.google.com
2014-03-26 09:02:37,0.docs.google.com
2014-03-26 09:02:38,0.talkgadget.google.com
2014-03-26 09:02:38,docs.google.com
2014-03-26 09:02:40,docs.google.com
2014-03-26 09:02:40,apis.google.com
2014-03-26 09:02:41,apis.google.com
2014-03-26 09:02:44,docs.google.com
2014-03-26 09:02:48,docs.google.com
2014-03-26 09:02:49,plus.google.com
2014-03-26 09:02:58,docs.google.com
2014-03-26 09:02:58,gg.google.com
2014-03-26 09:03:22,0.talkgadget.google.com
2014-03-26 09:03:42,0.talkgadget.google.com
2014-03-26 09:03:42,apis.google.com
2014-03-26 09:03:52,www.google.com
2014-03-26 09:05:36,www.google.fr
2014-03-26 09:05:50,www.google.fr
2014-03-26 09:05:51,apis.google.com
2014-03-26 09:05:53,www.google.com
2014-03-26 09:06:06,docs.google.com
2014-03-26 09:06:07,docs.google.com
2014-03-26 09:06:08,plus.google.com
2014-03-26 09:06:11,www.google.fr
2014-03-26 09:06:11,apis.google.com
2014-03-26 09:06:11,www.google.com
2014-03-26 09:06:11,www.dcu.ie
2014-03-26 09:06:11,plus.google.com
2014-03-26 09:06:12,www.dcu.ie
2014-03-26 09:06:12,www4.dcu.ie
2014-03-26 09:06:13,www4.dcu.ie
2014-03-26 09:06:19,drive.google.com
2014-03-26 09:06:41,0.talkgadget.google.com
2014-03-26 09:06:49,plus.google.com
2014-03-26 09:06:51,docs.google.com
2014-03-26 09:06:58,gg.google.com
2014-03-26 09:07:52,www.google.com
2014-03-26 09:08:04,www4.dcu.ie
2014-03-26 09:08:04,www.dcu.ie
2014-03-26 09:08:05,www4.dcu.ie
2014-03-26 09:08:09,docs.google.com
2014-03-26 09:08:14,www4.dcu.ie
2014-03-26 09:08:14,www.dcu.ie
2014-03-26 09:08:14,api.reciteme.com
2014-03-26 09:08:15,www.dcu.ie
2014-03-26 09:08:15,api.reciteme.com
2014-03-26 09:08:16,api.reciteme.com
2014-03-26 09:08:16,maps.google.com
2014-03-26 09:08:30,api.reciteme.com
2014-03-26 09:09:38,www.dcuaccommodation.ie
2014-03-26 09:09:39,www.dcuaccommodation.ie
2014-03-26 09:09:39,connect.facebook.net
2014-03-26 09:09:41,www.dcuaccommodation.ie
2014-03-26 09:09:42,www.dcuaccommodation.ie
2014-03-26 09:09:43,static.ak.facebook.com
2014-03-26 09:09:43,www.facebook.com
2014-03-26 09:09:43,www.dcuaccommodation.ie
2014-03-26 09:09:43,s-static.ak.facebook.com
2014-03-26 09:09:44,www.dcuaccommodation.ie
2014-03-26 09:10:08,docs.google.com
2014-03-26 09:10:49,www.dcuaccommodation.ie
2014-03-26 09:10:50,www.dcuaccommodation.ie
2014-03-26 09:11:30,www.dcuaccommodation.ie
2014-03-26 09:11:46,drive.google.com
2014-03-26 09:11:46,www.facebook.com
2014-03-26 09:11:54,www.facebook.com
2014-03-26 09:12:15,www.bing.com
2014-03-26 09:12:17,www.bing.com
2014-03-26 09:12:17,0.drive.google.com
2014-03-26 09:12:17,login.live.com
2014-03-26 09:14:08,docs.google.com
2014-03-26 09:14:35,1.drive.google.com
2014-03-26 09:14:36,1.drive.google.com
2014-03-26 09:14:49,docs.google.com
2014-03-26 09:15:08,1.docs.google.com
2014-03-26 09:15:09,1.talkgadget.google.com
2014-03-26 09:15:11,plus.google.com
2014-03-26 09:15:31,www.google.com
2014-03-26 09:15:32,docs.google.com
2014-03-26 09:15:36,2.docs.google.com
2014-03-26 09:15:37,accounts.google.com
2014-03-26 09:15:37,docs.google.com
2014-03-26 09:15:37,2.docs.google.com
2014-03-26 09:15:40,docs.google.com
2014-03-26 09:15:43,clients6.google.com
2014-03-26 09:16:28,docs.google.com
2014-03-26 09:16:29,plus.google.com
2014-03-26 09:16:29,docs.google.com
2014-03-26 09:16:29,1.docs.google.com
2014-03-26 09:16:29,1.talkgadget.google.com
2014-03-26 09:16:30,www.dcuaccommodation.ie
2014-03-26 09:16:32,drive.google.com
2014-03-26 09:16:37,connect.facebook.net
2014-03-26 09:16:37,www.dcuaccommodation.ie
2014-03-26 09:16:38,s-static.ak.facebook.com
2014-03-26 09:16:38,www.facebook.com
2014-03-26 09:16:38,static.ak.facebook.com
2014-03-26 09:16:38,www.dcuaccommodation.ie
2014-03-26 09:16:46,www.dcuaccommodation.ie
2014-03-26 09:17:53,docs.google.com
2014-03-26 09:17:53,plus.google.com
2014-03-26 09:17:53,gg.google.com
2014-03-26 09:17:53,drive.google.com
2014-03-26 09:18:54,docs.google.com
2014-03-26 09:19:35,www.dcuaccommodation.ie
2014-03-26 09:19:37,accounts.google.com
2014-03-26 09:19:43,clients6.google.com
2014-03-26 09:19:43,apis.google.com
2014-03-26 09:19:45,www.dcuaccommodation.ie
2014-03-26 09:19:54,www.dcuaccommodation.ie
2014-03-26 09:22:13,docs.google.com
2014-03-26 09:22:35,www.dcuaccommodation.ie
2014-03-26 09:22:36,s-static.ak.facebook.com
2014-03-26 09:22:36,www.dcuaccommodation.ie
2014-03-26 09:22:36,static.ak.facebook.com
2014-03-26 09:22:36,www.facebook.com
2014-03-26 09:22:41,www.dcuaccommodation.ie
2014-03-26 09:23:23,www.dcuaccommodation.ie
2014-03-26 09:23:23,static.ak.facebook.com
2014-03-26 09:23:23,s-static.ak.facebook.com
2014-03-26 09:23:24,www.facebook.com
2014-03-26 09:23:33,www.dcu.ie
2014-03-26 09:24:26,docs.google.com
2014-03-26 09:24:33,drive.google.com
2014-03-26 09:24:57,www4.dcu.ie
2014-03-26 09:24:57,www.dcu.ie
2014-03-26 09:24:58,www4.dcu.ie
2014-03-26 09:25:16,www.bing.com
2014-03-26 09:25:22,ajax.googleapis.com
2014-03-26 09:25:22,api.conduit.com
2014-03-26 09:25:22,www.reverso.net
2014-03-26 09:25:22,www.bing.com
2014-03-26 09:25:22,cdn2.reverso.net
2014-03-26 09:25:23,cdn2.reverso.net
2014-03-26 09:25:23,connect.facebook.net
2014-03-26 09:25:23,ajax.googleapis.com
2014-03-26 09:25:23,static.ak.facebook.com
2014-03-26 09:25:23,s-static.ak.facebook.com
2014-03-26 09:25:24,images.orangepublicite.fr
2014-03-26 09:25:24,cdn2.reverso.net
2014-03-26 09:25:24,fpdownload2.macromedia.com
2014-03-26 09:25:24,www.facebook.com
2014-03-26 09:25:27,login.live.com
2014-03-26 09:25:28,ajax.googleapis.com
2014-03-26 09:25:28,cdn2.reverso.net
2014-03-26 09:25:28,www.reverso.net
2014-03-26 09:25:28,i1-js-14-3-01-12160-726150031-i.init.cedexis-radar.net
2014-03-26 09:25:29,s-static.ak.facebook.com
2014-03-26 09:25:29,cdn2.reverso.net
2014-03-26 09:25:29,static.ak.facebook.com
2014-03-26 09:25:29,www.facebook.com
2014-03-26 09:25:32,i1-js-14-3-01-12160-480427461-i.init.cedexis-radar.net
2014-03-26 09:25:36,vnx.numergy.bench.cedexis.com
2014-03-26 09:25:37,level3.cedexis.com
2014-03-26 09:25:38,level3.cedexis.com
2014-03-26 09:25:38,eu-ams1.joyent.bench.cedexis.com
2014-03-26 09:25:39,cdn2.reverso.net
2014-03-26 09:25:40,cdn2.reverso.net
2014-03-26 09:25:40,www.reverso.net
2014-03-26 09:26:26,docs.google.com
2014-03-26 09:27:35,www.dcu.ie
2014-03-26 09:27:47,www4.dcu.ie
2014-03-26 09:27:47,www.dcu.ie
2014-03-26 09:27:48,www4.dcu.ie
2014-03-26 09:27:49,www.dcu.ie
2014-03-26 09:27:49,www4.dcu.ie
2014-03-26 09:28:42,plus.google.com
2014-03-26 09:28:51,plus.google.com
2014-03-26 09:29:01,www.dcu.ie
2014-03-26 09:29:01,www4.dcu.ie
2014-03-26 09:30:25,docs.google.com
2014-03-26 09:30:32,drive.google.com
2014-03-26 09:38:32,drive.google.com
2014-03-26 09:38:41,1.drive.google.com
2014-03-26 09:38:42,accounts.youtube.com
2014-03-26 09:38:43,www.google.com
2014-03-26 09:38:43,accounts.google.fr
2014-03-26 09:38:43,www.google.fr
2014-03-26 09:38:44,accounts.google.com
2014-03-26 09:38:44,2.docs.google.com
2014-03-26 09:38:44,docs.google.com
2014-03-26 09:38:44,www.google.fr
2014-03-26 09:38:50,0.docs.google.com
2014-03-26 09:38:50,accounts.google.fr
2014-03-26 09:38:50,docs.google.com
2014-03-26 09:38:56,accounts.youtube.com
2014-03-26 09:38:56,www.google.com
2014-03-26 09:38:56,docs.google.com
2014-03-26 09:38:56,accounts.google.com
2014-03-26 09:38:57,accounts.youtube.com
2014-03-26 09:38:57,accounts.google.com
2014-03-26 09:38:57,www.google.com
2014-03-26 09:38:57,drive.google.com
