timestamp,site
2013-11-21 14:44:47,registration2.services.openoffice.org
2013-11-21 14:44:49,registration2.services.openoffice.org
2013-11-21 14:44:56,www.google.fr
2013-11-21 14:44:57,www.google.fr
2013-11-21 14:45:00,apis.google.com
2013-11-21 14:45:01,www.google.com
2013-11-21 14:45:04,plus.google.com
2013-11-21 14:45:05,accounts.google.com
2013-11-21 14:45:21,www.google.fr
2013-11-21 14:45:21,accounts.google.com
2013-11-21 14:45:21,apis.google.com
2013-11-21 14:45:21,plus.google.com
2013-11-21 14:45:21,www.google.com
2013-11-21 14:45:22,docs.google.com
2013-11-21 14:45:23,docs.google.com
2013-11-21 14:45:24,drive.google.com
2013-11-21 14:45:24,www.google.fr
2013-11-21 14:45:25,accounts.google.com
2013-11-21 14:45:25,www.google.com
2013-11-21 14:45:27,apis.google.com
2013-11-21 14:45:27,drive.google.com
2013-11-21 14:45:27,docs.google.com
2013-11-21 14:45:29,apis.google.com
2013-11-21 14:45:30,0.drive.google.com
2013-11-21 14:45:33,0.drive.google.com
2013-11-21 14:45:38,drive.google.com
2013-11-21 14:45:38,www.google.com
2013-11-21 14:45:39,plus.google.com
2013-11-21 14:45:40,docs.google.com
2013-11-21 14:45:54,docs.google.com
2013-11-21 14:45:56,0.docs.google.com
2013-11-21 14:45:56,apis.google.com
2013-11-21 14:46:01,docs.google.com
2013-11-21 14:46:01,accounts.google.com
2013-11-21 14:46:02,apis.google.com
2013-11-21 14:46:02,docs.google.com
2013-11-21 14:46:05,clients6.google.com
2013-11-21 14:46:05,0.docs.google.com
2013-11-21 14:46:07,accounts.google.com
2013-11-21 14:46:26,docs.google.com
2013-11-21 14:46:26,gg.google.com
2013-11-21 14:47:43,docs.google.com
2013-11-21 14:47:46,ieonline.microsoft.com
2013-11-21 14:47:55,gg.google.com
2013-11-21 14:48:21,0.drive.google.com
2013-11-21 14:48:27,drive.google.com
2013-11-21 14:48:27,docs.google.com
2013-11-21 14:48:27,0.docs.google.com
2013-11-21 14:48:27,gg.google.com
2013-11-21 14:48:27,clients6.google.com
2013-11-21 14:48:27,apis.google.com
2013-11-21 14:59:22,fpdownload2.macromedia.com
2013-11-21 14:59:32,www.google.fr
2013-11-21 14:59:39,plus.google.com
2013-11-21 14:59:51,www.google.fr
2013-11-21 14:59:51,docs.google.com
2013-11-21 14:59:52,www.google.com
2013-11-21 14:59:52,accounts.google.com
2013-11-21 14:59:53,docs.google.com
2013-11-21 14:59:54,drive.google.com
2013-11-21 14:59:56,plus.google.com
2013-11-21 14:59:56,www.google.fr
2013-11-21 14:59:57,0.drive.google.com
2013-11-21 14:59:58,www.google.fr
2013-11-21 14:59:59,accounts.google.com
2013-11-21 14:59:59,0.drive.google.com
2013-11-21 15:00:02,docs.google.com
2013-11-21 15:00:13,0.docs.google.com
2013-11-21 15:00:15,clients6.google.com
2013-11-21 15:00:18,0.docs.google.com
2013-11-21 15:00:55,www.google.com
2013-11-21 15:00:56,gg.google.com
2013-11-21 15:01:20,docs.google.com
2013-11-21 15:01:20,0.drive.google.com
2013-11-21 15:01:20,0.docs.google.com
2013-11-21 15:01:20,gg.google.com
2013-11-21 15:01:20,drive.google.com
2013-11-21 15:01:20,plus.google.com
2013-11-21 15:01:20,www.google.com
2013-11-21 15:01:21,docs.google.com
2014-01-28 15:28:14,fpdownload2.macromedia.com
2014-01-28 15:28:21,ieonline.microsoft.com
2014-01-28 15:28:25,www.google.com
2014-01-28 15:28:25,www.bing.com
2014-01-28 15:28:27,www.google.fr
2014-01-28 15:28:28,www.google.com
2014-01-28 15:28:29,apis.google.com
2014-01-28 15:28:59,www.google.fr
2014-01-28 15:29:01,clients1.google.fr
2014-01-28 15:29:01,www.google.fr
2014-01-28 15:29:20,www.google.com
2014-01-28 15:29:20,apis.google.com
2014-01-28 15:29:20,www.google.fr
2014-01-28 15:29:21,i-linter.linternaute.com
2014-01-28 15:29:21,ajax.googleapis.com
2014-01-28 15:29:21,r.ccmbg.com
2014-01-28 15:29:21,connect.facebook.net
2014-01-28 15:29:21,image-uniservice.linternaute.com
2014-01-28 15:29:21,i-cms.linternaute.com
2014-01-28 15:29:21,static.ccmbg.com
2014-01-28 15:29:21,www.linternaute.com
2014-01-28 15:29:21,www.pagesjaunes.fr
2014-01-28 15:29:21,ba.linternaute.com
2014-01-28 15:29:22,www.francetvinfo.fr
2014-01-28 15:29:22,videosfr.s3.amazonaws.com
2014-01-28 15:29:22,pixel.alephd.com
2014-01-28 15:29:22,static.pagesjaunes.fr
2014-01-28 15:29:22,ajax.googleapis.com
2014-01-28 15:29:23,i-cms.linternaute.com
2014-01-28 15:29:23,www.linternaute.com
2014-01-28 15:29:23,r.ccmbg.com
2014-01-28 15:29:23,static.pagesjaunes.fr
2014-01-28 15:29:23,static.ccmbg.com
2014-01-28 15:29:24,s-static.ak.facebook.com
2014-01-28 15:29:24,r.ccmbg.com
2014-01-28 15:29:24,www.facebook.com
2014-01-28 15:29:24,static.ak.facebook.com
2014-01-28 15:29:24,i-cms.linternaute.com
2014-01-28 15:29:25,r.ccmbg.com
2014-01-28 15:29:25,static.ccmbg.com
2014-01-28 15:29:25,www.francetvinfo.fr
2014-01-28 15:29:26,static.ccmbg.com
2014-01-28 15:29:59,static.ccmbg.com
2014-01-28 15:29:59,www.linternaute.com
2014-01-28 15:30:00,i-cms.linternaute.com
2014-01-28 15:30:00,www.pagesjaunes.fr
2014-01-28 15:30:00,static.ccmbg.com
2014-01-28 15:30:00,www.francetvinfo.fr
2014-01-28 15:30:00,ba.linternaute.com
2014-01-28 15:30:01,s-static.ak.facebook.com
2014-01-28 15:30:01,www.facebook.com
2014-01-28 15:30:01,static.ak.facebook.com
2014-01-28 15:30:01,ba.linternaute.com
2014-01-28 15:30:01,static.ccmbg.com
2014-01-28 15:30:02,accounts.google.com
2014-01-28 15:30:02,www.facebook.com
2014-01-28 15:30:02,apis.google.com
2014-01-28 15:30:02,widgets.pinterest.com
2014-01-28 15:30:02,platform.twitter.com
2014-01-28 15:30:03,twitter.com
2014-01-28 15:30:04,apis.google.com
2014-01-28 15:30:05,platform.twitter.com
2014-01-28 15:30:18,www.linternaute.com
2014-01-28 15:30:18,accounts.google.com
2014-01-28 15:30:18,apis.google.com
2014-01-28 15:30:19,pixel.alephd.com
2014-01-28 15:30:19,platform.twitter.com
2014-01-28 15:30:19,twitter.com
2014-01-28 15:30:19,www.francetvinfo.fr
2014-01-28 15:30:19,i-cms.linternaute.com
2014-01-28 15:30:19,www.beead.fr
2014-01-28 15:30:19,www.pagesjaunes.fr
2014-01-28 15:30:19,ba.linternaute.com
2014-01-28 15:30:20,go.microsoft.com
2014-01-28 15:30:20,static.ak.facebook.com
2014-01-28 15:30:20,www.facebook.com
2014-01-28 15:30:20,s-static.ak.facebook.com
2014-01-28 15:30:20,ieonline.microsoft.com
2014-01-28 15:30:21,www.facebook.com
2014-01-28 15:30:21,platform.twitter.com
2014-01-28 15:30:24,platform.twitter.com
2014-01-28 15:30:29,ba.linternaute.com
2014-01-28 15:30:29,i-cms.linternaute.com
2014-01-28 15:30:29,www.pagesjaunes.fr
2014-01-28 15:30:29,www.linternaute.com
2014-01-28 15:30:30,www.francetvinfo.fr
2014-01-28 15:30:30,twitter.com
2014-01-28 15:30:30,apis.google.com
2014-01-28 15:30:31,its.tradelab.fr
2014-01-28 15:30:31,pixel.alephd.com
2014-01-28 15:30:31,ba.linternaute.com
2014-01-28 15:30:31,static.ak.facebook.com
2014-01-28 15:30:31,www.facebook.com
2014-01-28 15:30:31,mm.eulerian.net
2014-01-28 15:30:31,s-static.ak.facebook.com
2014-01-28 15:30:37,its.tradelab.fr
2014-01-28 15:30:38,www.linternaute.com
2014-01-28 15:30:38,www.pagesjaunes.fr
2014-01-28 15:30:38,i-cms.linternaute.com
2014-01-28 15:30:38,ba.linternaute.com
2014-01-28 15:30:39,www.francetvinfo.fr
2014-01-28 15:30:39,its.tradelab.fr
2014-01-28 15:30:39,pixel.alephd.com
2014-01-28 15:30:40,static.ak.facebook.com
2014-01-28 15:30:40,s-static.ak.facebook.com
2014-01-28 15:30:40,www.facebook.com
2014-01-28 15:30:41,platform.twitter.com
2014-01-28 15:30:41,www.facebook.com
2014-01-28 15:30:44,platform.twitter.com
2014-01-28 15:30:59,www.google.fr
2014-01-28 15:31:03,www.linternaute.com
2014-01-28 15:31:04,twitter.com
2014-01-28 15:31:04,apis.google.com
2014-01-28 15:31:04,ba.linternaute.com
2014-01-28 15:31:04,www.pagesjaunes.fr
2014-01-28 15:31:04,i-cms.linternaute.com
2014-01-28 15:31:04,www.francetvinfo.fr
2014-01-28 15:31:05,www.facebook.com
2014-01-28 15:31:05,pixel.alephd.com
2014-01-28 15:31:05,its.tradelab.fr
2014-01-28 15:31:05,ba.linternaute.com
2014-01-28 15:31:05,mm.eulerian.net
2014-01-28 15:31:05,static.ak.facebook.com
2014-01-28 15:31:05,s-static.ak.facebook.com
2014-01-28 15:31:05,www.francetvinfo.fr
2014-01-28 15:31:06,www.facebook.com
2014-01-28 15:31:06,www.google.com
2014-01-28 15:31:11,its.tradelab.fr
2014-01-28 15:31:11,www.linternaute.com
2014-01-28 15:31:12,s374.meetrics.net
2014-01-28 15:31:12,home.edt02.net
2014-01-28 15:31:12,r.ccmbg.com
2014-01-28 15:31:12,www.francetvinfo.fr
2014-01-28 15:31:12,ba.linternaute.com
2014-01-28 15:31:12,i-cms.linternaute.com
2014-01-28 15:31:12,www.pagesjaunes.fr
2014-01-28 15:31:13,static.ak.facebook.com
2014-01-28 15:31:13,ba.linternaute.com
2014-01-28 15:31:13,www.facebook.com
2014-01-28 15:31:13,s-static.ak.facebook.com
2014-01-28 15:31:14,www.facebook.com
2014-01-28 15:31:15,www.facebook.com
2014-01-28 15:31:15,platform.twitter.com
2014-01-28 15:31:18,platform.twitter.com
2014-01-28 15:31:19,ba.linternaute.com
2014-01-28 15:31:19,www.linternaute.com
2014-01-28 15:31:19,www.pagesjaunes.fr
2014-01-28 15:31:19,i-cms.linternaute.com
2014-01-28 15:31:19,home.edt02.net
2014-01-28 15:31:19,apis.google.com
2014-01-28 15:31:20,twitter.com
2014-01-28 15:31:20,3karm2h0zl.s.ad6media.fr
2014-01-28 15:31:20,static.ak.facebook.com
2014-01-28 15:31:20,s374.meetrics.net
2014-01-28 15:31:20,s-static.ak.facebook.com
2014-01-28 15:31:20,ba.linternaute.com
2014-01-28 15:31:20,www.facebook.com
2014-01-28 15:31:20,www.francetvinfo.fr
2014-01-28 15:31:21,www.facebook.com
2014-01-28 15:31:21,platform.twitter.com
2014-01-28 15:31:22,www.linternaute.com
2014-01-28 15:31:22,i-cms.linternaute.com
2014-01-28 15:31:22,www.pagesjaunes.fr
2014-01-28 15:31:23,home.edt02.net
2014-01-28 15:31:23,ba.linternaute.com
2014-01-28 15:31:23,apis.google.com
2014-01-28 15:31:23,twitter.com
2014-01-28 15:31:24,s-static.ak.facebook.com
2014-01-28 15:31:24,static.ak.facebook.com
2014-01-28 15:31:24,www.facebook.com
2014-01-28 15:31:24,www.francetvinfo.fr
2014-01-28 15:31:25,www.facebook.com
2014-01-28 15:31:25,platform.twitter.com
2014-01-28 15:31:28,platform.twitter.com
2014-01-28 15:31:56,twitter.com
2014-01-28 15:32:00,www.linternaute.com
2014-01-28 15:32:01,ba.linternaute.com
2014-01-28 15:32:01,i-cms.linternaute.com
2014-01-28 15:32:01,www.pagesjaunes.fr
2014-01-28 15:32:01,home.edt02.net
2014-01-28 15:32:01,apis.google.com
2014-01-28 15:32:02,s-static.ak.facebook.com
2014-01-28 15:32:02,www.francetvinfo.fr
2014-01-28 15:32:02,api.adyoulike.com
2014-01-28 15:32:02,static.ak.facebook.com
2014-01-28 15:32:02,www.facebook.com
2014-01-28 15:32:03,www.facebook.com
2014-01-28 15:32:03,platform.twitter.com
2014-01-28 15:32:03,api.adyoulike.com
2014-01-28 15:32:04,static.pagesjaunes.fr
2014-01-28 15:32:06,platform.twitter.com
2014-01-28 15:32:21,www.linternaute.com
2014-01-28 15:32:22,i-cms.linternaute.com
2014-01-28 15:32:22,apis.google.com
2014-01-28 15:32:22,home.edt02.net
2014-01-28 15:32:22,ba.linternaute.com
2014-01-28 15:32:22,www.francetvinfo.fr
2014-01-28 15:32:22,www.pagesjaunes.fr
2014-01-28 15:32:23,www.facebook.com
2014-01-28 15:32:23,s-static.ak.facebook.com
2014-01-28 15:32:23,twitter.com
2014-01-28 15:32:23,static.ak.facebook.com
2014-01-28 15:32:24,api.adyoulike.com
2014-01-28 15:32:24,platform.twitter.com
2014-01-28 15:32:24,www.facebook.com
2014-01-28 15:32:27,platform.twitter.com
2014-01-28 15:32:44,www.linternaute.com
2014-01-28 15:32:45,apis.google.com
2014-01-28 15:32:45,twitter.com
2014-01-28 15:32:45,ba.linternaute.com
2014-01-28 15:32:45,pixel.alephd.com
2014-01-28 15:32:45,i-cms.linternaute.com
2014-01-28 15:32:45,www.francetvinfo.fr
2014-01-28 15:32:45,www.pagesjaunes.fr
2014-01-28 15:32:46,s-static.ak.facebook.com
2014-01-28 15:32:46,static.ak.facebook.com
2014-01-28 15:32:46,www.facebook.com
2014-01-28 15:32:46,api.adyoulike.com
2014-01-28 15:32:47,platform.twitter.com
2014-01-28 15:32:47,www.facebook.com
2014-01-28 15:32:50,platform.twitter.com
2014-01-28 15:33:02,www.pagesjaunes.fr
2014-01-28 15:33:02,www.linternaute.com
2014-01-28 15:33:03,www.francetvinfo.fr
2014-01-28 15:33:03,pixel.alephd.com
2014-01-28 15:33:03,home.edt02.net
2014-01-28 15:33:03,ba.linternaute.com
2014-01-28 15:33:03,twitter.com
2014-01-28 15:33:03,apis.google.com
2014-01-28 15:33:04,static.ak.facebook.com
2014-01-28 15:33:04,www.facebook.com
2014-01-28 15:33:04,api.adyoulike.com
2014-01-28 15:33:04,s-static.ak.facebook.com
2014-01-28 15:33:13,www.google.fr
2014-01-28 15:33:15,www.google.fr
2014-01-28 15:33:45,www.google.fr
2014-01-28 15:33:45,img.teva.fr
2014-01-28 15:33:46,www.google.fr
2014-01-28 15:33:46,emmanuelmace.over-blog.com
2014-01-28 15:33:46,assets.over-blog-kiwi.com
2014-01-28 15:33:46,img.teva.fr
2014-01-28 15:33:46,img.over-blog.com
2014-01-28 15:33:46,idata.over-blog.com
2014-01-28 15:33:46,connect.facebook.net
2014-01-28 15:33:46,a392.idata.over-blog.com
2014-01-28 15:33:46,img.over-blog-kiwi.com
2014-01-28 15:33:46,static.ak.facebook.com
2014-01-28 15:33:46,platform.twitter.com
2014-01-28 15:33:46,s-static.ak.facebook.com
2014-01-28 15:33:46,ajax.googleapis.com
2014-01-28 15:33:46,apis.google.com
2014-01-28 15:33:47,twitter.com
2014-01-28 15:33:47,accounts.google.com
2014-01-28 15:33:47,yui.yahooapis.com
2014-01-28 15:33:47,apis.google.com
2014-01-28 15:33:47,comments.over-blog.com
2014-01-28 15:33:47,www.facebook.com
2014-01-28 15:33:47,assets.over-blog-kiwi.com
2014-01-28 15:33:48,www.facebook.com
2014-01-28 15:33:48,s-static.ak.facebook.com
2014-01-28 15:33:48,twitter.com
2014-01-28 15:33:48,connect.over-blog.com
2014-01-28 15:33:48,www.google.fr
2014-01-28 15:33:48,a392.idata.over-blog.com
2014-01-28 15:33:48,assets.over-blog-kiwi.com
2014-01-28 15:33:48,a405.idata.over-blog.com
2014-01-28 15:33:48,yui.yahooapis.com
2014-01-28 15:33:48,static.ak.facebook.com
2014-01-28 15:33:49,www.facebook.com
2014-01-28 15:33:49,apis.google.com
2014-01-28 15:33:50,comments.over-blog.com
2014-01-28 15:33:50,assets.over-blog-kiwi.com
2014-01-28 15:33:50,a405.idata.over-blog.com
2014-01-28 15:33:50,twitter.com
2014-01-28 15:33:51,connect.over-blog.com
2014-01-28 15:33:51,comments.over-blog.com
2014-01-28 15:33:51,img.over-blog-kiwi.com
2014-01-28 15:34:10,connect.over-blog.com
2014-01-28 15:34:10,assets.over-blog-kiwi.com
2014-01-28 15:34:48,emmanuelmace.over-blog.com
2014-01-28 15:34:48,assets.over-blog-kiwi.com
2014-01-28 15:34:49,img.over-blog-kiwi.com
2014-01-28 15:34:49,assets.over-blog-kiwi.com
2014-01-28 15:34:49,resize.over-blog.com
2014-01-28 15:34:49,connect.facebook.net
2014-01-28 15:34:49,www.jogging-plus.com
2014-01-28 15:34:49,a402.idata.over-blog.com
2014-01-28 15:34:49,a54.idata.over-blog.com
2014-01-28 15:34:49,a141.idata.over-blog.com
2014-01-28 15:34:49,a397.idata.over-blog.com
2014-01-28 15:34:49,img.over-blog.com
2014-01-28 15:34:50,static.ak.facebook.com
2014-01-28 15:34:50,apis.google.com
2014-01-28 15:34:50,www.facebook.com
2014-01-28 15:34:52,www.facebook.com
2014-01-28 15:34:52,s-static.ak.facebook.com
2014-01-28 15:34:52,twitter.com
2014-01-28 15:34:53,assets.over-blog-kiwi.com
2014-01-28 15:34:53,comments.over-blog.com
2014-01-28 15:34:53,twitter.com
2014-01-28 15:34:53,apis.google.com
2014-01-28 15:35:03,static.ccmbg.com
2014-01-28 15:35:03,www.facebook.com
2014-01-28 15:35:05,apnx-match.dotomi.com
2014-01-28 15:35:06,dtm.weddingpaperdivas.com
2014-01-28 15:35:06,platform.twitter.com
2014-01-28 15:35:06,apnx-match.dotomi.com
2014-01-28 15:35:34,twitter.com
2014-01-28 15:35:37,static.ak.facebook.com
2014-01-28 15:35:37,s-static.ak.facebook.com
2014-01-28 15:35:37,www.facebook.com
2014-01-28 15:35:37,connect.over-blog.com
2014-01-28 15:35:38,www.facebook.com
2014-01-28 15:35:38,connect.over-blog.com
2014-01-28 15:35:38,apis.google.com
2014-01-28 15:35:38,comments.over-blog.com
2014-01-28 15:35:38,twitter.com
2014-01-28 15:35:39,comments.over-blog.com
2014-01-28 15:35:46,www.facebook.com
2014-01-28 15:37:24,apis.google.com
2014-04-02 14:07:42,www.google.com
2014-04-02 14:07:45,www.google.fr
2014-04-02 14:07:47,www.google.fr
2014-04-02 14:07:50,www.google.com
2014-04-02 14:07:51,apis.google.com
2014-04-02 14:08:00,www.google.fr
2014-04-02 14:08:01,accounts.google.com
2014-04-02 14:08:01,mail.google.com
2014-04-02 14:08:04,accounts.youtube.com
2014-04-02 14:08:05,www.google.fr
2014-04-02 14:08:07,www.google.fr
2014-04-02 14:08:07,docs.google.com
2014-04-02 14:08:07,mail.google.com
2014-04-02 14:08:07,www.google.com
2014-04-02 14:08:08,accounts.google.com
2014-04-02 14:08:09,accounts.youtube.com
2014-04-02 14:08:30,accounts.google.fr
2014-04-02 14:08:31,docs.google.com
2014-04-02 14:08:32,drive.google.com
2014-04-02 14:08:33,apis.google.com
2014-04-02 14:08:33,www.google.fr
2014-04-02 14:08:34,www.google.fr
2014-04-02 14:08:34,www.google.com
2014-04-02 14:08:34,accounts.google.com
2014-04-02 14:08:34,accounts.youtube.com
2014-04-02 14:08:34,accounts.google.fr
2014-04-02 14:08:36,docs.google.com
2014-04-02 14:08:36,drive.google.com
2014-04-02 14:08:38,apis.google.com
2014-04-02 14:08:39,0.drive.google.com
2014-04-02 14:08:39,drive.google.com
2014-04-02 14:08:39,apis.google.com
2014-04-02 14:08:40,plus.google.com
2014-04-02 14:08:43,0.drive.google.com
2014-04-02 14:08:43,www.google.com
2014-04-02 14:08:44,www.google.com
2014-04-02 14:08:44,plus.google.com
2014-04-02 14:08:45,docs.google.com
2014-04-02 14:08:45,0.drive.google.com
2014-04-02 14:08:45,plus.google.com
2014-04-02 14:08:45,drive.google.com
2014-04-02 14:08:49,docs.google.com
2014-04-02 14:08:49,accounts.google.fr
2014-04-02 14:08:53,docs.google.com
2014-04-02 14:08:55,docs.google.com
2014-04-02 14:08:55,apis.google.com
2014-04-02 14:08:56,docs.google.com
2014-04-02 14:08:59,accounts.google.com
2014-04-02 14:09:00,mail.google.com
2014-04-02 14:09:00,docs.google.com
2014-04-02 14:09:00,accounts.youtube.com
2014-04-02 14:09:00,accounts.google.fr
2014-04-02 14:09:01,clients2.google.com
2014-04-02 14:09:01,apis.google.com
2014-04-02 14:09:02,plus.google.com
2014-04-02 14:09:03,www.google.com
2014-04-02 14:09:05,plus.google.com
2014-04-02 14:09:06,clients2.google.com
2014-04-02 14:09:06,plus.google.com
2014-04-02 14:09:07,www.google.com
2014-04-02 14:09:07,apis.google.com
2014-04-02 14:09:07,mail.google.com
2014-04-02 14:09:07,plus.google.com
2014-04-02 14:09:09,accounts.google.com
2014-04-02 14:09:10,chatenabled.mail.google.com
2014-04-02 14:09:10,mail.google.com
2014-04-02 14:09:41,ieonline.microsoft.com
2014-04-02 14:09:41,go.microsoft.com
2014-04-02 14:09:47,plus.google.com
2014-04-02 14:09:48,docs.google.com
2014-04-02 14:09:49,docs.google.com
2014-04-02 14:09:55,docs.google.com
2014-04-02 14:09:57,docs.google.com
2014-04-02 14:09:59,docs.google.com
2014-04-02 14:10:00,docs.google.com
2014-04-02 14:10:00,0.drive.google.com
2014-04-02 14:10:00,www.google.com
2014-04-02 14:10:01,accounts.google.fr
2014-04-02 14:10:01,accounts.google.com
2014-04-02 14:10:01,accounts.youtube.com
2014-04-02 14:10:02,1.drive.google.com
2014-04-02 14:10:02,plus.google.com
2014-04-02 14:10:05,1.drive.google.com
2014-04-02 14:10:05,www.google.com
2014-04-02 14:10:45,plus.google.com
2014-04-02 14:10:45,mail.google.com
2014-04-02 14:10:45,chatenabled.mail.google.com
2014-04-02 14:10:45,apis.google.com
2014-04-02 14:10:46,mail.google.com
2014-04-02 14:10:47,plus.google.com
2014-04-02 14:10:47,mail.google.com
2014-04-02 14:10:49,www.google.com
2014-04-02 14:10:51,plus.google.com
2014-04-02 14:10:51,apis.google.com
2014-04-02 14:10:51,docs.google.com
2014-04-02 14:10:51,drive.google.com
2014-04-02 14:10:59,gg.google.com
2014-04-02 14:11:04,gg.google.com
2014-04-02 14:11:04,docs.google.com
2014-04-02 14:11:05,docs.google.com
2014-04-02 14:11:06,0.docs.google.com
2014-04-02 14:11:09,0.docs.google.com
2014-04-02 14:11:09,apis.google.com
2014-04-02 14:11:09,docs.google.com
2014-04-02 14:11:10,0.talkgadget.google.com
2014-04-02 14:11:10,apis.google.com
2014-04-02 14:11:11,0.talkgadget.google.com
2014-04-02 14:11:16,0.talkgadget.google.com
2014-04-02 14:11:19,0.talkgadget.google.com
2014-04-02 14:11:20,docs.google.com
2014-04-02 14:11:20,apis.google.com
2014-04-02 14:11:20,plus.google.com
2014-04-02 14:11:20,0.talkgadget.google.com
2014-04-02 14:11:45,docs.google.com
2014-04-02 14:11:59,1.docs.google.com
2014-04-02 14:12:02,0.talkgadget.google.com
2014-04-02 14:12:04,1.docs.google.com
2014-04-02 14:12:05,1.talkgadget.google.com
2014-04-02 14:12:08,0.talkgadget.google.com
2014-04-02 14:12:08,mail.google.com
2014-04-02 14:12:10,plus.google.com
2014-04-02 14:12:11,1.talkgadget.google.com
2014-04-02 14:12:16,0.talkgadget.google.com
2014-04-02 14:12:17,docs.google.com
2014-04-02 14:12:17,1.talkgadget.google.com
2014-04-02 14:12:29,docs.google.com
2014-04-02 14:12:30,1.docs.google.com
2014-04-02 14:12:30,docs.google.com
2014-04-02 14:12:30,plus.google.com
2014-04-02 14:12:30,1.talkgadget.google.com
2014-04-02 14:12:32,1.talkgadget.google.com
2014-04-02 14:12:33,clients2.google.com
2014-04-02 14:12:36,1.talkgadget.google.com
2014-04-02 14:12:38,www.google.com
2014-04-02 14:12:39,clients2.google.com
2014-04-02 14:12:43,apis.google.com
2014-04-02 14:12:43,2.docs.google.com
2014-04-02 14:12:44,clients6.google.com
2014-04-02 14:12:45,accounts.google.com
2014-04-02 14:12:46,2.docs.google.com
2014-04-02 14:13:30,accounts.google.com
2014-04-02 14:13:30,www.google.com
2014-04-02 14:13:30,docs.google.com
2014-04-02 14:13:30,apis.google.com
2014-04-02 14:13:30,clients6.google.com
2014-04-02 14:14:00,drive.google.com
2014-04-02 14:14:07,www.google.fr
2014-04-02 14:14:08,mail.google.com
2014-04-02 14:14:08,www.google.fr
2014-04-02 14:14:20,docs.google.com
2014-04-02 14:14:20,www.google.fr
2014-04-02 14:14:20,translate.google.fr
2014-04-02 14:14:21,translate.google.fr
2014-04-02 14:14:21,plus.google.com
2014-04-02 14:14:21,www.google.fr
2014-04-02 14:14:22,translate.google.fr
2014-04-02 14:14:23,translate.google.fr
2014-04-02 14:14:24,translate.google.fr
2014-04-02 14:14:25,translate.google.fr
2014-04-02 14:14:27,translate.google.fr
2014-04-02 14:14:28,translate.google.fr
2014-04-02 14:14:47,plus.google.com
2014-04-02 14:15:10,plus.google.com
2014-04-02 14:15:42,drive.google.com
2014-04-02 14:16:02,docs.google.com
2014-04-02 14:16:17,www.google.com
2014-04-02 14:18:13,www.google.fr
2014-04-02 14:18:24,plus.google.com
2014-04-02 14:19:08,mail.google.com
2014-04-02 14:19:37,docs.google.com
2014-04-02 14:20:00,drive.google.com
2014-04-02 14:21:01,mail.google.com
2014-04-02 14:22:14,www.google.fr
2014-04-02 14:22:14,mail.google.com
2014-04-02 14:22:17,0.talkgadget.google.com
2014-04-02 14:22:21,www.google.fr
2014-04-02 14:22:22,mail.google.com
2014-04-02 14:22:27,www.google.fr
2014-04-02 14:22:29,www.google.fr
2014-04-02 14:22:32,www.google.fr
2014-04-02 14:22:35,accounts.google.com
2014-04-02 14:22:35,mail.google.com
2014-04-02 14:22:56,clients2.google.com
2014-04-02 14:23:39,chatenabled.mail.google.com
2014-04-02 14:23:39,apis.google.com
2014-04-02 14:23:56,www.google.com
2014-04-02 14:23:56,docs.google.com
2014-04-02 14:23:58,clients2.google.com
2014-04-02 14:24:01,3.docs.google.com
2014-04-02 14:24:05,www.google.com
2014-04-02 14:24:06,docs.google.com
2014-04-02 14:24:07,3.docs.google.com
2014-04-02 14:24:08,3.talkgadget.google.com
2014-04-02 14:24:08,docs.google.com
2014-04-02 14:24:09,docs.google.com
2014-04-02 14:24:12,docs.google.com
2014-04-02 14:24:15,plus.google.com
2014-04-02 14:24:18,3.talkgadget.google.com
2014-04-02 14:24:18,docs.google.com
2014-04-02 14:24:18,accounts.google.com
2014-04-02 14:24:18,clients6.google.com
2014-04-02 14:24:18,apis.google.com
2014-04-02 14:24:18,plus.google.com
2014-04-02 14:25:00,plus.google.com
2014-04-02 14:25:12,3.talkgadget.google.com
2014-04-02 14:25:16,0.talkgadget.google.com
2014-04-02 14:25:34,mail.google.com
2014-04-02 14:26:42,3.talkgadget.google.com
2014-04-02 14:26:56,www.google.com
2014-04-02 14:27:17,0.talkgadget.google.com
2014-04-02 14:27:44,plus.google.com
2014-04-02 14:27:51,translate.google.com
2014-04-02 14:27:51,plus.google.com
2014-04-02 14:27:52,translate.google.com
2014-04-02 14:27:53,translate.google.com
2014-04-02 14:27:54,translate.google.com
2014-04-02 14:27:55,translate.google.com
2014-04-02 14:27:56,translate.google.com
2014-04-02 14:27:57,translate.google.com
2014-04-02 14:27:58,translate.google.com
2014-04-02 14:27:59,translate.google.com
2014-04-02 14:28:01,drive.google.com
2014-04-02 14:28:02,translate.google.com
2014-04-02 14:28:04,translate.google.com
2014-04-02 14:28:08,translate.google.com
2014-04-02 14:28:21,translate.google.com
2014-04-02 14:28:23,translate.google.com
2014-04-02 14:28:23,www.google.com
2014-04-02 14:28:23,mail.google.com
2014-04-02 14:28:25,translate.google.com
2014-04-02 14:28:28,translate.google.com
2014-04-02 14:28:29,translate.google.com
2014-04-02 14:29:00,docs.google.com
2014-04-02 14:29:05,translate.google.com
2014-04-02 14:29:05,plus.google.com
2014-04-02 14:29:08,translate.google.com
2014-04-02 14:29:10,translate.google.com
2014-04-02 14:29:12,www.google.com
2014-04-02 14:29:13,translate.google.com
2014-04-02 14:29:14,mail.google.com
2014-04-02 14:29:14,translate.google.com
2014-04-02 14:29:19,translate.google.com
2014-04-02 14:30:01,drive.google.com
2014-04-02 14:33:08,plus.google.com
2014-04-02 14:33:34,translate.google.com
2014-04-02 14:33:37,docs.google.com
2014-04-02 14:33:39,translate.google.com
2014-04-02 14:34:00,translate.google.com
2014-04-02 14:34:01,drive.google.com
2014-04-02 14:34:02,translate.google.com
2014-04-02 14:34:03,translate.google.com
2014-04-02 14:34:10,translate.google.com
2014-04-02 14:34:16,translate.google.com
2014-04-02 14:34:18,translate.google.com
2014-04-02 14:34:19,translate.google.com
2014-04-02 14:34:23,translate.google.com
2014-04-02 14:34:24,translate.google.com
2014-04-02 14:34:25,translate.google.com
2014-04-02 14:34:27,translate.google.com
2014-04-02 14:34:31,translate.google.com
2014-04-02 14:34:38,translate.google.com
2014-04-02 14:34:40,translate.google.com
2014-04-02 14:34:45,translate.google.com
2014-04-02 14:34:46,translate.google.com
2014-04-02 14:34:52,translate.google.com
2014-04-02 14:34:54,translate.google.com
2014-04-02 14:34:55,translate.google.com
2014-04-02 14:35:00,translate.google.com
2014-04-02 14:35:11,translate.google.com
2014-04-02 14:35:12,translate.google.com
2014-04-02 14:35:13,translate.google.com
2014-04-02 14:35:16,translate.google.com
2014-04-02 14:35:19,translate.google.com
2014-04-02 14:35:21,translate.google.com
2014-04-02 14:35:22,translate.google.com
2014-04-02 14:35:24,docs.google.com
2014-04-02 14:36:16,0.talkgadget.google.com
2014-04-02 14:37:35,mail.google.com
2014-04-02 14:38:30,docs.google.com
2014-04-02 14:39:17,0.talkgadget.google.com
2014-04-02 14:40:33,docs.google.com
2014-04-02 14:41:14,mail.google.com
2014-04-02 14:42:01,drive.google.com
2014-04-02 14:42:47,docs.google.com
2014-04-02 14:44:08,plus.google.com
2014-04-02 14:44:46,translate.google.com
2014-04-02 14:44:47,translate.google.com
2014-04-02 14:44:47,plus.google.com
2014-04-02 14:44:52,translate.google.com
2014-04-02 14:44:53,translate.google.com
2014-04-02 14:44:53,inputtools.google.com
2014-04-02 14:44:58,translate.google.com
2014-04-02 14:45:01,translate.google.com
2014-04-02 14:45:03,translate.google.com
2014-04-02 14:45:05,translate.google.com
2014-04-02 14:45:06,translate.google.com
2014-04-02 14:45:07,translate.google.com
2014-04-02 14:45:11,translate.google.com
2014-04-02 14:45:15,translate.google.com
2014-04-02 14:45:16,translate.google.com
2014-04-02 14:45:21,translate.google.com
2014-04-02 14:46:08,mail.google.com
2014-04-02 14:46:16,0.talkgadget.google.com
2014-04-02 14:46:54,translate.google.com
2014-04-02 14:46:54,inputtools.google.com
2014-04-02 14:46:55,translate.google.com
2014-04-02 14:46:56,translate.google.com
2014-04-02 14:46:57,translate.google.com
2014-04-02 14:47:01,translate.google.com
2014-04-02 14:47:02,translate.google.com
2014-04-02 14:47:03,translate.google.com
2014-04-02 14:47:04,translate.google.com
2014-04-02 14:47:05,translate.google.com
2014-04-02 14:47:06,translate.google.com
2014-04-02 14:47:08,mail.google.com
2014-04-02 14:47:09,translate.google.com
2014-04-02 14:47:10,translate.google.com
2014-04-02 14:47:11,translate.google.com
2014-04-02 14:47:16,translate.google.com
2014-04-02 14:47:35,translate.google.com
2014-04-02 14:47:36,translate.google.com
2014-04-02 14:47:37,translate.google.com
2014-04-02 14:47:42,translate.google.com
2014-04-02 14:47:55,translate.google.com
2014-04-02 14:47:56,translate.google.com
2014-04-02 14:47:57,translate.google.com
2014-04-02 14:48:02,translate.google.com
2014-04-02 14:48:02,inputtools.google.com
2014-04-02 14:48:21,translate.google.com
2014-04-02 14:48:22,translate.google.com
2014-04-02 14:48:25,translate.google.com
2014-04-02 14:48:27,translate.google.com
2014-04-02 14:48:28,translate.google.com
2014-04-02 14:48:33,translate.google.com
2014-04-02 14:48:35,translate.google.com
2014-04-02 14:48:38,translate.google.com
2014-04-02 14:48:39,translate.google.com
2014-04-02 14:48:40,translate.google.com
2014-04-02 14:48:41,translate.google.com
2014-04-02 14:48:45,translate.google.com
2014-04-02 14:48:49,translate.google.com
2014-04-02 14:48:51,translate.google.com
2014-04-02 14:49:19,translate.google.com
2014-04-02 14:49:20,translate.google.com
2014-04-02 14:49:21,translate.google.com
2014-04-02 14:49:23,translate.google.com
2014-04-02 14:49:28,translate.google.com
2014-04-02 14:49:32,translate.google.com
2014-04-02 14:49:38,docs.google.com
2014-04-02 14:49:38,0.talkgadget.google.com
2014-04-02 14:49:55,translate.google.com
2014-04-02 14:49:55,inputtools.google.com
2014-04-02 14:50:00,translate.google.com
2014-04-02 14:50:04,translate.google.com
2014-04-02 14:50:06,translate.google.com
2014-04-02 14:50:11,translate.google.com
2014-04-02 14:50:27,translate.google.com
2014-04-02 14:50:29,translate.google.com
2014-04-02 14:50:30,translate.google.com
2014-04-02 14:50:31,translate.google.com
2014-04-02 14:50:33,translate.google.com
2014-04-02 14:50:34,translate.google.com
2014-04-02 14:50:35,translate.google.com
2014-04-02 14:50:41,translate.google.com
2014-04-02 14:51:17,translate.google.com
2014-04-02 14:51:18,translate.google.com
2014-04-02 14:51:20,translate.google.com
2014-04-02 14:51:21,translate.google.com
2014-04-02 14:51:23,translate.google.com
2014-04-02 14:51:24,translate.google.com
2014-04-02 14:51:28,translate.google.com
2014-04-02 14:51:33,translate.google.com
2014-04-02 14:51:35,translate.google.com
2014-04-02 14:51:38,translate.google.com
2014-04-02 14:51:41,translate.google.com
2014-04-02 14:51:42,translate.google.com
2014-04-02 14:51:43,translate.google.com
2014-04-02 14:51:45,translate.google.com
2014-04-02 14:51:50,translate.google.com
2014-04-02 14:51:51,docs.google.com
2014-04-02 14:52:01,drive.google.com
2014-04-02 14:52:57,docs.google.com
2014-04-02 14:53:23,translate.google.com
2014-04-02 14:53:24,translate.google.com
2014-04-02 14:53:29,translate.google.com
2014-04-02 14:53:38,0.docs.google.com
2014-04-02 14:53:38,0.talkgadget.google.com
2014-04-02 14:56:05,translate.google.com
2014-04-02 14:56:06,translate.google.com
2014-04-02 14:56:09,translate.google.com
2014-04-02 14:56:10,translate.google.com
2014-04-02 14:56:15,translate.google.com
2014-04-02 14:56:24,docs.google.com
2014-04-02 14:56:35,accounts.google.com
2014-04-02 14:56:35,translate.google.com
2014-04-02 14:56:37,translate.google.com
2014-04-02 14:56:42,translate.google.com
2014-04-02 14:56:46,translate.google.com
2014-04-02 14:56:47,translate.google.com
2014-04-02 14:56:49,translate.google.com
2014-04-02 14:56:52,translate.google.com
2014-04-02 14:56:53,translate.google.com
2014-04-02 14:58:32,inputtools.google.com
2014-04-02 14:58:57,docs.google.com
2014-04-02 15:00:17,translate.google.com
2014-04-02 15:02:00,drive.google.com
2014-04-02 15:02:12,plus.google.com
2014-04-02 15:04:00,docs.google.com
2014-04-02 15:04:15,3.talkgadget.google.com
2014-04-02 15:04:16,plus.google.com
2014-04-02 15:06:01,drive.google.com
2014-04-02 15:08:24,www.google.fr
2014-04-02 15:10:12,docs.google.com
2014-04-02 15:11:35,1.drive.google.com
2014-04-02 15:12:27,plus.google.com
2014-04-02 15:12:31,www.google.fr
2014-04-02 15:13:45,2.docs.google.com
2014-04-02 15:14:00,drive.google.com
2014-04-02 15:14:15,3.talkgadget.google.com
2014-04-02 15:14:37,docs.google.com
2014-04-02 15:18:00,drive.google.com
2014-04-02 15:18:15,3.talkgadget.google.com
2014-04-02 15:20:39,docs.google.com
2014-04-02 15:21:15,3.talkgadget.google.com
2014-04-02 15:21:23,plus.google.com
2014-04-02 15:22:01,drive.google.com
2014-04-02 15:22:17,3.talkgadget.google.com
2014-04-02 15:23:35,docs.google.com
2014-04-02 15:24:16,plus.google.com
2014-04-02 15:24:45,3.talkgadget.google.com
2014-04-02 15:24:53,3.docs.google.com
2014-04-02 15:26:15,docs.google.com
2014-04-02 15:27:18,3.talkgadget.google.com
2014-04-02 15:28:03,drive.google.com
2014-04-02 15:29:25,docs.google.com
2014-04-02 15:32:18,3.talkgadget.google.com
2014-04-02 15:32:23,docs.google.com
2014-04-02 15:33:04,docs.google.com
2014-04-02 15:33:05,3.talkgadget.google.com
2014-04-02 15:33:09,3.talkgadget.google.com
2014-04-02 15:33:09,2.docs.google.com
2014-04-02 15:33:09,docs.google.com
2014-04-02 15:33:09,3.docs.google.com
2014-04-02 15:33:10,1.drive.google.com
2014-04-02 15:33:10,drive.google.com
