timestamp,site
2014-01-17 14:45:40,google.fr
2014-01-17 14:45:40,www.google.fr
2014-01-17 14:45:41,www.google.fr
2014-01-17 14:45:42,www.bing.com
2014-01-17 14:45:42,www.google.com
2014-01-17 14:45:42,apis.google.com
2014-01-17 14:45:50,www.google.fr
2014-01-17 14:45:50,www.google.com
2014-01-17 14:45:50,apis.google.com
2014-01-17 14:47:41,go.microsoft.com
2014-01-17 14:47:41,ieonline.microsoft.com
2014-01-25 10:28:14,fpdownload2.macromedia.com
2014-01-25 10:28:32,go.microsoft.com
2014-01-25 10:28:32,www.iegallery.com
2014-01-25 10:28:33,www.iegallery.com
2014-01-25 10:28:35,www.iegallery.com
2014-01-25 10:28:36,www.iegallery.com
2014-01-25 10:28:41,api.bing.com
2014-01-25 10:28:43,api.bing.com
2014-01-25 10:28:44,www.bing.com
2014-01-25 10:28:45,www.bing.com
2014-01-25 10:28:46,cms.abmr.net
2014-01-25 10:28:46,login.live.com
2014-01-25 10:28:46,www.bing.com
2014-01-25 10:31:18,api.bing.com
2014-01-25 10:31:19,api.bing.com
2014-01-25 10:31:20,api.bing.com
2014-01-25 10:31:21,api.bing.com
2014-01-25 10:31:25,www.bing.com
2014-01-25 10:31:28,login.live.com
2014-01-25 10:31:28,ssl.bing.com
2014-01-25 10:31:28,www.bing.com
2014-01-25 10:31:33,accounts.google.com
2014-01-25 10:31:33,www.bing.com
2014-01-25 10:31:33,mail.google.com
2014-01-25 10:31:34,ssl.bing.com
2014-01-25 10:31:34,accounts.google.com
2014-01-25 10:31:35,accounts.youtube.com
2014-01-25 10:31:35,accounts.google.com
2014-01-25 10:31:35,mail.google.com
2014-01-25 10:32:04,accounts.youtube.com
2014-01-25 10:32:25,accounts.google.fr
2014-01-25 10:32:25,mail.google.com
2014-01-25 10:32:26,mail.google.com
2014-01-25 10:32:27,accounts.google.fr
2014-01-25 10:32:27,accounts.google.com
2014-01-25 10:32:35,accounts.youtube.com
2014-01-25 10:32:35,accounts.google.com
2014-01-25 10:32:35,mail.google.com
2014-01-25 10:32:36,accounts.google.fr
2014-01-25 10:32:36,accounts.youtube.com
2014-01-25 10:32:36,accounts.google.com
2014-01-25 10:32:37,mail.google.com
2014-01-25 10:32:50,mail.google.com
2014-01-25 10:32:50,www.google.com
2014-01-25 10:32:51,www.google.com
2014-01-25 10:32:51,mail.google.com
2014-01-25 10:32:51,clients2.google.com
2014-01-25 10:32:52,mail.google.com
2014-01-25 10:32:52,clients2.google.com
2014-01-25 10:32:52,plus.google.com
2014-01-25 10:32:52,apis.google.com
2014-01-25 10:32:54,mail.google.com
2014-01-25 10:32:56,mail.google.com
2014-01-25 10:32:59,www.google.com
2014-01-25 10:33:00,plus.google.com
2014-01-25 10:33:00,apis.google.com
2014-01-25 10:33:00,www.google.com
2014-01-25 10:33:01,apis.google.com
2014-01-25 10:33:01,mail.google.com
2014-01-25 10:33:01,accounts.google.com
2014-01-25 10:33:02,mail.google.com
2014-01-25 10:33:02,chatenabled.mail.google.com
2014-01-25 10:33:03,plus.google.com
2014-01-25 10:33:03,b.mail.google.com
2014-01-25 10:33:03,chatenabled.mail.google.com
2014-01-25 10:33:03,mail.google.com
2014-01-25 10:33:11,plus.google.com
2014-01-25 10:33:11,mail.google.com
2014-01-25 10:33:15,mail.google.com
2014-01-25 10:33:16,mail.google.com
2014-01-25 10:33:18,apis.google.com
2014-01-25 10:33:19,apis.google.com
2014-01-25 10:33:29,apis.google.com
2014-01-25 10:33:37,mail.google.com
2014-01-25 10:33:39,apis.google.com
2014-01-25 10:33:40,apis.google.com
2014-01-25 10:33:43,apis.google.com
2014-01-25 10:33:43,mail.google.com
2014-01-25 10:34:27,miniinthebox.chtah.com
2014-01-25 10:34:28,miniimg5.rightinthebox.com
2014-01-25 10:34:28,www.miniinthebox.com
2014-01-25 10:34:28,minijscss.rightinthebox.com
2014-01-25 10:34:28,litbimg.rightinthebox.com
2014-01-25 10:34:28,miniimg6.rightinthebox.com
2014-01-25 10:34:28,miniimg7.rightinthebox.com
2014-01-25 10:34:28,miniimg8.rightinthebox.com
2014-01-25 10:34:28,miniimg1.rightinthebox.com
2014-01-25 10:34:28,miniimg3.rightinthebox.com
2014-01-25 10:34:28,miniimg2.rightinthebox.com
2014-01-25 10:34:28,miniimg.rightinthebox.com
2014-01-25 10:34:29,minijscss.rightinthebox.com
2014-01-25 10:34:30,minijscss.rightinthebox.com
2014-01-25 10:34:30,miniimg7.rightinthebox.com
2014-01-25 10:34:30,miniimg5.rightinthebox.com
2014-01-25 10:34:30,litbimg.rightinthebox.com
2014-01-25 10:34:30,platform.twitter.com
2014-01-25 10:34:30,apis.google.com
2014-01-25 10:34:31,apis.google.com
2014-01-25 10:34:31,www.facebook.com
2014-01-25 10:34:31,www.miniinthebox.com
2014-01-25 10:34:31,d3cxv97fi8q177.cloudfront.net
2014-01-25 10:34:31,www.google.com
2014-01-25 10:34:31,miniimg.rightinthebox.com
2014-01-25 10:34:31,minijscss.rightinthebox.com
2014-01-25 10:34:31,platform.twitter.com
2014-01-25 10:34:32,twitter.com
2014-01-25 10:34:32,www.miniinthebox.com
2014-01-25 10:34:32,d3cxv97fi8q177.cloudfront.net
2014-01-25 10:34:33,apis.google.com
2014-01-25 10:34:35,www.facebook.com
2014-01-25 10:34:35,serv3.vizury.com
2014-01-25 10:35:01,passets.pinterest.com
2014-01-25 10:35:01,widgets.pinterest.com
2014-01-25 10:35:01,assets.pinterest.com
2014-01-25 10:35:01,www.facebook.com
2014-01-25 10:35:02,www.miniinthebox.com
2014-01-25 10:35:03,twitter.com
2014-01-25 10:35:04,www.facebook.com
2014-01-25 10:35:04,widgets.pinterest.com
2014-01-25 10:35:05,www.facebook.com
2014-01-25 10:35:05,widgets.pinterest.com
2014-01-25 10:35:06,miniimg3.rightinthebox.com
2014-01-25 10:35:06,miniimg7.rightinthebox.com
2014-01-25 10:35:06,miniimg2.rightinthebox.com
2014-01-25 10:35:06,miniimg4.rightinthebox.com
2014-01-25 10:35:06,www.facebook.com
2014-01-25 10:35:06,widgets.pinterest.com
2014-01-25 10:35:07,widgets.pinterest.com
2014-01-25 10:35:07,www.facebook.com
2014-01-25 10:35:07,miniimg5.rightinthebox.com
2014-01-25 10:35:07,miniimg7.rightinthebox.com
2014-01-25 10:35:07,miniimg6.rightinthebox.com
2014-01-25 10:35:08,www.facebook.com
2014-01-25 10:35:08,widgets.pinterest.com
2014-01-25 10:35:08,miniimg6.rightinthebox.com
2014-01-25 10:35:08,miniimg2.rightinthebox.com
2014-01-25 10:35:08,miniimg3.rightinthebox.com
2014-01-25 10:35:08,miniimg8.rightinthebox.com
2014-01-25 10:35:09,miniimg6.rightinthebox.com
2014-01-25 10:35:09,www.facebook.com
2014-01-25 10:35:09,widgets.pinterest.com
2014-01-25 10:35:09,miniimg4.rightinthebox.com
2014-01-25 10:35:11,miniimg8.rightinthebox.com
2014-01-25 10:35:11,miniimg3.rightinthebox.com
2014-01-25 10:35:11,miniimg5.rightinthebox.com
2014-01-25 10:35:11,www.facebook.com
2014-01-25 10:35:11,widgets.pinterest.com
2014-01-25 10:35:12,miniimg1.rightinthebox.com
2014-01-25 10:35:13,miniimg7.rightinthebox.com
2014-01-25 10:35:13,miniimg3.rightinthebox.com
2014-01-25 10:35:13,www.facebook.com
2014-01-25 10:35:13,widgets.pinterest.com
2014-01-25 10:35:13,miniimg1.rightinthebox.com
2014-01-25 10:35:18,miniimg2.rightinthebox.com
2014-01-25 10:35:18,miniimg4.rightinthebox.com
2014-01-25 10:35:18,miniimg3.rightinthebox.com
2014-01-25 10:35:19,miniimg3.rightinthebox.com
2014-01-25 10:35:19,miniimg5.rightinthebox.com
2014-01-25 10:35:19,miniimg4.rightinthebox.com
2014-01-25 10:35:19,miniimg8.rightinthebox.com
2014-01-25 10:35:21,miniimg3.rightinthebox.com
2014-01-25 10:35:21,miniimg7.rightinthebox.com
2014-01-25 10:35:21,miniimg6.rightinthebox.com
2014-01-25 10:35:21,miniimg8.rightinthebox.com
2014-01-25 10:35:33,www.facebook.com
2014-01-25 10:35:34,widgets.pinterest.com
2014-01-25 10:35:40,www.miniinthebox.com
2014-01-25 10:35:41,miniimg1.rightinthebox.com
2014-01-25 10:35:42,miniimg2.rightinthebox.com
2014-01-25 10:35:42,miniimg1.rightinthebox.com
2014-01-25 10:35:42,miniimg6.rightinthebox.com
2014-01-25 10:35:42,miniimg7.rightinthebox.com
2014-01-25 10:35:42,miniimg4.rightinthebox.com
2014-01-25 10:35:42,miniimg5.rightinthebox.com
2014-01-25 10:35:42,miniimg3.rightinthebox.com
2014-01-25 10:35:42,miniimg8.rightinthebox.com
2014-01-25 10:35:43,www.google.com
2014-01-25 10:35:43,www.facebook.com
2014-01-25 10:35:44,www.miniinthebox.com
2014-01-25 10:35:44,www.facebook.com
2014-01-25 10:35:45,assets.pinterest.com
2014-01-25 10:35:45,widgets.pinterest.com
2014-01-25 10:35:46,www.facebook.com
2014-01-25 10:35:46,widgets.pinterest.com
2014-01-25 10:35:46,www.miniinthebox.com
2014-01-25 10:35:46,miniimg1.rightinthebox.com
2014-01-25 10:35:46,miniimg2.rightinthebox.com
2014-01-25 10:35:46,miniimg7.rightinthebox.com
2014-01-25 10:35:47,serv3.vizury.com
2014-01-25 10:35:47,www.facebook.com
2014-01-25 10:35:48,miniimg7.rightinthebox.com
2014-01-25 10:35:48,miniimg1.rightinthebox.com
2014-01-25 10:35:48,miniimg2.rightinthebox.com
2014-01-25 10:35:48,widgets.pinterest.com
2014-01-25 10:35:48,twitter.com
2014-01-25 10:35:48,miniimg3.rightinthebox.com
2014-01-25 10:35:48,miniimg8.rightinthebox.com
2014-01-25 10:35:48,www.facebook.com
2014-01-25 10:35:50,widgets.pinterest.com
2014-01-25 10:35:50,miniimg8.rightinthebox.com
2014-01-25 10:35:50,www.facebook.com
2014-01-25 10:35:50,miniimg4.rightinthebox.com
2014-01-25 10:35:50,miniimg3.rightinthebox.com
2014-01-25 10:35:51,www.facebook.com
2014-01-25 10:35:51,widgets.pinterest.com
2014-01-25 10:35:56,www.facebook.com
2014-01-25 10:35:56,widgets.pinterest.com
2014-01-25 10:35:56,miniimg6.rightinthebox.com
2014-01-25 10:35:56,miniimg7.rightinthebox.com
2014-01-25 10:35:57,www.facebook.com
2014-01-25 10:35:57,widgets.pinterest.com
2014-01-25 10:35:58,miniimg8.rightinthebox.com
2014-01-25 10:35:58,miniimg2.rightinthebox.com
2014-01-25 10:35:58,miniimg5.rightinthebox.com
2014-01-25 10:35:58,miniimg4.rightinthebox.com
2014-01-25 10:36:00,miniimg2.rightinthebox.com
2014-01-25 10:36:00,miniimg8.rightinthebox.com
2014-01-25 10:36:00,miniimg7.rightinthebox.com
2014-01-25 10:36:00,www.facebook.com
2014-01-25 10:36:00,widgets.pinterest.com
2014-01-25 10:36:01,www.facebook.com
2014-01-25 10:36:01,widgets.pinterest.com
2014-01-25 10:36:02,miniimg4.rightinthebox.com
2014-01-25 10:36:02,miniimg5.rightinthebox.com
2014-01-25 10:36:03,www.facebook.com
2014-01-25 10:36:03,widgets.pinterest.com
2014-01-25 10:36:12,www.miniinthebox.com
2014-01-25 10:36:13,miniimg8.rightinthebox.com
2014-01-25 10:36:13,miniimg6.rightinthebox.com
2014-01-25 10:36:13,miniimg5.rightinthebox.com
2014-01-25 10:36:13,miniimg3.rightinthebox.com
2014-01-25 10:36:13,miniimg1.rightinthebox.com
2014-01-25 10:36:14,miniimg3.rightinthebox.com
2014-01-25 10:36:14,miniimg8.rightinthebox.com
2014-01-25 10:36:14,miniimg6.rightinthebox.com
2014-01-25 10:36:15,www.facebook.com
2014-01-25 10:36:15,d3cxv97fi8q177.cloudfront.net
2014-01-25 10:36:15,www.google.com
2014-01-25 10:36:15,miniimg7.rightinthebox.com
2014-01-25 10:36:16,www.miniinthebox.com
2014-01-25 10:36:19,serv3.vizury.com
2014-01-25 10:36:19,assets.pinterest.com
2014-01-25 10:36:19,www.facebook.com
2014-01-25 10:36:20,widgets.pinterest.com
2014-01-25 10:36:20,www.facebook.com
2014-01-25 10:36:20,www.miniinthebox.com
2014-01-25 10:36:21,twitter.com
2014-01-25 10:36:21,www.facebook.com
2014-01-25 10:36:21,miniimg3.rightinthebox.com
2014-01-25 10:36:21,miniimg1.rightinthebox.com
2014-01-25 10:36:21,widgets.pinterest.com
2014-01-25 10:36:22,miniimg1.rightinthebox.com
2014-01-25 10:36:22,miniimg5.rightinthebox.com
2014-01-25 10:36:22,miniimg8.rightinthebox.com
2014-01-25 10:36:22,miniimg6.rightinthebox.com
2014-01-25 10:36:23,www.facebook.com
2014-01-25 10:36:23,widgets.pinterest.com
2014-01-25 10:36:24,miniimg2.rightinthebox.com
2014-01-25 10:36:24,www.facebook.com
2014-01-25 10:36:24,widgets.pinterest.com
2014-01-25 10:36:24,miniimg6.rightinthebox.com
2014-01-25 10:36:24,miniimg8.rightinthebox.com
2014-01-25 10:36:24,miniimg4.rightinthebox.com
2014-01-25 10:36:25,miniimg4.rightinthebox.com
2014-01-25 10:36:25,www.facebook.com
2014-01-25 10:36:25,miniimg5.rightinthebox.com
2014-01-25 10:36:25,miniimg1.rightinthebox.com
2014-01-25 10:36:25,miniimg2.rightinthebox.com
2014-01-25 10:36:25,widgets.pinterest.com
2014-01-25 10:36:26,miniimg8.rightinthebox.com
2014-01-25 10:36:26,widgets.pinterest.com
2014-01-25 10:36:26,miniimg6.rightinthebox.com
2014-01-25 10:36:26,miniimg4.rightinthebox.com
2014-01-25 10:36:26,www.facebook.com
2014-01-25 10:36:26,miniimg5.rightinthebox.com
2014-01-25 10:36:26,miniimg7.rightinthebox.com
2014-01-25 10:36:27,www.facebook.com
2014-01-25 10:36:27,widgets.pinterest.com
2014-01-25 10:36:28,miniimg4.rightinthebox.com
2014-01-25 10:36:28,miniimg5.rightinthebox.com
2014-01-25 10:36:28,miniimg8.rightinthebox.com
2014-01-25 10:36:28,miniimg7.rightinthebox.com
2014-01-25 10:36:29,widgets.pinterest.com
2014-01-25 10:36:29,www.facebook.com
2014-01-25 10:36:33,www.facebook.com
2014-01-25 10:36:33,widgets.pinterest.com
2014-01-25 10:36:44,www.miniinthebox.com
2014-01-25 10:36:45,miniimg1.rightinthebox.com
2014-01-25 10:36:45,miniimg3.rightinthebox.com
2014-01-25 10:36:45,miniimg8.rightinthebox.com
2014-01-25 10:36:45,miniimg7.rightinthebox.com
2014-01-25 10:36:45,miniimg4.rightinthebox.com
2014-01-25 10:36:45,miniimg5.rightinthebox.com
2014-01-25 10:36:46,miniimg8.rightinthebox.com
2014-01-25 10:36:46,miniimg4.rightinthebox.com
2014-01-25 10:36:46,miniimg7.rightinthebox.com
2014-01-25 10:36:47,www.miniinthebox.com
2014-01-25 10:36:47,miniimg1.rightinthebox.com
2014-01-25 10:36:47,miniimg3.rightinthebox.com
2014-01-25 10:36:47,d3cxv97fi8q177.cloudfront.net
2014-01-25 10:36:47,miniimg8.rightinthebox.com
2014-01-25 10:36:47,www.facebook.com
2014-01-25 10:36:47,www.google.com
2014-01-25 10:36:48,www.facebook.com
2014-01-25 10:36:48,assets.pinterest.com
2014-01-25 10:36:48,widgets.pinterest.com
2014-01-25 10:36:50,www.facebook.com
2014-01-25 10:36:51,serv3.vizury.com
2014-01-25 10:36:54,www.miniinthebox.com
2014-01-25 10:36:55,miniimg1.rightinthebox.com
2014-01-25 10:36:55,miniimg2.rightinthebox.com
2014-01-25 10:36:55,miniimg6.rightinthebox.com
2014-01-25 10:36:56,widgets.pinterest.com
2014-01-25 10:36:56,www.facebook.com
2014-01-25 10:37:04,widgets.pinterest.com
2014-01-25 10:37:04,www.facebook.com
2014-01-25 10:37:04,miniimg1.rightinthebox.com
2014-01-25 10:37:04,twitter.com
2014-01-25 10:37:04,miniimg6.rightinthebox.com
2014-01-25 10:37:04,miniimg8.rightinthebox.com
2014-01-25 10:37:05,widgets.pinterest.com
2014-01-25 10:37:05,www.facebook.com
2014-01-25 10:37:06,widgets.pinterest.com
2014-01-25 10:37:07,miniimg7.rightinthebox.com
2014-01-25 10:37:07,widgets.pinterest.com
2014-01-25 10:37:07,miniimg1.rightinthebox.com
2014-01-25 10:37:07,miniimg2.rightinthebox.com
2014-01-25 10:37:07,www.facebook.com
2014-01-25 10:37:09,www.facebook.com
2014-01-25 10:37:09,widgets.pinterest.com
2014-01-25 10:37:11,miniimg7.rightinthebox.com
2014-01-25 10:37:12,miniimg2.rightinthebox.com
2014-01-25 10:37:12,miniimg4.rightinthebox.com
2014-01-25 10:37:12,miniimg1.rightinthebox.com
2014-01-25 10:37:13,miniimg1.rightinthebox.com
2014-01-25 10:37:13,miniimg8.rightinthebox.com
2014-01-25 10:37:13,miniimg4.rightinthebox.com
2014-01-25 10:37:15,www.facebook.com
2014-01-25 10:37:15,widgets.pinterest.com
2014-01-25 10:37:15,miniimg5.rightinthebox.com
2014-01-25 10:37:15,miniimg6.rightinthebox.com
2014-01-25 10:37:15,miniimg8.rightinthebox.com
2014-01-25 10:37:16,www.facebook.com
2014-01-25 10:37:16,widgets.pinterest.com
2014-01-25 10:37:17,www.facebook.com
2014-01-25 10:37:17,widgets.pinterest.com
2014-01-25 10:37:17,miniimg6.rightinthebox.com
2014-01-25 10:37:17,miniimg3.rightinthebox.com
2014-01-25 10:37:17,miniimg2.rightinthebox.com
2014-01-25 10:37:19,www.facebook.com
2014-01-25 10:37:19,widgets.pinterest.com
2014-01-25 10:37:19,miniimg7.rightinthebox.com
2014-01-25 10:37:19,miniimg6.rightinthebox.com
2014-01-25 10:37:19,miniimg2.rightinthebox.com
2014-01-25 10:37:20,www.facebook.com
2014-01-25 10:37:21,www.facebook.com
2014-01-25 10:37:21,widgets.pinterest.com
2014-01-25 10:37:22,www.facebook.com
2014-01-25 10:37:22,widgets.pinterest.com
2014-01-25 10:37:23,www.facebook.com
2014-01-25 10:37:23,widgets.pinterest.com
2014-01-25 10:37:26,www.miniinthebox.com
2014-01-25 10:37:28,miniimg5.rightinthebox.com
2014-01-25 10:37:28,miniimg1.rightinthebox.com
2014-01-25 10:37:28,miniimg4.rightinthebox.com
2014-01-25 10:37:28,miniimg8.rightinthebox.com
2014-01-25 10:37:28,miniimg7.rightinthebox.com
2014-01-25 10:37:28,miniimg6.rightinthebox.com
2014-01-25 10:37:29,miniimg7.rightinthebox.com
2014-01-25 10:37:29,miniimg2.rightinthebox.com
2014-01-25 10:37:29,miniimg6.rightinthebox.com
2014-01-25 10:37:29,miniimg5.rightinthebox.com
2014-01-25 10:37:30,www.facebook.com
2014-01-25 10:37:30,d3cxv97fi8q177.cloudfront.net
2014-01-25 10:37:30,www.google.com
2014-01-25 10:37:31,miniimg2.rightinthebox.com
2014-01-25 10:37:31,www.miniinthebox.com
2014-01-25 10:37:31,miniimg6.rightinthebox.com
2014-01-25 10:37:33,twitter.com
2014-01-25 10:37:33,miniimg2.rightinthebox.com
2014-01-25 10:37:33,miniimg8.rightinthebox.com
2014-01-25 10:37:33,miniimg3.rightinthebox.com
2014-01-25 10:37:33,miniimg6.rightinthebox.com
2014-01-25 10:37:33,miniimg4.rightinthebox.com
2014-01-25 10:37:33,miniimg5.rightinthebox.com
2014-01-25 10:37:33,miniimg1.rightinthebox.com
2014-01-25 10:37:34,www.facebook.com
2014-01-25 10:37:34,miniimg4.rightinthebox.com
2014-01-25 10:37:34,serv3.vizury.com
2014-01-25 10:37:34,miniimg3.rightinthebox.com
2014-01-25 10:37:34,miniimg2.rightinthebox.com
2014-01-25 10:37:35,miniimg2.rightinthebox.com
2014-01-25 10:37:35,miniimg4.rightinthebox.com
2014-01-25 10:37:35,miniimg3.rightinthebox.com
2014-01-25 10:37:36,miniimg6.rightinthebox.com
2014-01-25 10:37:36,miniimg2.rightinthebox.com
2014-01-25 10:37:36,miniimg8.rightinthebox.com
2014-01-25 10:37:36,miniimg3.rightinthebox.com
2014-01-25 10:37:38,miniimg8.rightinthebox.com
2014-01-25 10:37:38,miniimg2.rightinthebox.com
2014-01-25 10:37:38,miniimg7.rightinthebox.com
2014-01-25 10:37:41,miniimg4.rightinthebox.com
2014-01-25 10:37:41,miniimg1.rightinthebox.com
2014-01-25 10:37:41,miniimg3.rightinthebox.com
2014-01-25 10:37:41,miniimg5.rightinthebox.com
2014-01-25 10:37:43,miniimg1.rightinthebox.com
2014-01-25 10:37:43,miniimg5.rightinthebox.com
2014-01-25 10:37:43,miniimg3.rightinthebox.com
2014-01-25 10:37:43,miniimg4.rightinthebox.com
2014-01-25 10:37:53,www.miniinthebox.com
2014-01-25 10:37:53,miniimg6.rightinthebox.com
2014-01-25 10:37:53,miniimg3.rightinthebox.com
2014-01-25 10:37:53,miniimg7.rightinthebox.com
2014-01-25 10:37:54,miniimg1.rightinthebox.com
2014-01-25 10:37:54,miniimg7.rightinthebox.com
2014-01-25 10:37:54,miniimg6.rightinthebox.com
2014-01-25 10:37:54,miniimg8.rightinthebox.com
2014-01-25 10:37:54,miniimg5.rightinthebox.com
2014-01-25 10:37:54,miniimg3.rightinthebox.com
2014-01-25 10:37:55,www.facebook.com
2014-01-25 10:37:55,d3cxv97fi8q177.cloudfront.net
2014-01-25 10:37:55,www.google.com
2014-01-25 10:37:56,www.miniinthebox.com
2014-01-25 10:37:57,www.miniinthebox.com
2014-01-25 10:37:59,www.facebook.com
2014-01-25 10:37:59,serv3.vizury.com
2014-01-25 10:38:00,twitter.com
2014-01-25 10:38:00,miniimg8.rightinthebox.com
2014-01-25 10:38:00,miniimg2.rightinthebox.com
2014-01-25 10:38:00,miniimg4.rightinthebox.com
2014-01-25 10:38:02,miniimg8.rightinthebox.com
2014-01-25 10:38:02,miniimg5.rightinthebox.com
2014-01-25 10:38:02,miniimg2.rightinthebox.com
2014-01-25 10:38:02,miniimg6.rightinthebox.com
2014-01-25 10:38:03,miniimg4.rightinthebox.com
2014-01-25 10:38:03,miniimg6.rightinthebox.com
2014-01-25 10:38:03,miniimg7.rightinthebox.com
2014-01-25 10:38:03,miniimg1.rightinthebox.com
2014-01-25 10:38:03,miniimg3.rightinthebox.com
2014-01-25 10:38:04,miniimg8.rightinthebox.com
2014-01-25 10:38:04,miniimg1.rightinthebox.com
2014-01-25 10:38:04,miniimg2.rightinthebox.com
2014-01-25 10:38:05,www.facebook.com
2014-01-25 10:38:05,assets.pinterest.com
2014-01-25 10:38:05,widgets.pinterest.com
2014-01-25 10:38:06,miniimg2.rightinthebox.com
2014-01-25 10:38:06,miniimg3.rightinthebox.com
2014-01-25 10:38:06,miniimg8.rightinthebox.com
2014-01-25 10:38:06,miniimg6.rightinthebox.com
2014-01-25 10:38:07,miniimg6.rightinthebox.com
2014-01-25 10:38:07,miniimg1.rightinthebox.com
2014-01-25 10:38:07,miniimg7.rightinthebox.com
2014-01-25 10:38:07,miniimg3.rightinthebox.com
2014-01-25 10:38:07,miniimg2.rightinthebox.com
2014-01-25 10:38:08,miniimg1.rightinthebox.com
2014-01-25 10:38:08,miniimg6.rightinthebox.com
2014-01-25 10:38:08,miniimg3.rightinthebox.com
2014-01-25 10:38:10,www.facebook.com
2014-01-25 10:38:10,widgets.pinterest.com
2014-01-25 10:38:16,widgets.pinterest.com
2014-01-25 10:38:16,www.facebook.com
2014-01-25 10:38:19,www.facebook.com
2014-01-25 10:38:19,widgets.pinterest.com
2014-01-25 10:38:20,www.facebook.com
2014-01-25 10:38:20,widgets.pinterest.com
2014-01-25 10:38:23,www.miniinthebox.com
2014-01-25 10:38:24,miniimg5.rightinthebox.com
2014-01-25 10:38:24,miniimg8.rightinthebox.com
2014-01-25 10:38:24,miniimg6.rightinthebox.com
2014-01-25 10:38:24,miniimg7.rightinthebox.com
2014-01-25 10:38:24,miniimg3.rightinthebox.com
2014-01-25 10:38:24,miniimg2.rightinthebox.com
2014-01-25 10:38:25,miniimg2.rightinthebox.com
2014-01-25 10:38:25,miniimg6.rightinthebox.com
2014-01-25 10:38:25,miniimg5.rightinthebox.com
2014-01-25 10:38:26,www.facebook.com
2014-01-25 10:38:26,d3cxv97fi8q177.cloudfront.net
2014-01-25 10:38:26,www.google.com
2014-01-25 10:38:26,www.miniinthebox.com
2014-01-25 10:38:26,miniimg5.rightinthebox.com
2014-01-25 10:38:27,www.miniinthebox.com
2014-01-25 10:38:27,assets.pinterest.com
2014-01-25 10:38:27,www.facebook.com
2014-01-25 10:38:28,widgets.pinterest.com
2014-01-25 10:38:28,miniimg5.rightinthebox.com
2014-01-25 10:38:28,www.facebook.com
2014-01-25 10:38:28,miniimg4.rightinthebox.com
2014-01-25 10:38:28,miniimg3.rightinthebox.com
2014-01-25 10:38:28,miniimg7.rightinthebox.com
2014-01-25 10:38:28,twitter.com
2014-01-25 10:38:30,www.facebook.com
2014-01-25 10:38:30,serv3.vizury.com
2014-01-25 10:38:31,miniimg3.rightinthebox.com
2014-01-25 10:38:31,www.facebook.com
2014-01-25 10:38:31,miniimg6.rightinthebox.com
2014-01-25 10:38:31,miniimg1.rightinthebox.com
2014-01-25 10:38:31,widgets.pinterest.com
2014-01-25 10:38:31,miniimg7.rightinthebox.com
2014-01-25 10:38:31,miniimg8.rightinthebox.com
2014-01-25 10:38:32,www.facebook.com
2014-01-25 10:38:32,widgets.pinterest.com
2014-01-25 10:38:35,www.facebook.com
2014-01-25 10:38:35,miniimg1.rightinthebox.com
2014-01-25 10:38:35,miniimg3.rightinthebox.com
2014-01-25 10:38:35,miniimg7.rightinthebox.com
2014-01-25 10:38:36,widgets.pinterest.com
2014-01-25 10:38:36,miniimg8.rightinthebox.com
2014-01-25 10:38:36,www.facebook.com
2014-01-25 10:38:36,miniimg3.rightinthebox.com
2014-01-25 10:38:36,miniimg2.rightinthebox.com
2014-01-25 10:38:37,miniimg2.rightinthebox.com
2014-01-25 10:38:37,www.facebook.com
2014-01-25 10:38:37,miniimg3.rightinthebox.com
2014-01-25 10:38:37,widgets.pinterest.com
2014-01-25 10:38:37,miniimg5.rightinthebox.com
2014-01-25 10:38:37,miniimg4.rightinthebox.com
2014-01-25 10:38:37,miniimg6.rightinthebox.com
2014-01-25 10:38:37,miniimg7.rightinthebox.com
2014-01-25 10:38:38,miniimg2.rightinthebox.com
2014-01-25 10:38:38,miniimg1.rightinthebox.com
2014-01-25 10:38:38,widgets.pinterest.com
2014-01-25 10:38:38,miniimg8.rightinthebox.com
2014-01-25 10:38:38,miniimg3.rightinthebox.com
2014-01-25 10:38:53,www.google.com
2014-01-25 10:38:54,www.google.com
2014-01-25 10:38:58,www.google.com
2014-01-25 10:38:59,www.google.com
2014-01-25 10:38:59,apis.google.com
2014-01-25 10:39:00,www.google.com
2014-01-25 10:39:10,www.bing.com
2014-01-25 10:39:13,www.bing.com
2014-01-25 10:39:13,login.live.com
2014-01-25 10:39:13,ssl.bing.com
2014-01-25 10:39:16,www.bing.com
2014-01-25 10:39:20,www.bing.com
2014-01-25 10:39:21,www.pagesjaunes.fr
2014-01-25 10:39:21,www.bing.com
2014-01-25 10:39:21,logc258.at.pagesjaunes.fr
2014-01-25 10:39:21,ssl.bing.com
2014-01-25 10:39:22,www.bing.com
2014-01-25 10:39:22,ecn.api.tiles.virtualearth.net
2014-01-25 10:39:23,www.bing.com
2014-01-25 10:40:00,apis.google.com
2014-01-25 10:40:02,mail.google.com
2014-01-25 10:40:03,www.google.com
2014-01-25 10:41:47,b.mail.google.com
2014-01-25 10:41:48,www.google.com
2014-01-25 10:41:48,accounts.google.com
2014-01-25 10:41:48,accounts.youtube.com
2014-01-25 10:41:48,www.google.fr
2014-01-25 10:41:49,accounts.google.com
2014-01-25 10:41:49,accounts.youtube.com
2014-01-25 10:41:49,accounts.google.fr
2014-01-25 10:41:49,www.google.fr
2014-01-25 10:42:48,accounts.youtube.com
2014-01-25 10:43:04,api.bing.com
2014-01-25 10:43:05,www.bing.com
2014-01-25 10:43:06,www.google.fr
2014-01-25 10:43:06,www.bing.com
2014-01-25 10:43:07,www.google.com
2014-01-25 10:43:07,login.live.com
2014-01-25 10:43:07,www.google.fr
2014-01-25 10:43:08,www.google.fr
2014-01-25 10:43:25,www.google.fr
2014-01-25 10:43:25,www.google.com
2014-01-25 10:43:26,www.google.fr
2014-01-25 10:43:26,fr.news.yahoo.com
2014-01-25 10:43:28,fr.news.yahoo.com
2014-01-25 10:43:28,videosfr.s3.amazonaws.com
2014-01-25 10:43:30,fr.news.yahoo.com
2014-01-25 10:44:10,www.google.fr
2014-01-25 10:44:15,fr.news.yahoo.com
2014-01-25 10:44:20,fr.news.yahoo.com
2014-01-25 10:44:20,connect.facebook.net
2014-01-25 10:45:48,mail.google.com
2014-01-25 10:45:49,mail.google.com
2014-01-25 10:45:56,www.bing.com
2014-01-25 10:45:58,www.google.fr
2014-01-25 10:45:58,login.live.com
2014-01-25 10:45:58,www.bing.com
2014-01-25 10:47:18,www.google.fr
2014-01-25 10:50:17,www.google.fr
2014-01-25 11:02:08,www.bing.com
2014-01-25 11:02:09,www.google.fr
2014-01-25 11:02:09,www.bing.com
2014-01-25 11:02:10,www.google.fr
2014-01-25 11:02:10,www.google.com
2014-01-25 11:05:55,www.google.fr
2014-01-25 11:06:04,www.google.com
2014-01-25 11:06:04,www.google.fr
2014-01-25 11:06:05,s-static.ak.facebook.com
2014-01-25 11:06:05,www.francealzheimer.org
2014-01-25 11:06:05,w.sharethis.com
2014-01-25 11:06:05,connect.facebook.net
2014-01-25 11:06:05,static.ak.facebook.com
2014-01-25 11:06:05,infos.francealzheimer.org
2014-01-25 11:06:05,www.google.fr
2014-01-25 11:06:06,www.francealzheimer.org
2014-01-25 11:06:06,platform.twitter.com
2014-01-25 11:06:07,platform.twitter.com
2014-01-25 11:06:07,www.francealzheimer.org
2014-01-25 11:06:07,infos.francealzheimer.org
2014-01-25 11:06:07,twitter.com
2014-01-25 11:06:08,www.francealzheimer.org
2014-01-25 11:06:09,www.francealzheimer.org
2014-01-25 11:06:10,www.francealzheimer.org
2014-01-25 11:06:11,www.francealzheimer.org
2014-01-25 11:06:11,platform.twitter.com
2014-01-25 11:06:11,edge.sharethis.com
2014-01-25 11:06:11,w.sharethis.com
2014-01-25 11:06:16,www.francealzheimer.org
2014-01-25 11:06:17,www.comitecharte.org
2014-01-25 11:06:17,infos.francealzheimer.org
2014-01-25 11:06:17,twitter.com
2014-01-25 11:06:17,www.francealzheimer.org
2014-01-25 11:06:18,www.francealzheimer.org
2014-01-25 11:06:19,www.francealzheimer.org
2014-01-25 11:06:20,www.francealzheimer.org
2014-01-25 11:06:21,static.ak.facebook.com
2014-01-25 11:06:21,www.francealzheimer.org
2014-01-25 11:06:21,s-static.ak.facebook.com
2014-01-25 11:06:35,www.francealzheimer.org
2014-01-25 11:06:36,www.francealzheimer.org
2014-01-25 11:06:36,s.ytimg.com
2014-01-25 11:06:36,twitter.com
2014-01-25 11:06:36,s-static.ak.facebook.com
2014-01-25 11:06:36,www.youtube.com
2014-01-25 11:06:36,www.facebook.com
2014-01-25 11:06:36,static.ak.facebook.com
2014-01-25 11:06:37,infos.francealzheimer.org
2014-01-25 11:06:37,s.ytimg.com
2014-01-25 11:06:38,www.francealzheimer.org
2014-01-25 11:06:39,www.francealzheimer.org
2014-01-25 11:06:40,www.francealzheimer.org
2014-01-25 11:06:41,www.francealzheimer.org
2014-01-25 11:06:41,twitter.com
2014-01-25 11:06:42,w.sharethis.com
2014-01-25 11:06:42,s.ytimg.com
2014-01-25 11:06:42,i1.ytimg.com
2014-01-25 11:06:43,i1.ytimg.com
2014-01-25 11:08:00,www.francealzheimer.org
2014-01-25 11:08:01,www.francealzheimer.org
2014-01-25 11:08:01,www.facebook.com
2014-01-25 11:08:02,www.francealzheimer.org
2014-01-25 11:08:02,infos.francealzheimer.org
2014-01-25 11:08:03,www.francealzheimer.org
2014-01-25 11:08:04,www.francealzheimer.org
2014-01-25 11:08:05,s-static.ak.facebook.com
2014-01-25 11:08:05,www.francealzheimer.org
2014-01-25 11:08:05,static.ak.facebook.com
2014-01-25 11:08:34,www.francealzheimer.org
2014-01-25 11:08:34,www.facebook.com
2014-01-25 11:08:35,infos.francealzheimer.org
2014-01-25 11:08:35,s-static.ak.facebook.com
2014-01-25 11:08:35,twitter.com
2014-01-25 11:08:35,static.addtoany.com
2014-01-25 11:08:35,static.ak.facebook.com
2014-01-25 11:08:36,www.francealzheimer.org
2014-01-25 11:08:37,www.francealzheimer.org
2014-01-25 11:08:38,www.francealzheimer.org
2014-01-25 11:08:39,www.francealzheimer.org
2014-01-25 11:08:39,static.addtoany.com
2014-01-25 11:09:05,twitter.com
2014-01-25 11:09:21,www.facebook.com
2014-01-25 11:09:21,www.francealzheimer.org
2014-01-25 11:09:22,static.ak.facebook.com
2014-01-25 11:09:22,www.francealzheimer.org
2014-01-25 11:09:22,s-static.ak.facebook.com
2014-01-25 11:09:23,www.francealzheimer.org
2014-01-25 11:09:24,www.francealzheimer.org
2014-01-25 11:09:25,www.francealzheimer.org
2014-01-25 11:09:26,infos.francealzheimer.org
2014-01-25 11:09:44,twitter.com
2014-01-25 11:09:44,www.francealzheimer.org
2014-01-25 11:09:44,www.facebook.com
2014-01-25 11:09:44,static.ak.facebook.com
2014-01-25 11:09:44,s-static.ak.facebook.com
2014-01-25 11:09:45,www.francealzheimer.org
2014-01-25 11:09:46,www.francealzheimer.org
2014-01-25 11:09:47,www.francealzheimer.org
2014-01-25 11:09:48,www.francealzheimer.org
2014-01-25 11:09:49,www.francealzheimer.org
2014-01-25 11:09:49,twitter.com
2014-01-25 11:09:49,www.facebook.com
2014-01-25 11:09:49,www.youtube.com
2014-01-25 11:09:50,www.francealzheimer.org
2014-01-25 11:09:50,s-static.ak.facebook.com
2014-01-25 11:09:50,static.ak.facebook.com
2014-01-25 11:09:51,www.francealzheimer.org
2014-01-25 11:09:52,www.francealzheimer.org
2014-01-25 11:09:53,www.francealzheimer.org
2014-01-25 11:09:54,www.francealzheimer.org
2014-01-25 11:09:55,www.francealzheimer.org
2014-01-25 11:09:56,s-static.ak.facebook.com
2014-01-25 11:09:56,twitter.com
2014-01-25 11:09:56,static.ak.facebook.com
2014-01-25 11:09:56,www.francealzheimer.org
2014-01-25 11:09:57,www.francealzheimer.org
2014-01-25 11:09:58,www.francealzheimer.org
2014-01-25 11:09:59,www.francealzheimer.org
2014-01-25 11:10:30,twitter.com
2014-01-25 11:10:33,www.francealzheimer.org
2014-01-25 11:10:34,www.francealzheimer.org
2014-01-25 11:10:34,www.facebook.com
2014-01-25 11:10:34,static.ak.facebook.com
2014-01-25 11:10:34,s-static.ak.facebook.com
2014-01-25 11:10:35,www.francealzheimer.org
2014-01-25 11:10:36,www.francealzheimer.org
2014-01-25 11:10:37,www.francealzheimer.org
2014-01-25 11:10:38,www.francealzheimer.org
2014-01-25 11:10:38,infos.francealzheimer.org
2014-01-25 11:10:51,www.bing.com
2014-01-25 11:10:52,www.bing.com
2014-01-25 11:10:52,www.google.fr
2014-01-25 11:11:09,www.google.fr
2014-01-25 11:11:09,twitter.com
2014-01-25 11:11:10,www.francealzheimer.org
2014-01-25 11:11:10,www.facebook.com
2014-01-25 11:11:10,www.google.fr
2014-01-25 11:11:11,static.ak.facebook.com
2014-01-25 11:11:11,www.francealzheimer.org
2014-01-25 11:11:11,s-static.ak.facebook.com
2014-01-25 11:11:12,www.francealzheimer.org
2014-01-25 11:11:13,www.francealzheimer.org
2014-01-25 11:11:14,www.francealzheimer.org
2014-01-25 11:11:15,infos.francealzheimer.org
2014-01-25 11:11:35,www.sante.gouv.fr
2014-01-25 11:11:35,www.google.fr
2014-01-25 11:11:45,twitter.com
2014-01-25 11:12:06,www.google.fr
2014-01-25 11:12:07,static.ak.facebook.com
2014-01-25 11:12:07,platform.twitter.com
2014-01-25 11:12:07,s-static.ak.facebook.com
2014-01-25 11:12:07,www.francealzheimer.org
2014-01-25 11:12:07,www.facebook.com
2014-01-25 11:12:07,infos.francealzheimer.org
2014-01-25 11:12:08,twitter.com
2014-01-25 11:12:08,www.francealzheimer.org
2014-01-25 11:12:08,platform.twitter.com
2014-01-25 11:12:08,infos.francealzheimer.org
2014-01-25 11:12:09,www.francealzheimer.org
2014-01-25 11:12:10,www.francealzheimer.org
2014-01-25 11:12:11,www.francealzheimer.org
2014-01-25 11:12:42,twitter.com
2014-01-25 11:12:57,www.francealzheimer.org
2014-01-25 11:12:58,infos.francealzheimer.org
2014-01-25 11:12:59,www.francealzheimer.org
2014-01-25 11:13:00,www.francealzheimer.org
2014-01-25 11:13:01,www.francealzheimer.org
2014-01-25 11:13:02,www.francealzheimer.org
2014-01-25 11:13:02,static.ak.facebook.com
2014-01-25 11:13:02,s-static.ak.facebook.com
2014-01-25 11:13:06,www.youtube.com
2014-01-25 11:13:06,www.facebook.com
2014-01-25 11:13:06,www.francealzheimer.org
2014-01-25 11:13:06,twitter.com
2014-01-25 11:13:07,www.francealzheimer.org
2014-01-25 11:13:07,infos.francealzheimer.org
2014-01-25 11:13:08,www.francealzheimer.org
2014-01-25 11:13:09,www.francealzheimer.org
2014-01-25 11:13:10,www.francealzheimer.org
2014-01-25 11:13:11,www.francealzheimer.org
2014-01-25 11:13:11,static.ak.facebook.com
2014-01-25 11:13:11,s-static.ak.facebook.com
2014-01-25 11:13:13,twitter.com
2014-01-25 11:13:13,r4---sn-gxo5uxg-jqbe.googlevideo.com
2014-01-25 11:13:13,www.youtube.com
2014-01-25 11:13:14,r4---sn-gxo5uxg-jqbe.googlevideo.com
2014-01-25 11:13:14,www.youtube.com
2014-01-25 11:13:14,s.youtube.com
2014-01-25 11:13:15,i1.ytimg.com
2014-01-25 11:13:16,r4---sn-gxo5uxg-jqbe.googlevideo.com
2014-01-25 11:13:16,s.youtube.com
2014-01-25 11:13:18,r4---sn-gxo5uxg-jqbe.googlevideo.com
2014-01-25 11:13:21,r4---sn-gxo5uxg-jqbe.googlevideo.com
2014-01-25 11:13:23,s.youtube.com
2014-01-25 11:13:26,s.youtube.com
2014-01-25 11:13:33,r4---sn-gxo5uxg-jqbe.googlevideo.com
2014-01-25 11:13:36,s.youtube.com
2014-01-25 11:13:37,i1.ytimg.com
2014-01-25 11:13:38,i1.ytimg.com
2014-01-25 11:13:42,r4---sn-gxo5uxg-jqbe.googlevideo.com
2014-01-25 11:13:47,r4---sn-gxo5uxg-jqbe.googlevideo.com
2014-01-25 11:13:53,s.youtube.com
2014-01-25 11:14:00,r4---sn-gxo5uxg-jqbe.googlevideo.com
2014-01-25 11:14:02,r4---sn-gxo5uxg-jqbe.googlevideo.com
2014-01-25 11:14:14,s.youtube.com
2014-01-25 11:14:23,s.youtube.com
2014-01-25 11:14:31,s.ytimg.com
2014-01-25 11:14:31,i1.ytimg.com
2014-01-25 11:14:40,www.youtube.com
2014-01-25 11:14:53,s.youtube.com
2014-01-25 11:14:54,s.youtube.com
2014-01-25 11:15:01,s.youtube.com
2014-01-25 11:15:19,s.youtube.com
2014-01-25 11:15:19,www.youtube.com
2014-01-25 11:15:19,i1.ytimg.com
2014-01-25 11:15:19,r2---sn-gxo5uxg-jqbe.googlevideo.com
2014-01-25 11:15:20,r2---sn-gxo5uxg-jqbe.googlevideo.com
2014-01-25 11:15:20,s.youtube.com
2014-01-25 11:15:20,r6---sn-cg07luer.googlevideo.com
2014-01-25 11:15:21,r2---sn-gxo5uxg-jqbe.googlevideo.com
2014-01-25 11:15:21,r6---sn-cg07luer.googlevideo.com
2014-01-25 11:15:29,s.youtube.com
2014-01-25 11:15:30,www.google.fr
2014-01-25 11:15:30,s.youtube.com
2014-01-25 11:15:34,r2---sn-gxo5uxg-jqbe.googlevideo.com
2014-01-25 11:15:34,r6---sn-cg07luer.googlevideo.com
2014-01-25 11:15:36,i1.ytimg.com
2014-01-25 11:15:38,r2---sn-gxo5uxg-jqbe.googlevideo.com
2014-01-25 11:15:38,r6---sn-cg07luer.googlevideo.com
2014-01-25 11:15:39,r2---sn-gxo5uxg-jqbe.googlevideo.com
2014-01-25 11:15:39,s.youtube.com
2014-01-25 11:15:40,r2---sn-gxo5uxg-jqbe.googlevideo.com
2014-01-25 11:15:40,s.youtube.com
2014-01-25 11:15:41,r2---sn-gxo5uxg-jqbe.googlevideo.com
2014-01-25 11:15:42,r2---sn-gxo5uxg-jqbe.googlevideo.com
2014-01-25 11:15:50,s.youtube.com
2014-01-25 11:15:52,r2---sn-gxo5uxg-jqbe.googlevideo.com
2014-01-25 11:15:53,r6---sn-cg07luer.googlevideo.com
2014-01-25 11:15:57,r2---sn-gxo5uxg-jqbe.googlevideo.com
2014-01-25 11:15:57,r6---sn-cg07luer.googlevideo.com
2014-01-25 11:16:09,s.youtube.com
2014-01-25 11:16:10,s.youtube.com
2014-01-25 11:16:15,r2---sn-gxo5uxg-jqbe.googlevideo.com
2014-01-25 11:16:15,r6---sn-cg07luer.googlevideo.com
2014-01-25 11:16:16,r2---sn-gxo5uxg-jqbe.googlevideo.com
2014-01-25 11:16:16,r6---sn-cg07luer.googlevideo.com
2014-01-25 11:16:39,s.youtube.com
2014-01-25 11:16:39,i1.ytimg.com
2014-01-25 11:16:41,www.youtube.com
2014-01-25 11:16:50,s.youtube.com
2014-01-25 11:16:59,s.youtube.com
2014-01-25 11:17:09,s.youtube.com
2014-01-25 11:17:12,i1.ytimg.com
2014-01-25 11:17:13,r2---sn-gxo5uxg-jqbe.googlevideo.com
2014-01-25 11:17:14,r6---sn-cg07luer.googlevideo.com
2014-01-25 11:17:14,r2---sn-gxo5uxg-jqbe.googlevideo.com
2014-01-25 11:17:17,s.youtube.com
2014-01-25 11:17:30,s.youtube.com
2014-01-25 11:17:38,i1.ytimg.com
2014-01-25 11:17:38,r4---sn-gxo5uxg-jqbe.googlevideo.com
2014-01-25 11:17:38,s.youtube.com
2014-01-25 11:17:38,www.youtube.com
2014-01-25 11:17:39,r4---sn-cg07luez.googlevideo.com
2014-01-25 11:17:39,s.youtube.com
2014-01-25 11:17:39,r4---sn-gxo5uxg-jqbe.googlevideo.com
2014-01-25 11:17:47,s.youtube.com
2014-01-25 11:17:48,s.youtube.com
2014-01-25 11:17:57,s.youtube.com
2014-01-25 11:18:07,s.youtube.com
2014-01-25 11:18:07,www.youtube.com
2014-01-25 11:18:15,s.youtube.com
2014-01-25 11:18:28,www.francealzheimer.org
2014-01-25 11:18:29,connect.facebook.net
2014-01-25 11:18:29,www.facebook.com
2014-01-25 11:18:30,infos.francealzheimer.org
2014-01-25 11:18:30,www.francealzheimer.org
2014-01-25 11:18:31,www.francealzheimer.org
2014-01-25 11:18:32,www.francealzheimer.org
2014-01-25 11:18:33,www.francealzheimer.org
2014-01-25 11:18:34,static.ak.facebook.com
2014-01-25 11:18:34,s-static.ak.facebook.com
2014-01-25 11:19:04,twitter.com
2014-01-25 11:19:24,www.francealzheimer.org
2014-01-25 11:19:24,s-static.ak.facebook.com
2014-01-25 11:19:24,www.facebook.com
2014-01-25 11:19:24,static.ak.facebook.com
2014-01-25 11:19:25,www.francealzheimer.org
2014-01-25 11:19:26,www.francealzheimer.org
2014-01-25 11:19:27,www.francealzheimer.org
2014-01-25 11:19:28,www.francealzheimer.org
2014-01-25 11:19:29,infos.francealzheimer.org
2014-01-25 11:19:29,twitter.com
2014-01-25 11:19:40,www.google.fr
2014-01-25 11:19:41,www.fondation-alzheimer.org
2014-01-25 11:19:42,www.fondation-alzheimer.org
2014-01-25 11:21:04,w.sharethis.com
2014-01-25 11:21:07,www.google.fr
2014-01-25 11:21:08,www.maladiedalzheimer.com
2014-01-25 11:21:08,www.google.com
2014-01-25 11:21:09,www.google.com
2014-01-25 11:25:23,www.maladiedalzheimer.com
2014-01-25 11:25:31,www.maladiedalzheimer.com
2014-01-25 11:26:14,www.maladiedalzheimer.com
2014-01-25 11:26:30,www.maladiedalzheimer.com
2014-01-25 11:26:45,www.maladiedalzheimer.com
2014-01-25 11:26:54,www.maladiedalzheimer.com
2014-01-25 11:27:11,www.google.fr
2014-01-25 11:27:11,sante-medecine.commentcamarche.net
2014-01-25 11:27:11,static.ccm2.net
2014-01-25 11:27:11,html5shim.googlecode.com
2014-01-25 11:27:11,ba.commentcamarche.net
2014-01-25 11:27:11,home.edt02.net
2014-01-25 11:27:11,platform.twitter.com
2014-01-25 11:27:11,static.commentcamarche.net
2014-01-25 11:27:11,www.facebook.com
2014-01-25 11:27:12,twitter.com
2014-01-25 11:27:12,apis.google.com
2014-01-25 11:27:12,platform.twitter.com
2014-01-25 11:27:12,ajax.googleapis.com
2014-01-25 11:27:12,static.ccm2.net
2014-01-25 11:27:12,r.ccm2.net
2014-01-25 11:27:12,home.edt02.net
2014-01-25 11:27:12,www.facebook.com
2014-01-25 11:27:13,pixel.alephd.com
2014-01-25 11:27:13,www.linternaute.com
2014-01-25 11:27:13,ba.commentcamarche.net
2014-01-25 11:27:13,static.ak.facebook.com
2014-01-25 11:27:13,apis.google.com
2014-01-25 11:27:13,accounts.google.com
2014-01-25 11:27:14,s-static.ak.facebook.com
2014-01-25 11:27:14,static.ccmbg.com
2014-01-25 11:27:14,ba.commentcamarche.net
2014-01-25 11:27:14,static.ccm2.net
2014-01-25 11:27:14,www.commentcamarche.net
2014-01-25 11:27:14,platform.twitter.com
2014-01-25 11:27:14,www.facebook.com
2014-01-25 11:27:15,sante-medecine.commentcamarche.net
2014-01-25 11:27:15,www.facebook.com
2014-01-25 11:27:15,static.ccm2.net
2014-01-25 11:27:37,www.google.fr
2014-01-25 11:27:37,www.google.com
2014-01-25 11:27:37,twitter.com
2014-01-25 11:27:37,www.alz.ch
2014-01-25 11:27:38,www.alz.ch
2014-01-25 11:27:38,www.googleapis.com
2014-01-25 11:27:39,www.googleapis.com
2014-01-25 11:27:39,www.google.com
2014-01-25 11:27:39,clients1.google.com
2014-01-25 11:27:39,www.alz.ch
2014-01-25 11:27:49,www.google.fr
2014-01-25 11:27:50,www.publicsante.com
2014-01-25 11:27:50,static.ak.facebook.com
2014-01-25 11:27:50,www.carenity.com
2014-01-25 11:27:50,s-static.ak.facebook.com
2014-01-25 11:27:51,www.facebook.com
2014-01-25 11:27:51,www.carenity.com
2014-01-25 11:27:51,ajax.googleapis.com
2014-01-25 11:27:51,accounts.google.com
2014-01-25 11:27:51,apis.google.com
2014-01-25 11:27:51,www.honcode.ch
2014-01-25 11:27:52,www.carenity.com
2014-01-25 11:28:35,www.publicsante.com
2014-01-25 11:29:13,www.lemonde.fr
2014-01-25 11:29:13,www.google.fr
2014-01-25 11:29:13,s1.lemde.fr
2014-01-25 11:29:14,www.lemonde.fr
2014-01-25 11:29:14,s1.lemde.fr
2014-01-25 11:29:19,www.google.fr
2014-01-25 11:29:19,www.inserm.fr
2014-01-25 11:29:20,www.inserm.fr
2014-01-25 11:29:21,www.inserm.fr
2014-01-25 11:29:22,www.inserm.fr
2014-01-25 11:32:58,www.google.fr
2014-01-25 11:32:59,www.google.fr
2014-01-25 11:33:00,www.europe1.fr
2014-01-25 11:33:01,www.europe1.fr
2014-01-25 11:33:01,code.jquery.com
2014-01-25 11:33:02,www.europe1.fr
2014-01-25 11:33:02,cshoppingbox.partner.leguide.com
2014-01-25 11:33:02,photo.europe1.fr
2014-01-25 11:33:02,static.ak.facebook.com
2014-01-25 11:33:02,s-static.ak.facebook.com
2014-01-25 11:33:03,accounts.google.com
2014-01-25 11:33:03,platform.twitter.com
2014-01-25 11:33:03,www.europe1.fr
2014-01-25 11:33:03,photo.europe1.fr
2014-01-25 11:33:03,cimg.leguide.com
2014-01-25 11:33:03,apis.google.com
2014-01-25 11:33:04,www.europe1.fr
2014-01-25 11:33:04,cshoppingbox.partner.leguide.com
2014-01-25 11:33:04,ajax.googleapis.com
2014-01-25 11:33:04,apis.google.com
2014-01-25 11:33:04,code.jquery.com
2014-01-25 11:33:05,www.europe1.fr
2014-01-25 11:33:05,cdnjs.cloudflare.com
2014-01-25 11:33:05,cimg.leguide.com
2014-01-25 11:33:06,wtpn.twenga.fr
2014-01-25 11:33:06,rbx-cdn-tpn.c4tw.net
2014-01-25 11:33:06,rubicon-match.dotomi.com
2014-01-25 11:33:07,i10.twenga.com
2014-01-25 11:33:07,rubicon-match.dotomi.com
2014-01-25 11:33:07,dtm.venus.com
2014-01-25 11:33:07,rbx-cdn-tpn.c4tw.net
2014-01-25 11:33:08,i11.twenga.com
2014-01-25 11:33:10,i10.twenga.com
2014-01-25 11:33:10,photo.europe1.fr
2014-01-25 11:33:10,www.europe1.fr
2014-01-25 11:33:10,team.newsweb.fr
2014-01-25 11:33:10,emailretargeting.com
2014-01-25 11:33:10,www.facebook.com
2014-01-25 11:33:10,pixel2368.everesttech.net
2014-01-25 11:33:11,player.mediabong.com
2014-01-25 11:33:11,dc1w54.wysistat.com
2014-01-25 11:33:11,pixel2368.everesttech.net
2014-01-25 11:33:12,twitter.com
2014-01-25 11:33:12,www.europe1.fr
2014-01-25 11:33:12,www.facebook.com
2014-01-25 11:33:13,www.europe1.fr
2014-01-25 11:33:13,code.jquery.com
2014-01-25 11:33:14,videosfr.s3.amazonaws.com
2014-01-25 11:33:14,platform.twitter.com
2014-01-25 11:33:14,www.europe1.fr
2014-01-25 11:33:15,www.europe1.fr
2014-01-25 11:33:15,code.jquery.com
2014-01-25 11:33:15,apis.google.com
2014-01-25 11:33:16,s-static.ak.facebook.com
2014-01-25 11:33:16,static.ak.facebook.com
2014-01-25 11:33:17,wtpn.twenga.fr
2014-01-25 11:33:17,rbx-cdn-tpn.c4tw.net
2014-01-25 11:33:17,rbp.mxptint.net
2014-01-25 11:33:18,rbx-cdn-tpn.c4tw.net
2014-01-25 11:33:18,i11.twenga.com
2014-01-25 11:33:18,s0r.c4tw.net
2014-01-25 11:33:18,pr.ybp.yahoo.com
2014-01-25 11:33:18,i10.twenga.com
2014-01-25 11:33:19,i10.twenga.com
2014-01-25 11:33:19,match.rtbidder.net
2014-01-25 11:33:21,www.facebook.com
2014-01-25 11:33:21,rp.gwallet.com
2014-01-25 11:33:21,c1.adform.net
2014-01-25 11:33:21,um.simpli.fi
2014-01-25 11:33:21,photo.europe1.fr
2014-01-25 11:33:21,dc1w54.wysistat.com
2014-01-25 11:33:23,www.facebook.com
2014-01-25 11:33:23,twitter.com
2014-01-25 11:33:24,twitter.com
2014-01-25 11:33:24,platform.twitter.com
2014-01-25 11:33:25,twitter.com
2014-01-25 11:33:25,pbs.twimg.com
2014-01-25 11:33:26,pbs.twimg.com
2014-01-25 11:33:26,twitter.com
2014-01-25 11:33:29,pbs.twimg.com
2014-01-25 11:33:30,pbs.twimg.com
2014-01-25 11:33:30,static.mediabong.com
2014-01-25 11:33:30,endor.mediabong.com
2014-01-25 11:33:30,platform.twitter.com
2014-01-25 11:33:30,player.mediabong.com
2014-01-25 11:33:31,endor.mediabong.com
2014-01-25 11:33:31,video.mediabong.com
2014-01-25 11:33:31,files.player.mediabong.com
2014-01-25 11:33:31,player.mediabong.com
2014-01-25 11:33:31,static.mediabong.com
2014-01-25 11:33:33,slpubmedias.tf1.fr
2014-01-25 11:33:33,endor.mediabong.com
2014-01-25 11:33:34,endor.mediabong.com
2014-01-25 11:33:35,files.player.mediabong.com
2014-01-25 11:33:35,endor.mediabong.com
2014-01-25 11:33:36,endor.mediabong.com
